{
"type": "FeatureCollection",
"name": "territorios indigenas GeoJSON",
"crs": { "type": "name", "properties": { "name": "urn:ogc:def:crs:EPSG::5367" } },
"features": [
{ "type": "Feature", "properties": { "FID_1": 2, "AREA_HA": 7354.709, "RESERVA": "RESERVA INDIGENA GUAYMI DE COTO BRUS", "are_ha": 7355.05, "RI": "RESERVA INDIGENA" }, "geometry": { "type": "MultiPolygon", "coordinates": [ [ [ [ 601730.295817789970897, 977860.291821449878626 ], [ 601980.182323190034367, 977735.485667709843256 ], [ 602279.918248679954559, 977810.524661609902978 ], [ 602329.994748460012488, 977610.71344403992407 ], [ 602382.06713503994979, 977630.734173099859618 ], [ 602394.976298530003987, 977612.702756519895047 ], [ 602413.033759039943106, 977593.833823449909687 ], [ 602417.752649839967489, 977582.757623629877344 ], [ 602426.774591419962235, 977565.670951619860716 ], [ 602430.837092119967565, 977555.076084199827164 ], [ 602435.194694760022685, 977545.439588589826599 ], [ 602438.928096940042451, 977540.15551914984826 ], [ 602459.139934609993361, 977530.524453479913063 ], [ 602472.87421226000879, 977530.057338149868883 ], [ 602488.11119037005119, 977530.077645399840549 ], [ 602506.611630580038764, 977536.751794779906049 ], [ 602516.690068930038251, 977549.640397599898279 ], [ 602522.395566259976476, 977561.048763219849207 ], [ 602527.76631116005592, 977572.032404209836386 ], [ 602534.948107070056722, 977581.688497329829261 ], [ 602541.754844169947319, 977588.200284189893864 ], [ 602552.480862410040572, 977596.763930769870058 ], [ 602573.711401949985884, 977601.119671289925463 ], [ 602600.921912000048906, 977594.506427739863284 ], [ 602629.809340470004827, 977582.93467671982944 ], [ 602662.791898170020431, 977567.88530419988092 ], [ 602702.54770172003191, 977546.20634737983346 ], [ 602715.612761550000869, 977527.742015789845027 ], [ 602726.844978049979545, 977514.669071259908378 ], [ 602779.747259570052847, 977460.995956959901378 ], [ 602829.73853033001069, 977411.055875069927424 ], [ 602679.90573093004059, 977311.090720109874383 ], [ 602879.870477620046586, 977111.330554069834761 ], [ 603579.269378309953026, 977261.437867689877748 ], [ 604278.892727859900333, 977011.885523759876378 ], [ 603929.401021040044725, 976562.155705509940162 ], [ 603949.409787539974786, 976580.404177439864725 ], [ 603963.055046200053766, 976589.252602179883979 ], [ 603975.456805130001158, 976598.062792929937132 ], [ 603997.636600919999182, 976606.324822769849561 ], [ 604019.483172170002945, 976620.224966869922355 ], [ 604032.023714810027741, 976625.388068039901555 ], [ 604045.363674980006181, 976628.236250289832242 ], [ 604078.137556649860926, 976628.351331129902974 ], [ 604102.120882509858347, 976622.46335107984487 ], [ 604123.74510413990356, 976617.046294419909827 ], [ 604150.110203249845654, 976605.259826529887505 ], [ 604175.916521159932017, 976601.407581279869191 ], [ 604206.221628989907913, 976602.378646839875728 ], [ 604253.207386419875547, 976617.850656299851835 ], [ 604319.303573849843815, 976617.093584559857845 ], [ 604384.554458439932205, 976611.163544849841855 ], [ 604451.911751679843292, 976610.513638129923493 ], [ 604486.69381328986492, 976605.899857399868779 ], [ 604505.279381659929641, 976594.646398179931566 ], [ 604517.446919659851119, 976570.17542646988295 ], [ 604522.165658539859578, 976559.099162539932877 ], [ 604522.463703299872577, 976539.995454409858212 ], [ 604518.25089451984968, 976529.435144409886561 ], [ 604500.859014839865267, 976505.211312859901227 ], [ 604496.163056409917772, 976492.166609659907408 ], [ 604496.875027819885872, 976480.432902999920771 ], [ 604503.495825659832917, 976461.908899129834026 ], [ 604517.087083459831774, 976454.087475939886644 ], [ 604880.121049269917421, 976375.28509580984246 ], [ 604920.150187459890731, 976367.210656829876825 ], [ 604945.579800599836744, 976366.821954119834118 ], [ 604971.556757119833492, 976390.709904609830119 ], [ 604979.892321619903669, 976428.401361609925516 ], [ 604991.600274769938551, 976448.263194509898312 ], [ 605001.254517289926298, 976462.099171849898994 ], [ 605027.95906170993112, 976477.122094379854389 ], [ 605041.727089949883521, 976479.567816839902662 ], [ 605062.736004109843634, 976471.151665499899536 ], [ 605071.829981219838373, 976458.013550489908084 ], [ 605076.580312079866417, 976441.72210437990725 ], [ 605082.184330399846658, 976419.72792163991835 ], [ 605084.742803379893303, 976404.157901669852436 ], [ 605092.919122339924797, 976381.898121579899453 ], [ 605110.292531829909422, 976373.134853589930572 ], [ 605191.508616579929367, 976363.804829229833558 ], [ 605281.846736229839735, 976369.903141979826614 ], [ 605337.230683589936234, 976375.88663344993256 ], [ 605345.168739559827372, 976388.152116609853692 ], [ 605362.154499899828807, 976397.134479789878242 ], [ 605373.608889289898798, 976397.744473709841259 ], [ 605413.221663829870522, 976393.824083929881454 ], [ 605455.253339179907925, 976392.296110229915939 ], [ 605499.287520369864069, 976397.314715439919382 ], [ 605525.146783259930089, 976407.164628649828956 ], [ 605554.15183881984558, 976409.630332039901987 ], [ 605583.039089609868824, 976398.058028669911437 ], [ 605600.784402499906719, 976382.988011669833213 ], [ 605632.256124759907834, 976324.450362079893239 ], [ 605673.802646919852123, 976251.465910079888999 ], [ 605684.695049419882707, 976211.583192209829576 ], [ 605681.833293929928914, 976184.559240219881758 ], [ 605672.770029179868288, 976155.732844169833697 ], [ 605672.014716189936735, 976133.989045629859902 ], [ 605666.111117209889926, 976113.082874219864607 ], [ 605673.234128779848106, 976088.182992089889012 ], [ 605675.520651739905588, 976060.321434159879573 ], [ 605677.599306579912081, 976034.992748399847187 ], [ 605670.954280409845524, 976007.647217039833777 ], [ 605662.424571779905818, 975987.793091249885038 ], [ 605649.903737959917635, 975970.150229149847291 ], [ 605641.280269819893874, 975953.750911809853278 ], [ 605639.683318859897554, 975939.95023620990105 ], [ 605644.595939629827626, 975911.036672679940239 ], [ 605651.199271329911426, 975892.468981529935263 ], [ 605654.227206269861199, 975871.046820089919493 ], [ 605656.782089619897306, 975847.595757759874687 ], [ 605654.081571909831837, 975826.400062989909202 ], [ 605651.857294039917178, 975807.081967829843052 ], [ 605645.434030339936726, 975792.508000619825907 ], [ 605637.72187582985498, 975747.218055319855921 ], [ 605633.183289549895562, 975725.152702689869329 ], [ 605630.737241869908758, 975693.063099389895797 ], [ 605636.321726829861291, 975594.067038929904811 ], [ 605642.176228679833002, 975445.358639769838192 ], [ 605678.026630099862814, 975348.935493789846078 ], [ 605695.286451469874009, 975262.409449859871529 ], [ 605680.201680379919708, 975198.639241459895857 ], [ 605669.953377789934166, 975137.830710369860753 ], [ 605641.634217759827152, 975080.587131879874505 ], [ 605637.837043909938075, 975064.961202679900452 ], [ 605588.717030409839936, 975013.601035499828868 ], [ 605563.051847269874997, 974985.914117869921029 ], [ 605542.03140978992451, 974963.939323229831643 ], [ 605530.845559079898521, 974929.615426499862224 ], [ 605529.036977449897677, 974905.231727799866349 ], [ 605535.314517889870331, 974875.159093629918061 ], [ 605536.141404889873229, 974849.012008089921437 ], [ 605531.385559629881755, 974830.190991339855827 ], [ 605521.179066369892098, 974815.295521019841544 ], [ 605504.043605359853245, 974807.462613069918007 ], [ 605480.498822929919697, 974800.360136669827625 ], [ 605452.117587539833039, 974790.296012449893169 ], [ 605428.55503303988371, 974771.265848549897783 ], [ 605420.133131139911711, 974746.768840709934011 ], [ 605422.003859619842842, 974723.97319367993623 ], [ 605431.337125189835206, 974703.087165819830261 ], [ 605439.942884329939261, 974691.066110959858634 ], [ 605443.19254347984679, 974682.415535809937865 ], [ 605455.553670669905841, 974640.107492639916018 ], [ 605452.040424149832688, 974590.073760579922237 ], [ 605431.255488189868629, 974474.707792569883168 ], [ 605427.982414509868249, 974480.90703047986608 ], [ 605429.340872959932312, 974464.080802909913473 ], [ 605431.255488189868629, 974474.707792569883168 ], [ 605441.514596449909732, 974455.276923719909973 ], [ 605460.195006709895097, 974428.809184419922531 ], [ 605519.617668269900605, 974370.097513819928281 ], [ 605624.071414719917811, 974257.827077629859559 ], [ 605793.143734969897196, 974023.523746099905111 ], [ 605826.083581959828734, 973962.560927059850655 ], [ 605836.559892559889704, 973927.744290059898049 ], [ 605839.469750189920887, 973892.284499809844419 ], [ 605838.076764579862356, 973862.835241219843738 ], [ 605836.164161049877293, 973839.718090449925512 ], [ 605823.833026119857095, 973817.895493779913522 ], [ 605781.87044927990064, 973775.915569779928774 ], [ 605768.961791209876537, 973757.61832827993203 ], [ 605761.432950159884058, 973744.703128759865649 ], [ 605767.836315909866244, 973697.458010429865681 ], [ 605770.434392299852334, 973665.797527189832181 ], [ 605777.764986549853347, 973638.365075329900719 ], [ 605793.819160579936579, 973612.949390119872987 ], [ 605820.467514669871889, 973566.754927679896355 ], [ 605834.712976419832557, 973516.955714909825474 ], [ 605836.932193319895305, 973482.381480039912276 ], [ 605834.968704829923809, 973451.939616279909387 ], [ 605834.732839219854213, 973423.864038049825467 ], [ 605827.006440879893489, 973363.270496299839579 ], [ 605830.851530829910189, 973316.413054979871958 ], [ 605848.388581279898062, 973303.875944479834288 ], [ 605871.863135759835131, 973234.457257989910431 ], [ 605892.399840949918143, 973169.889872259926051 ], [ 605949.173375409911387, 972973.226208969834261 ], [ 605962.289618689916097, 972952.661844849935733 ], [ 605990.524638289934956, 972918.079568669898435 ], [ 606023.076492119929753, 972892.79094679991249 ], [ 606070.747107719886117, 972853.484399279928766 ], [ 606130.848674129927531, 972848.390875479904935 ], [ 606156.457595229847357, 972814.86061206983868 ], [ 606171.014575449866243, 972761.262258429895155 ], [ 606180.73510142986197, 972704.702341529889964 ], [ 606187.787344549898989, 972603.282017719931901 ], [ 606191.514247099868953, 972542.386973919929005 ], [ 606228.388200749875978, 972417.996541239903308 ], [ 604897.875401369878091, 972380.833382969838567 ], [ 604880.626300449832343, 972366.290421129902825 ], [ 604924.698415479855612, 972350.542835129890591 ], [ 604970.390579449827783, 972328.455771799897775 ], [ 605004.81460832990706, 972308.548454519826919 ], [ 605025.351920019835234, 972289.843912469921634 ], [ 605031.4929016798269, 972271.62892927986104 ], [ 605032.617322729900479, 972251.82058356993366 ], [ 605012.638942039920948, 972222.842412939877249 ], [ 605007.893529639928602, 972196.886907999869436 ], [ 605005.501534219831228, 972154.273339169914834 ], [ 605012.152122009894811, 972136.771590909920633 ], [ 605030.877531939884648, 972119.273646819870919 ], [ 605039.253237769939005, 972108.879003939917311 ], [ 605041.933049149927683, 972082.505566639825702 ], [ 605035.15250614983961, 972057.910980439861305 ], [ 605022.095134119852446, 972029.668552269926295 ], [ 605008.555903159896843, 972009.53032460983377 ], [ 604992.148138859891333, 971992.832784699858166 ], [ 604961.750814259867184, 971960.918496639933437 ], [ 604930.182366899913177, 971912.326571819838136 ], [ 604915.763127709855326, 971886.871402009855956 ], [ 604894.726838179863989, 971864.67949265986681 ], [ 604881.34682343993336, 971826.560292419861071 ], [ 604874.154176539857872, 971774.939427969860844 ], [ 604874.449739099829458, 971523.743066509836353 ], [ 604893.093495469889604, 971342.969261499936692 ], [ 604902.6681168199284, 971241.764423119835556 ], [ 604911.45342351985164, 971196.602781649911776 ], [ 604928.768361539929174, 971171.294649399933405 ], [ 604964.465467149857432, 971138.622352939913981 ], [ 604986.907855429919437, 971119.963100659893826 ], [ 605033.427500689867884, 971088.171224619843997 ], [ 605131.523321459884755, 971017.387938489904627 ], [ 605281.515127899940126, 970817.611912029911764 ], [ 604882.009601729921997, 970467.798700119834393 ], [ 604682.029635959886946, 970717.513843479915522 ], [ 604132.345222589909099, 970917.162845759885386 ], [ 603532.753162889974192, 971016.882895359885879 ], [ 602983.204752509947866, 970966.750696649891324 ], [ 601834.343060160055757, 970516.779248809907585 ], [ 601684.376866979990155, 970666.595361029845662 ], [ 600585.317117159953341, 970516.365110059850849 ], [ 599336.295033829985186, 970515.942501339828596 ], [ 598536.580839019967243, 971115.125115659902804 ], [ 597287.64753453002777, 970964.822698489879258 ], [ 596837.798617269960232, 971314.345748119871132 ], [ 595538.645483499974944, 971613.604847899870947 ], [ 594638.820030480041169, 972512.458507079863921 ], [ 592389.982087600044906, 973510.70210585987661 ], [ 592189.496577079989947, 974559.678047609864734 ], [ 593500.579558899975382, 974390.336746139917523 ], [ 593937.89528130996041, 974959.993834809865803 ], [ 593537.596728579956107, 975958.949980519828387 ], [ 594386.520664119976573, 976658.656499199918471 ], [ 594336.255313329980709, 977158.196603959891945 ], [ 594835.935955559951253, 977058.475873949937522 ], [ 594840.726259869989008, 977058.259647149825469 ], [ 594864.446797779994085, 977081.193730839877389 ], [ 594895.050232180044986, 977078.593758419854566 ], [ 594916.699960669968277, 977071.140181029913947 ], [ 594936.132524349959567, 977055.557426149840467 ], [ 594946.705877340049483, 977047.18852144991979 ], [ 594971.578784279990941, 977039.075221759849228 ], [ 594991.736411459976807, 977030.50179190991912 ], [ 595012.699837650055997, 977022.582813689834438 ], [ 595044.689042420010082, 977017.870412429911084 ], [ 595060.081283380044624, 977014.84613073989749 ], [ 595089.367464610026218, 977012.745608499855734 ], [ 595119.419848519959487, 976994.876333359861746 ], [ 595142.984048280050047, 976982.199518869863823 ], [ 595164.068364460021257, 976966.732225499930792 ], [ 595187.811605270020664, 976948.855063019902445 ], [ 595272.959622979979031, 976870.4687702099327 ], [ 595292.96393095003441, 976851.124216749914922 ], [ 595315.208114890032448, 976850.815881029935554 ], [ 595340.133509080042131, 976856.923071399913169 ], [ 595360.067752829985693, 976871.897841969854198 ], [ 595380.994184489944018, 976895.169449099921621 ], [ 595386.207026929943822, 976918.367315459880047 ], [ 595385.146764629986137, 976939.966587989940308 ], [ 595385.294348309980705, 976971.662969989934936 ], [ 595375.942337709944695, 976998.083637309842743 ], [ 595371.537085240008309, 977036.068795369938016 ], [ 595372.636792090022936, 977065.422579409903847 ], [ 595374.399827299988829, 977080.849684579879977 ], [ 595383.998000059975311, 977092.760162169928662 ], [ 595407.449130070046522, 977106.712233119877055 ], [ 595440.268885310040787, 977110.959203159902245 ], [ 595486.964333220035769, 977117.198428529896773 ], [ 595504.471289810026065, 977116.344090079888701 ], [ 595518.746459129964933, 977114.87260250991676 ], [ 595535.483304069959559, 977112.417454919894226 ], [ 595543.358769519953057, 977112.420430599828251 ], [ 595560.586646970012225, 977111.934644299908541 ], [ 595572.890285930014215, 977114.893058729940094 ], [ 595580.916563129983842, 977118.241923189838417 ], [ 595596.18408846994862, 977117.758690959890373 ], [ 595735.938932050019503, 977117.352404809906147 ], [ 595748.859368309960701, 977112.926299239858054 ], [ 595763.171634410042316, 977106.024705339921638 ], [ 595782.801753079984337, 977094.303351849899627 ], [ 595800.54111103003379, 977095.221866529900581 ], [ 595828.541978970053606, 977094.12414754985366 ], [ 595850.726068879943341, 977108.010570459882729 ], [ 595882.091673849965446, 977116.00350567989517 ], [ 595900.018135249963962, 977113.110367199871689 ], [ 595919.585887309978716, 977102.659544019843452 ], [ 595938.011270910035819, 977089.602014539879747 ], [ 595973.594934190041386, 977063.421342609915882 ], [ 596010.330267890007235, 977049.801549849915318 ], [ 596055.375186259974726, 977053.644133999827318 ], [ 596107.201464019948617, 977058.875084309838712 ], [ 596133.436335769947618, 977067.87610164983198 ], [ 596199.263072710018605, 977072.558145249844529 ], [ 596279.319882130017504, 977046.13248569983989 ], [ 596339.933670119964518, 977027.616566169890575 ], [ 596442.341841469984502, 976985.788957439828664 ], [ 596473.188735879957676, 976978.46959526988212 ], [ 596501.501432830002159, 976971.019021019921638 ], [ 596541.093295290018432, 976966.699966979911551 ], [ 596576.750543729984201, 976974.265964969876222 ], [ 596612.878385190037079, 976995.025770349893719 ], [ 596639.249006130034104, 977007.238485749927349 ], [ 596659.630497270030901, 977018.90314133989159 ], [ 596668.367241070023738, 977020.849235329893418 ], [ 596692.507151130004786, 977017.809455529903062 ], [ 596703.217753979959525, 977013.79800715984311 ], [ 596718.620767659973353, 976997.072780779912136 ], [ 596734.556362690054812, 976959.278065309859812 ], [ 596534.230365719995461, 977758.504583319881931 ], [ 597033.795194040052593, 977858.60380836983677 ], [ 597383.680983499973081, 977608.951001569861546 ], [ 598183.051755649968982, 977659.201120069832541 ], [ 598583.337761329952627, 976660.216815999825485 ], [ 598622.810874580056407, 976723.157386969891377 ], [ 598666.337591959978454, 976749.813804649864323 ], [ 598721.213920890004374, 976777.435467059840448 ], [ 598749.074666460044682, 976793.832747719832696 ], [ 598777.767257630010135, 976800.098720489884727 ], [ 598813.714314369950444, 976810.807424679864198 ], [ 598848.594957269961014, 976803.571834669914097 ], [ 598884.749983259942383, 976811.747700029867701 ], [ 598926.573158790008165, 976812.754069269867614 ], [ 598969.13751269003842, 976820.199748489889316 ], [ 598997.41421573003754, 976831.531351539888419 ], [ 599007.086842669988982, 976837.454992149840109 ], [ 599018.345799069968052, 976854.990859639830887 ], [ 599037.053860759944655, 976859.132405679905787 ], [ 599077.005454319994897, 976882.934215819928795 ], [ 599138.408559049945325, 976923.863462389912456 ], [ 599166.986576310009696, 977039.791902969940566 ], [ 599192.898492370033637, 977110.859590829932131 ], [ 599207.226167130051181, 977152.886404329910874 ], [ 599222.295022750040516, 977201.352564619854093 ], [ 599263.819715940044262, 977221.462416679831222 ], [ 599297.335413219989277, 977215.385925759910606 ], [ 599321.828992309980094, 977226.395798049867153 ], [ 599347.59698389004916, 977252.817183339851908 ], [ 599365.382639709976502, 977283.660763809923083 ], [ 599381.374000870040618, 977305.424923899932764 ], [ 599415.942798129981384, 977352.754656679928303 ], [ 599482.060917470022105, 977360.086822689860128 ], [ 599781.235825340030715, 977509.916560099925846 ], [ 599801.629127359949052, 977540.08287717984058 ], [ 599860.755588739993982, 977545.13422109989915 ], [ 599895.948354989988729, 977534.09918818983715 ], [ 599967.816285580047406, 977524.907810819917358 ], [ 599992.179243359947577, 977506.575446879840456 ], [ 600005.075161639950238, 977473.239996749907732 ], [ 600012.302926170057617, 977447.074107209919021 ], [ 600007.855704369954765, 977408.437988249934278 ], [ 600012.457337990053929, 977383.324041029904038 ], [ 599996.45249222998973, 977346.255588339874521 ], [ 599986.441099329967983, 977313.522624369827099 ], [ 599990.301522810012102, 977281.969342599855736 ], [ 600006.980629720026627, 977248.95565395988524 ], [ 600029.861124719958752, 977217.74460105993785 ], [ 600040.989449079963379, 977205.938335979939438 ], [ 600069.135570380021818, 977187.927698089857586 ], [ 600096.345932160038501, 977181.314840769860893 ], [ 600113.038409980013967, 977163.60543609992601 ], [ 600129.093645859975368, 977138.190265249926597 ], [ 600151.906250900006853, 977113.902601759880781 ], [ 600168.14671061001718, 977095.601893849903718 ], [ 600187.717955910018645, 977065.520305439829826 ], [ 600210.263775410014205, 977039.010488879866898 ], [ 600222.856271630036645, 977035.700212009833194 ], [ 600244.721070570056327, 977041.011484419927001 ], [ 600253.326205470017157, 977048.009242709842511 ], [ 600261.270045579993166, 977071.512773999827914 ], [ 600262.297943879966624, 977093.406368339899927 ], [ 600258.333609879948199, 977126.226068079937249 ], [ 600250.617731809965335, 977157.691834189929068 ], [ 600233.931888589984737, 977199.146732789929956 ], [ 600233.6084836400114, 977210.841327969916165 ], [ 600243.633336949977092, 977258.878579699900001 ], [ 600256.480880719958805, 977282.830146529828198 ], [ 600279.058596680057235, 977316.760615679901093 ], [ 600311.278592749964446, 977347.523260359885171 ], [ 600345.874325209995732, 977374.695289029856212 ], [ 600371.954449929995462, 977397.317362599889748 ], [ 600403.283769130008295, 977420.833515929873101 ], [ 600437.349317000014707, 977436.035384189919569 ], [ 600501.989575010025874, 977453.009715349879116 ], [ 600543.367622549994849, 977454.805448629893363 ], [ 600579.528561990009621, 977445.772173949866556 ], [ 600613.561341349966824, 977424.239648029906675 ], [ 600695.477620629942976, 977369.992894049850293 ], [ 600791.995514670037664, 977355.386727669858374 ], [ 600886.914706059964374, 977337.327971699880436 ], [ 600981.1661084999796, 977310.504329039831646 ], [ 601030.928332010051236, 977660.219946929835714 ], [ 600930.887628130032681, 977860.012675469857641 ], [ 601080.747848149971105, 977910.022261069854721 ], [ 601730.295817789970897, 977860.291821449878626 ] ] ] ] } },
{ "type": "Feature", "properties": { "FID_1": 0, "AREA_HA": 17049.651, "RESERVA": "RESERVA INDIGENA CABECAR DE TAYNI", "are_ha": 17050.22, "RI": "RESERVA INDIGENA" }, "geometry": { "type": "MultiPolygon", "coordinates": [ [ [ [ 602216.809567849966697, 1082093.457024799659848 ], [ 602679.085649510030635, 1081147.155784399714321 ], [ 603014.634768359945156, 1080567.549929399974644 ], [ 602939.336481439997442, 1080342.679780299775302 ], [ 602739.087705940008163, 1080142.977588499896228 ], [ 602763.777111310046166, 1079917.971191700082272 ], [ 603213.379591790027916, 1079667.386477199848741 ], [ 603362.778957810020074, 1079242.233580799773335 ], [ 603387.158895940054208, 1078792.255390699952841 ], [ 603484.535242610028945, 1076892.36068749986589 ], [ 603257.877015699981712, 1075667.832783800084144 ], [ 602807.662048739963211, 1075468.48026999970898 ], [ 602806.558525610016659, 1074668.590004399884492 ], [ 602706.158210290013812, 1074368.769730299711227 ], [ 602698.034837860031985, 1074378.660810200031847 ], [ 602652.344050040002912, 1074411.48841999983415 ], [ 602525.911210329970345, 1074459.472016300074756 ], [ 602432.579587680054829, 1074470.402735999785364 ], [ 602396.212990659987554, 1074453.959298599977046 ], [ 602352.518296860042028, 1074428.377966899890453 ], [ 602342.193966199993156, 1074398.002090299967676 ], [ 602355.29546955996193, 1074347.113460099790245 ], [ 602365.63127233996056, 1074305.50263819983229 ], [ 602394.829739640001208, 1074270.864565999712795 ], [ 602408.851277419948019, 1074233.187809799797833 ], [ 602407.565710399998352, 1074196.281648600008339 ], [ 602399.920263560023159, 1074159.16750739980489 ], [ 602393.026082179974765, 1074137.332053699996322 ], [ 602375.291617040056735, 1074097.34563299966976 ], [ 602255.634620139957406, 1073944.450832800008357 ], [ 603055.764042529975995, 1074118.320972600020468 ], [ 603380.649765469948761, 1074067.878427299670875 ], [ 604005.113310200045817, 1073742.057800599839538 ], [ 604504.97531597991474, 1073691.371166899800301 ], [ 605130.133508769911714, 1073865.479615999851376 ], [ 605254.942993709933944, 1073740.322768 ], [ 605255.119812909862958, 1073667.783615499734879 ], [ 605265.672153989900835, 1073619.823637299705297 ], [ 605286.978250089916401, 1073592.554163599852473 ], [ 605309.382804699940607, 1073570.405332 ], [ 605325.384061469929293, 1073549.318341 ], [ 605332.394675029907376, 1073530.479788600001484 ], [ 605329.22942364984192, 1073511.308562699705362 ], [ 605326.541348829865456, 1073478.16992609994486 ], [ 605315.036152409855276, 1073442.200675599742681 ], [ 605308.879162239842117, 1073398.779180299956352 ], [ 605316.930870399926789, 1073349.466292199678719 ], [ 605328.755137599888258, 1073301.547923499718308 ], [ 605340.31912250991445, 1073261.248141899704933 ], [ 605354.2341554898303, 1073240.251367699820548 ], [ 605904.403574519907124, 1073414.462156199850142 ], [ 605901.219028619932942, 1073392.719902399927378 ], [ 605899.051412409869954, 1073344.344038600102067 ], [ 605902.10185793985147, 1073292.325209799688309 ], [ 605911.960039239842445, 1073264.681427800096571 ], [ 605916.470020609907806, 1073244.489916800055653 ], [ 605918.031582409865223, 1073198.778347400017083 ], [ 605919.332879389869049, 1073160.685377199668437 ], [ 605914.491136609925888, 1073116.035679799970239 ], [ 605908.377406649873592, 1073071.344408500008285 ], [ 605907.308229539892636, 1073028.089231600053608 ], [ 605906.06554411991965, 1072989.913120099809021 ], [ 605908.465300379903056, 1072956.940813099965453 ], [ 605923.628257329924963, 1072923.114545399788767 ], [ 605935.683361379895359, 1072905.712059099692851 ], [ 605986.090048979851417, 1072927.50953029980883 ], [ 606053.079229589900933, 1072884.44524719985202 ], [ 606101.165672469884157, 1072864.788967899978161 ], [ 606118.287728149909526, 1072852.765271999873221 ], [ 606152.926104609854519, 1072819.822471699677408 ], [ 606164.151665319921449, 1072768.08914119983092 ], [ 606167.678365049883723, 1072717.310887899715453 ], [ 606171.802931019919924, 1072681.834515699651092 ], [ 606180.797217309940606, 1072651.651697099674493 ], [ 606214.950323249911889, 1072600.86547 ], [ 606317.43557217984926, 1072563.086648799944669 ], [ 606341.376956739928573, 1072541.159835699945688 ], [ 606440.612761939875782, 1072403.945075799711049 ], [ 606477.573276529903524, 1072376.190532099921256 ], [ 606579.473645479883999, 1072380.399654999841005 ], [ 606652.809844329836778, 1072366.878600199706852 ], [ 606695.090656979940832, 1072334.251382099930197 ], [ 606744.190799119882286, 1072291.72104230010882 ], [ 606781.172896439908072, 1072234.686069999821484 ], [ 606799.590255969902501, 1072193.434555199928582 ], [ 606826.009636749862693, 1072115.593716700095683 ], [ 606839.951462669880129, 1072060.153267200104892 ], [ 606892.101097039878368, 1071862.430942299775779 ], [ 606982.112032539909706, 1071616.621693399734795 ], [ 607024.62620972993318, 1071492.34109429968521 ], [ 607066.984672219841741, 1071429.162689599674195 ], [ 607089.561032269848511, 1071380.444391699973494 ], [ 607118.640273319906555, 1071300.167277199681848 ], [ 607119.619123649899848, 1071249.283875700086355 ], [ 607031.464956919895485, 1071078.867513699922711 ], [ 606945.740444319904782, 1070767.238263600040227 ], [ 606892.532605709857307, 1070672.104956299997866 ], [ 606835.693937359843403, 1070543.721344799734652 ], [ 606787.004587019910105, 1070404.216558699961752 ], [ 606763.114433009875938, 1070281.013155499938875 ], [ 606760.553517099935561, 1070223.618312699720263 ], [ 606774.537870399886742, 1070109.61773749999702 ], [ 606784.883334469865076, 1070048.936680799815804 ], [ 606773.462465359829366, 1069989.902878699824214 ], [ 606757.094117649830878, 1069956.126551100052893 ], [ 606748.311938049853779, 1069923.936620699707419 ], [ 606756.482641129870899, 1069883.535208899993449 ], [ 606846.757623319863342, 1069804.512663099914789 ], [ 606869.424906709929928, 1069782.5331836999394 ], [ 606876.884938559844159, 1069729.371532499790192 ], [ 606856.477951359935105, 1069613.950783499982208 ], [ 606811.137755839852616, 1069514.050541100092232 ], [ 606740.378983839880675, 1069411.827527400106192 ], [ 606616.587013539858162, 1069354.518610599916428 ], [ 606562.829614079906605, 1069329.382975699845701 ], [ 606510.662438559927978, 1069325.955477899871767 ], [ 606356.391989609925076, 1069294.122625299729407 ], [ 606244.696819669916295, 1069280.598148799967021 ], [ 606172.938184529892169, 1069258.538310499861836 ], [ 606116.598518389859237, 1069205.288145700003952 ], [ 606081.20184571982827, 1069140.172082 ], [ 606060.752202909905463, 1069083.31183909997344 ], [ 605998.131141479825601, 1068939.950753499753773 ], [ 604650.848392039886676, 1070741.578107099980116 ], [ 602752.309196850052103, 1071594.098421100061387 ], [ 597752.458483870024793, 1071151.073822 ], [ 598001.59283380000852, 1070550.826917300000787 ], [ 597750.049679260002449, 1069401.360136299859732 ], [ 596850.096975330030546, 1069327.61225639982149 ], [ 595625.339482299983501, 1069354.291357100009918 ], [ 594874.749038690002635, 1068830.411057699937373 ], [ 594790.587566290050745, 1068796.733982099685818 ], [ 594590.876635059947148, 1068536.745177499949932 ], [ 594531.014166789944284, 1068396.779723200015724 ], [ 594521.05892004002817, 1068346.79888190003112 ], [ 593772.370507669984363, 1067096.984175799880177 ], [ 593548.479326989967376, 1065847.48814329970628 ], [ 593409.696046150056645, 1065843.73523489991203 ], [ 592423.880925560020842, 1065896.794302499853075 ], [ 591409.062212549964897, 1066186.033019899856299 ], [ 591374.526298700016923, 1066195.876278900075704 ], [ 591341.910187019966543, 1066204.025081699714065 ], [ 590974.125658930046484, 1066295.720389199908823 ], [ 590898.742661449941806, 1066795.417297400068492 ], [ 589573.915273139951751, 1067219.396449400112033 ], [ 589798.057015920057893, 1068144.056673400104046 ], [ 589801.007189069991, 1069212.466627799905837 ], [ 589822.513262929976918, 1069240.130318699870259 ], [ 589838.771199260023423, 1069261.075591499917209 ], [ 589898.390334889991209, 1069304.973807699978352 ], [ 589991.352585969958454, 1069379.199082199949771 ], [ 590069.703184940037318, 1069433.879332100041211 ], [ 590115.548388579976745, 1069470.971171099692583 ], [ 590145.435807659989223, 1069527.878726299852133 ], [ 590159.352757839951664, 1069567.73901590006426 ], [ 590159.421518650022335, 1069640.195305499713868 ], [ 590156.989849100005813, 1069711.298653299920261 ], [ 590141.882379899965599, 1069780.716036200057715 ], [ 590122.785437389975414, 1069855.087357199750841 ], [ 590102.134170569945127, 1069961.717634699773043 ], [ 587927.535427549970336, 1069964.656371700111777 ], [ 586732.018682650057599, 1073140.684955299831927 ], [ 586762.781681259977631, 1073083.068440899718553 ], [ 586790.763994939974509, 1073083.984729500021785 ], [ 586823.443002009997144, 1073096.494962399825454 ], [ 586852.175908420002088, 1073112.689363299869001 ], [ 586879.332782609970309, 1073137.730055599939078 ], [ 586899.695594409946352, 1073175.259563699830323 ], [ 586925.276439539971761, 1073209.146556700114161 ], [ 586977.55566935997922, 1073207.045055599883199 ], [ 587070.406157989986241, 1073210.085428999736905 ], [ 587124.881701080012135, 1073218.22485650004819 ], [ 587176.248632919974625, 1073242.787171099800617 ], [ 587211.167435640003532, 1073264.26864149980247 ], [ 587233.856926989974454, 1073308.230009799823165 ], [ 587280.322015319950879, 1073364.410076899919659 ], [ 587277.138556470046751, 1073420.235572499688715 ], [ 587288.511051569948904, 1073460.013007400091738 ], [ 587303.209392920020036, 1073477.018997899722308 ], [ 587325.930290239979513, 1073482.847507 ], [ 587352.640744379954413, 1073483.722127600107342 ], [ 587390.537876059999689, 1073492.589833099860698 ], [ 587430.414097670000046, 1073518.047045599669218 ], [ 587474.410213710041717, 1073534.741242199670523 ], [ 587524.679086280055344, 1073554.183096199762076 ], [ 587579.1981848400319, 1073561.052799 ], [ 587632.054375809966587, 1073579.30823259986937 ], [ 587666.526750830002129, 1073576.623593399766833 ], [ 587690.649934050044976, 1073578.684608399868011 ], [ 587717.937258339952677, 1073599.916211399715394 ], [ 587745.659015620010905, 1073608.450716400053352 ], [ 587783.90374282002449, 1073607.160719299688935 ], [ 587805.874062380054966, 1073597.711043099872768 ], [ 587830.257910210057162, 1073592.153789399657398 ], [ 587861.001399770029821, 1073586.804768799804151 ], [ 587878.678068679990247, 1073591.196957400068641 ], [ 587895.082810270017944, 1073595.547498600091785 ], [ 587902.68303910002578, 1073633.93033909983933 ], [ 587896.552706109941937, 1073664.236803299747407 ], [ 587895.857625639997423, 1073684.552172899711877 ], [ 587898.630789599963464, 1073715.150171199813485 ], [ 587915.047629100037739, 1073756.363980299793184 ], [ 587920.538419959950261, 1073781.966436999849975 ], [ 587951.207139370031655, 1073816.020111199934036 ], [ 587990.202524370048195, 1073830.008291199803352 ], [ 588026.120649180025794, 1073822.286432099994272 ], [ 588174.272692439961247, 1073809.3415 ], [ 588212.126500020036474, 1073819.478878299705684 ], [ 588258.796941229957156, 1073832.447203 ], [ 588312.317024840041995, 1073868.520225599873811 ], [ 588394.79957121994812, 1073951.3024238999933 ], [ 588429.805463019991294, 1073970.24449889967218 ], [ 588454.809675010037608, 1073983.77455270010978 ], [ 588494.065784620004706, 1073990.1444315998815 ], [ 588534.680712840054184, 1073994.016525799874216 ], [ 588594.765591420000419, 1073987.085876499768347 ], [ 588632.216345430002548, 1073971.787316099740565 ], [ 588664.188405480002984, 1073967.749593500047922 ], [ 589023.624023120035417, 1073994.771600199863315 ], [ 589113.931280869990587, 1073997.728315799962729 ], [ 589160.155273230047897, 1073986.530333200003952 ], [ 589206.422705680015497, 1073974.062626999802887 ], [ 589283.418927559978329, 1073948.044582999777049 ], [ 589313.153809929965064, 1073906.373288400005549 ], [ 589379.356762900017202, 1073832.272484899964184 ], [ 589419.742329280008562, 1073805.629652299918234 ], [ 589463.552756960038096, 1073790.53917759982869 ], [ 589523.333641540026292, 1073792.49634059984237 ], [ 589606.846913199988194, 1073807.941840699873865 ], [ 589726.148117630043998, 1073819.474411999806762 ], [ 589841.64584480994381, 1073867.745456600096077 ], [ 589959.035961200017482, 1073935.145537300035357 ], [ 590100.853545340010896, 1073995.718482399825007 ], [ 590142.839749700040556, 1074033.956078500021249 ], [ 590174.259549989947118, 1074083.288027599919587 ], [ 590220.173061619978398, 1074192.838108099997044 ], [ 590232.687555709970184, 1074236.466608599759638 ], [ 590231.514786849962547, 1074270.749033899977803 ], [ 590243.104828309966251, 1074304.178148899693042 ], [ 590262.717421420034952, 1074326.429633799940348 ], [ 590305.615824660053477, 1074338.003170900046825 ], [ 590351.79651825001929, 1074328.074744099751115 ], [ 590386.660076100029983, 1074313.962388100102544 ], [ 590404.423775790026411, 1074315.815069399774075 ], [ 590443.115462730056606, 1074338.691154699772596 ], [ 590464.260628339950927, 1074353.365958899725229 ], [ 590486.721170319942757, 1074366.812683099880815 ], [ 590496.114844240015373, 1074390.000774499960244 ], [ 590543.877365899970755, 1074519.949839499779046 ], [ 590555.684613220044412, 1074547.03039039997384 ], [ 590583.276364049990661, 1074559.373967600055039 ], [ 590618.499757039942779, 1074571.967385 ], [ 590640.470217210007831, 1074562.517490999773145 ], [ 590674.279052639962174, 1074542.014856999740005 ], [ 590735.088426299975254, 1074539.769445300102234 ], [ 590764.67366235004738, 1074542.43182469997555 ], [ 590778.274090679944493, 1074554.317357299849391 ], [ 590803.017939239973202, 1074575.465700999833643 ], [ 590818.945077299955301, 1074593.783125899732113 ], [ 590843.998455840046518, 1074598.907493399921805 ], [ 590873.421348170028068, 1074601.922228899784386 ], [ 590991.873233519960195, 1074563.852164499927312 ], [ 591015.15907607995905, 1074553.17415459966287 ], [ 591035.20609356998466, 1074562.728431799914688 ], [ 591049.023709230008535, 1074568.265347300097346 ], [ 591067.103846100042574, 1074598.093555599916726 ], [ 591099.882640389958397, 1074644.927834199741483 ], [ 591145.033386999974027, 1074702.336298299953341 ], [ 591203.46820842998568, 1074743.654749900102615 ], [ 591255.934239499969408, 1074773.337496299762279 ], [ 591457.986773499986157, 1075008.758335900027305 ], [ 591490.418173710000701, 1075065.750512599945068 ], [ 591512.860119060031138, 1075154.194394099991769 ], [ 591548.716454760055058, 1075222.739063899964094 ], [ 591566.796644450048916, 1075252.567362200003117 ], [ 591598.911667280015536, 1075281.583963300101459 ], [ 591622.731155180023052, 1075292.532915299758315 ], [ 591678.696753849973902, 1075294.365010799840093 ], [ 591727.551890249946155, 1075280.710537699982524 ], [ 591886.303179490030743, 1075218.536427800077945 ], [ 591928.62485712999478, 1075209.752638999838382 ], [ 591943.975074319983833, 1075207.712830499745905 ], [ 591970.468778260052204, 1075214.935851699672639 ], [ 591994.201429720036685, 1075228.424238299950957 ], [ 591915.514322989969514, 1075481.349589599762112 ], [ 591913.243402549996972, 1075510.5117147997953 ], [ 591925.007331570028327, 1075538.862134600058198 ], [ 591935.977084990008734, 1075553.203899099957198 ], [ 591978.96269035001751, 1075562.237974499817938 ], [ 592020.936955239973031, 1075563.61203210009262 ], [ 592184.63355774001684, 1075468.549741799943149 ], [ 592216.99687214998994, 1075453.084184600040317 ], [ 592258.927715720026754, 1075455.727933499962091 ], [ 592279.89934543997515, 1075475.481707199942321 ], [ 592312.721813280018978, 1075521.046452600043267 ], [ 592352.437628509942442, 1075588.446446499787271 ], [ 592373.899435629951768, 1075631.097021399997175 ], [ 592390.589882140047848, 1075701.556773999705911 ], [ 592445.655970830004662, 1075766.917005300056189 ], [ 592476.859058800037019, 1075822.598028 ], [ 592516.562504749977961, 1075853.134249200113118 ], [ 592685.074218700057827, 1075857.224999699741602 ], [ 592651.414057560032234, 1075931.275520300026983 ], [ 592618.715614499989897, 1075993.762862599920481 ], [ 592596.844254379975609, 1076037.537311399821192 ], [ 592559.752907259971835, 1076079.542374999728054 ], [ 592531.217740230029449, 1076131.996761399786919 ], [ 592485.4956904000137, 1076202.955844399984926 ], [ 592466.949999599950388, 1076223.958368599880487 ], [ 592454.764062109985389, 1076245.16908419970423 ], [ 592447.709361550048925, 1076265.276621 ], [ 592455.266563049983233, 1076304.929821599740535 ], [ 592456.898347610025667, 1076331.677499399986118 ], [ 592449.583035390009172, 1076359.403440599795431 ], [ 592433.888662589946762, 1076379.371823200024664 ], [ 592403.631392190000042, 1076399.847277899738401 ], [ 592351.351076769991778, 1076401.949266799725592 ], [ 592305.387088199960999, 1076405.529178499709815 ], [ 592270.392877610051073, 1076423.450905399862677 ], [ 592226.563087200047448, 1076513.539220599923283 ], [ 592138.587046419968829, 1076665.740068099927157 ], [ 592088.136776100029238, 1076763.238573299720883 ], [ 592045.436213199980557, 1076820.313799299765378 ], [ 591958.924577370053157, 1076892.479726199992001 ], [ 591905.570539699983783, 1076963.188860700000077 ], [ 591857.912422060035169, 1077016.288280199747533 ], [ 591821.723733930033632, 1077058.487527899909765 ], [ 591806.308116569998674, 1077073.071961999870837 ], [ 591775.836930050048977, 1077107.666716400068253 ], [ 591753.040889290045016, 1077141.241595099680126 ], [ 591742.443094210000709, 1077190.469721099827439 ], [ 591741.977471549995244, 1077241.300737999845296 ], [ 591759.449499660055153, 1077288.905576299875975 ], [ 591777.020609840052202, 1077370.834910499863327 ], [ 591789.70890186005272, 1077409.385049699805677 ], [ 591792.624721230007708, 1077473.038389899767935 ], [ 591799.48671397997532, 1077533.007469699718058 ], [ 591800.510214800015092, 1077577.531507699750364 ], [ 591766.768725879956037, 1077670.49248019978404 ], [ 591699.606497989967465, 1077782.112803199794143 ], [ 591699.639977499959059, 1077782.102716099936515 ], [ 591699.261333220056258, 1077782.686449700035155 ], [ 591699.606497989967465, 1077782.112803199794143 ], [ 591612.46146520995535, 1077808.368758500088006 ], [ 596765.710474899969995, 1080776.007383000105619 ], [ 595467.535156680038199, 1082002.589811999816447 ], [ 595818.259687280049548, 1082577.042711399961263 ], [ 596118.38758181000594, 1082701.623493699822575 ], [ 596443.881759730051272, 1083101.134673699736595 ], [ 597044.072595700039528, 1083300.303109299857169 ], [ 598518.144261899986304, 1082748.388050199951977 ], [ 599018.216307000024244, 1082847.70092049986124 ], [ 600021.777480629971251, 1083353.284058399964124 ], [ 602216.809567849966697, 1082093.457024799659848 ] ] ] ] } },
{ "type": "Feature", "properties": { "FID_1": 10, "AREA_HA": 75118.284, "RESERVA": "RESERVA INDIGENA CABECAR DE CHIRRIPO (DUCHII)", "are_ha": 75110.9, "RI": "RESERVA INDIGENA" }, "geometry": { "type": "MultiPolygon", "coordinates": [ [ [ [ 566417.605427799164318, 1093183.819158770376816 ], [ 566429.517655982170254, 1093179.773473581997678 ], [ 566436.211058525019325, 1093178.897062737494707 ], [ 566443.783803439931944, 1093180.36637574667111 ], [ 566489.758034030208364, 1093206.164548732340336 ], [ 566634.205452777910978, 1093286.290840788278729 ], [ 566959.013148687547073, 1093363.876748062903062 ], [ 567361.755453052814119, 1093486.468269731616601 ], [ 567687.229943686863407, 1093761.574772484134883 ], [ 567824.969700769404881, 1094207.202929587336257 ], [ 567829.730181335355155, 1094218.272547064581886 ], [ 567833.856984208570793, 1094228.710066609317437 ], [ 567837.347345343092456, 1094236.300379910040647 ], [ 568037.085988110746257, 1094286.049356729956344 ], [ 568080.802541728597134, 1094590.424624207662418 ], [ 568237.703246616525576, 1094786.098390142200515 ], [ 568338.325950471451506, 1094780.593251419719309 ], [ 568337.921824396005832, 1094710.342927239602432 ], [ 568498.130731037817895, 1094791.821888694306836 ], [ 568637.000288655050099, 1094835.558768047485501 ], [ 568786.267177997506224, 1094915.592224649852142 ], [ 568926.854798797750846, 1094840.938510678941384 ], [ 568986.379292116500437, 1094794.522205182118341 ], [ 569080.616730666020885, 1094713.306052517378703 ], [ 569131.894828603602946, 1094690.070988736348227 ], [ 569209.662267938954756, 1094673.423073240090162 ], [ 569241.147854953887872, 1094704.830022108275443 ], [ 569249.472854060935788, 1094744.541280083358288 ], [ 569277.65038244810421, 1094777.607443013694137 ], [ 569340.549151645856909, 1094782.494006466586143 ], [ 569362.257255681790411, 1094759.002220259048045 ], [ 569434.776223741006106, 1094693.002389719011262 ], [ 569520.725850044051185, 1094601.866028847638518 ], [ 569553.802345655858517, 1094581.963805761886761 ], [ 569595.170745270792395, 1094575.291760887484998 ], [ 569648.145332254236564, 1094585.155885972082615 ], [ 569737.942071912926622, 1094683.376347722252831 ], [ 569798.869760194094852, 1094684.219298775075004 ], [ 570037.908516735886224, 1094681.761875384952873 ], [ 570186.163688519969583, 1094784.511561075691134 ], [ 570437.285035210195929, 1094831.898758541792631 ], [ 570435.085784050868824, 1095080.452999473083764 ], [ 570533.185441657318734, 1095228.456855113385245 ], [ 570784.250579256331548, 1095230.65295099793002 ], [ 570763.942231985623948, 1095052.424122698139399 ], [ 570859.191548298462294, 1094929.284200087189674 ], [ 571037.511648528743535, 1094981.783687781076878 ], [ 571185.480767767061479, 1094856.066887359600514 ], [ 571232.962002936867066, 1094680.263670228654519 ], [ 571310.794354122830555, 1094682.676599737256765 ], [ 571386.17283024371136, 1094730.28382402099669 ], [ 571586.95310963166412, 1094674.797982077114284 ], [ 571483.951463752076961, 1094622.204232478048652 ], [ 571531.482961392379366, 1094486.570871735457331 ], [ 571584.130270511028357, 1094426.249780728947371 ], [ 571734.647538291639648, 1094330.656961386790499 ], [ 571857.386940070195124, 1094107.057231349637732 ], [ 571960.25598904537037, 1094054.204778390703723 ], [ 572035.546125312219374, 1094031.514458396006376 ], [ 572234.046189441811293, 1094159.306487927213311 ], [ 572389.60986813576892, 1094083.791957601439208 ], [ 572334.151806858251803, 1093905.607485268963501 ], [ 572213.420836145873182, 1093730.0159288556315 ], [ 572085.196022248826921, 1093584.561363140586764 ], [ 572155.426892757997848, 1093531.749906412325799 ], [ 572609.658754294738173, 1093380.540334201650694 ], [ 572704.935591786750592, 1093279.99535434320569 ], [ 572835.42436668544542, 1093229.618346049915999 ], [ 572931.628701374283992, 1093126.611792728770524 ], [ 572931.544010342564434, 1093059.501374196493998 ], [ 572830.156064520357177, 1093033.796572496648878 ], [ 572729.794763323152438, 1093084.135596247157082 ], [ 572656.882390431477688, 1093001.377126672537997 ], [ 572729.924892050214112, 1092831.580150622874498 ], [ 572882.587480997783132, 1092802.753396832151338 ], [ 573062.850738124921918, 1092405.848057866562158 ], [ 573035.078545852564275, 1092282.862918908707798 ], [ 572783.700167381204665, 1092032.119037402793765 ], [ 572755.599491577129811, 1091905.424414055189118 ], [ 572856.254018024541438, 1091831.178271890385076 ], [ 572956.777434771764092, 1091784.371557038743049 ], [ 572933.73687407351099, 1091557.423562384443358 ], [ 573853.637610374833457, 1090378.781990519259125 ], [ 574606.216240784735419, 1089903.320790038211271 ], [ 576054.039650718099438, 1089276.333917799172923 ], [ 576564.907810370437801, 1089488.650935494573787 ], [ 577430.561339825391769, 1089826.910659664077684 ], [ 577745.968198191490956, 1089506.934312061406672 ], [ 578079.975422386545688, 1089173.317555483430624 ], [ 578001.927119632367976, 1088444.332746057305485 ], [ 578000.993530248990282, 1088274.617672220105305 ], [ 577978.040311062941328, 1087995.968995954608545 ], [ 578424.451289412681945, 1087623.824735028436407 ], [ 578818.549650220549665, 1087258.14686871599406 ], [ 578982.058711977675557, 1087109.393146342132241 ], [ 579126.344707287382334, 1086971.582166432635859 ], [ 579427.243571694823913, 1086961.258467307779938 ], [ 579745.786951964721084, 1086947.73925998643972 ], [ 580124.088209938257933, 1086899.325029247906059 ], [ 580331.28900734661147, 1086874.9275797305163 ], [ 580643.505121710360982, 1086834.780834476929158 ], [ 580972.752310805022717, 1086793.192356759682298 ], [ 581370.11795951880049, 1086741.579529677052051 ], [ 581624.148275850573555, 1086708.604212027508765 ], [ 581873.920474003767595, 1086675.634218377992511 ], [ 582072.416105429176241, 1086650.032720081042498 ], [ 582248.207124738371931, 1086150.580047608586028 ], [ 582420.96741814352572, 1085640.921714005060494 ], [ 582558.543193560792133, 1085226.398174824425951 ], [ 582641.160286990110762, 1085032.929941722424701 ], [ 582674.302974147489294, 1084967.979277985170484 ], [ 582746.06732848403044, 1084739.026338519062847 ], [ 582875.055208429810591, 1084342.05183808109723 ], [ 582929.012151076109149, 1084150.911409095628187 ], [ 583012.611031796201132, 1083913.717372835846618 ], [ 583108.94841926463414, 1083651.174185058102012 ], [ 583177.716862970846705, 1083430.101371428230777 ], [ 583280.470348131493665, 1083180.457776654744521 ], [ 583369.5046150686685, 1082915.872039631707594 ], [ 583355.765727836987935, 1082283.521019557258114 ], [ 583355.530620025587268, 1082103.973209749907255 ], [ 583355.259259943268262, 1081896.802767628105357 ], [ 583342.100869805552065, 1081793.64611283224076 ], [ 583028.136330813984387, 1081489.36038509500213 ], [ 582656.01320399902761, 1081137.409626494860277 ], [ 582142.731590391835198, 1080644.66932450607419 ], [ 581943.850760163972154, 1080465.507288180291653 ], [ 581792.34725536138285, 1080316.528961136238649 ], [ 581655.133402000647038, 1080190.343962874962017 ], [ 581558.897177936742082, 1080100.758893586695194 ], [ 581315.102878839941695, 1079876.800549600971863 ], [ 581241.16234112624079, 1079804.159297551494092 ], [ 581090.423607534379698, 1079569.514497350202873 ], [ 580692.37935444409959, 1078993.32381888339296 ], [ 580499.773839139728807, 1078711.628495098557323 ], [ 580268.645829201792367, 1078372.312970149796456 ], [ 580114.597002677270211, 1078173.87030530674383 ], [ 579921.975367464125156, 1077879.36022951733321 ], [ 579729.362337009981275, 1077591.258365674410015 ], [ 579485.386147551587783, 1077226.329834616510198 ], [ 579401.933270242298022, 1077111.097747606225312 ], [ 579312.05582638469059, 1076983.058432881021872 ], [ 579222.161657963180915, 1076842.203524448676035 ], [ 579151.541342239477672, 1076739.770504573825747 ], [ 579080.929443041328341, 1076643.745353824924678 ], [ 579003.876204635133035, 1076522.097337322542444 ], [ 578965.362178667797707, 1076470.885083425790071 ], [ 578894.741972188465297, 1076368.452221768908203 ], [ 578792.024012945126742, 1076221.206632006680593 ], [ 578663.616170685738325, 1076029.140009860508144 ], [ 578562.454054684960283, 1075879.824357786681503 ], [ 578227.315359596046619, 1075593.979634060291573 ], [ 577880.892246063565835, 1075286.85833336180076 ], [ 577156.000777319539338, 1074666.25084723578766 ], [ 576976.374013548018411, 1074506.291266268119216 ], [ 576719.753894349792972, 1074269.539194598095492 ], [ 576657.691718753427267, 1074224.909415171016008 ], [ 576731.580879526562057, 1073513.408368967473507 ], [ 576755.146544897812419, 1073174.566964470548555 ], [ 576488.412336533772759, 1072779.919954632176086 ], [ 576422.643115747952834, 1072469.351220040814951 ], [ 576319.330962048959918, 1071867.160741342697293 ], [ 576190.396145513746887, 1071271.412815468385816 ], [ 576139.465925031458028, 1070962.674440095666796 ], [ 575676.471463824738748, 1070272.486967183183879 ], [ 575204.052610476850532, 1069580.003121357876807 ], [ 574555.256174626527354, 1069224.86055654194206 ], [ 574479.752487764926627, 1069177.808146179188043 ], [ 574332.71525435638614, 1069064.412547209532931 ], [ 573822.481486900476739, 1068608.926387889543548 ], [ 573575.750329602276906, 1068370.348547694273293 ], [ 567126.094506917637773, 1066990.142350803827867 ], [ 563157.369525614893064, 1066181.904555319109932 ], [ 560982.330870574107394, 1065060.161191714694723 ], [ 560982.136046318220906, 1063061.023438906064257 ], [ 554782.018169005750678, 1063054.743152391398326 ], [ 553778.394370112102479, 1065451.17549044569023 ], [ 553730.135824195574969, 1066448.443073876202106 ], [ 554023.125191554310732, 1066978.507230843650177 ], [ 554576.177995471050963, 1068099.9742962627206 ], [ 554958.372994791250676, 1068325.814298816025257 ], [ 555079.138859207858332, 1068752.368131865281612 ], [ 555279.838026193785481, 1069002.010713533964008 ], [ 555409.753742423374206, 1069204.592291485518217 ], [ 554979.440930489683524, 1069410.009418343892321 ], [ 554671.504197948495857, 1069559.14349213661626 ], [ 553906.588928443845361, 1069937.293235811637715 ], [ 553822.272650279686786, 1070171.137308575212955 ], [ 553774.612723223865032, 1070293.383567156037316 ], [ 553684.565487885149196, 1070505.994726488832384 ], [ 553568.199657324934378, 1070812.345517591340467 ], [ 553249.438800436910242, 1070904.972065504640341 ], [ 552989.213565823738463, 1070974.357791419373825 ], [ 552792.718155672191642, 1071027.726700131781399 ], [ 552686.804692830191925, 1071060.978465084917843 ], [ 552010.169319429434836, 1071033.528041357873008 ], [ 551610.736859047668986, 1070213.616310061886907 ], [ 549980.659813295700587, 1069359.867843103827909 ], [ 549756.766839826013893, 1069414.366414490388706 ], [ 549655.296524405130185, 1069334.337539362255484 ], [ 549532.681781062623486, 1069313.271652789786458 ], [ 549360.467076884582639, 1069216.827763630775735 ], [ 549162.115903620840982, 1069252.54931478551589 ], [ 548860.799685420817696, 1069311.74296133662574 ], [ 548504.190425502019934, 1069185.97100604721345 ], [ 548338.527984698070213, 1069120.753698964137584 ], [ 548004.644150944659486, 1068992.181207099463791 ], [ 547663.211630424368195, 1069317.931802038569003 ], [ 546607.801476665423252, 1069249.477487462107092 ], [ 546616.586678361636586, 1069392.297871859045699 ], [ 546741.688367818831466, 1069519.447804328752682 ], [ 546735.245851455838419, 1070033.384301749058068 ], [ 546556.124416114762425, 1070071.323289295658469 ], [ 546448.600224407739006, 1070174.933384451083839 ], [ 546188.298380536143668, 1070180.5643956058193 ], [ 545113.533003626042046, 1070219.250073528615758 ], [ 544863.819871820625849, 1070365.717798897298053 ], [ 544713.189137312932871, 1070568.643872154643759 ], [ 544661.531673939665779, 1070738.444756321841851 ], [ 544461.276051566237584, 1070844.7749115715269 ], [ 544459.062105335178785, 1070962.651232554810122 ], [ 544489.240484395530075, 1071066.964920168044046 ], [ 544391.008264280622825, 1071219.698709428776056 ], [ 544214.226618428132497, 1071243.488557305419818 ], [ 544113.067528053419665, 1071418.064721891423687 ], [ 543861.064435850130394, 1071621.11394006293267 ], [ 543885.209079717751592, 1074032.791046825470403 ], [ 543918.376869433559477, 1074167.127933952724561 ], [ 544015.174062582547776, 1074282.527770267799497 ], [ 544017.634466640884057, 1074367.394601624459028 ], [ 543914.053431711974554, 1074490.109938886016607 ], [ 543219.046951014315709, 1074865.793418324319646 ], [ 543316.006519193644635, 1075115.570852697594091 ], [ 543318.794596033170819, 1075471.549921560334042 ], [ 543467.371141969924793, 1075516.162731431890279 ], [ 543613.906877321540378, 1075822.460803879192099 ], [ 544069.324265759438276, 1076168.462943736463785 ], [ 544343.460107594495639, 1076717.430732899811119 ], [ 545365.520051519735716, 1075810.907259695464745 ], [ 545618.148470679530874, 1076119.434088943060488 ], [ 545760.126634081825614, 1076290.424888621317223 ], [ 545923.276384610449895, 1076469.188724851235747 ], [ 546110.868413662537932, 1076385.623719444964081 ], [ 546391.592153363162652, 1076267.016726528992876 ], [ 546987.439402282005176, 1076389.86900735180825 ], [ 547481.633065639762208, 1076495.516893274849281 ], [ 547641.381677302997559, 1076517.747740267077461 ], [ 547874.655802823486738, 1076410.036721513140947 ], [ 548098.489274121937342, 1076312.085353758186102 ], [ 548262.125696620438248, 1076127.999311668798327 ], [ 548470.463518060976639, 1075891.992281231563538 ], [ 548785.835122959455475, 1076301.69921913719736 ], [ 549155.369646805804223, 1076788.435079659335315 ], [ 549542.486221145023592, 1077286.333831330295652 ], [ 550370.42093514057342, 1077646.021354174474254 ], [ 550428.977670344524086, 1077799.093668491812423 ], [ 550517.036209766287357, 1078011.259554227348417 ], [ 550907.306061627226882, 1078285.698008660925552 ], [ 551366.512328274780884, 1078606.775561527581885 ], [ 551538.718313111574389, 1078717.26759289461188 ], [ 552071.882424873416312, 1079008.948019171599299 ], [ 552567.21370985894464, 1079208.730351469479501 ], [ 552576.855715627316386, 1079380.819763048551977 ], [ 553076.998940895893611, 1079658.395382788032293 ], [ 553319.977927659521811, 1079780.688989157322794 ], [ 553624.192538809962571, 1079853.398330576717854 ], [ 553848.250464597367682, 1079926.206367144593969 ], [ 554018.337747754296288, 1080204.188761912053451 ], [ 553771.073112882091664, 1080430.819639618508518 ], [ 553925.081620268989354, 1081053.027013421524316 ], [ 554127.290791556355543, 1081475.763036070158705 ], [ 554319.599938739207573, 1081705.587748494464904 ], [ 554647.264338170993142, 1081674.535357513464987 ], [ 554805.503637908608653, 1081903.024920572293922 ], [ 554550.949835911742412, 1081955.20543752098456 ], [ 554317.982977965613827, 1082306.771245547803119 ], [ 554273.490976457018405, 1082552.014049704419449 ], [ 554026.377837245352566, 1082903.597328425850719 ], [ 553962.914629075094126, 1083059.275629736483097 ], [ 553783.915569737553596, 1083203.308055203175172 ], [ 553660.627513637300581, 1083550.7274578968063 ], [ 553999.686346624628641, 1084205.016103649279103 ], [ 554122.402355596190318, 1084303.884064946789294 ], [ 554424.877230779849924, 1084876.407015157863498 ], [ 554557.026804828899913, 1084977.621183971641585 ], [ 554651.426027727080509, 1085055.305808704113588 ], [ 555052.181849795975722, 1085026.522032531909645 ], [ 555045.604750798665918, 1085429.679190784692764 ], [ 556208.634653372108005, 1086024.721523686312139 ], [ 556425.873865691013634, 1086300.293972512241453 ], [ 556630.98548848729115, 1086300.041298422031105 ], [ 556678.230556799564511, 1086375.42656942200847 ], [ 556850.361954996478744, 1086396.432925079483539 ], [ 557029.350684593664482, 1086529.692811204819009 ], [ 557074.648551092483103, 1086650.778440301772207 ], [ 557284.46994787605945, 1086645.804489974630997 ], [ 557498.673955645645037, 1086753.440956636099145 ], [ 557626.323399294982664, 1086645.382715889951214 ], [ 557729.63326204312034, 1086301.043655590852723 ], [ 557571.877184322336689, 1086071.624505475629121 ], [ 557299.947737940819934, 1085294.243329781107605 ], [ 557201.022494132979773, 1084977.648728849366307 ], [ 557631.870513105182908, 1085432.242941906210035 ], [ 557926.686700987513177, 1085571.476074032252654 ], [ 558197.821191159775481, 1085704.865944335237145 ], [ 558680.050229262560606, 1085589.559176840819418 ], [ 558873.114363777334802, 1085404.907536552287638 ], [ 558823.428540563443676, 1085067.136991577921435 ], [ 558988.056929184123874, 1084447.574636244913563 ], [ 560341.946223103441298, 1083678.732397878775373 ], [ 561272.592045761994086, 1083457.035692743957043 ], [ 561387.045765914255753, 1083624.64292913582176 ], [ 561271.074318549362943, 1083751.474682591855526 ], [ 560982.466600689222105, 1083955.231114490889013 ], [ 560919.614088544854894, 1084110.859627427300438 ], [ 561268.025033912039362, 1084128.020615588873625 ], [ 561429.828167668893002, 1084067.994263083906844 ], [ 561777.907581891398877, 1084035.811882490757853 ], [ 561925.992561479564756, 1084046.260242964606732 ], [ 562070.173899063258432, 1083965.141025986522436 ], [ 562323.52163875172846, 1083943.709779041120782 ], [ 562675.987934193690307, 1083994.88330331700854 ], [ 562850.89689027518034, 1084469.280237587401643 ], [ 561231.476036050589755, 1084691.045797517057508 ], [ 560801.91809496388305, 1084746.863908515777439 ], [ 560953.239262016606517, 1085836.945676326518878 ], [ 562828.297367596882395, 1085595.075328291626647 ], [ 562927.596083165961318, 1085790.482906437013298 ], [ 562922.382777387159877, 1085992.151603974867612 ], [ 562840.277494555339217, 1086318.458946509053931 ], [ 562805.455249264487065, 1086614.108210884733126 ], [ 562617.345847075921483, 1086685.911613608011976 ], [ 562515.581766090821475, 1086849.186696481425315 ], [ 561405.33824635471683, 1088295.780752675840631 ], [ 560231.550672358251177, 1088295.927201447077096 ], [ 559232.929720415268093, 1089548.034310921328142 ], [ 558435.656601858907379, 1089400.020526484819129 ], [ 557572.680622694548219, 1088860.129162247991189 ], [ 557328.967494488577358, 1088852.01112499460578 ], [ 557133.026624991674908, 1088975.9670483043883 ], [ 556057.5456980955787, 1088452.189495096448809 ], [ 555956.756290390738286, 1087852.614201099611819 ], [ 555536.76153977541253, 1088051.857964348513633 ], [ 555233.955996220000088, 1087918.503891230560839 ], [ 555026.308381936047226, 1087901.163036215119064 ], [ 555089.742511780699715, 1087974.986170733347535 ], [ 554530.246857772697695, 1088007.343460594536737 ], [ 554488.052325437427498, 1088035.547830458497629 ], [ 554451.826092643663287, 1088066.132620583986863 ], [ 554231.421916923485696, 1088250.526324414182454 ], [ 554177.687229290604591, 1088404.368005224037915 ], [ 554076.771576372091658, 1088405.555412103189155 ], [ 554105.100677198031917, 1088549.80348709016107 ], [ 554066.519789820769802, 1088655.423402985557914 ], [ 554077.382443134323694, 1088905.265740340808406 ], [ 553908.702607082668692, 1089099.022039254661649 ], [ 553725.727123022312298, 1089113.321866338606924 ], [ 553627.257057545823045, 1089166.228495124494657 ], [ 553539.090839600539766, 1089011.495994456810877 ], [ 553232.801475989748724, 1088906.297013423638418 ], [ 553164.627915474469773, 1088811.027822329197079 ], [ 553025.04671507421881, 1088800.977748496457934 ], [ 552852.804690982447937, 1088959.546755438204855 ], [ 552870.135216908762231, 1089106.239569169469178 ], [ 552701.848534884513356, 1089258.853363124886528 ], [ 552726.645038428483531, 1089392.548641617875546 ], [ 552539.009895280585624, 1089585.778734278865159 ], [ 552555.100717233144678, 1090124.729270411189646 ], [ 552668.135612192912959, 1090472.982623544987291 ], [ 552686.159143330994993, 1090824.871009208261967 ], [ 552835.432720494107343, 1090875.401893379399553 ], [ 553009.835016016964801, 1090757.614237703382969 ], [ 553249.339551159413531, 1090926.239841050934047 ], [ 553235.725714551052079, 1091306.320261262124404 ], [ 553017.939151533297263, 1091633.862609667470679 ], [ 552839.059044390916824, 1092123.236975925974548 ], [ 552927.319010667270049, 1092355.391529814573005 ], [ 552835.971632096683607, 1092478.671648201532662 ], [ 552638.901236862293445, 1092478.910913494648412 ], [ 552524.277141278726049, 1092626.47884980798699 ], [ 552554.741445027990267, 1092725.351416535908356 ], [ 552692.14070954779163, 1092851.873055503470823 ], [ 552836.462972095469013, 1092883.36999847041443 ], [ 553135.536777367233299, 1092840.777376750251278 ], [ 553442.020925658755004, 1093104.339497353183106 ], [ 553435.217817495344207, 1093297.899827748304233 ], [ 553878.790188242215663, 1093431.087783908471465 ], [ 554241.675589468562976, 1093772.002648783614859 ], [ 554059.634293568204157, 1094556.992078836774454 ], [ 554165.109587555169128, 1094603.511945846723393 ], [ 554110.040557797299698, 1094810.598665073979646 ], [ 554065.728460656129755, 1094978.342919672606513 ], [ 554134.387706454610452, 1095166.839378734584898 ], [ 554166.042623987887055, 1095253.239401717204601 ], [ 553691.458012818242423, 1095578.679688178934157 ], [ 553811.214319608639926, 1095743.246102405944839 ], [ 553888.784890901995823, 1095866.322379466844723 ], [ 553866.814003682578914, 1096078.658090682933107 ], [ 553493.348245437140577, 1097103.745713680051267 ], [ 553268.163880073116161, 1097104.014184103347361 ], [ 553243.400351651478559, 1097303.911303933244199 ], [ 553344.107070380588993, 1097653.600499464897439 ], [ 553694.046065002214164, 1097863.320323523133993 ], [ 553594.942113083321601, 1098202.273790050297976 ], [ 553518.727880260208622, 1098468.64203567057848 ], [ 553406.016461356077343, 1098861.205521398456767 ], [ 554770.386444590520114, 1099351.836326830321923 ], [ 555496.334813864785247, 1099730.824444436002523 ], [ 556721.221861722879112, 1099750.206183332717046 ], [ 557519.665521482122131, 1099463.402624299284071 ], [ 557582.411991943605244, 1099441.492206157185137 ], [ 557624.709078357205726, 1099395.682543576229364 ], [ 557691.881680040038191, 1099313.378650968661532 ], [ 557712.882123459829018, 1099303.095948582515121 ], [ 557728.363720267429017, 1099298.804890069412068 ], [ 557761.468870905926451, 1099295.026418409775943 ], [ 557787.10933383286465, 1099300.869533196091652 ], [ 557808.485375696676783, 1099313.126173991011456 ], [ 557831.46740016923286, 1099328.58503026003018 ], [ 557879.555869080824777, 1099349.887649297248572 ], [ 557910.563158992910758, 1099350.486322093987837 ], [ 557957.264346529962495, 1099337.348682155366987 ], [ 557986.336691409931518, 1099329.464627595152706 ], [ 558027.98109672521241, 1099321.403515767306089 ], [ 558084.028647832223214, 1099300.508184477221221 ], [ 558121.753097841865383, 1099285.557551838457584 ], [ 558134.735920867649838, 1099279.619345413753763 ], [ 558164.595049899304286, 1099260.48013594886288 ], [ 558188.0775664485991, 1099229.355727981077507 ], [ 558200.317466108943336, 1099205.676532367942855 ], [ 558204.790514725144021, 1099187.69128659600392 ], [ 558212.61424227245152, 1099152.845900565618649 ], [ 558254.094720339518972, 1099063.192519998643547 ], [ 558276.493952203076333, 1099038.599936499493197 ], [ 558293.576326544862241, 1099033.238845019368455 ], [ 558338.966062469873577, 1099031.047436541179195 ], [ 558344.841015889425762, 1099031.574307388160378 ], [ 558372.076420477125794, 1099031.541125597897917 ], [ 558418.02361342869699, 1099048.574049863498658 ], [ 558462.351159897283651, 1099051.190179013414308 ], [ 558498.121901931473985, 1099043.670191647019237 ], [ 558586.194163011503406, 1099008.851005407050252 ], [ 558616.089949861401692, 1099000.804138142848387 ], [ 558648.661734313471243, 1098997.560262385755777 ], [ 558685.500533466576599, 1098990.038953975308686 ], [ 558719.119540121406317, 1098969.704883453901857 ], [ 558756.466320184990764, 1098940.82180802244693 ], [ 558777.26474901905749, 1098917.299193144077435 ], [ 558798.058616591151804, 1098890.03838346619159 ], [ 558835.937459430657327, 1098859.552564661949873 ], [ 558876.496207258081995, 1098837.073899165261537 ], [ 558917.059512889711186, 1098818.333422110415995 ], [ 558989.610399410128593, 1098755.229550096439198 ], [ 559024.274629173101857, 1098716.203176173614338 ], [ 559055.226076310616918, 1098698.008438317338005 ], [ 559098.458854874945246, 1098678.730651086661965 ], [ 559146.500488615594804, 1098661.583101904718205 ], [ 559170.524564630235545, 1098655.679463038453832 ], [ 559235.649217018974014, 1098633.704790900694206 ], [ 559264.463893990963697, 1098614.978612749138847 ], [ 559281.536479928879999, 1098601.607054657768458 ], [ 559319.409409067011438, 1098566.31492787017487 ], [ 559379.164423496928066, 1098520.315501731121913 ], [ 559403.17544969485607, 1098503.731291689909995 ], [ 559439.462588362279348, 1098481.791799138532951 ], [ 559499.76922774000559, 1098450.210444562835619 ], [ 559524.318190808175132, 1098436.829738729633391 ], [ 559551.005221594357863, 1098425.048503888770938 ], [ 559575.55418304039631, 1098411.667794047156349 ], [ 559603.308615320711397, 1098399.351221953285858 ], [ 559623.587963880039752, 1098388.111840100958943 ], [ 559655.211930081248283, 1098375.043632726650685 ], [ 559688.703449872788042, 1098358.660686198621988 ], [ 559699.376824523787946, 1098352.773326049093157 ], [ 559726.071684626047499, 1098347.400409151567146 ], [ 559760.246198339038529, 1098344.68848905316554 ], [ 559791.210670436383225, 1098337.174233528319746 ], [ 559821.096639984054491, 1098321.116836770903319 ], [ 559853.110883476096205, 1098298.648491935571656 ], [ 559882.98378873965703, 1098271.910533966496587 ], [ 559914.473795753438026, 1098257.453252245904878 ], [ 559948.101872532744892, 1098244.595438080839813 ], [ 559986.534892850206234, 1098230.663685897132382 ], [ 560025.498020697850734, 1098213.527109127026051 ], [ 560044.472544719814323, 1098208.587712420616299 ], [ 560059.130668940139003, 1098204.40747810783796 ], [ 560101.831336813163944, 1098186.732290979707614 ], [ 560106.089184795157053, 1098174.978451720206067 ], [ 560082.553552499040961, 1098142.820635863346979 ], [ 560000.231466183788143, 1098076.84672304103151 ], [ 559957.994936842471361, 1098037.380297465249896 ], [ 559919.569421664462425, 1097994.510988835711032 ], [ 559864.385383591288701, 1097953.884110696613789 ], [ 559800.007500595296733, 1097909.33031686139293 ], [ 559764.538371390313841, 1097888.370155272074044 ], [ 559742.188415404059924, 1097860.830339285777882 ], [ 559723.762169297900982, 1097821.471233451738954 ], [ 559713.173702132771723, 1097750.597235748544335 ], [ 559714.404520919313654, 1097683.646955022355542 ], [ 559727.448197051533498, 1097615.369510580319911 ], [ 559747.073125639231876, 1097561.523947852430865 ], [ 559777.204614663729444, 1097511.603691907832399 ], [ 559820.469707780168392, 1097466.918242583749816 ], [ 559838.815633904305287, 1097440.641377301653847 ], [ 559850.583502336638048, 1097402.558079884154722 ], [ 559855.79259558301419, 1097368.420974183827639 ], [ 559847.880931020015851, 1097339.550813981564716 ], [ 559837.356686313636601, 1097321.185615450842306 ], [ 559820.241531684645452, 1097280.512246537487954 ], [ 559788.684873921680264, 1097238.543842575745657 ], [ 559745.244658932671882, 1097140.143054171465337 ], [ 559735.98331561347004, 1097081.082024215487763 ], [ 559752.971491074655205, 1097018.050706390058622 ], [ 559775.807221766212024, 1096984.123293213313445 ], [ 559815.821151411859319, 1096886.701849333010614 ], [ 559815.740758349187672, 1096821.066014521522447 ], [ 559809.12732859433163, 1096780.379841924877837 ], [ 559815.63945406046696, 1096738.364876912673935 ], [ 559849.723444089642726, 1096700.25429125293158 ], [ 559911.975764658069238, 1096643.269139201613143 ], [ 559940.202756199403666, 1096620.067614746745676 ], [ 559971.662901827367023, 1096583.272950649727136 ], [ 560005.721119927824475, 1096524.158892360981554 ], [ 560015.192625105148181, 1096489.074885585810989 ], [ 560017.434186413884163, 1096441.443305425811559 ], [ 560015.082740620011464, 1096399.439220674801618 ], [ 560006.824634203221649, 1096353.504229402402416 ], [ 559982.436926340335049, 1096290.452737050596625 ], [ 559970.705827818717808, 1096192.054729428840801 ], [ 559965.916393030667678, 1096178.96299857692793 ], [ 559902.724192794645205, 1096030.703508678358048 ], [ 559896.958875601063482, 1096017.43558703083545 ], [ 559882.558299245778471, 1095996.443873056443408 ], [ 559872.036679319804534, 1095982.634820260806009 ], [ 559864.840459706960246, 1095975.456228287890553 ], [ 559837.165406124782749, 1095950.057769708102569 ], [ 559782.37564364192076, 1095905.341828909702599 ], [ 559763.544601290370338, 1095878.273897269275039 ], [ 559758.545657805050723, 1095859.482176586985588 ], [ 559758.785543935373425, 1095837.288316838210449 ], [ 559763.851505591999739, 1095810.199804887874052 ], [ 559765.424713537446223, 1095799.432945201406255 ], [ 559767.093727551284246, 1095774.388271648203954 ], [ 559767.875675956136547, 1095765.208793752128258 ], [ 559766.703220268129371, 1095748.896600612904876 ], [ 559764.445606148568913, 1095711.303680896759033 ], [ 559764.174558560363948, 1095704.023211171617731 ], [ 559766.740220357431099, 1095670.932076642522588 ], [ 559755.70837581041269, 1095638.084251736290753 ], [ 559719.564106714446098, 1095591.626937254564837 ], [ 559706.966316148173064, 1095569.687608676962554 ], [ 559694.717857762239873, 1095543.85265087033622 ], [ 559688.314800828928128, 1095520.13518155599013 ], [ 559687.04197746666614, 1095492.870328992372379 ], [ 559682.046451044850983, 1095461.891897471621633 ], [ 559676.012052461737767, 1095450.036640109494328 ], [ 559661.651104885735549, 1095434.119340489152819 ], [ 559650.481611479539424, 1095418.920701291877776 ], [ 559630.200456113321707, 1095406.216788013931364 ], [ 559616.793431012309156, 1095399.450127617223188 ], [ 559614.447219651192427, 1095398.280616889009252 ], [ 559597.607496181735769, 1095392.104360725963488 ], [ 559582.780763058341108, 1095388.521638110978529 ], [ 559566.526618180796504, 1095381.842211092822254 ], [ 559555.798514937632717, 1095374.402328667696565 ], [ 559550.182981032412499, 1095370.473340877797455 ], [ 559545.069487794418819, 1095366.208769363816828 ], [ 559531.991683091735467, 1095354.752152353292331 ], [ 559516.810986512340605, 1095335.677592304069549 ], [ 559508.16708707716316, 1095320.614632843295112 ], [ 559507.828730539884418, 1095317.85156184877269 ], [ 559505.711870813160203, 1095298.844724929658696 ], [ 559506.94376130157616, 1095279.08010406116955 ], [ 559509.847920813946985, 1095257.219883439596742 ], [ 559511.928943933569826, 1095229.803607764421031 ], [ 559511.91114003257826, 1095215.28780799661763 ], [ 559510.874857862479985, 1095203.839980643708259 ], [ 559506.163528906414285, 1095196.485624812310562 ], [ 559494.694135706638917, 1095179.939390574581921 ], [ 559488.135253431508318, 1095166.453856623265892 ], [ 559468.69615637185052, 1095152.984121259534732 ], [ 559456.835673389723524, 1095150.95418677222915 ], [ 559445.179889285354875, 1095149.128449100302532 ], [ 559437.819265399943106, 1095148.728580338647589 ], [ 559425.140490370104089, 1095146.29075248260051 ], [ 559411.842856096918695, 1095139.355824619298801 ], [ 559396.495729545247741, 1095128.334447912639007 ], [ 559385.438748472486623, 1095114.649984814226627 ], [ 559381.53468311810866, 1095098.707821090240031 ], [ 559382.540874994941987, 1095085.621909325942397 ], [ 559382.739555817679502, 1095080.91935968468897 ], [ 559386.602249216055498, 1095063.12763927038759 ], [ 559391.903849684866145, 1095051.672044814331457 ], [ 559401.09472193045076, 1095044.096193494508043 ], [ 559416.422538045910187, 1095039.375087649794295 ], [ 559431.757877400377765, 1095040.787414214573801 ], [ 559446.688835730194114, 1095045.880301878787577 ], [ 559469.199159889714792, 1095063.026329862652346 ], [ 559478.609527447028086, 1095067.717092976206914 ], [ 559485.768210554029793, 1095070.161688934545964 ], [ 559490.675209014909342, 1095070.360117709031329 ], [ 559505.179718366358429, 1095061.142159779556096 ], [ 559513.141896974761039, 1095051.932227161712945 ], [ 559519.255266336607747, 1095035.568878795951605 ], [ 559519.0259871709859, 1095015.328798272646964 ], [ 559510.201121253776364, 1094987.943581506609917 ], [ 559515.289239249192178, 1094969.128116176696494 ], [ 559533.040073948679492, 1094939.665815459797159 ], [ 559544.661235572653823, 1094913.277756759896874 ], [ 559554.852013311581686, 1094887.504797879839316 ], [ 559570.366208008257672, 1094868.063195907976478 ], [ 559583.436562617425807, 1094856.393617852125317 ], [ 559600.594365856493823, 1094843.492334632202983 ], [ 559614.483262681867927, 1094832.435094832908362 ], [ 559618.363755021360703, 1094829.15916360495612 ], [ 559630.205413376796059, 1094815.855507413391024 ], [ 559638.772895758040249, 1094800.10249336855486 ], [ 559643.864765824284405, 1094784.353745582280681 ], [ 559645.441371629363857, 1094736.306528269080445 ], [ 559645.61168698919937, 1094708.501392496284097 ], [ 559633.72360389935784, 1094683.982229057699442 ], [ 559629.612313113291748, 1094665.79140736348927 ], [ 559621.823976268409751, 1094650.058476025704294 ], [ 559605.651278476696461, 1094632.700254723196849 ], [ 559587.436113405623473, 1094616.980125032830983 ], [ 559578.021985503379256, 1094609.222660685423762 ], [ 559566.354416697751731, 1094597.787900397088379 ], [ 559555.914538062526844, 1094587.169425007654354 ], [ 559546.701596465427428, 1094576.753891738364473 ], [ 559533.796050315024331, 1094556.120497657218948 ], [ 559525.18164539069403, 1094533.641806613653898 ], [ 559525.213547305902466, 1094514.617065388476476 ], [ 559532.862513011437841, 1094491.785705588990822 ], [ 559546.993842463591136, 1094477.794319127686322 ], [ 559563.512584324227646, 1094465.154449676163495 ], [ 559586.34040926839225, 1094461.387552462983876 ], [ 559598.520279536256567, 1094462.263654230162501 ], [ 559606.773073062999174, 1094462.778230017516762 ], [ 559641.013556285877712, 1094460.307259448803961 ], [ 559663.97340358432848, 1094450.168105505639687 ], [ 559680.534338021301664, 1094429.892234204802662 ], [ 559685.510565983480774, 1094401.167185625294223 ], [ 559699.780768114724196, 1094363.792759824777022 ], [ 559712.613808964029886, 1094336.999086658470333 ], [ 559728.729456938686781, 1094314.788307334296405 ], [ 559734.916272140457295, 1094308.214116870658472 ], [ 559748.410804579383694, 1094294.100950277876109 ], [ 559753.331984997843392, 1094288.947030572453514 ], [ 559763.462114415830001, 1094281.060560955898836 ], [ 559770.263522015535273, 1094275.677622380433604 ], [ 559776.915644585271366, 1094270.473752673249692 ], [ 559785.244674979243428, 1094263.101807692553848 ], [ 559801.02465067896992, 1094249.066949896514416 ], [ 559802.663684805622324, 1094247.571743421489373 ], [ 559818.306112883845344, 1094233.190060153603554 ], [ 559824.059800354181789, 1094225.75710745784454 ], [ 559831.024346461170353, 1094216.772716205567122 ], [ 559834.65408439328894, 1094210.99599335109815 ], [ 559843.772593699162826, 1094196.432846330339089 ], [ 559854.056378035224043, 1094168.463870231993496 ], [ 559861.766605365439318, 1094134.248626318061724 ], [ 559863.052255680784583, 1094087.070668386062607 ], [ 559874.94608212413732, 1094046.747123489389196 ], [ 559886.70492570172064, 1094018.068546471185982 ], [ 559895.484531432157382, 1093994.768155087018386 ], [ 559907.842464496497996, 1093971.6095329974778 ], [ 559927.027385152992792, 1093947.430621027480811 ], [ 559947.456785859889351, 1093924.55181425018236 ], [ 559953.851539536030032, 1093913.757786120986566 ], [ 559955.014180983649567, 1093911.770164041547105 ], [ 559955.412846857914701, 1093911.126103088725358 ], [ 559956.965950313489884, 1093908.499103464651853 ], [ 559963.634709606762044, 1093897.291187266120687 ], [ 559964.347164553008042, 1093895.995682666543871 ], [ 560008.721545698936097, 1093806.279623904265463 ], [ 560032.865366086130962, 1093773.844577014446259 ], [ 560060.164853604859672, 1093728.72053220262751 ], [ 560078.611421505105682, 1093695.133975317934528 ], [ 560099.47442880179733, 1093665.776211970951408 ], [ 560123.266058107605204, 1093637.866172473179176 ], [ 560139.76681345840916, 1093621.453506503487006 ], [ 560169.129374364041723, 1093596.546204853337258 ], [ 560185.780761814094149, 1093583.570706189144403 ], [ 560218.752626745030284, 1093561.836602161871269 ], [ 560248.222034755512141, 1093549.273085190216079 ], [ 560280.981323773041368, 1093541.013667883351445 ], [ 560290.391051303478889, 1093539.056560809491202 ], [ 560310.363549769972451, 1093532.091184261953458 ], [ 560318.984098936547525, 1093529.76697543496266 ], [ 560360.192868413636461, 1093517.30695121968165 ], [ 560381.636618140619248, 1093509.498450781218708 ], [ 560394.880731072276831, 1093504.223968816455454 ], [ 560477.582258151960559, 1093453.72251527197659 ], [ 560520.485810509999283, 1093408.449359982972965 ], [ 560545.287328243488446, 1093351.893417865503579 ], [ 560554.019205532269552, 1093321.695048262132332 ], [ 560551.426003897213377, 1093300.065824148012325 ], [ 560537.283270348445512, 1093278.42027424974367 ], [ 560517.636789810261689, 1093253.542754210298881 ], [ 560503.683293105219491, 1093236.693992657354102 ], [ 560493.109985924209468, 1093210.644237944390625 ], [ 560492.99758489895612, 1093193.808983189985156 ], [ 560503.967741097440012, 1093169.963153193006292 ], [ 560518.982343134935945, 1093155.278615840012208 ], [ 560541.334470962639898, 1093144.251547798980027 ], [ 560557.46664058486931, 1093143.86502104671672 ], [ 560573.95958811219316, 1093138.711585828335956 ], [ 560603.64065894682426, 1093124.375623852945864 ], [ 560624.16314718965441, 1093116.284012494841591 ], [ 560635.521179901785217, 1093109.670297527685761 ], [ 560661.901490384363569, 1093094.605095351114869 ], [ 560680.610961055732332, 1093078.143849397776648 ], [ 560699.979366735322401, 1093050.926693681860343 ], [ 560712.770103532471694, 1093016.81238481705077 ], [ 560736.042920600506477, 1092945.416267345659435 ], [ 560758.216813895618543, 1092881.118384304922074 ], [ 560777.214229221106507, 1092844.474584016948938 ], [ 560821.800702651729807, 1092771.178855050355196 ], [ 560854.70478987484239, 1092727.193828713381663 ], [ 560887.625131166307256, 1092696.392112415516749 ], [ 560913.845887475181371, 1092683.046985566616058 ], [ 560963.68733930028975, 1092674.984655557898805 ], [ 561004.922765942057595, 1092675.241503667086363 ], [ 561043.381462152698077, 1092669.655004762345925 ], [ 561075.812908224761486, 1092663.201592699158937 ], [ 561103.173325221519917, 1092654.8042062362656 ], [ 561151.925154234981164, 1092630.124575551366434 ], [ 561188.871406120946631, 1092603.701242575887591 ], [ 561224.411496799089946, 1092577.198258070275187 ], [ 561252.888571688556112, 1092544.824187438935041 ], [ 561280.789278669515625, 1092521.85850967769511 ], [ 561300.464806343545206, 1092504.194808050058782 ], [ 561326.891929595498368, 1092478.29104474443011 ], [ 561338.635904688388109, 1092465.634967295918614 ], [ 561405.56460048770532, 1092383.823059796588495 ], [ 562473.423230970627628, 1092392.03782162303105 ], [ 562675.671206203638576, 1092390.36812502052635 ], [ 562579.868159065954387, 1092626.961642658337951 ], [ 563236.154868846177123, 1092867.513258393155411 ], [ 563461.674040574464016, 1092764.667128926841542 ], [ 563812.663858587504365, 1092643.56517930701375 ], [ 564261.353073339443654, 1092489.761490375967696 ], [ 564360.301141896750778, 1092490.845249519916251 ], [ 564436.135156398988329, 1092341.124294977169484 ], [ 564533.875052112503909, 1092341.002823219168931 ], [ 564884.186270135105588, 1092644.647689164848998 ], [ 565085.755225994973443, 1092689.043793491087854 ], [ 565211.373248026007786, 1092789.041128023061901 ], [ 565362.268330580787733, 1092838.326888402691111 ], [ 565583.277930602198467, 1092990.092401775997132 ], [ 565819.785176427219994, 1092989.798018561210483 ], [ 566028.787043939693831, 1093188.638692299835384 ], [ 566236.453202512464486, 1093283.70723846857436 ], [ 566417.605427799164318, 1093183.819158770376816 ] ] ] ] } },
{ "type": "Feature", "properties": { "FID_1": 1, "AREA_HA": 28804.966, "RESERVA": "RESERVA INDIGENA BRIBRI DE CABAGRA", "are_ha": 28805.3, "RI": "RESERVA INDIGENA" }, "geometry": { "type": "MultiPolygon", "coordinates": [ [ [ [ 585098.135563065181486, 1006580.083791371900588 ], [ 583773.745360817876644, 1006904.178604969289154 ], [ 583801.022156402585097, 1006972.009237700956874 ], [ 583802.04697723838035, 1007006.277474891510792 ], [ 583778.995943937683478, 1007040.385861920425668 ], [ 583768.580502199707553, 1007079.653916793758981 ], [ 583769.569408085430041, 1007118.997700837207958 ], [ 583778.29585112631321, 1007139.358726870501414 ], [ 583803.540133350412361, 1007153.484717199229635 ], [ 583836.423227015999146, 1007162.585654435562901 ], [ 583870.456798033090308, 1007188.190489110071212 ], [ 583888.062286427360959, 1007207.341532740625553 ], [ 583907.986675574327819, 1007256.962622919352725 ], [ 583917.971310148248449, 1007278.600962200085633 ], [ 583924.136539433151484, 1007302.751832883339375 ], [ 583932.818122560856864, 1007329.457302768831141 ], [ 583946.667043842375278, 1007342.238697201013565 ], [ 583956.741435309522785, 1007351.188197650597431 ], [ 583971.77673516178038, 1007375.397971369209699 ], [ 583984.295682620257139, 1007397.053151227650233 ], [ 583989.265566279296763, 1007411.044542007031851 ], [ 583982.714396004914306, 1007441.455723853083327 ], [ 583969.854383301106282, 1007468.018184371525422 ], [ 583939.352955396054313, 1007480.505111885839142 ], [ 583915.17831477150321, 1007494.302989671938121 ], [ 583912.509370510815643, 1007513.31944590236526 ], [ 583912.329851673566736, 1007538.697160609532148 ], [ 583910.954986304976046, 1007553.915376681601629 ], [ 583906.947076353244483, 1007583.074511424871162 ], [ 583904.305055463220924, 1007598.284315959899686 ], [ 583901.609176263445988, 1007621.107438694452867 ], [ 583902.804519849829376, 1007631.266943308408372 ], [ 583921.704112613108009, 1007646.619795043137856 ], [ 583969.793131945887581, 1007655.821739902254194 ], [ 584024.19100442295894, 1007668.872406000853516 ], [ 584055.878838736913167, 1007667.813861464033835 ], [ 584077.393537673051469, 1007671.763552641845308 ], [ 584093.704990118741989, 1007694.712895491742529 ], [ 584140.275584028568119, 1007739.435248688445427 ], [ 584157.602896108990535, 1007797.921871935017407 ], [ 584172.48565258574672, 1007843.702803836902604 ], [ 584193.704191291471943, 1007889.525814127526246 ], [ 584259.246283968444914, 1007939.44996771553997 ], [ 584323.593051590491086, 1007979.214598219259642 ], [ 584395.291503905900754, 1008054.558621781878173 ], [ 584452.88074942457024, 1008153.919055417645723 ], [ 584442.061405145679601, 1008250.287470437702723 ], [ 584454.311174234724604, 1008310.009499224950559 ], [ 584466.542992787435651, 1008372.269330481649376 ], [ 584466.094236666103825, 1008435.713941366877407 ], [ 584448.084738269331865, 1008473.662928015459329 ], [ 584474.416864623082802, 1008513.175285419682041 ], [ 584494.125982282683253, 1008593.250167927122675 ], [ 584512.711549118859693, 1008653.014369330834597 ], [ 584521.249582672142424, 1008700.02233935717959 ], [ 584531.144533781334758, 1008734.349791367771104 ], [ 584548.78606706741266, 1008748.425420917454176 ], [ 584572.745461750309914, 1008765.080908054718748 ], [ 584619.504804941592738, 1008783.156732 ], [ 584668.843359522754326, 1008794.904902411974035 ], [ 584689.082059197011404, 1008800.115091607905924 ], [ 584724.49978779500816, 1008809.232919610571116 ], [ 584761.103913464234211, 1008829.779214926878922 ], [ 584791.273512884858064, 1008864.241298749460839 ], [ 584848.766033688792959, 1009156.482922094990499 ], [ 584850.905462265945971, 1009212.33124605123885 ], [ 584846.75393386639189, 1009261.793027045787312 ], [ 584852.730749791720882, 1009312.591024358407594 ], [ 584891.662859677220695, 1009362.338885841541924 ], [ 584909.223683072719723, 1009387.834650706034154 ], [ 585088.606678600655869, 1009646.624427991919219 ], [ 585102.069858934846707, 1009713.968732271459885 ], [ 584970.525053664692678, 1010302.234562204452232 ], [ 583571.340144678018987, 1010376.471039216034114 ], [ 583532.195363555452786, 1010398.929768540081568 ], [ 583506.860980835161172, 1010397.492390264291316 ], [ 583465.053411796456203, 1010395.945495780208148 ], [ 583423.28179222298786, 1010389.322990999440663 ], [ 583396.84200429962948, 1010365.036967178224586 ], [ 583369.287824183353223, 1010319.171217532246374 ], [ 583344.312919212738052, 1010266.977829117910005 ], [ 583334.481119750300422, 1010223.767845357535407 ], [ 583323.445057835662737, 1010171.667152336798608 ], [ 583317.306922937510535, 1010143.709250361192971 ], [ 583294.53387258714065, 1010138.482015479006805 ], [ 583276.694692443357781, 1010152.321960638626479 ], [ 583266.449522339971736, 1010167.48135142843239 ], [ 583266.314723017509095, 1010186.514837453141809 ], [ 583266.143976117251441, 1010210.623922054306604 ], [ 583254.559739736374468, 1010235.926084561971948 ], [ 583232.874112448072992, 1010256.085249677416869 ], [ 583213.839648376451805, 1010259.765570511925034 ], [ 583201.185954469954595, 1010257.143519263714552 ], [ 583179.778928812360391, 1010237.966799881309271 ], [ 583160.978138480219059, 1010208.655740619054995 ], [ 583142.258237881818786, 1010167.9245973713696 ], [ 583111.001493014977314, 1010108.075734059209935 ], [ 583081.982506662025116, 1010090.117374006658792 ], [ 583051.651422878843732, 1010078.495077788946219 ], [ 582997.226228918181732, 1010069.250483608338982 ], [ 582916.136651116190478, 1010067.442311550723389 ], [ 582854.081525579211302, 1010061.953820558148436 ], [ 582816.192427145200782, 1010043.936455048969947 ], [ 582782.203708508051932, 1010011.986502551706508 ], [ 582769.76577800756786, 1009978.910916985012591 ], [ 582738.230501394369639, 1009958.397896144306287 ], [ 582707.863514659926295, 1009951.851161816157401 ], [ 582676.220378526952118, 1009946.564893175614998 ], [ 582637.073149329866283, 1009927.270198685699143 ], [ 582576.581929307314567, 1009879.916524535045028 ], [ 582499.194600827177055, 1010071.014126920723356 ], [ 582499.994245892041363, 1010137.005181295215152 ], [ 582513.510483949910849, 1010196.736059634247795 ], [ 582516.934357455116697, 1010250.055035853642039 ], [ 582541.702233378891833, 1010331.433076400426216 ], [ 582541.693242345820181, 1010332.701974429772235 ], [ 582537.631001594592817, 1010369.474732791190036 ], [ 582529.830198688316159, 1010397.339919371646829 ], [ 582515.69356263615191, 1010425.162960460525937 ], [ 582500.32572244212497, 1010447.901978390058503 ], [ 582479.736352673615329, 1010492.178554825484753 ], [ 582481.937983931042254, 1010539.144674634328112 ], [ 582448.820804265676998, 1010563.034572168602608 ], [ 582423.072813597158529, 1010619.966428041574545 ], [ 582422.839006749913096, 1010652.957813528017141 ], [ 582431.520331050618552, 1010679.663720460841432 ], [ 582440.030795111902989, 1010730.478730116621591 ], [ 582433.551073237671517, 1010750.73897692724131 ], [ 582407.946925617638044, 1010787.368462073034607 ], [ 582387.420433028251864, 1010822.762771453591995 ], [ 582339.680825491668656, 1010942.99636512203142 ], [ 582324.034098654286936, 1011005.071334527456202 ], [ 582307.030243308050558, 1011079.826899507781491 ], [ 582306.895327288541012, 1011098.860424720216542 ], [ 582316.708881257101893, 1011144.608352457405999 ], [ 582319.817805344471708, 1011242.339127079350874 ], [ 582326.485359790618531, 1011374.355631534010172 ], [ 582320.454185520298779, 1011510.094594152760692 ], [ 582330.905202075256966, 1011644.674369754618965 ], [ 582335.407156259985641, 1011724.649125275202096 ], [ 582344.025480412412435, 1011760.237514966749586 ], [ 582362.637255254667252, 1011816.195876723621041 ], [ 582381.249033597763628, 1011872.154255010071211 ], [ 582398.557657132856548, 1011933.179842121317051 ], [ 582414.608104781946167, 1011992.92810740636196 ], [ 582458.383467520703562, 1012074.4333717294503 ], [ 582481.9740050425753, 1012143.114643238135614 ], [ 582496.685320792719722, 1012213.005807900102809 ], [ 582506.543843671795912, 1012252.409448676276952 ], [ 582515.048487878171727, 1012294.167034850921482 ], [ 582521.012979635735974, 1012323.452537278644741 ], [ 582549.232092656195164, 1012299.589095505420119 ], [ 582588.932733953464776, 1012286.323434215621091 ], [ 582649.799063575803302, 1012296.684869768680073 ], [ 582686.589926974498667, 1012294.257738108746707 ], [ 582756.363682685419917, 1012290.662805935600773 ], [ 582798.231003280961886, 1012286.980285718105733 ], [ 582837.48989930562675, 1012318.885972850956023 ], [ 582852.663096119416878, 1012343.088286568177864 ], [ 582865.289133741054684, 1012372.367812835494988 ], [ 582877.874328001285903, 1012421.988027159008197 ], [ 582879.058557821204886, 1012463.944672956364229 ], [ 582887.807686136802658, 1012528.808489248389378 ], [ 582897.728264134260826, 1012641.985475584398955 ], [ 582906.571856345166452, 1012659.811458131531253 ], [ 582920.438291495665908, 1012703.079252794501372 ], [ 582936.839130308129825, 1012747.626313555985689 ], [ 582994.880158598418348, 1012901.636155760730617 ], [ 583044.205289006233215, 1012974.255280114826746 ], [ 583056.859440329368226, 1012989.550643689348362 ], [ 583094.83722324250266, 1013027.808960647904314 ], [ 583113.782715087989345, 1013068.55016927048564 ], [ 583131.454624578822404, 1013111.830000693560578 ], [ 583168.074594481382519, 1013194.579780518193729 ], [ 583185.662255397997797, 1013279.812482945853844 ], [ 583182.969530275790021, 1013357.353733948431909 ], [ 583172.67100687592756, 1013432.328524686978199 ], [ 583169.985913584940135, 1013506.055925635388121 ], [ 583167.349337794352323, 1013555.62865122128278 ], [ 583182.491950841620564, 1013595.086729510338046 ], [ 583201.450232631294057, 1013629.471559472964145 ], [ 583232.998847944429144, 1013710.93433867697604 ], [ 583282.357336221495643, 1013767.026868 ], [ 583305.136416498338804, 1013793.795864379266277 ], [ 583336.754029823932797, 1013840.933562641846947 ], [ 583369.640138648799621, 1013888.075253689312376 ], [ 583405.127075099153444, 1013903.44235661579296 ], [ 583448.20194822573103, 1013930.275066924630664 ], [ 583509.004993572831154, 1013972.419144243001938 ], [ 583573.562460447312333, 1014040.001235761563294 ], [ 583633.117501119035296, 1014071.970912560354918 ], [ 583722.950330938445404, 1014186.670903769205324 ], [ 583735.589257789659314, 1014209.594193159718998 ], [ 583760.833931138156913, 1014271.967749417643063 ], [ 583788.602824589237571, 1014340.705815704772249 ], [ 583822.71417178644333, 1014409.463808182859793 ], [ 583912.656942530767992, 1014469.497799651813693 ], [ 584005.101020139292814, 1014547.338057643035427 ], [ 584105.207146809902042, 1014599.776046922779642 ], [ 584167.197355290642008, 1014682.60606784094125 ], [ 584239.307472913409583, 1014779.452357418369502 ], [ 584288.694480087026022, 1014821.560748014599085 ], [ 584358.415659269783646, 1014844.663148229126818 ], [ 584412.914943337673321, 1014867.717798833386041 ], [ 584434.441067502018996, 1014886.855083918431774 ], [ 584440.722317500505596, 1014917.386429599369876 ], [ 584441.891330238082446, 1014966.971531288931146 ], [ 584457.041832772782072, 1015002.615981818758883 ], [ 584473.491442403756082, 1015023.008680237689987 ], [ 584515.293086974183097, 1015052.380124924937263 ], [ 584574.874073724611662, 1015071.63676578970626 ], [ 584666.170002146041952, 1015089.721521766972728 ], [ 584714.347319258144125, 1015102.58578094211407 ], [ 584789.236980754882097, 1015078.665480451891199 ], [ 584840.053263239795342, 1015040.685164383728988 ], [ 584908.661592648830265, 1014986.233436230919324 ], [ 584960.743787636049092, 1014949.528377470676787 ], [ 584983.579247009707615, 1014948.328620767220855 ], [ 584990.921608158503659, 1014950.083911159890704 ], [ 585050.29228935285937, 1015206.615883420105092 ], [ 585120.241369117284194, 1015366.199512501945719 ], [ 585196.986998205655254, 1015432.099748185137287 ], [ 585223.577055305591784, 1015456.338227696833201 ], [ 585295.929878849070519, 1015432.409805751871318 ], [ 585342.912724535446614, 1015408.401867658831179 ], [ 585354.387792379013263, 1015379.197375124087557 ], [ 585370.913928248453885, 1015361.450621611438692 ], [ 585408.930683045648038, 1015380.639582185889594 ], [ 585459.72664974804502, 1015352.829589405911975 ], [ 585566.407825416885316, 1015289.597559843095951 ], [ 585648.987487707287073, 1015226.2899967598496 ], [ 585712.488748140633106, 1015188.349133707815781 ], [ 585765.788580498192459, 1015177.074105439474806 ], [ 585820.660147305112332, 1015172.024006808642298 ], [ 585871.05615982064046, 1015186.302933464176022 ], [ 585923.034093704307452, 1015201.721533629694022 ], [ 585948.322690876200795, 1015242.483073276816867 ], [ 585991.316882139304653, 1015309.997867017402314 ], [ 586030.551369376596995, 1015354.617058889241889 ], [ 586092.618880222202279, 1015399.307727975770831 ], [ 586176.28653211821802, 1015426.267437403206713 ], [ 586235.890826622024179, 1015434.081929262261838 ], [ 586295.528177356463857, 1015425.369267140049487 ], [ 586337.406512171262875, 1015416.601021335111 ], [ 586372.942340505542234, 1015407.812922502402216 ], [ 586409.72125789988786, 1015411.741972653195262 ], [ 586468.044379851664416, 1015425.909032188239507 ], [ 586513.723147677956149, 1015419.695294393692166 ], [ 586564.519110910478048, 1015391.884993442217819 ], [ 586595.008877276442945, 1015369.096475023310632 ], [ 586611.552739742328413, 1015342.450354364817031 ], [ 586612.894897696911357, 1015305.586076972424053 ], [ 586619.275501413969323, 1015286.536133499233983 ], [ 586685.344227939844131, 1015233.347035097074695 ], [ 586741.262379543157294, 1015181.397503847023472 ], [ 586817.003717386513017, 1015125.051720931311138 ], [ 586822.499762984691188, 1015154.953639670857228 ], [ 586843.424982023774646, 1015201.306086362223141 ], [ 586855.285353122279048, 1015252.948292210930958 ], [ 586874.208810143754818, 1015305.131867605843581 ], [ 586890.549573282478377, 1015380.191281843814068 ], [ 586910.718691998394206, 1015443.820740121765994 ], [ 586916.804798294557258, 1015572.243953067576513 ], [ 586925.506597991567105, 1015661.264204289065674 ], [ 586889.846275778836571, 1015732.347147653577849 ], [ 586845.400363717228174, 1015756.363414196763188 ], [ 586809.821277209557593, 1015786.764051913865842 ], [ 586745.010683498112485, 1015845.042505242163315 ], [ 586691.60389812674839, 1015909.713266415987164 ], [ 586654.75118206453044, 1015942.652554846717976 ], [ 586626.729701710864902, 1015999.774746997281909 ], [ 586626.597532220184803, 1016065.883527944679372 ], [ 586559.109959630994126, 1016194.076776354224421 ], [ 586509.493276465917006, 1016266.387379953404889 ], [ 586463.603228224790655, 1016378.120938367559575 ], [ 586445.80088916735258, 1016399.677854583715089 ], [ 586419.098645930411294, 1016431.377564858295955 ], [ 586392.360776086570695, 1016480.875815451610833 ], [ 586368.142094609560445, 1016539.281285026692785 ], [ 586361.682504364987835, 1016597.742371467524208 ], [ 586292.783467028406449, 1016797.125958928372711 ], [ 586301.782571222516708, 1016831.97639573959168 ], [ 586317.31378285435494, 1016877.717694668914191 ], [ 586328.27786178723909, 1016908.821989940595813 ], [ 586330.999731968506239, 1016942.666083374409936 ], [ 586329.224012859398499, 1016970.141585592646152 ], [ 586313.560754611156881, 1017001.19591391691938 ], [ 586292.317561058094725, 1017029.778728965902701 ], [ 586260.56406914582476, 1017050.020619936287403 ], [ 586244.060706306016073, 1017056.325594593770802 ], [ 586240.188963444903493, 1017089.368183277198114 ], [ 586253.536382351769134, 1017391.988030908512883 ], [ 586262.387943891342729, 1017406.000475817476399 ], [ 586301.678701893426478, 1017422.650975296855904 ], [ 586335.918342896620743, 1017427.843607910675928 ], [ 586381.536396112293005, 1017452.141951330588199 ], [ 586383.176436833105981, 1017456.228954834514298 ], [ 586461.185292971553281, 1017585.882010040921159 ], [ 586520.576229113270529, 1017700.48860159155447 ], [ 586598.972008202923462, 1017826.596867644460872 ], [ 586643.105184895219281, 1017958.954579989425838 ], [ 586687.312239354127087, 1018054.44369825173635 ], [ 586756.953328313771635, 1018118.228988360613585 ], [ 586781.027142410166562, 1018132.289175331010483 ], [ 586808.8496477403678, 1018148.563211362692527 ], [ 586829.174781612236984, 1018160.409548722323962 ], [ 586864.028812316828407, 1018172.223583888378926 ], [ 586910.298808764433488, 1018191.175905091222376 ], [ 586968.586993820383213, 1018223.142065844265744 ], [ 586996.435845469823107, 1018252.47019765956793 ], [ 587009.034475577296689, 1018295.735351413255557 ], [ 587015.308332482702099, 1018330.081294151605107 ], [ 587032.965765164233744, 1018380.99037781462539 ], [ 587023.989381184685044, 1018429.273358304519206 ], [ 587008.629648557398468, 1018497.877871329663321 ], [ 587010.505505028530024, 1018514.96286392386537 ], [ 587017.440536110196263, 1018532.231794014805928 ], [ 587052.920906257466413, 1018551.413121973047964 ], [ 587073.640760611509904, 1018560.527299675391987 ], [ 587101.050843913573772, 1018588.432914332370274 ], [ 587116.222170315915719, 1018613.907356580137275 ], [ 587128.287734402692877, 1018623.102062612073496 ], [ 587150.441681859898381, 1018629.270698396023363 ], [ 587177.061851565958932, 1018625.523412220529281 ], [ 587196.264097077539191, 1018609.557011939235963 ], [ 587243.079357875743881, 1018611.76200073165819 ], [ 587314.103821323253214, 1018618.341163411503658 ], [ 587378.780602270155214, 1018627.443123816745356 ], [ 587477.651513710152358, 1018664.621770517784171 ], [ 587568.847740801400505, 1018733.560066055855714 ], [ 587639.752744124038145, 1018799.89215332607273 ], [ 587670.080292437341996, 1018858.469135626102798 ], [ 587678.891275803092867, 1018892.823141759959981 ], [ 587700.407850346760824, 1018917.046136249322444 ], [ 587723.180234647821635, 1018947.629812277038582 ], [ 587742.177574811736122, 1018962.945479074493051 ], [ 587795.425081167370081, 1018978.368363391957246 ], [ 587835.675168343586847, 1018973.145680113113485 ], [ 587881.720364207401872, 1018960.839579758001491 ], [ 587914.732521815341897, 1018945.68670253502205 ], [ 587950.241046628216282, 1018950.883233288535848 ], [ 587978.125713550718501, 1018962.412652068771422 ], [ 587999.67538579099346, 1018970.108193353749812 ], [ 588027.473623247235082, 1019024.863260343088768 ], [ 588050.235900131287053, 1019060.532317801495083 ], [ 588074.195523603237234, 1019131.80296670133248 ], [ 588087.966258464963175, 1019223.383386116242036 ], [ 588096.744243272347376, 1019274.264943233458325 ], [ 588137.273548599681817, 1019306.175595910637639 ], [ 588176.536880992818624, 1019336.810936805675738 ], [ 588266.409154552849941, 1019433.715028013335541 ], [ 588310.616994951153174, 1019529.20491271559149 ], [ 588471.488929527113214, 1019645.401585521758534 ], [ 588492.998026460641995, 1019673.438704246655107 ], [ 588522.21497964952141, 1019727.206526695517823 ], [ 588532.139476365759037, 1019765.098792307311669 ], [ 588547.209346125717275, 1019841.427325578639284 ], [ 588539.282871330156922, 1019921.247394224395975 ], [ 588506.354500666260719, 1019972.249236579868011 ], [ 588370.496992083615623, 1020034.120524547528476 ], [ 588315.535478695295751, 1020241.179752939846367 ], [ 588259.312884407117963, 1020444.42107394465711 ], [ 588219.736347699305043, 1020570.161698612966575 ], [ 588165.059533760766499, 1020634.829784439876676 ], [ 588102.837688393308781, 1020666.418867386877537 ], [ 588010.242321770987473, 1020662.314699017209932 ], [ 587915.008009315934032, 1020709.056600850424729 ], [ 587892.128535651834682, 1020731.869375986978412 ], [ 587870.517591878306121, 1020754.686124248895794 ], [ 587841.239377734484151, 1020805.448755047516897 ], [ 587768.573528712964617, 1020984.482772765681148 ], [ 587714.545380399329588, 1021358.093650162220001 ], [ 587732.422885231208056, 1021360.462841205531731 ], [ 587750.598325304570608, 1021368.315376320970245 ], [ 587764.636794383986853, 1021382.770573708461598 ], [ 587772.064821681007743, 1021395.983974447008222 ], [ 587772.798632582649589, 1021407.859458319260739 ], [ 587769.980186747852713, 1021421.16366809385363 ], [ 587763.872964281821623, 1021430.716001496533863 ], [ 587743.555959469638765, 1021440.823194542201236 ], [ 587718.141847100690939, 1021462.356667296262458 ], [ 587613.943177737528458, 1021551.025279509834945 ], [ 587603.759153389255516, 1021568.79241991834715 ], [ 587599.85657624702435, 1021617.091984928585589 ], [ 587602.281373264966533, 1021673.039589867577888 ], [ 587621.189512576209381, 1021732.853009463753551 ], [ 587704.433336651301943, 1021972.130748643889092 ], [ 587703.123961173114367, 1021992.468491667532362 ], [ 587700.538387267035432, 1022016.61633001791779 ], [ 587692.901620659511536, 1022029.306029805215076 ], [ 587668.78914054564666, 1022034.315842904848978 ], [ 587659.871068098582327, 1022053.358350914670154 ], [ 587652.196007046964951, 1022085.118419932667166 ], [ 587655.942915583727881, 1022114.371598129044287 ], [ 587657.124659161665477, 1022157.601762335980311 ], [ 587651.807948709931225, 1022278.364923875546083 ], [ 587650.432165807811543, 1022331.75803060317412 ], [ 587630.058885801583529, 1022369.83511768549215 ], [ 587613.437592792091891, 1022434.622704146313481 ], [ 587620.939027881599031, 1022489.315071092220023 ], [ 587636.018515128875151, 1022560.559027806855738 ], [ 587665.08263076574076, 1022616.590476420824416 ], [ 587749.911614406155422, 1022698.224355895305052 ], [ 587801.829997513443232, 1022744.156613149796613 ], [ 587824.61528110166546, 1022768.384153936291113 ], [ 587844.781759747886099, 1022833.287333077401854 ], [ 587858.625944012892433, 1022887.999723726185039 ], [ 587867.424038681201637, 1022928.711208966560662 ], [ 587871.089205248979852, 1022998.648134748800658 ], [ 587859.588000671938062, 1023040.567297907895409 ], [ 587855.708285299246199, 1023077.424901679623872 ], [ 587855.682741100201383, 1023090.138540590531193 ], [ 587878.478264821111225, 1023109.280674422509037 ], [ 587926.639623096561991, 1023131.045172356185503 ], [ 587974.749913572217338, 1023178.236960141337477 ], [ 588003.824344844324514, 1023229.183130709454417 ], [ 588017.678762284340337, 1023278.810171017656103 ], [ 588013.712200878653675, 1023358.894256555475295 ], [ 588002.164985536481254, 1023423.698081211303361 ], [ 587986.888752163155004, 1023450.348984215874225 ], [ 587958.863149862037972, 1023508.744221453904174 ], [ 587956.239177382318303, 1023551.962717750808224 ], [ 587953.617755254846998, 1023593.909854395664297 ], [ 587954.791755838436075, 1023640.954414790612645 ], [ 587963.582163112820126, 1023685.480147933121771 ], [ 587977.449326116126031, 1023728.750455209286883 ], [ 587995.119586335960776, 1023773.304089090437628 ], [ 588003.886992541723885, 1023829.272165056201629 ], [ 588008.876856682822108, 1023871.243252574815415 ], [ 588015.114822981879115, 1023923.389281149953604 ], [ 588008.677493996103294, 1023970.410011087777093 ], [ 587976.86145292443689, 1024021.165180694777519 ], [ 587942.482723994296975, 1024084.626074821571819 ], [ 587917.014521168428473, 1024132.858427787316032 ], [ 587916.896895627607591, 1024191.341434253146872 ], [ 587929.24485398537945, 1024359.202163808629848 ], [ 587963.119824584107846, 1024546.201345376786776 ], [ 587982.053501189337112, 1024593.301889472873881 ], [ 587994.631615800317377, 1024646.739379988750443 ], [ 587995.58346091164276, 1024668.48037847946398 ], [ 587984.7385183586739, 1024693.710685325087979 ], [ 587970.811884765280411, 1024703.48880532302428 ], [ 587942.434096637065522, 1024739.38616551423911 ], [ 587905.558992297854275, 1024782.497243649791926 ], [ 587899.144564552232623, 1024818.07575546449516 ], [ 587905.392659749486484, 1024865.13649650325533 ], [ 587922.991220717201941, 1024945.288843786809593 ], [ 587943.157605422427878, 1025010.192704970599152 ], [ 587976.070986749487929, 1025044.623466261895373 ], [ 588000.150540195289068, 1025056.141582850832492 ], [ 588033.109998480416834, 1025067.687604071688838 ], [ 588077.519743466284126, 1025062.741626040195115 ], [ 588112.85021155863069, 1025069.527455368544906 ], [ 588134.457530747400597, 1025082.341186130070128 ], [ 588149.707278243498877, 1025122.723462636116892 ], [ 588150.90931374009233, 1025155.783209978486411 ], [ 588148.326141746598296, 1025178.659998166607693 ], [ 588139.38482361997012, 1025209.145111483871005 ], [ 588126.653179536573589, 1025231.990012595895678 ], [ 588120.274561200523749, 1025249.769342782907188 ], [ 588121.476584125543013, 1025282.829105645650998 ], [ 588136.584129250608385, 1025340.08887717872858 ], [ 588149.162233795854263, 1025393.52656112308614 ], [ 588156.69681168498937, 1025431.691787545685656 ], [ 588152.850182744674385, 1025452.021859286003746 ], [ 588123.509491594741121, 1025533.298299591057003 ], [ 588052.075829820358194, 1025728.867170469951816 ], [ 588052.182112157461233, 1025748.972315676277503 ], [ 588059.595008950913325, 1025774.66072021110449 ], [ 588084.844236401142552, 1025781.30778169282712 ], [ 588130.619073085137643, 1025782.512324421666563 ], [ 588261.073556039948016, 1025885.904771266272292 ], [ 588324.453036177554168, 1025910.260356414597481 ], [ 588378.932119958102703, 1025944.759066840168089 ], [ 588404.211234290152788, 1025990.608502492657863 ], [ 588488.995110304444097, 1026095.1288681991864 ], [ 588553.525524989119731, 1026177.972004540613852 ], [ 588565.625571069773287, 1026211.964972504763864 ], [ 588572.387497526477091, 1026228.232365878298879 ], [ 588575.09307622385677, 1026233.655066115199588 ], [ 588578.461919014691375, 1026258.052627115626819 ], [ 588572.331324750673957, 1026288.642063152394257 ], [ 588572.26221516483929, 1026322.969394342158921 ], [ 588575.904086956288666, 1026404.349864180665463 ], [ 588593.231721474090591, 1026436.624143608030863 ], [ 588613.853552061715163, 1026457.867584264604375 ], [ 588630.316754967207089, 1026471.904638352920301 ], [ 588660.736749902600423, 1026484.714168233214878 ], [ 588696.836869923630729, 1026487.502832386875525 ], [ 588730.50790787639562, 1026484.933450628770515 ], [ 588870.022111475584097, 1026499.357185105443932 ], [ 588899.176128630759194, 1026510.891324796015397 ], [ 588967.607133650919423, 1026546.705335093429312 ], [ 589027.158190246438608, 1026582.491443802719004 ], [ 589076.555607149959542, 1026620.788441235199571 ], [ 589157.590528477798216, 1026697.326657304423861 ], [ 589219.484422172070481, 1026829.746150005608797 ], [ 589272.506031526601873, 1026958.323673084261827 ], [ 589292.647132646059617, 1027035.942117570899427 ], [ 589300.130658858804964, 1027099.535459233215079 ], [ 589282.235072050243616, 1027166.86327064211946 ], [ 589274.780152013059705, 1027213.61345836869441 ], [ 589278.275847602402791, 1027243.134666615864262 ], [ 589282.027552539599128, 1027283.987380634876899 ], [ 589295.902808893937618, 1027309.302732478245161 ], [ 589316.164147188654169, 1027327.165969304507598 ], [ 589333.872991502052173, 1027352.649575921823271 ], [ 589360.456732189864852, 1027380.703869034536183 ], [ 589403.467968429205939, 1027440.594750665943138 ], [ 589445.174828908289783, 1027518.28114220732823 ], [ 589466.640804972266778, 1027567.933171254699118 ], [ 589472.860863185487688, 1027628.979907027911395 ], [ 589475.341720651136711, 1027656.958503806148656 ], [ 589382.129141772631556, 1027957.987536855158396 ], [ 589382.029296244378202, 1028007.571883055963553 ], [ 589390.842764253844507, 1028040.656033723731525 ], [ 589418.628556021489203, 1028101.770676818443462 ], [ 589459.056602104916237, 1028184.53892658452969 ], [ 589567.585909624584019, 1028467.131713167298585 ], [ 589668.511510569951497, 1028745.886782921268605 ], [ 589745.352050130837597, 1029015.666663661599159 ], [ 589755.31373579625506, 1029108.510774955619127 ], [ 589755.267629855661653, 1029131.395980724715628 ], [ 589747.592093282495625, 1029163.157057738862932 ], [ 589739.913990971399471, 1029196.189538140548393 ], [ 589733.524962542462163, 1029219.054804586223327 ], [ 589738.527564023272134, 1029254.669986021704972 ], [ 589749.883330441312864, 1029285.21951588022057 ], [ 589759.973076058202423, 1029314.493659675470553 ], [ 589766.205829132231884, 1029369.183870266540907 ], [ 589769.924469255842268, 1029412.423497864045203 ], [ 589766.052097370615229, 1029445.467978550703265 ], [ 589762.177159727551043, 1029479.783865103265271 ], [ 589753.253504311083816, 1029501.369772787555121 ], [ 589735.4087491533719, 1029543.270187822869048 ], [ 589718.842821752419695, 1029580.088985455688089 ], [ 589704.839688363717869, 1029604.20173931971658 ], [ 589687.028232393669896, 1029629.573923818301409 ], [ 589662.8610283191083, 1029661.283167084911838 ], [ 589665.303350091562606, 1029708.333057054551318 ], [ 589666.461699934094213, 1029763.007384929223917 ], [ 589672.655930697917938, 1029836.768745187204331 ], [ 589688.952693934552372, 1029933.447336361394264 ], [ 590512.17662033776287, 1031176.109318092348985 ], [ 590582.124711157637648, 1031125.449710360495374 ], [ 590620.938694500015117, 1031097.338847753941081 ], [ 590697.635935743688606, 1031012.718006436829455 ], [ 590761.487317476770841, 1030950.874779925798066 ], [ 590816.398191804764792, 1030897.867304717656225 ], [ 590899.030044052400626, 1030869.135197031777352 ], [ 590970.295939382864162, 1030833.991890807752497 ], [ 591033.889355155173689, 1030807.691473656799644 ], [ 591088.905926106730476, 1030776.710055818082765 ], [ 591135.227394910296425, 1030747.813135787146166 ], [ 591174.004808978876099, 1030720.888406250276603 ], [ 591204.556525054620579, 1030704.55755952745676 ], [ 591259.73164084169548, 1030649.546357779297978 ], [ 591300.420802374836057, 1030599.73326682089828 ], [ 591366.918447835138068, 1030522.671445467043668 ], [ 591411.952124584000558, 1030432.794478244381025 ], [ 591419.507367168087512, 1030265.270908049074933 ], [ 591468.621095544891432, 1030137.333760689245537 ], [ 591523.964271781500429, 1030024.664932455983944 ], [ 591564.533217183081433, 1029850.980021272553131 ], [ 591612.765240586246364, 1029669.72165283258073 ], [ 591680.081475253566168, 1029479.68459421757143 ], [ 591707.123486045049503, 1029422.711978987092152 ], [ 591723.8540578027023, 1029379.85836597927846 ], [ 591720.327958351233974, 1029350.428358134347945 ], [ 591739.704384670825675, 1029319.312900639721192 ], [ 591787.15314090589527, 1029275.896707752603106 ], [ 591849.232768072164617, 1029235.634236094192602 ], [ 591874.638666612678207, 1029229.429842485813424 ], [ 591922.923675243742764, 1029215.737410178175196 ], [ 592009.22093028598465, 1029206.066884479951113 ], [ 592048.528776611201465, 1029206.287770280148834 ], [ 592094.102373656933196, 1029197.334914404083975 ], [ 592129.84606154076755, 1029183.894854430807754 ], [ 592156.611951421480626, 1029165.003708084230311 ], [ 592188.495814200956374, 1029139.794134108815342 ], [ 592239.546777520445175, 1029094.381268218625337 ], [ 592261.461434583412483, 1029044.996393743553199 ], [ 592285.994850912829861, 1028984.201314914389513 ], [ 592305.318302992498502, 1028942.418502648244612 ], [ 592319.578965904307552, 1028899.337816837942228 ], [ 592326.130482353386469, 1028870.177613931242377 ], [ 592330.182796951383352, 1028835.925635227467865 ], [ 592341.78788751817774, 1028809.332694365060888 ], [ 592366.008533338317648, 1028791.696659955428913 ], [ 592390.201585495262407, 1028777.868771548732184 ], [ 592435.821779215475544, 1028781.933319090399891 ], [ 592455.999325203942135, 1028797.279870676458813 ], [ 592462.939634678186849, 1028820.458637244650163 ], [ 592468.604802298592404, 1028834.997682698536664 ], [ 592482.081312721013092, 1028839.96813899022527 ], [ 592511.496787785668857, 1028838.213507530163042 ], [ 592524.65701939095743, 1028830.771866177907214 ], [ 592537.078951746574603, 1028822.623791669146158 ], [ 592550.923495846684091, 1028809.512880307855085 ], [ 592560.865626155282371, 1028796.754513860447332 ], [ 592573.335310050053522, 1028704.000694634742104 ], [ 592570.98323767259717, 1028678.598789942800067 ], [ 592553.461217552539892, 1028646.764521125587635 ], [ 592525.740077338297851, 1028622.489584593102336 ], [ 592508.190477184951305, 1028594.463472553645261 ], [ 592451.425054015591741, 1028553.522784601897001 ], [ 592441.483422416378744, 1028525.539410417550243 ], [ 592444.148150917724706, 1028507.782306864974089 ], [ 592449.422430054633878, 1028479.884392871754244 ], [ 592466.025877976091579, 1028463.475004705018364 ], [ 592490.283256438793615, 1028440.761432103463449 ], [ 592513.125513041159138, 1028438.350842039682902 ], [ 592675.575704884482548, 1028418.952122150338255 ], [ 592762.038277521729469, 1028386.432315634330735 ], [ 592837.015356513205916, 1028364.003459491534159 ], [ 592878.960258056642488, 1028350.275171284680255 ], [ 592909.520798626122996, 1028332.674662178382277 ], [ 592975.713843715377152, 1028297.502100809244439 ], [ 593023.006478336174041, 1028245.720784244011156 ], [ 593056.49823944864329, 1028173.551057804841548 ], [ 593079.919563289382495, 1028091.169349535251968 ], [ 593091.855399118619971, 1028018.878659125533886 ], [ 593098.443519548629411, 1027984.640949912136421 ], [ 593107.512473663780838, 1027958.033762434497476 ], [ 593121.635010038502514, 1027933.993802630342543 ], [ 593147.141896600485779, 1027913.826028867159039 ], [ 593383.622489612316713, 1027827.562166775460355 ], [ 593490.519750453531742, 1027774.845744569320232 ], [ 593577.119924719561823, 1027723.284832850215025 ], [ 593671.181030657258816, 1027692.076656375313178 ], [ 593730.877723755198531, 1027678.44774621957913 ], [ 593773.874506283085793, 1027669.690861648181453 ], [ 593827.48399473039899, 1027645.984338274458423 ], [ 593870.807018573861569, 1027617.030355457332917 ], [ 593898.969241378479637, 1027580.374740880099125 ], [ 593902.993675446603447, 1027549.930922226398252 ], [ 593891.802202809485607, 1027519.401775391772389 ], [ 593884.359592725755647, 1027496.510251653729938 ], [ 593860.488205314963125, 1027465.910003768512979 ], [ 593841.642860233434476, 1027441.685107258264907 ], [ 593833.024118828587234, 1027406.092678708722815 ], [ 593833.299685189966112, 1027368.011272134725004 ], [ 593846.209229864645749, 1027336.347878126078285 ], [ 593865.495463637285866, 1027299.642518522683531 ], [ 593879.571952597354539, 1027281.949415106675588 ], [ 593910.178241950692609, 1027258.001844246173277 ], [ 593961.072377075324766, 1027234.168025874532759 ], [ 593987.746104204445146, 1027227.970430473098531 ], [ 594024.60049441747833, 1027216.752187452628277 ], [ 594088.699766145320609, 1027195.163557416643016 ], [ 594145.384970413637348, 1027140.450669437763281 ], [ 594222.544078689301386, 1027023.638925761566497 ], [ 594231.787305905250832, 1026972.913503586198203 ], [ 594251.002992030465975, 1026946.954019711120054 ], [ 594284.178911284543574, 1026917.35222148662433 ], [ 594332.546167099149898, 1026892.234705361770466 ], [ 594359.293316898634657, 1026875.882018458796665 ], [ 594378.404980445397086, 1026863.294826052268036 ], [ 594400.135251930449158, 1026839.297432285151444 ], [ 594430.768990989774466, 1026811.541642446885817 ], [ 594479.172943201730959, 1026781.346571758273058 ], [ 594514.832726723747328, 1026759.966086742118932 ], [ 594570.743625768925995, 1026743.776795388082974 ], [ 594618.982326581142843, 1026736.43051332666073 ], [ 594660.835181769914925, 1026735.395593659603037 ], [ 594714.08882927231025, 1026732.130071017774753 ], [ 594762.929621036164463, 1026720.424099061521702 ], [ 594843.701167015824467, 1026698.337213228573091 ], [ 594899.758918519830331, 1026661.837755093118176 ], [ 594955.880900389631279, 1026616.452622519806027 ], [ 594993.102311025490053, 1026554.459003188414499 ], [ 595016.320745312608778, 1026500.003534602117725 ], [ 595037.150008864235133, 1026425.223802881548181 ], [ 595039.878694245242514, 1026398.581051064305939 ], [ 595068.958176191314124, 1026234.987470592139289 ], [ 595083.814431201200932, 1026109.397186717833392 ], [ 595071.657539946725592, 1026036.97167944884859 ], [ 595060.704406178672798, 1025973.438933768309653 ], [ 595059.720843492425047, 1025934.08116048539523 ], [ 595054.54882261401508, 1025916.264039138332009 ], [ 595062.550413520424627, 1025893.475317933945917 ], [ 595084.418132165563293, 1025850.437228897004388 ], [ 595116.31046869920101, 1025823.957826270605437 ], [ 595181.216328897047788, 1025791.316120880423114 ], [ 595281.634989183512516, 1025757.603780624223873 ], [ 595441.474770600441843, 1025748.343141990713775 ], [ 595645.538266898831353, 1025760.910194488125853 ], [ 595774.64271871431265, 1025803.076085092034191 ], [ 595821.348473866935819, 1025822.826725806924514 ], [ 595850.365493622375652, 1025843.299986001220532 ], [ 595881.27172195748426, 1025861.672961286618374 ], [ 595907.944524139515124, 1025860.796183501253836 ], [ 595933.74033544852864, 1025843.011445627082139 ], [ 595939.984183894237503, 1025814.538676630123518 ], [ 595930.661476976587437, 1025786.624987508286722 ], [ 595947.135532673448324, 1025760.260137333185412 ], [ 595976.483804104384035, 1025747.816353592788801 ], [ 596007.052599331131205, 1025743.891831187065691 ], [ 596121.015770227648318, 1025766.109779582358897 ], [ 596253.824643886531703, 1025812.552303447853774 ], [ 596287.950363790965639, 1025827.976388164446689 ], [ 596317.809997161384672, 1025838.750230722595006 ], [ 596342.295207106042653, 1025833.867915813229047 ], [ 596374.126678129308857, 1025826.542044675559737 ], [ 596417.422926150728017, 1025809.659208014025353 ], [ 596450.528198112966493, 1025790.802922693896107 ], [ 596489.236097215441987, 1025762.972521973773837 ], [ 596521.08150016318541, 1025736.069477776298299 ], [ 596569.05635322839953, 1025707.683432310004719 ], [ 596628.827202721615322, 1025699.41486229817383 ], [ 596687.09866179456003, 1025691.841003673267551 ], [ 596732.856326505774632, 1025676.863719568005763 ], [ 596778.623155415989459, 1025660.617044342448935 ], [ 596820.457698822603561, 1025662.120411786832847 ], [ 596854.583484894246794, 1025677.544416900142096 ], [ 596883.637310960097238, 1025692.940060068969615 ], [ 596906.406171976588666, 1025700.683967251214199 ], [ 596930.388039340032265, 1025716.051249247509986 ], [ 596960.829009330598637, 1025714.952026578132063 ], [ 596995.138107425766066, 1025704.988400897011161 ], [ 597019.284940910991281, 1025697.506815845146775 ], [ 597077.860000262735412, 1025663.559631703654304 ], [ 597112.407344966079108, 1025620.592074961867183 ], [ 597130.333334735478275, 1025596.573077232227661 ], [ 597135.735175638110377, 1025550.903719525435008 ], [ 597158.760609969496727, 1025523.104933552793227 ], [ 597189.403149952297099, 1025494.079293004353531 ], [ 597263.3406367294956, 1025439.9070144694997 ], [ 597332.233616057084873, 1025381.898217220790684 ], [ 597369.188593561411835, 1025356.716124059748836 ], [ 597410.562696595443413, 1025306.782862256513909 ], [ 597412.859118910273537, 1025279.52486047858838 ], [ 597440.027405842556618, 1025204.780242101056501 ], [ 597448.020084441872314, 1025151.508804836776108 ], [ 597462.435144209535792, 1025086.848389081773348 ], [ 597481.922146593686193, 1025022.216325346264057 ], [ 597513.988274084986188, 1024971.618286271695979 ], [ 597537.096025319420733, 1024932.395063804578967 ], [ 597565.477218655752949, 1024865.273848179494962 ], [ 597589.926201708847657, 1024815.902683821273968 ], [ 597605.462614273303188, 1024771.559448741027154 ], [ 597645.145753548713401, 1024719.734532809001394 ], [ 597679.637869702535681, 1024684.383192986832 ], [ 597697.545390773680992, 1024662.902928605908528 ], [ 597803.108960858313367, 1024619.062546113971621 ], [ 598029.51600991259329, 1024522.58092214493081 ], [ 598085.463166804169305, 1024501.313033784390427 ], [ 598131.083313553128392, 1024505.37605632271152 ], [ 598179.221136784064583, 1024511.991988242836669 ], [ 598212.161401111632586, 1024515.984198756399564 ], [ 598238.734258155222051, 1024523.749144271132536 ], [ 598288.268245257204399, 1024512.60083248920273 ], [ 598332.80350305873435, 1024491.269160203752108 ], [ 598368.499441332067363, 1024464.810410021338612 ], [ 598401.522096681059338, 1024457.378180700470693 ], [ 598425.778659060015343, 1024434.663848987664096 ], [ 598526.261048643034883, 1024392.064125497825444 ], [ 598573.36881067592185, 1024372.261018985998817 ], [ 598615.473588992957957, 1024335.99970329797361 ], [ 598638.558000140823424, 1024293.675361523404717 ], [ 598644.2268696090905, 1024246.264760291087441 ], [ 598633.0142130831955, 1024183.204037896939553 ], [ 598604.399531908100471, 1024106.878594359732233 ], [ 598588.882849922752939, 1024068.650831810897216 ], [ 598543.01151982229203, 1024020.890441346913576 ], [ 598529.656035236082971, 1023973.1455271091545 ], [ 598547.270845961640589, 1023940.264655620092526 ], [ 598586.779776678420603, 1023912.557723467703909 ], [ 598623.734424688969739, 1023887.375385052175261 ], [ 598681.022617846378125, 1023855.959359948523343 ], [ 598745.818083908059634, 1023838.548910916782916 ], [ 598791.639478751458228, 1023814.68543832260184 ], [ 598832.425512739806436, 1023785.716149623738602 ], [ 598862.967002919060178, 1023770.653405753546394 ], [ 598908.751789189409465, 1023751.867411105078645 ], [ 598943.161274902988225, 1023727.940236260998063 ], [ 598977.680528797442093, 1023688.780532418750226 ], [ 598989.211337902117521, 1023672.342291887849569 ], [ 599026.120191925438121, 1023653.506754872039892 ], [ 599068.155876098084264, 1023627.083239563973621 ], [ 599127.824473238666542, 1023617.260624113492668 ], [ 599159.606487697688863, 1023606.013033013325185 ], [ 599173.600086139631458, 1023599.7439391418593 ], [ 599252.681782197905704, 1023535.44415186997503 ], [ 599354.578074380522594, 1023472.540978354169056 ], [ 599438.603623205330223, 1023426.040668489760719 ], [ 599508.608134216978215, 1023389.617571240873076 ], [ 599556.956260119681247, 1023367.037419429398142 ], [ 599626.851031880709343, 1023345.846800706349313 ], [ 599701.6806109927129, 1023343.725088289706036 ], [ 599771.365108778467402, 1023351.730100600514561 ], [ 600248.528690103674307, 1023474.985300214728341 ], [ 600290.244415849796496, 1023492.98978885053657 ], [ 600328.137898005545139, 1023513.51183901692275 ], [ 600359.755413520266302, 1023525.112899059779011 ], [ 600393.927196630043909, 1023534.189326975378208 ], [ 600414.169358952669427, 1023540.649273719638586 ], [ 600491.544259933172725, 1023537.272096957778558 ], [ 600534.73823011352215, 1023526.087868013884872 ], [ 600581.745314590982161, 1023513.655441310838796 ], [ 601474.826693287701346, 1023108.602286726236343 ], [ 601565.274259605095722, 1023050.711844526580535 ], [ 601663.211039148736745, 1023009.365660784416832 ], [ 601715.417889767326415, 1022979.189827052061446 ], [ 601770.142455292050727, 1022951.566854079603218 ], [ 601858.457683798042126, 1022484.907439253292978 ], [ 601898.440902068163268, 1022391.192032056977041 ], [ 601919.230793200316839, 1022321.48903607414104 ], [ 601934.866553481435403, 1022263.182247209828347 ], [ 601951.770287508377805, 1022204.88251982931979 ], [ 601957.152576558408327, 1022161.751865514554083 ], [ 601968.929566334118135, 1022111.040211940882728 ], [ 601956.550872412044555, 1022069.080215159337968 ], [ 601914.3793488353258, 1021938.094563602935523 ], [ 601890.616149916080758, 1021892.263005389366299 ], [ 601855.340676511754282, 1021860.331128673511557 ], [ 601780.630501755513251, 1021669.501632427796721 ], [ 601796.04711749474518, 1021641.660004650126211 ], [ 601812.768219369696453, 1021608.74792896816507 ], [ 601818.040939664351754, 1021580.84988886967767 ], [ 601818.241715067182668, 1021552.923645117785782 ], [ 601809.566591525333934, 1021524.948044384946115 ], [ 601797.105765024083667, 1021494.412544948863797 ], [ 601780.722346609691158, 1021480.357759621692821 ], [ 601688.296355041209608, 1021460.80237620533444 ], [ 601616.057750470004976, 1021455.322912220377475 ], [ 601503.106763661839068, 1021468.658337577595375 ], [ 601444.76124893897213, 1021470.872642279486172 ], [ 601419.383317621191964, 1021473.270322152646258 ], [ 601410.534815482445993, 1021469.412829651031643 ], [ 601380.450074677821249, 1021421.007384500699118 ], [ 601306.241529351915233, 1021336.812664237106219 ], [ 601246.97496949066408, 1021290.783764942316338 ], [ 601197.633207770995796, 1021275.276210704352707 ], [ 601173.751507943961769, 1021245.946651364327408 ], [ 601148.647474482888356, 1021210.263189244666137 ], [ 601134.973534978111275, 1021172.104478957364336 ], [ 601123.826430360088125, 1021135.229254521545954 ], [ 601124.02725510741584, 1021107.303111508954316 ], [ 601131.781192775815725, 1021087.035513455164619 ], [ 601150.93782665533945, 1021068.100767774158157 ], [ 601185.529293255298398, 1021018.785782941733487 ], [ 601197.187564673251472, 1020984.576278210384771 ], [ 601230.465386901865713, 1020941.601085962494835 ], [ 601231.970674319076352, 1020908.604533100966364 ], [ 601227.172566884197295, 1020870.495245588943362 ], [ 601213.352567060850561, 1020852.64650135464035 ], [ 601168.398959791054949, 1020755.920594004564919 ], [ 601153.035588866914622, 1020685.554997939034365 ], [ 601141.512321644113399, 1020655.836365236900747 ], [ 601136.596560084843077, 1020609.613329224404879 ], [ 601149.81560652947519, 1020570.661841856432147 ], [ 601162.296989108319394, 1020546.43259786721319 ], [ 601200.989472066867165, 1020493.100307168555446 ], [ 601255.571200350648724, 1020447.936714518815279 ], [ 601305.369095182279125, 1020399.975750556681305 ], [ 601343.645674555678852, 1020367.183724051923491 ], [ 601375.897169789648615, 1020336.359489251277409 ], [ 601425.27071480662562, 1020301.627845832845196 ], [ 601451.58109361177776, 1020274.97929969523102 ], [ 601470.52132196794264, 1020241.934005912276916 ], [ 601515.511934239882976, 1020152.236724751419388 ], [ 601532.122591780731454, 1020067.24856447475031 ], [ 601522.718050250783563, 1019986.970616556936875 ], [ 601504.177546546328813, 1019908.547362871584482 ], [ 601451.916928182123229, 1019769.890626822947524 ], [ 601446.10614424070809, 1019696.232287912862375 ], [ 601442.493785100523382, 1019669.554511387017556 ], [ 601433.95548053458333, 1019622.538737009163015 ], [ 601439.310154126374982, 1019583.216671117697842 ], [ 601448.350161510519683, 1019560.417468677042052 ], [ 601461.77467806765344, 1019537.975502312066965 ], [ 601471.366104931687005, 1019510.472077844082378 ], [ 601479.759307737578638, 1019485.360092104878277 ], [ 601494.772523630526848, 1019452.775327498791739 ], [ 601507.862697921111248, 1019395.724486959166825 ], [ 601525.860578666441143, 1019361.550355877843685 ], [ 601548.884741096291691, 1019333.751218532095663 ], [ 601595.963899412425235, 1019311.16339306649752 ], [ 601646.728414731449448, 1019305.098398072645068 ], [ 601674.337779761990532, 1019300.161770014790818 ], [ 601719.104397556046024, 1019287.389111125376076 ], [ 601745.962642658385448, 1019282.284078156226315 ], [ 601771.544676248217002, 1019273.34061417717021 ], [ 601794.571696935337968, 1019260.558143539703451 ], [ 601831.671549014979973, 1019238.827015587361529 ], [ 601861.718026647344232, 1019208.548028075834736 ], [ 601879.697605586377904, 1019176.912582860211842 ], [ 601884.173862538184039, 1019132.670066048274748 ], [ 601884.103311426006258, 1019093.155821264605038 ], [ 601880.381397068500519, 1019067.424899189150892 ], [ 601885.708641219185665, 1019046.196483115316369 ], [ 601962.534591676201671, 1018942.531415517674759 ], [ 602012.359284169622697, 1018890.762252341373824 ], [ 602081.349386415677145, 1018818.788923125946894 ], [ 602098.188533178064972, 1018769.37538629968185 ], [ 602120.181591047090478, 1018708.565773221780546 ], [ 602104.071693859994411, 1018656.430470515508205 ], [ 602091.647212118259631, 1018620.817982695298269 ], [ 601930.541165347560309, 1018453.630700171343051 ], [ 601891.616976824821904, 1018400.099380437051877 ], [ 601802.074341439059936, 1018332.323496520868503 ], [ 601739.257900864351541, 1018290.801227344665676 ], [ 601681.177527873427607, 1018259.961328087374568 ], [ 601644.569398452760652, 1018239.415306412614882 ], [ 601605.506931353127584, 1018207.431617939961143 ], [ 601590.531399245024659, 1018174.337535449885763 ], [ 601564.097041322151199, 1018148.78231251752004 ], [ 601552.914396834443323, 1018116.982279249583371 ], [ 601553.146031886921264, 1018083.988379990798421 ], [ 601546.987895013415255, 1018058.566725282347761 ], [ 601571.43115354643669, 1018006.696490185451694 ], [ 601576.874363600974903, 1017953.432064093067311 ], [ 601574.660539892269298, 1017907.731540883076377 ], [ 601566.07476829085499, 1017867.065274948836304 ], [ 601575.221755069447681, 1017827.784859589766711 ], [ 601559.112579532084055, 1017775.647582581848837 ], [ 601546.742833681753837, 1017732.418317031580955 ], [ 601522.816303549334407, 1017710.686843197327107 ], [ 601503.985546127194539, 1017685.181774908793159 ], [ 601480.103564908378758, 1017657.105338666588068 ], [ 601460.085726641118526, 1017620.170992418192327 ], [ 601424.940941972890869, 1017571.715563730103895 ], [ 601416.408625306910835, 1017523.435417454806156 ], [ 601397.827308616251685, 1017462.398592689773068 ], [ 601388.036637443467043, 1017412.841135802562349 ], [ 601361.905214776517823, 1017344.140323546249419 ], [ 601345.769342903629877, 1017295.810160101158544 ], [ 601309.330620542401448, 1017251.153450128622353 ], [ 601280.468733853194863, 1017210.353797373129055 ], [ 601262.896372550516389, 1017186.126139113097452 ], [ 601261.905251332442276, 1017146.779098622384481 ], [ 601267.22368999349419, 1017111.280762394540943 ], [ 601258.557760543772019, 1017082.035578707116656 ], [ 601253.559991854475811, 1017071.850279446691275 ], [ 601152.829719270346686, 1016978.546416647848673 ], [ 601150.402098340098746, 1016963.301860281382687 ], [ 601144.226154797826894, 1016940.418336512055248 ], [ 601150.704953562584706, 1016920.156248627230525 ], [ 601133.070263491128571, 1016904.81154932663776 ], [ 601126.751800536178052, 1016902.23184447560925 ], [ 601115.435576050542295, 1016889.46685105515644 ], [ 601095.355456028133631, 1016861.41558232717216 ], [ 601096.863213426666334, 1016827.161255315528251 ], [ 601097.130434565944597, 1016789.091624832130037 ], [ 601079.584828726015985, 1016761.057063829852268 ], [ 601068.375498149544001, 1016733.064234633813612 ], [ 600934.652281777234748, 1016645.888496263185516 ], [ 600835.305358294979669, 1016536.096382381743751 ], [ 600764.971694828709587, 1016445.53106337483041 ], [ 600708.54220980394166, 1016360.133534441818483 ], [ 600677.243978155194782, 1016305.358575312769972 ], [ 600633.237618879880756, 1016255.576103790081106 ], [ 600571.436326209222898, 1016213.290692167240195 ], [ 600504.512611167039722, 1016178.585792057332583 ], [ 600442.657921226462349, 1016143.914277234696783 ], [ 600411.333046364830807, 1016092.946330810314976 ], [ 600358.687678976217285, 1016010.111972418497317 ], [ 600320.008790309075266, 1015923.562528819194995 ], [ 600274.984771557967179, 1015838.240372894331813 ], [ 600260.196517707197927, 1015778.498168995603919 ], [ 600259.543958585476503, 1015690.930258771171793 ], [ 600276.285406939219683, 1015652.969396396772936 ], [ 600276.543741966597736, 1015616.169014450861141 ], [ 600276.793165741953999, 1015580.637616700609215 ], [ 600279.532538131345063, 1015551.467807437293231 ], [ 600274.677343348739669, 1015520.978947999537922 ], [ 600252.080715339747258, 1015490.373250701464713 ], [ 600242.14763359434437, 1015461.119995628250763 ], [ 600260.111753004835919, 1015429.512397508253343 ], [ 600266.626126614050008, 1015404.174576609279029 ], [ 600282.073560295742936, 1015370.01233463070821 ], [ 600301.32272038620431, 1015335.875129639636725 ], [ 600338.304386857547797, 1015303.12373081583064 ], [ 600367.620232625748031, 1015279.205096263787709 ], [ 600395.722266080789268, 1015247.664250766509213 ], [ 600423.833197391475551, 1015214.854424910387024 ], [ 600434.069115667836741, 1015200.962432332569733 ], [ 600436.808437504107133, 1015171.792655242257752 ], [ 600421.67009827774018, 1014981.337769626290537 ], [ 600339.145257253898308, 1014822.165230839163996 ], [ 600247.393589674960822, 1014713.69337058335077 ], [ 600200.879712242051028, 1014660.087779069552198 ], [ 600134.000958907650784, 1014619.038429517764598 ], [ 600074.788014764664695, 1014569.156340004061349 ], [ 599980.706924718455411, 1014431.481594488257542 ], [ 599943.731761705013923, 1014282.761704810429364 ], [ 599832.105417891754769, 1014117.053053591051139 ], [ 599811.194708021823317, 1014026.814432260463946 ], [ 599792.702695466112345, 1013953.089123447658494 ], [ 599790.52444026642479, 1013902.313724750303663 ], [ 599783.241620164131746, 1013856.580833912361413 ], [ 599786.159008731250651, 1013802.031929747667164 ], [ 599771.237157012103125, 1013761.324869703734294 ], [ 599762.696000825730152, 1013714.314701551571488 ], [ 599754.199366728775203, 1013660.959713611053303 ], [ 599740.473512664902955, 1013630.412755463272333 ], [ 599711.531958668259904, 1013601.034653485403396 ], [ 599678.744189361459576, 1013577.976354130310938 ], [ 599647.170230431482196, 1013562.540191055741161 ], [ 599623.297628445201553, 1013533.19547049223911 ], [ 599539.132211157586426, 1013427.312403220450506 ], [ 599472.50327079242561, 1013350.732366783311591 ], [ 599455.207304075476713, 1013287.167388830566779 ], [ 599458.160305308760144, 1013227.542812820523977 ], [ 599434.688472769339569, 1013141.094837130163796 ], [ 599399.891722514061257, 1013043.151160018634982 ], [ 599341.195738483220339, 1012919.669804210891016 ], [ 599325.282766641699709, 1012839.616833184147254 ], [ 599292.646512056002393, 1012794.986317828064784 ], [ 599270.023419203236699, 1012768.18799129803665 ], [ 599232.211418948834762, 1012738.751635320601054 ], [ 599207.125123678706586, 1012701.784956987248734 ], [ 599136.926273682620376, 1012592.187298812437803 ], [ 599047.94172435393557, 1012450.740629049018025 ], [ 599011.753222953295335, 1012370.554391177836806 ], [ 598980.348675320157781, 1012331.008162809535861 ], [ 598961.420464258175343, 1012319.462409854168072 ], [ 598938.699490160914138, 1012306.622671308345161 ], [ 598915.951804212061688, 1012297.589800644782372 ], [ 598881.66553272260353, 1012307.516177007113583 ], [ 598841.08767263207119, 1012311.056048915605061 ], [ 598806.890459443675354, 1012308.292853960534558 ], [ 598770.15880397730507, 1012305.512966137961484 ], [ 598734.774530553957447, 1012291.320818209904246 ], [ 598689.270296391448937, 1012274.524002137826756 ], [ 598670.404461044468917, 1012254.095553355989978 ], [ 598647.861651715706103, 1012215.876706217299215 ], [ 598629.360982585931197, 1012143.421133395866491 ], [ 598614.581821788218804, 1012082.411206066259183 ], [ 598563.035445702844299, 1012023.6972211698303 ], [ 598535.459405146772042, 1011980.369234765646979 ], [ 598491.364980023470707, 1011943.277544412529096 ], [ 598468.715335941757075, 1011920.286195118562318 ], [ 598458.782425166573375, 1011891.03353282995522 ], [ 598433.829916125629097, 1011835.032748362165876 ], [ 598443.065606325748377, 1011783.064135380438529 ], [ 598461.020416792132892, 1011752.726115609169938 ], [ 598479.010843988042325, 1011717.312290133093484 ], [ 598486.916947882855311, 1011674.218008543830365 ], [ 598453.18295317213051, 1011605.46937657345552 ], [ 598453.494644416728988, 1011561.056105980533175 ], [ 598457.554551847628318, 1011524.281575802131556 ], [ 598442.606194008141756, 1011487.381900643231347 ], [ 598422.731452804524451, 1011430.145664560957812 ], [ 598402.678612141287886, 1011398.288433252950199 ], [ 598380.046816562651657, 1011372.75926684087608 ], [ 598363.697675896342844, 1011354.885515016736463 ], [ 598356.254672488197684, 1011331.994373308960348 ], [ 598322.137795106042176, 1011317.81066292594187 ], [ 598284.370670313830487, 1011282.02979607693851 ], [ 598264.300046570249833, 1011252.710487487958744 ], [ 598222.820351956645027, 1011204.215123017900623 ], [ 598212.94089301652275, 1011167.348891900735907 ], [ 598192.861378469970077, 1011139.298549758852459 ], [ 598186.854808953590691, 1011092.305786743876524 ], [ 598190.985949314315803, 1011045.379782417672686 ], [ 598212.911507194745354, 1010990.956912578782067 ], [ 598216.989200181677006, 1010951.644602677552029 ], [ 598217.363199274637736, 1010898.34886354918126 ], [ 598185.941104778088629, 1010861.340861817938276 ], [ 598153.73265943035949, 1010755.801482800277881 ], [ 598149.05560849502217, 1010699.934538284665905 ], [ 598146.752698448020965, 1010666.925293573527597 ], [ 598155.943733246647753, 1010621.30169246380683 ], [ 598187.935661429073662, 1010577.097199395881034 ], [ 598199.580964932218194, 1010542.910787329659797 ], [ 598183.49007544235792, 1010488.237761000171304 ], [ 598171.254239823319949, 1010425.976116557954811 ], [ 598164.24750138935633, 1010340.906888135010377 ], [ 598139.259432182065211, 1010289.982358508510515 ], [ 598116.752368933521211, 1010246.688178677810356 ], [ 598094.120666183065623, 1010221.159194620209746 ], [ 598068.990163369802758, 1010190.537764596985653 ], [ 598046.331760752131231, 1010168.815612245118245 ], [ 598016.695854721474461, 1010141.893220715457574 ], [ 597967.085259969928302, 1010084.539981700712815 ], [ 597967.27223341120407, 1010057.89222918683663 ], [ 597973.706210231408477, 1010043.975591762224212 ], [ 597981.496426482801326, 1010017.377892323536798 ], [ 597973.267000059015118, 1009925.955818327958696 ], [ 597929.134335964219645, 1009713.742708026082255 ], [ 597931.78139705688227, 1009517.065672300988808 ], [ 597897.100846863118932, 1009402.627821423346177 ], [ 597873.344440333778039, 1009356.787649514037184 ], [ 597839.397002220037393, 1009318.494385130587034 ], [ 597814.2665844616713, 1009287.873123326455243 ], [ 597782.684432207490318, 1009273.706326856743544 ], [ 597753.61888684798032, 1009262.094080437207595 ], [ 597719.466731275548227, 1009252.986340771429241 ], [ 597644.879841344081797, 1009227.115537721547298 ], [ 597577.816064109327272, 1009212.715179913211614 ], [ 597526.021048650611192, 1009189.532365820254199 ], [ 597466.881041902001016, 1009129.500416494556703 ], [ 597400.200188561226241, 1009060.535901880939491 ], [ 597377.817953815334477, 1008999.476970087969676 ], [ 597364.074631356983446, 1008971.46869374322705 ], [ 597310.083647594670765, 1008900.0497938048793 ], [ 597123.580009918194264, 1008750.350210863980465 ], [ 596992.370262939948589, 1008667.002122027915902 ], [ 596912.759485507849604, 1008634.753274161950685 ], [ 596868.55899638752453, 1008612.889463517116383 ], [ 596821.850843598716892, 1008587.2021776039619 ], [ 596794.141736591700464, 1008562.908974903635681 ], [ 596770.305467206053436, 1008528.489380142651498 ], [ 596753.992225810186937, 1008505.540206109290011 ], [ 596738.919465615064837, 1008486.406162306899205 ], [ 596702.429071783204563, 1008449.365289021166973 ], [ 596680.931287887971848, 1008442.878805298707448 ], [ 596656.979269761359319, 1008424.955286689451896 ], [ 596631.804591265507042, 1008400.678789615980349 ], [ 596614.259801427135244, 1008372.645579641568474 ], [ 596613.170725318719633, 1008347.258700583712198 ], [ 596629.964853622019291, 1008301.685815164237283 ], [ 596634.015790623961948, 1008266.180908010806888 ], [ 596636.612516280962154, 1008257.315111553296447 ], [ 596629.231990898260847, 1008225.54189656872768 ], [ 596621.74460093153175, 1008208.995797455776483 ], [ 596624.546147261862643, 1008170.9447101916885 ], [ 596630.122511520632543, 1008098.649329510750249 ], [ 596655.72460553504061, 1008062.017358683166094 ], [ 596665.075801632949151, 1007993.553808365599252 ], [ 596680.540334338671528, 1007956.8551018552389 ], [ 596687.428350739530288, 1007878.223498062463477 ], [ 596709.647292762179859, 1007781.927088686963543 ], [ 596693.770346372271888, 1007696.800773504073732 ], [ 596681.846319980570115, 1007590.127835898310877 ], [ 596647.139580690069124, 1007479.498048782581463 ], [ 596637.411604669759981, 1007421.060923801152967 ], [ 596622.623774747364223, 1007361.321531528490596 ], [ 596608.156439653132111, 1007255.901018368080258 ], [ 596603.577324945479631, 1007186.077043352765031 ], [ 596601.381238182308152, 1007137.841407036525197 ], [ 596599.43164073699154, 1007118.313660135958344 ], [ 596599.069418964674696, 1007106.101735218544491 ], [ 596592.902625407557935, 1007081.950563694816083 ], [ 596574.179693398764357, 1007041.220043380744755 ], [ 596415.404509128537029, 1006913.277284917188808 ], [ 596253.290937008569017, 1006719.325902460957877 ], [ 596201.674730970524251, 1006670.765102051198483 ], [ 596160.089172280742787, 1006637.49802919535432 ], [ 596110.8114974796772, 1006616.870062659028918 ], [ 596079.292197610717267, 1006593.821047317935154 ], [ 596065.415516771376133, 1006584.846882733982056 ], [ 596044.122721428168006, 1006549.175457333214581 ], [ 596036.635376808000728, 1006532.629516492947005 ], [ 595979.674521140172146, 1006523.371726513258182 ], [ 595965.744426557794213, 1006522.011048412881792 ], [ 595890.740294010960497, 1006555.779527591541409 ], [ 595809.605057602631859, 1006560.321233774302527 ], [ 595766.503081420087256, 1006562.575388080906123 ], [ 595698.1554481202038, 1006550.70460734970402 ], [ 595617.403205879381858, 1006500.68297165283002 ], [ 595579.378886839025654, 1006501.701557271182537 ], [ 595547.779535556212068, 1006490.072730375919491 ], [ 595476.879796537687071, 1006480.723038715543225 ], [ 595441.425480137695558, 1006476.68264183762949 ], [ 595389.569089564844035, 1006462.382453229394741 ], [ 595311.208836645586416, 1006432.680056079756469 ], [ 595249.170508789480664, 1006424.657639188808389 ], [ 595175.691953103872947, 1006421.635735098621808 ], [ 595135.070968488813378, 1006431.519935169722885 ], [ 595097.011067393003032, 1006437.614086685935035 ], [ 595049.000828769756481, 1006416.994322631508112 ], [ 594993.351898529450409, 1006401.400112878181972 ], [ 594935.03498401271645, 1006404.82285525277257 ], [ 594856.158108858857304, 1006448.717142922570929 ], [ 594810.245660583954304, 1006490.290643551619723 ], [ 594763.35116622177884, 1006491.250645716558211 ], [ 594719.287806785199791, 1006496.189000499201939 ], [ 594682.046829806407914, 1006519.9012312394334 ], [ 594658.988106301170774, 1006555.280429756268859 ], [ 594621.99932724959217, 1006589.298866261495277 ], [ 594588.874457117286511, 1006614.459972456097603 ], [ 594546.986283697304316, 1006624.335690433741547 ], [ 594501.367878635297529, 1006624.035062359995209 ], [ 594422.909817306790501, 1006608.29037001891993 ], [ 594310.246911518042907, 1006591.051247894763947 ], [ 594201.162723303656094, 1006605.559869833057746 ], [ 594088.21461228991393, 1006628.925736095639877 ], [ 594037.358155963709578, 1006652.700872568995692 ], [ 593973.981497309985571, 1006654.820998768904246 ], [ 593921.991601058514789, 1006659.554113249992952 ], [ 593886.564163438859396, 1006651.706736143329181 ], [ 593827.203053219709545, 1006623.39807840436697 ], [ 593774.186759019736201, 1006593.862283013877459 ], [ 593719.947893400327303, 1006557.973592011258006 ], [ 593696.211852839682251, 1006531.141983108362183 ], [ 593704.560696669621393, 1006497.845458544441499 ], [ 593697.381429186789319, 1006476.28454940172378 ], [ 593672.656256484799087, 1006458.973604958388023 ], [ 593632.021452888729982, 1006446.993787458050065 ], [ 593563.592417567269877, 1006450.354457858600654 ], [ 593517.553408979671076, 1006447.45912335976027 ], [ 593435.53904833283741, 1006453.170418860390782 ], [ 593388.060297043179162, 1006451.711575693218037 ], [ 593350.646430116146803, 1006454.021058029960841 ], [ 593329.077724922564812, 1006457.685705798212439 ], [ 593303.707499870797619, 1006461.325279292068444 ], [ 593183.620938093401492, 1006598.850414689281024 ], [ 593084.076638727099635, 1006698.442042318289168 ], [ 592942.153391751926392, 1006877.69888114836067 ], [ 592790.556518337456509, 1006990.905563310487196 ], [ 592620.47263244073838, 1007042.110393726848997 ], [ 592504.862111527472734, 1007071.502922927378677 ], [ 592451.435238822246902, 1007076.585084357880987 ], [ 592404.648222636664286, 1007086.069052902166732 ], [ 592328.430311910691671, 1007112.214224699768238 ], [ 592157.486233091447502, 1007273.513346454594284 ], [ 592059.360211882274598, 1007351.541370188235305 ], [ 591980.170318092801608, 1007439.846120991627686 ], [ 591910.064910171320662, 1007497.755636370973662 ], [ 591859.181433326331899, 1007525.336868748650886 ], [ 591774.11994186847005, 1007547.616488703293726 ], [ 591750.043615323025733, 1007547.457472072332166 ], [ 591637.640185085474513, 1007493.418469583848491 ], [ 591588.175725700915791, 1007499.436574311577715 ], [ 591499.518195741227828, 1007492.506113086245023 ], [ 591386.91838505747728, 1007466.382974032196216 ], [ 591309.701207470614463, 1007454.452164422371425 ], [ 591243.888607885106467, 1007442.596680481452495 ], [ 591193.33570211858023, 1007423.228216074872762 ], [ 591103.625547629431821, 1007385.835529267089441 ], [ 591030.272519800812006, 1007365.04743378830608 ], [ 590950.476436314173043, 1007359.444306605146267 ], [ 590873.241520900977775, 1007350.051188444835134 ], [ 590784.628893570741639, 1007336.775967724504881 ], [ 590718.905795839731582, 1007312.231331528630108 ], [ 590648.131912884069607, 1007285.115380185074173 ], [ 590615.391032877145335, 1007255.712866295827553 ], [ 590603.014248539227992, 1007213.755332053988241 ], [ 590593.064563328633085, 1007187.041383541305549 ], [ 590586.701904553803615, 1007190.806215456570499 ], [ 590552.506198944523931, 1007188.04228395386599 ], [ 590524.682092788745649, 1007180.244616242591292 ], [ 590467.856096018222161, 1007151.951881276094355 ], [ 590426.245082389679737, 1007122.490750123281032 ], [ 590397.27895427425392, 1007096.920082223485224 ], [ 590374.657612907234579, 1007070.122395216021687 ], [ 590327.986896031536162, 1007039.358866341877729 ], [ 590282.547610308043659, 1007013.679315868532285 ], [ 590244.711343512171879, 1006988.050022489507683 ], [ 590208.097562624374405, 1006968.773605773923919 ], [ 590177.846441312576644, 1006945.732372027821839 ], [ 590138.707281750626862, 1006925.170301170670427 ], [ 590121.279799740412273, 1006880.641551201581024 ], [ 590115.113800761988387, 1006856.490585375577211 ], [ 590122.949199982453138, 1006823.549474042956717 ], [ 590139.619004269130528, 1006795.742595992051065 ], [ 590143.56351413205266, 1006775.465346753480844 ], [ 590153.861728230956942, 1006752.692183154402301 ], [ 590159.037648082245141, 1006737.498906366527081 ], [ 590142.761129349470139, 1006709.474253449356183 ], [ 590126.395233193645254, 1006694.138585344189778 ], [ 590106.209967115661129, 1006681.315585284610279 ], [ 590069.444295901339501, 1006683.610465688980184 ], [ 590039.103838221402839, 1006673.258245639153756 ], [ 589984.803454618784599, 1006646.251196134719066 ], [ 589921.597181726247072, 1006624.261091351043433 ], [ 589866.029671576339751, 1006597.245654350495897 ], [ 589835.778641005395912, 1006574.204454777762294 ], [ 589813.10378193797078, 1006555.020211367867887 ], [ 589801.824460726696998, 1006537.180264334543608 ], [ 589780.532985765486956, 1006501.508753191446885 ], [ 589634.158927702577785, 1006412.983121081604622 ], [ 589578.636230557924137, 1006379.623206772957928 ], [ 589550.92853238247335, 1006355.329882189980708 ], [ 589497.048702265252359, 1006305.982382958638482 ], [ 589456.570898832753301, 1006258.265530645847321 ], [ 589423.875053691328503, 1006222.518661681795493 ], [ 589400.203545937081799, 1006179.82287181832362 ], [ 589385.272574266418815, 1006125.823045383673161 ], [ 589357.465188001981005, 1005968.683086234610528 ], [ 589348.341766503406689, 1005849.120463567320257 ], [ 589342.274434350081719, 1005747.952927094767801 ], [ 589339.313220735872164, 1005634.435387268429622 ], [ 589329.757032045396045, 1005551.890549111994915 ], [ 589333.266312884399667, 1005462.848505223169923 ], [ 589319.523660949198529, 1005385.590727293863893 ], [ 589287.351958008715883, 1005291.153777724830434 ], [ 589256.716067547909915, 1005214.499606697820127 ], [ 589216.860606158035807, 1005156.234627242782153 ], [ 589179.416952112456784, 1005127.068359787808731 ], [ 589139.109392152633518, 1005092.54035897529684 ], [ 589092.403504229034297, 1005066.852674866560847 ], [ 589034.123400047421455, 1005065.198413859703578 ], [ 588987.328139967517927, 1005052.199572689714842 ], [ 588945.565739689976908, 1005044.309779127594084 ], [ 588900.07341190346051, 1005026.243763437028974 ], [ 588867.431427880539559, 1004982.883836313500069 ], [ 588790.405790679971687, 1004764.116335440659896 ], [ 588761.645764473127201, 1004709.361663446761668 ], [ 588747.823337244801223, 1004692.774025052553043 ], [ 588688.463981930399314, 1004664.464814997743815 ], [ 588618.833338226657361, 1004655.121797139989212 ], [ 588544.160938067710958, 1004641.938596791471355 ], [ 588496.913199531845748, 1004636.55549155746121 ], [ 588432.768067311728373, 1004624.705710556241684 ], [ 588391.104176221531816, 1004602.858182079391554 ], [ 588367.15354614215903, 1004584.934620872489177 ], [ 588336.911891399882734, 1004560.624754148884676 ], [ 588297.996943354490213, 1004508.340856255614199 ], [ 588276.759477446670644, 1004465.056461282540113 ], [ 588261.902464550919831, 1004415.469581400742754 ], [ 588246.911317982478067, 1004384.915905705885962 ], [ 588225.450303893885575, 1004373.353521215729415 ], [ 588200.250451054307632, 1004352.883840052061714 ], [ 588157.283726001391187, 1004336.103464569547214 ], [ 588101.64554963982664, 1004319.239273311686702 ], [ 588053.654979633516632, 1004296.080969944014214 ], [ 588020.816510387230664, 1004280.636511496268213 ], [ 587974.582044704002328, 1004234.352465681382455 ], [ 585060.723745145252906, 1005882.734583622426726 ], [ 585064.193480859976262, 1005929.708334929775447 ], [ 585049.77970543957781, 1005996.866529251681641 ], [ 585018.964716371381655, 1006053.764448127476498 ], [ 584986.900490487576462, 1006108.116205039084889 ], [ 584980.322666956461035, 1006142.333959337323904 ], [ 584999.069873501779512, 1006179.257565477513708 ], [ 585078.38021470059175, 1006253.382135193794966 ], [ 585105.863000281504355, 1006309.397819550242275 ], [ 585127.036943405051716, 1006361.564854335854761 ], [ 585145.57796654291451, 1006427.672805763431825 ], [ 585123.552241453318857, 1006496.049611109890975 ], [ 585098.135563065181486, 1006580.083791371900588 ] ] ] ] } },
{ "type": "Feature", "properties": { "FID_1": 3, "AREA_HA": 11979.04, "RESERVA": "RESERVA INDIGENA GUAYMI DE CONTEBURICA", "are_ha": 11979.92, "RI": "RESERVA INDIGENA" }, "geometry": { "type": "MultiPolygon", "coordinates": [ [ [ [ 597313.039393354905769, 922066.143353111459874 ], [ 597687.428155268309638, 922515.692594593507238 ], [ 597612.42848212341778, 922690.465616937144659 ], [ 597611.84033058618661, 923963.946734609431587 ], [ 596862.148973322473466, 925012.520697010215372 ], [ 597111.378387641510926, 926086.315921169240028 ], [ 597123.015545448637567, 926087.455991280381568 ], [ 597131.377126653445885, 926084.948515666881576 ], [ 597147.268192764488049, 926071.568198222084902 ], [ 597180.713725121458992, 926063.211318111745641 ], [ 597214.996871873852797, 926051.508573356899433 ], [ 597238.407560971216299, 926048.168293861788698 ], [ 597286.217380745103583, 926036.417867037234828 ], [ 597635.66123121290002, 926436.034833130659536 ], [ 597160.983677153359167, 926810.47864549595397 ], [ 597160.841798469191417, 927110.128064398886636 ], [ 597385.440829162835144, 927459.776010891189799 ], [ 598309.545254806173034, 927310.178159730858169 ], [ 598584.420767857111059, 926960.652098466642201 ], [ 598659.515906656393781, 926586.107423648471013 ], [ 599857.976051792735234, 927210.662713799276389 ], [ 601406.276865426450968, 927410.784109149477445 ], [ 602255.044041520915926, 928210.050778976292349 ], [ 602154.958100585383363, 928634.541359794093296 ], [ 603178.115442457725294, 930432.717738886945881 ], [ 604176.941410441184416, 930807.510775986826047 ], [ 605625.270264251390472, 931307.253304675454274 ], [ 606274.89678484108299, 930658.113610616652295 ], [ 606100.379281969740987, 929933.894005381385796 ], [ 606599.970295739010908, 929709.246212178259157 ], [ 607000.20960332872346, 928161.077140884357505 ], [ 606675.953016816987656, 927162.155745246098377 ], [ 607400.303081798600033, 926937.547459363588132 ], [ 608299.413324303808622, 926862.794955318793654 ], [ 608075.073581241071224, 925788.986147532472387 ], [ 608349.949391518021002, 925389.493864713003859 ], [ 609748.836895760032348, 924540.706248995382339 ], [ 609635.692714245640673, 924452.37299561756663 ], [ 609576.027450943132862, 924429.054311729269102 ], [ 609537.937537333928049, 924419.888237306964584 ], [ 609504.919832187355496, 924418.397824023268186 ], [ 609464.307847196003422, 924391.382964772055857 ], [ 609422.439935125992633, 924350.348839409882203 ], [ 609397.087888370733708, 924303.054475475451909 ], [ 609389.515277230646461, 924255.876816927921027 ], [ 609355.319407205446623, 924162.670247022295371 ], [ 609323.609960578731261, 924122.976589300204068 ], [ 609295.67599279480055, 924117.698344499571249 ], [ 609275.352850758004934, 924121.386136772693135 ], [ 609243.594993251026608, 924130.093780123395845 ], [ 609185.162930396618322, 924143.721233376651071 ], [ 609135.635876219486818, 924142.122398103238083 ], [ 609091.203971548355184, 924125.272278919699602 ], [ 609059.483133346657269, 924097.042065020417795 ], [ 609041.757351564709097, 924043.42921926069539 ], [ 609041.781600110698491, 924019.228596762754023 ], [ 609040.533339365501888, 923997.56707465252839 ], [ 609018.96196377556771, 923979.593315527541563 ], [ 608988.490696331020445, 923971.750927845016122 ], [ 608952.939614416914992, 923963.87518607522361 ], [ 608858.97573446505703, 923950.52102926839143 ], [ 608813.26376367546618, 923943.852270574658178 ], [ 608757.3691595075652, 923960.043664159951732 ], [ 608702.736831844085827, 923983.885666003101505 ], [ 608637.942300186958164, 924010.208354427828453 ], [ 608574.412589173647575, 924041.634213325916789 ], [ 608474.074683298822492, 924052.438688852125779 ], [ 608433.422060087206773, 924066.182614421704784 ], [ 608394.034260132699274, 924085.029730673879385 ], [ 608352.125778840039857, 924084.75442200480029 ], [ 608253.089915783610195, 924063.724212492932566 ], [ 608209.942301539005712, 924032.87138077057898 ], [ 608075.481399217387661, 923879.141305506345816 ], [ 608071.685667588026263, 923865.105436345096678 ], [ 608071.711342762690037, 923839.631192854256369 ], [ 608073.022370092803612, 923798.880756353028119 ], [ 608078.140676125767641, 923760.702785435132682 ], [ 608079.458108529215679, 923713.58381375821773 ], [ 608046.486899827839807, 923666.239572923164815 ], [ 608038.90313730831258, 923630.525618995074183 ], [ 608031.300126209738664, 923613.91732391610276 ], [ 608014.804908540099859, 923599.798042891314253 ], [ 607991.957384492387064, 923588.18446133856196 ], [ 607969.098311731009744, 923588.034264747635461 ], [ 607948.775285374023952, 923591.721882457961328 ], [ 607930.985735441558063, 923601.794734399300069 ], [ 607911.914676510496065, 923623.322626081993803 ], [ 607864.893179103732109, 923656.130307736922987 ], [ 607840.753875011694618, 923666.161420565098524 ], [ 607759.486169574549422, 923656.711308271624148 ], [ 607668.04732984281145, 923658.657763233641163 ], [ 607602.011326219537295, 923656.949990642839111 ], [ 607534.6873612991767, 923673.065764741506428 ], [ 607326.373448988073505, 923713.728882030234672 ], [ 607114.252277125022374, 923751.819207596359774 ], [ 607025.332744592335075, 923774.161281261593103 ], [ 606696.612170521868393, 923579.667921836371534 ], [ 605993.461509879911318, 923185.285085155628622 ], [ 605666.004948794608936, 922999.715514179668389 ], [ 605564.518149269046262, 922893.32977022882551 ], [ 605415.99055587768089, 922838.856143499608152 ], [ 605332.216655428986996, 922797.545934290974401 ], [ 605195.13696155929938, 922725.315761686651967 ], [ 604780.006745233084075, 922588.842395856278017 ], [ 604757.176778777502477, 922560.670588088221848 ], [ 604762.298324454808608, 922519.945975097129121 ], [ 604772.485200884053484, 922493.265427923644893 ], [ 604808.066719892784022, 922470.573294358327985 ], [ 604832.216262507950887, 922450.353230711887591 ], [ 604856.352738674380817, 922442.870058963191696 ], [ 604880.500966000137851, 922423.923676594393328 ], [ 604916.091596327722073, 922392.315689446986653 ], [ 604940.25808073184453, 922355.537648691679351 ], [ 604945.409562379820272, 922285.518222779151984 ], [ 604945.465664472663775, 922230.749623925192282 ], [ 604939.174735599779524, 922173.391845170175657 ], [ 604913.847960099577904, 922103.171746981795877 ], [ 604879.596498313941993, 922067.282664083060808 ], [ 604855.495318615343422, 922040.376313039218076 ], [ 604813.613896934664808, 922014.62653699866496 ], [ 604741.228198762983084, 922014.149689394515008 ], [ 604682.81168065930251, 922013.764839795185253 ], [ 604610.426007640664466, 922013.287929784390144 ], [ 604555.82320265006274, 922009.107077746419236 ], [ 604536.786112622008659, 921997.518399019376375 ], [ 604520.304561557830311, 921970.662240444682539 ], [ 604494.953165469225496, 921924.64225018734578 ], [ 604421.403584261075594, 921820.988545350264758 ], [ 604390.935927577316761, 921810.598245649016462 ], [ 604374.4518000689568, 921786.289487323258072 ], [ 604365.581971398671158, 921767.125672707916237 ], [ 604359.257217959268019, 921742.88386925146915 ], [ 604359.28468408389017, 921716.136547987582162 ], [ 604365.657827265444212, 921693.252117251977324 ], [ 604368.219898800714873, 921671.616266387049109 ], [ 604382.237398042110726, 921624.582104238914326 ], [ 604431.802179170306772, 921587.971685632248409 ], [ 604430.568849380710162, 921552.300254550995305 ], [ 604430.59498313581571, 921526.826642695814371 ], [ 604433.160953395999968, 921501.369769025361165 ], [ 604437.000759275862947, 921472.100225932546891 ], [ 604437.024273907998577, 921449.173986877431162 ], [ 604438.30856188479811, 921435.171875861240551 ], [ 604449.76656399294734, 921407.22622307180427 ], [ 604470.127045374247245, 921366.602343644481152 ], [ 604491.743069875985384, 921339.997303569805808 ], [ 604506.999054888845421, 921323.53986559365876 ], [ 604528.605930328601971, 921305.850575256976299 ], [ 604545.144874263205566, 921276.664711685967632 ], [ 604552.783951035002246, 921257.609722643857822 ], [ 604565.515739793889225, 921225.851410407456569 ], [ 604574.445596053265035, 921186.425938929547556 ], [ 604577.048031131271273, 921125.306132534518838 ], [ 604556.760670544579625, 921094.604042486636899 ], [ 604552.977005481021479, 921069.105406318325549 ], [ 604560.626492478651926, 921039.861024024197832 ], [ 604575.90459307061974, 921001.751094817765988 ], [ 604584.810947281774133, 920985.251848888234235 ], [ 604605.159568671137094, 920956.09111461637076 ], [ 604636.946535564493388, 920918.089918163255788 ], [ 604662.372188841341995, 920891.509986178018153 ], [ 604681.445655643707141, 920867.435588986845687 ], [ 604744.960916160838678, 920848.748575108009391 ], [ 604779.277243837132119, 920820.953482210054062 ], [ 604811.047225996502675, 920799.510036687948741 ], [ 604835.231532977544703, 920744.900858510984108 ], [ 604868.358516531181522, 920638.12955434457399 ], [ 604896.383685623295605, 920552.977313936920837 ], [ 604923.13499732571654, 920471.637764370185323 ], [ 604951.182145496131852, 920364.833152536069974 ], [ 604957.631663791020401, 920266.802205485291779 ], [ 604950.082293334766291, 920197.973808514187112 ], [ 604945.068843076121993, 920132.983172644511797 ], [ 604945.14929326204583, 920054.015630684210919 ], [ 604936.317020601127297, 919997.915670844144188 ], [ 604936.372802463010885, 919943.147905657533556 ], [ 604950.396258749417029, 919889.745758905890398 ], [ 604964.408028649515472, 919847.806637645466253 ], [ 604969.529144326341338, 919807.082694204989821 ], [ 605028.003164124325849, 919750.152051980257966 ], [ 605096.6053073159419, 919723.856248648837209 ], [ 605108.035759147373028, 919722.657779740868136 ], [ 605181.685155289713293, 919728.237042131950147 ], [ 605198.183587558451109, 919738.534995212568901 ], [ 605215.948047009995207, 919752.662306606420316 ], [ 605241.321600819472224, 919777.02909105992876 ], [ 605252.718416496645659, 919808.945992448483594 ], [ 605269.21039369830396, 919825.612292548059486 ], [ 605267.914605968864635, 919851.077316757640801 ], [ 605284.398824612610042, 919875.385637895553373 ], [ 605316.11548063531518, 919906.162562241428532 ], [ 605368.14422570518218, 919943.441504892660305 ], [ 605425.264276345726103, 919969.290827457443811 ], [ 605495.084744879743084, 919993.949999644421041 ], [ 605545.872099292697385, 920003.199808365199715 ], [ 605597.924209792166948, 920017.55264113645535 ], [ 605669.022415834479034, 920034.578080514096655 ], [ 605769.344094425905496, 920036.511498672538437 ], [ 605877.280113041750155, 920043.589640891063027 ], [ 605929.346492297714576, 920043.931978080188856 ], [ 605977.600565804052167, 920046.796596203465015 ], [ 606010.623431949643418, 920041.918975848006085 ], [ 606036.050011694664136, 920014.065141367609613 ], [ 606051.312136664520949, 919991.239209673833102 ], [ 606080.566458838293329, 919945.578998747630976 ], [ 606093.300330334925093, 919911.273321295157075 ], [ 606122.586787064792588, 919833.771319118677638 ], [ 606113.732154462719336, 919799.32375731819775 ], [ 606126.465993917663582, 919765.018102732021362 ], [ 606144.27560564270243, 919734.566851919749752 ], [ 606167.175134558114223, 919693.959621949004941 ], [ 606192.613181233522482, 919654.642756938817911 ], [ 606234.56645633361768, 919609.066033373121172 ], [ 606299.36907535023056, 919572.555199019610882 ], [ 606362.919732472975738, 919518.204610356711783 ], [ 606393.414228000096045, 919501.847155744675547 ], [ 606422.636243975255638, 919488.028690210659988 ], [ 606451.845428809407167, 919486.946916266693734 ], [ 606477.243606276111677, 919487.113777560647577 ], [ 606514.072248854441568, 919486.082048777258024 ], [ 606548.352102561853826, 919493.949317507212982 ], [ 606596.607374177547172, 919495.539990586577915 ], [ 606667.704372943378985, 919513.838514752336778 ], [ 606722.288727677310817, 919535.849595138104632 ], [ 606755.283346279757097, 919558.992543835076503 ], [ 606767.954283211496659, 919587.096728153177537 ], [ 606799.671328671858646, 919617.873373946174979 ], [ 606842.776629304746166, 919689.482615658896975 ], [ 606906.182647211709991, 919779.056773944059387 ], [ 606987.4135829040315, 919822.895459346589632 ], [ 607019.15246772125829, 919832.019673017086461 ], [ 607042.012193349772133, 919830.896108204382472 ], [ 607059.799937051604502, 919822.097134410287254 ], [ 607073.788166690152138, 919803.083743785042316 ], [ 607078.890833269571885, 919780.190957614569925 ], [ 607061.168298134929501, 919724.032549566938542 ], [ 607053.5705536454916, 919702.330061832559295 ], [ 607049.803000336163677, 919660.273819236084819 ], [ 607049.837511629564688, 919625.884643006022088 ], [ 607053.672808973817155, 919600.436199644696899 ], [ 607060.040259182802401, 919582.646472746739164 ], [ 607081.651756962994114, 919559.862114675575867 ], [ 607090.561578749679029, 919539.541720425826497 ], [ 607108.340339250047691, 919539.658450557501055 ], [ 607124.874732392607257, 919514.293391777435318 ], [ 607174.428087650798261, 919487.871428176062182 ], [ 607236.698406044044532, 919443.701400062302127 ], [ 607339.594371146522462, 919411.261130829225294 ], [ 607409.472625258029439, 919378.604081823024899 ], [ 607494.588519183802418, 919347.320674544200301 ], [ 607572.08238153567072, 919318.534557220176794 ], [ 607580.984485695953481, 919305.856167117482983 ], [ 607583.544667675974779, 919285.494080569827929 ], [ 607579.759111149469391, 919261.269317081081681 ], [ 607570.88627795537468, 919244.65325574146118 ], [ 607556.936349577386864, 919225.456522148684599 ], [ 607537.906783743528649, 919206.226459144498222 ], [ 607523.946681197616272, 919197.219098096480593 ], [ 607503.63957708934322, 919185.62272917246446 ], [ 607483.332476740702987, 919174.026359619456343 ], [ 607452.876289375475608, 919152.17395778989885 ], [ 607437.652655748534016, 919136.789911342319101 ], [ 607405.929122044937685, 919112.38183767918963 ], [ 607333.591457711998373, 919064.781023986171931 ], [ 607328.516920264111832, 919059.65301008161623 ], [ 607312.050154132652096, 919017.513588806730695 ], [ 607296.83164458302781, 918997.034878817154095 ], [ 607284.155501291737892, 918974.025503949844278 ], [ 607267.67600981972646, 918944.622789775021374 ], [ 607257.547330807428807, 918913.988086637691595 ], [ 607249.967383876559325, 918874.454387973761186 ], [ 607255.087770825368352, 918833.73037606140133 ], [ 607262.742867911350913, 918798.117708665784448 ], [ 607274.214041095576249, 918756.161717130918987 ], [ 607285.68647651700303, 918712.93206792359706 ], [ 607295.882631850778125, 918676.062423273804598 ], [ 607302.262701912899502, 918645.536113406415097 ], [ 607321.344355282839388, 918612.545806812937371 ], [ 607339.144644593354315, 918591.010155514464714 ], [ 607400.142015769495629, 918549.379155958886258 ], [ 607435.728569165454246, 918520.318150361068547 ], [ 607480.21078986232169, 918484.947130274726078 ], [ 607514.512167757027782, 918471.161751667386852 ], [ 607541.183958908426575, 918467.515699737821706 ], [ 607564.046038927393965, 918463.844651859835722 ], [ 607581.824694195645861, 918463.961274531902745 ], [ 607614.843468531384133, 918462.904188870918006 ], [ 607641.507647677324712, 918466.900108374422416 ], [ 607678.332333736121655, 918469.688993360497989 ], [ 607710.088824200676754, 918460.981565250898711 ], [ 607743.119022719794884, 918448.461462048115209 ], [ 607782.496204467024654, 918438.530322849866934 ], [ 607871.431339759030379, 918397.082317080232315 ], [ 607934.954426058218814, 918369.478035323088989 ], [ 608009.920558582874946, 918327.938339281710796 ], [ 608051.842584692873061, 918312.929108279757202 ], [ 608098.827782099600881, 918314.510813609347679 ], [ 608188.973314449889585, 918332.933197289239615 ], [ 608296.915250313468277, 918333.640741324517876 ], [ 608409.934316608123481, 918336.928831413737498 ], [ 608483.591379544348456, 918334.864192610839382 ], [ 608507.719593766261823, 918335.022308777319267 ], [ 608556.005027264123783, 918306.044188383268192 ], [ 608624.615241455729119, 918270.830847415025346 ], [ 608680.528893234906718, 918232.986937546753325 ], [ 608707.218322810949758, 918211.509321232908405 ], [ 608751.686424276558682, 918190.148170433822088 ], [ 608798.705652718781494, 918157.340643529547378 ], [ 608880.037459528190084, 918099.284361780737527 ], [ 608985.48107782821171, 918057.943712650565431 ], [ 609038.842222321196459, 918032.819682038156316 ], [ 609080.770441355300136, 918011.441786009119824 ], [ 609127.790821272181347, 917977.360477144015022 ], [ 609182.435629608575255, 917938.234377538901754 ], [ 609263.777242714772001, 917869.988539359997958 ], [ 609402.268244760576636, 917798.295728440629318 ], [ 609465.837298655183986, 917723.565077555016614 ], [ 609683.178305067121983, 917533.936450690496713 ], [ 609713.672212677774951, 917517.578230036888272 ], [ 609722.582753531518392, 917495.984102277783677 ], [ 609718.791765237809159, 917476.854219025350176 ], [ 609711.194812933448702, 917453.878422367037274 ], [ 609692.171235778136179, 917428.280526465387084 ], [ 609659.18373438809067, 917397.496587786823511 ], [ 609623.645207152119838, 917378.158998546074145 ], [ 609597.029714716481976, 917324.49069253820926 ], [ 609581.870807918137871, 917242.876639282447286 ], [ 609537.527929390547797, 917136.871986545156687 ], [ 609528.671093328273855, 917103.698662997689098 ], [ 609526.167497331276536, 917066.745913050253876 ], [ 609523.645175561890937, 917048.898062706692144 ], [ 609527.49855616199784, 917004.344915580237284 ], [ 609529.923034661682323, 916935.982059125904925 ], [ 609543.150513481115922, 916865.057720678625628 ], [ 609553.065526977065019, 916827.121860860032029 ], [ 609564.628309575025924, 916795.784024964668788 ], [ 609587.739997857599519, 916771.045609561726451 ], [ 609620.433054325403646, 916768.050955303944647 ], [ 609677.577156743966043, 916769.698412225698121 ], [ 609730.910332904313691, 916772.59458752698265 ], [ 609776.621645584586076, 916777.988227066583931 ], [ 609813.442441012011841, 916784.597375326324254 ], [ 609841.37022667680867, 916794.969355604727753 ], [ 609875.649995347368531, 916802.835540227591991 ], [ 609907.377533456427045, 916823.421696999575943 ], [ 609951.810284297098406, 916837.722601719200611 ], [ 609989.904747689375654, 916840.519044420681894 ], [ 610061.033981733722612, 916825.700137922423892 ], [ 610100.423203909653239, 916803.03166702890303 ], [ 610138.530097782146186, 916793.091474570333958 ], [ 610156.337241025525145, 916763.91354613006115 ], [ 610161.440427633700892, 916739.74723319534678 ], [ 610178.000004486180842, 916687.635150373214856 ], [ 610179.328241583192721, 916627.781511824112386 ], [ 610185.738536910386756, 916565.413787491503172 ], [ 610183.244654036243446, 916518.271863815258257 ], [ 610194.708457934902981, 916482.684178080875427 ], [ 610212.534134597284719, 916434.401435973471962 ], [ 610244.32120503380429, 916393.851943341782317 ], [ 610260.853399498970248, 916369.76037766400259 ], [ 610271.043548026704229, 916337.985377316246741 ], [ 610276.151631930959411, 916308.72449399146717 ], [ 610279.996012251009233, 916273.087039085337892 ], [ 610283.836670522112399, 916241.270557128009386 ], [ 610291.501871275017038, 916194.19512168969959 ], [ 610306.776515703415498, 916157.358727396465838 ], [ 610336.06949616165366, 916069.667461820761673 ], [ 610337.403752557933331, 916003.445777969551273 ], [ 610361.56264494464267, 915971.76211060071364 ], [ 610379.367117029149085, 915945.131565889460035 ], [ 610399.727443783544004, 915901.960131622152403 ], [ 610448.057508737430908, 915825.856273554032668 ], [ 610498.908765156986192, 915768.873785689938813 ], [ 610539.604559620260261, 915708.003970077494159 ], [ 610584.10011137125548, 915657.34824750921689 ], [ 610627.319571883999743, 915613.052476588985883 ], [ 610744.23823299317155, 915522.112637805868872 ], [ 610786.212356993579306, 915452.335530495503917 ], [ 610793.867413001018576, 915415.449437518022023 ], [ 610797.712795568397269, 915378.538476049550809 ], [ 610797.737424759892747, 915353.065489875036292 ], [ 610797.766977411229163, 915322.497912275139242 ], [ 610797.794065204681829, 915294.4776383851422 ], [ 610797.827306287246756, 915260.08912769833114 ], [ 610796.578346599126235, 915238.428815106279217 ], [ 610796.604197214939632, 915211.682205251883715 ], [ 610811.852691152249463, 915201.592517103650607 ], [ 610820.757900676457211, 915185.09313262347132 ], [ 610844.905443455674686, 915164.872295879176818 ], [ 610866.508285621646792, 915149.729464873671532 ], [ 610891.913405850529671, 915142.253387385746464 ], [ 610912.231598819373176, 915142.386030979338102 ], [ 610927.470244272844866, 915142.485511839855462 ], [ 610943.978777722804807, 915142.593280976172537 ], [ 610954.137875483371317, 915142.659599547856487 ], [ 610975.725959332892671, 915142.800524189369753 ], [ 610993.515443064970896, 915131.453745285631157 ], [ 611004.960403509670869, 915114.970926327048801 ], [ 611012.596928515587933, 915097.189592233276926 ], [ 611012.610443555982783, 915083.179467855021358 ], [ 611012.626415244536474, 915066.622049822704867 ], [ 611012.64115758612752, 915051.338280986179598 ], [ 611012.65589943213854, 915036.054513752576895 ], [ 611015.219011883251369, 915011.871796474093571 ], [ 611015.249719194252975, 914980.030624815379269 ], [ 611012.739424056606367, 914949.446529339067638 ], [ 611015.314809597097337, 914912.527363685541786 ], [ 611021.683883642777801, 914892.190468498738483 ], [ 611031.862610360025428, 914871.878439664724283 ], [ 611059.823406908428296, 914847.861505414475687 ], [ 611083.970858620596118, 914827.640640448778868 ], [ 611115.727799302549101, 914817.658660097396933 ], [ 611161.446115737548098, 914815.409702129312791 ], [ 611217.314937320537865, 914822.142542760120705 ], [ 611307.45353427878581, 914846.930131802218966 ], [ 611471.19419700128492, 914925.691393799264915 ], [ 611549.868482761899941, 914987.340138474479318 ], [ 611591.736865852377377, 915027.096626168931834 ], [ 611625.998170638456941, 915054.066924081300385 ], [ 611628.4902405499015, 915103.755830620997585 ], [ 611620.82196429639589, 915154.652132647926919 ], [ 611608.060652093146928, 915219.525471202796325 ], [ 611619.448050928884186, 915262.904167803470045 ], [ 611646.079040057957172, 915301.287685706745833 ], [ 611662.558252565329894, 915331.963027341174893 ], [ 611687.94139672908932, 915347.412538425880484 ], [ 611708.237638655700721, 915370.470827661571093 ], [ 611738.677118954015896, 915410.152879652101547 ], [ 611769.115390447201207, 915451.108596103033051 ], [ 611807.165697248536162, 915499.75595044135116 ], [ 611833.799213009420782, 915535.592224365100265 ], [ 611885.822064123232849, 915580.509759666863829 ], [ 611920.063975798548199, 915627.858650671667419 ], [ 611936.539598864736035, 915662.355034948675893 ], [ 611951.724545800127089, 915718.495302321854979 ], [ 611992.248733809567057, 915835.936807238613255 ], [ 611989.63800971256569, 915909.792395717347972 ], [ 612021.307180489297025, 915991.513634340954013 ], [ 612049.188688989495859, 916050.284200384281576 ], [ 612070.741506198537536, 916087.361154428333975 ], [ 612093.564231591997668, 916124.44640250178054 ], [ 612104.971317389165051, 916147.446842551813461 ], [ 612113.826376057928428, 916183.167328908341005 ], [ 612123.952559425029904, 916217.622447348549031 ], [ 612125.178429863299243, 916263.482544616563246 ], [ 612126.390838783117943, 916323.352940028184094 ], [ 612136.488882884499617, 916387.102336765616201 ], [ 612164.375350448652171, 916440.778433848638088 ], [ 612184.6534238710301, 916482.941875134943984 ], [ 612211.298148960224353, 916507.315451456932351 ], [ 612240.479021122911945, 916535.526591187575832 ], [ 612264.588849222869612, 916554.788947866647504 ], [ 612259.483549157273956, 916581.502774159656838 ], [ 612301.367157539119944, 916605.97576697729528 ], [ 612345.784480099799111, 916636.833652109839022 ], [ 612418.127523521427065, 916680.610420518671162 ], [ 612481.583718701731414, 916721.781874569365755 ], [ 612659.288870624266565, 916808.27703347906936 ], [ 612710.086397189064883, 916807.33459827338811 ], [ 612757.075426150579005, 916805.093636250938289 ], [ 612790.105225951992907, 916792.572231378289871 ], [ 612821.878523257328197, 916766.032184520037845 ], [ 612846.033582533942536, 916738.168787577422336 ], [ 612871.465849441476166, 916702.671658305916935 ], [ 612896.893230792833492, 916672.269199795206077 ], [ 612912.189350108732469, 916612.506158223957755 ], [ 612982.097508897539228, 916546.730735348188318 ], [ 613027.889551602886058, 916468.061360512976535 ], [ 613231.388930491404608, 916139.506009719218127 ], [ 613481.895365588716231, 915788.330826320685446 ], [ 613536.559187330654822, 915727.550649770884775 ], [ 613561.977767143747769, 915706.063785844133236 ], [ 613628.038015520432964, 915679.746874291216955 ], [ 613668.689354664529674, 915664.72752258030232 ], [ 613732.189258567406796, 915660.046275203116238 ], [ 613781.709389838390052, 915666.737020585685968 ], [ 613915.065983777167276, 915649.773751593660563 ], [ 613969.679010740481317, 915642.487207718775608 ], [ 614048.435843020444736, 915618.800058230874129 ], [ 614086.53773176681716, 915613.953347279573791 ], [ 614104.313959042541683, 915616.616375838988461 ], [ 614123.35407241678331, 915625.655983026255853 ], [ 614138.579666106030345, 915639.765450554201379 ], [ 614153.798041725065559, 915661.516901003196836 ], [ 614171.55863478849642, 915680.737555210362189 ], [ 614181.702217932092026, 915697.361299533164129 ], [ 614208.337705608224496, 915731.923778700293042 ], [ 614237.529856838402338, 915748.671486430685036 ], [ 614269.247390159056522, 915780.719700863119215 ], [ 614308.568731204373762, 915829.375154446926899 ], [ 614352.996174024301581, 915850.043021879042499 ], [ 614388.539102126960643, 915865.558378958958201 ], [ 614429.16406839445699, 915878.559449391090311 ], [ 614462.172012009192258, 915888.963605563389137 ], [ 614539.637498630909249, 915888.193918495904654 ], [ 614617.105401827022433, 915884.876855881186202 ], [ 614699.649347683647648, 915885.413794929743744 ], [ 614747.929800259880722, 915860.254323578905314 ], [ 614775.885737044736743, 915841.331021946738474 ], [ 614806.393465899280272, 915809.687559045036323 ], [ 614828.008241121307947, 915781.80728154478129 ], [ 614845.810892393346876, 915756.449561217101291 ], [ 614852.180786901037209, 915734.838516015210189 ], [ 614864.913381953490898, 915699.258431213791482 ], [ 614882.726788023137487, 915662.437716570449993 ], [ 614890.380938311573118, 915625.550944296759553 ], [ 614895.480908196070231, 915603.931653764680959 ], [ 614899.314560679602437, 915578.483111184556037 ], [ 614917.130325708538294, 915539.115082147414796 ], [ 614917.159039971651509, 915508.54711639683228 ], [ 614922.267368739820085, 915478.012184456689283 ], [ 614934.99990147864446, 915442.432139315526001 ], [ 614952.804865863639861, 915414.527110875118524 ], [ 614971.909610913367942, 915354.788735994137824 ], [ 614993.549357751500793, 915300.161541845882311 ], [ 615016.472123899380676, 915231.532318866113201 ], [ 615016.592746623675339, 915102.892404724261723 ], [ 615022.974490137305111, 915068.544808442820795 ], [ 615015.386124074808322, 915035.380081877228804 ], [ 615034.469251368194818, 914998.567720139399171 ], [ 615078.951567555661313, 914960.646774972323328 ], [ 615124.700185061432421, 914926.555052125826478 ], [ 615170.449975933763199, 914891.189653427922167 ], [ 615216.199747210484929, 914855.824239884736016 ], [ 615244.168518699822016, 914822.890609541209415 ], [ 615247.998465271899477, 914801.263139868970029 ], [ 615230.260365345980972, 914757.843178904964589 ], [ 615235.380450778524391, 914714.571759581100196 ], [ 615236.701547505217604, 914659.812667293706909 ], [ 615249.483851260505617, 914570.739077947451733 ], [ 615262.260169203393161, 914488.033822526456788 ], [ 615268.619171462953091, 914477.885813990025781 ], [ 615274.973414654261433, 914472.832435171469115 ], [ 615295.296523928525858, 914467.869806329603307 ], [ 615314.344979186891578, 914467.993554543238133 ], [ 615329.584933147532865, 914466.818893767194822 ], [ 615357.522670507780276, 914467.000383719336241 ], [ 615389.271290606120601, 914465.932958100689575 ], [ 615446.419050243217498, 914463.756842623348348 ], [ 615559.428075703443028, 914477.227513218997046 ], [ 615667.359935850719921, 914488.117801455664448 ], [ 615700.368997415644117, 914497.247829336323775 ], [ 615749.874896687106229, 914519.22164840484038 ], [ 615795.972364081535488, 914478.339778394438326 ], [ 615796.122356306412257, 914003.911915190052241 ], [ 615246.903099698713049, 913429.556060975650325 ], [ 614872.312701730290428, 913429.520449791220017 ], [ 614816.346898510819301, 913319.738524821586907 ], [ 614791.007477572653443, 913257.164899626863189 ], [ 614768.188807101454586, 913214.986118984292261 ], [ 614755.522080448106863, 913180.515217818086967 ], [ 614751.733837739215232, 913157.564871995942667 ], [ 614753.019182489952073, 913141.015749209211208 ], [ 614754.304526048596017, 913124.466628157766536 ], [ 614756.853806249331683, 913114.293977188528515 ], [ 614773.382502287393436, 913092.749278877628967 ], [ 614786.096788564696908, 913076.274406112614088 ], [ 614808.976078480365686, 913053.497308373567648 ], [ 614833.134749275166541, 913020.539310294436291 ], [ 614847.121279974351637, 913001.525397400953807 ], [ 614857.306473577395082, 912973.571238629403524 ], [ 614857.334978610393591, 912943.00381232786458 ], [ 614844.656348318676464, 912921.269407510641031 ], [ 614831.981283966684714, 912895.714079957804643 ], [ 614807.876102091278881, 912871.358164625475183 ], [ 614785.032493694336154, 912855.925992155913264 ], [ 614765.996157665736973, 912843.065848474390805 ], [ 614752.038160713389516, 912831.512340976041742 ], [ 614739.359552619513124, 912809.777954042307101 ], [ 614719.066418420989066, 912782.899514963384718 ], [ 614725.44433621619828, 912752.373383869649842 ], [ 614743.258294531027786, 912714.279652130440809 ], [ 614724.29680940147955, 912621.180223887204193 ], [ 614701.472247865051031, 912585.369859907543287 ], [ 614672.287613827153109, 912560.981011266005225 ], [ 614640.563234365079552, 912536.575667694211006 ], [ 614597.405215439619496, 912517.190637948922813 ], [ 614561.854589075781405, 912510.591475177905522 ], [ 614546.635081312968396, 912490.114281696616672 ], [ 614532.673566172481515, 912482.381714441231452 ], [ 614516.182999364682473, 912463.169912570156157 ], [ 614504.767187236342579, 912449.08565913210623 ], [ 614483.194743692176417, 912432.388136938447133 ], [ 614459.078985577798449, 912419.495025879237801 ], [ 614429.87302347633522, 912418.031642135581933 ], [ 614414.634510627714917, 912417.9326413332019 ], [ 614396.846728130127303, 912428.006229887134396 ], [ 614386.675820443080738, 912440.67659194895532 ], [ 614381.574895279831253, 912463.569049504352733 ], [ 614375.212421814328991, 912477.537800966645591 ], [ 614352.312980688526295, 912521.966579921892844 ], [ 614331.978283255244605, 912539.665481741307303 ], [ 614315.457975736586377, 912552.294586219359189 ], [ 614298.949577204883099, 912552.187316034920514 ], [ 614281.179641578695737, 912543.156332424259745 ], [ 614250.720475727692246, 912523.853734181029722 ], [ 614217.739441794692539, 912485.430084735387936 ], [ 614158.138716147746891, 912395.887722934829071 ], [ 614123.923612524522468, 912319.246813999605365 ], [ 614126.482428971910849, 912298.885166966938414 ], [ 614129.046010012389161, 912273.42898568266537 ], [ 614129.06864988990128, 912249.229938401840627 ], [ 614124.008220282616094, 912228.818788638105616 ], [ 614108.788806083728559, 912208.34162620943971 ], [ 614097.376630941638723, 912190.436489692889154 ], [ 614085.950158438878134, 912187.814954067929648 ], [ 614073.264539612340741, 912173.722467161598615 ], [ 614061.846412148675881, 912162.185499668121338 ], [ 614052.981141144991852, 912136.655077133560553 ], [ 614045.386935482383706, 912109.859279604512267 ], [ 614036.533584487624466, 912071.592546379659325 ], [ 614036.582440341822803, 912019.373640549718402 ], [ 614040.518325060955249, 911884.393505711457692 ], [ 614029.115697877248749, 911856.299375765374862 ], [ 614016.444394694175571, 911826.923370808595791 ], [ 614003.76118456653785, 911810.283668949501589 ], [ 613997.441614496638067, 911778.401673467713408 ], [ 613996.207473650691099, 911740.184545987984166 ], [ 613991.195873779943213, 911667.554704853682779 ], [ 613977.245187403517775, 911648.359518352081068 ], [ 613972.185958622954786, 911626.674836810328998 ], [ 613970.936332048149779, 911605.01491215522401 ], [ 613968.413265583687462, 911587.167622616630979 ], [ 613967.15649449324701, 911573.149468788295053 ], [ 613962.090122290654108, 911559.106563542969525 ], [ 613940.529770363005809, 911529.672871780698188 ], [ 613905.00685137999244, 911493.78029033401981 ], [ 613836.492458674823865, 911430.92703254299704 ], [ 613835.239269261597656, 911413.088021542178467 ], [ 613835.252371165668592, 911399.078140684287064 ], [ 613856.931761783664115, 911301.149280323763378 ], [ 613853.145979092572816, 911275.652036136714742 ], [ 613854.436080209678039, 911254.00867285230197 ], [ 613864.60570372233633, 911242.612060656188987 ], [ 613896.365389934275299, 911228.808457251056097 ], [ 613905.273473592125811, 911208.488223202177323 ], [ 613923.072977509698831, 911185.678492639563046 ], [ 613945.000641925144009, 911155.578114789794199 ], [ 613963.772821539314464, 911117.166802727035247 ], [ 613969.222573819453828, 911088.231592920841649 ], [ 613965.093803924974054, 911062.40925356792286 ], [ 613956.609415314742364, 911047.189691312611103 ], [ 613932.411739213508554, 911038.768766495515592 ], [ 613905.052445449749939, 911046.132410484482534 ], [ 613881.278124370728619, 911066.959276511799544 ], [ 613869.833898587967269, 911083.442122784792446 ], [ 613854.572943237610161, 911107.541955980705097 ], [ 613824.071248811320402, 911134.090028961887583 ], [ 613808.829325330676511, 911137.811889726435766 ], [ 613788.516284964978695, 911132.585383802070282 ], [ 613764.400803858181462, 911119.692385657923296 ], [ 613754.260956753627397, 911099.24841418734286 ], [ 613746.659644939820282, 911080.094570648740046 ], [ 613744.136590599315241, 911062.247356613050215 ], [ 613736.536470881779678, 911041.819896763423458 ], [ 613728.94230549223721, 911015.024331505293958 ], [ 613707.388004463980906, 910979.222660564933904 ], [ 613664.27466406126041, 910912.713830804219469 ], [ 613637.677865337580442, 910837.396962513332255 ], [ 613608.556842845166102, 910745.506590305827558 ], [ 613575.615546831861138, 910665.054094728897326 ], [ 613493.205836120876484, 910524.419857774511911 ], [ 613394.196393975289539, 910481.746890949551016 ], [ 613387.825665018521249, 910504.630717201740481 ], [ 613372.559981625177898, 910533.824860458844341 ], [ 613343.327066602534615, 910561.654609167249873 ], [ 613316.639816387323663, 910583.132776607526466 ], [ 613284.873134272638708, 910604.577925428748131 ], [ 613258.206156149273738, 910604.404600653680973 ], [ 613231.539179934072308, 910604.231270987889729 ], [ 613199.784425473539159, 910612.940233673667535 ], [ 613202.318168133031577, 910619.324823812232353 ], [ 613203.5748918117024, 910633.342858898336999 ], [ 613202.291902569355443, 910647.344386782962829 ], [ 613188.304378650151193, 910667.631455162889324 ], [ 613160.332900762674399, 910704.384740671725012 ], [ 613155.23555557616055, 910723.455976598197594 ], [ 613157.759738837601617, 910740.029510261723772 ], [ 613176.782507109921426, 910766.899301370489411 ], [ 613181.841628035996109, 910788.583821979234926 ], [ 613180.53592952946201, 910826.784105559927411 ], [ 613163.996710187057033, 910859.790860999026336 ], [ 613141.109385584946722, 910891.482721942593344 ], [ 613101.712695640744641, 910924.340871378662996 ], [ 613081.3818073424045, 910938.2185764425667 ], [ 613031.791522857150994, 911007.945605927146971 ], [ 613000.001960179186426, 911053.589468697435223 ], [ 612966.913771071936935, 911129.791950176120736 ], [ 612951.622746326611377, 911185.732141605112702 ], [ 612909.651447579264641, 911255.508741087513044 ], [ 612885.476140321465209, 911306.296659516054206 ], [ 612842.231298928731121, 911379.885876224725507 ], [ 612815.51981128717307, 911426.836421815445647 ], [ 612768.477303612977266, 911487.664641486597247 ], [ 612707.453049962292425, 911562.411826968658715 ], [ 612591.83064248948358, 911630.435577648342587 ], [ 612499.082535586785525, 911680.777256451430731 ], [ 612438.099020507885143, 911712.221142568392679 ], [ 612407.582557825720869, 911754.052354451385327 ], [ 612383.416597212199122, 911794.651269109337591 ], [ 612267.65997164894361, 912004.047066163970158 ], [ 612226.939781722379848, 912092.936288639320992 ], [ 612168.416023508878425, 912208.455929084680974 ], [ 612137.898135886178352, 912251.560781148727983 ], [ 612106.117616969626397, 912287.015599661390297 ], [ 612066.725139985908754, 912314.779029130819254 ], [ 612018.435110242804512, 912351.399944052216597 ], [ 612003.185813936172053, 912362.763341006822884 ], [ 611996.821952370577492, 912378.005516031407751 ], [ 611982.829199860105291, 912403.387086263741367 ], [ 611979.002645820844918, 912421.193061365745962 ], [ 611980.248294085497037, 912446.673891938640736 ], [ 611961.179690861725248, 912468.201497631263919 ], [ 611914.163085512584075, 912501.00977232772857 ], [ 611865.8911414782051, 912518.526217656792141 ], [ 611848.110568211763166, 912520.957656194106676 ], [ 611821.436070811701939, 912528.425694185658358 ], [ 611797.303733704611659, 912533.363016810268164 ], [ 611782.048339237109758, 912551.094531609560363 ], [ 611780.768766470602714, 912561.27528477855958 ], [ 611774.402442077640444, 912579.064715056098066 ], [ 611761.677067375858314, 912607.001806960674003 ], [ 611750.230049899197184, 912626.031773119349964 ], [ 611724.820545946713537, 912638.602578500285745 ], [ 611677.805062050232664, 912670.137143097701482 ], [ 611623.153339514858089, 912719.452846869593486 ], [ 611635.821650982601568, 912751.376335612265393 ], [ 611623.101087439223193, 912774.218912973650731 ], [ 611605.299826271017082, 912798.302017606329173 ], [ 611572.257693806081079, 912824.833067246363498 ], [ 611490.916708755656146, 912896.900272125843912 ], [ 611401.962516332743689, 912962.549612943432294 ], [ 611354.928595974342898, 913013.188535171211697 ], [ 611319.31982024339959, 913067.722854480496608 ], [ 611246.870120014064014, 913137.300633074017242 ], [ 611137.594085911987349, 913206.638225851696916 ], [ 611038.451273620361462, 913302.788263540482149 ], [ 610957.117122699972242, 913367.21340042736847 ], [ 610892.319394904887304, 913402.452635794994421 ], [ 610824.97822618088685, 913441.496166818891652 ], [ 610744.889289293438196, 913531.402126004802994 ], [ 610619.088501455495134, 913617.188820073613897 ], [ 610539.033724789042026, 913671.432937389821745 ], [ 610356.094583861296996, 913750.478229449014179 ], [ 610316.696536337025464, 913783.335710818762891 ], [ 610268.395820838399231, 913830.145120098488405 ], [ 610234.07230460178107, 913868.130282991216518 ], [ 610170.53674304462038, 913911.01926089474 ], [ 610030.779118074802682, 913983.977843425469473 ], [ 609770.311681055580266, 914130.019000423024409 ], [ 609545.43626070569735, 914239.356582220643759 ], [ 609500.970833181752823, 914259.444281452801079 ], [ 609385.370108565781265, 914301.992598767043091 ], [ 609269.778036130825058, 914335.625364823266864 ], [ 609168.138412952539511, 914385.906611327198334 ], [ 609086.816734971827827, 914436.320633148658089 ], [ 609029.632583928410895, 914476.70330004952848 ], [ 608954.668912348221056, 914518.243312635924667 ], [ 608878.435333795845509, 914559.774976442568004 ], [ 608698.024591338238679, 914649.023587495670654 ], [ 608535.363224613014609, 914767.681908563594334 ], [ 608361.280249015777372, 914878.623421624884941 ], [ 608320.606682069133967, 914916.56656090170145 ], [ 608286.288735267473385, 914948.183065547957085 ], [ 608255.78666411829181, 914973.456314492621459 ], [ 608222.756102284300141, 914987.250196566106752 ], [ 608202.42680636246223, 914998.579925850383006 ], [ 608179.562766689341515, 915004.798476691241376 ], [ 608121.152215731330216, 915000.595148013439029 ], [ 608053.808655614731833, 915040.91088968096301 ], [ 607898.785843816353008, 915139.240138717694208 ], [ 607793.339599978295155, 915185.674447220400907 ], [ 607647.223287213710137, 915266.230694373836741 ], [ 607403.188889232114889, 915484.972648650524206 ], [ 607318.019996060989797, 915572.29616274125874 ], [ 607213.823033188236877, 915639.116553377592936 ], [ 607147.727415446075611, 915701.092043162207119 ], [ 607095.59409111586865, 915769.527285043732263 ], [ 607067.627650226699188, 915798.637854415923357 ], [ 607005.355462865903974, 915846.628226417931728 ], [ 606954.523556041764095, 915883.230746737564914 ], [ 606927.819346816046163, 915919.991464874707162 ], [ 606882.061850294470787, 915961.721834118478 ], [ 606819.785739657469094, 916013.533054781262763 ], [ 606734.660618835594505, 916056.278836353449151 ], [ 606686.35438610217534, 916106.907978950417601 ], [ 606608.844666781369597, 916153.524583944003098 ], [ 606452.551414323039353, 916250.570253572426736 ], [ 606355.966622438980266, 916323.808215631986968 ], [ 606328.012676272192039, 916340.182231594691984 ], [ 606214.949902021558955, 916382.744335277122445 ], [ 606065.041388746351004, 916444.169232415268198 ], [ 606053.6009699186543, 916455.556988853611983 ], [ 606043.422773798578419, 916474.594937212648802 ], [ 606031.974692332092673, 916493.624549645814113 ], [ 606028.130581644014455, 916527.987900045933202 ], [ 606049.686669548274949, 916559.970707844477147 ], [ 606039.494417752022855, 916593.018746710382402 ], [ 606012.778355201589875, 916641.242134652915411 ], [ 605972.089720765128732, 916693.19474421988707 ], [ 605922.509312666021287, 916747.636270260903984 ], [ 605836.068973898771219, 916834.950717899831943 ], [ 605761.090776940342039, 916889.225408874335699 ], [ 605674.684851633035578, 916942.151344457291998 ], [ 605614.960554647492245, 916981.242304678307846 ], [ 605599.706557692843489, 916996.425949458964169 ], [ 605602.213000284158625, 917029.557426566258073 ], [ 605556.431740209809504, 917094.213056193897501 ], [ 605504.32153508241754, 917138.448619992122985 ], [ 605442.057349077076651, 917177.522827711771242 ], [ 605354.385141689213924, 917226.619286333443597 ], [ 605306.078074226505123, 917277.248049878864549 ], [ 605275.576381905470043, 917301.247051096870564 ], [ 605236.199621523730457, 917311.177502373699099 ], [ 605219.682098001008853, 917319.984531254740432 ], [ 605215.855719124781899, 917336.516907170182094 ], [ 605178.985271602869034, 917379.578868286916986 ], [ 605060.780230181757361, 917483.241667612455785 ], [ 604863.856197822839022, 917572.376552479458041 ], [ 604726.633506887708791, 917645.346251967828721 ], [ 604665.64661700418219, 917676.786568307201378 ], [ 604612.28808169241529, 917699.361433878424577 ], [ 604547.482443737564608, 917739.692176895099692 ], [ 604532.202402295661159, 917780.348694634390995 ], [ 604473.757799618761055, 917809.258333664969541 ], [ 604417.862019520602189, 917829.26911340712104 ], [ 604313.675510023720562, 917883.350876049371436 ], [ 604013.797647959669121, 918062.23670702020172 ], [ 603815.585816607461311, 918167.919107644236647 ], [ 603360.5470448913984, 918512.891727645765059 ], [ 603266.941629067179747, 918542.545148950186558 ], [ 603178.528827516594902, 918568.576969258254394 ], [ 603125.899525492684916, 918587.002546814852394 ], [ 603041.209681350854225, 918615.704859501915053 ], [ 602949.575052638305351, 918663.193025752902031 ], [ 602846.73109796945937, 918703.936815327382647 ], [ 602749.984453190118074, 918752.511429936741479 ], [ 602713.716648306581192, 918775.32711277413182 ], [ 602670.366090269060805, 918781.39438504865393 ], [ 602610.872601374867372, 918816.07071702554822 ], [ 602587.122291661449708, 918844.408456601668149 ], [ 602540.509502578992397, 918873.199648302979767 ], [ 602506.858154027257115, 918893.570787853561342 ], [ 602443.439836903125979, 918931.913779675960541 ], [ 602338.560940750758164, 918996.693829386960715 ], [ 602233.157284992863424, 919077.950881318189204 ], [ 602104.867350946646184, 919200.265445256372914 ], [ 602063.164524568244815, 919234.307266244781204 ], [ 602036.013984804507345, 919249.834561044466682 ], [ 601996.184475611429662, 919264.909561085747555 ], [ 601924.940097565762699, 919269.981532031786628 ], [ 601673.704179662279785, 919386.640898212674074 ], [ 601331.79394507384859, 919600.308606873382814 ], [ 601186.842416856903583, 919687.767382189631462 ], [ 601121.291482457192615, 919713.34459492424503 ], [ 601032.958758641965687, 919736.840011119493283 ], [ 601006.954848979366943, 919756.214744267868809 ], [ 600983.567474481649697, 919773.145012491731904 ], [ 600967.66635867767036, 919794.149122264469042 ], [ 600940.192665451322682, 919819.815953264245763 ], [ 600913.704241315135732, 919854.40030911040958 ], [ 600895.388433224405162, 919871.511525506852195 ], [ 600871.597283032489941, 919901.116478760959581 ], [ 600837.380312270717695, 919939.231795236002654 ], [ 600782.957702484331094, 919974.088302116724662 ], [ 600712.092770141665824, 920007.089168601552956 ], [ 600668.459333990584128, 920022.028039822005667 ], [ 600597.352104771649465, 920062.633668085210957 ], [ 600516.844637676840648, 920119.399668803205714 ], [ 600402.725679233204573, 920195.268781941966154 ], [ 600324.551982791977935, 920258.462523704045452 ], [ 600202.163280603010207, 920315.002681519719772 ], [ 599991.942036514286883, 920419.16463423462119 ], [ 599867.816595469601452, 920530.205772410146892 ], [ 599703.400881915469654, 920630.926430068444461 ], [ 599504.509349479456432, 920738.02985255443491 ], [ 599362.091863993671723, 920825.57723824866116 ], [ 599283.109676387393847, 920914.119883872568607 ], [ 599192.377402965212241, 920973.058032039785758 ], [ 599121.390665847342461, 921009.860485245124437 ], [ 599022.090448590926826, 921019.004986125510186 ], [ 598881.546354791615158, 921087.585038680816069 ], [ 598804.139233378926292, 921126.695962616475299 ], [ 598727.055257383966818, 921155.667054973891936 ], [ 598612.434575210674666, 921207.407450452330522 ], [ 598575.081835664110258, 921209.437605172977783 ], [ 598536.790770036983304, 921214.900870310375467 ], [ 598513.079259275458753, 921234.959289900143631 ], [ 598483.462935041869059, 921271.32456682738848 ], [ 598453.331619738601148, 921300.702830452821217 ], [ 598410.278877759585157, 921337.233273213845678 ], [ 598354.627900908701122, 921370.77609195956029 ], [ 598306.164835932664573, 921377.928271787706763 ], [ 598252.589764882693999, 921386.166838648030534 ], [ 598203.884289946057834, 921400.923824601224624 ], [ 598164.094522376311943, 921414.730197419878095 ], [ 598134.44796137092635, 921428.898707336280495 ], [ 598092.081979955895804, 921443.881995102390647 ], [ 598064.930809968383983, 921459.408501252881251 ], [ 598039.992209487711079, 921485.165331347845495 ], [ 598017.791423077811487, 921504.675328647252172 ], [ 597985.568630620953627, 921520.020740520791151 ], [ 597962.342358285561204, 921531.880615637055598 ], [ 597916.915277933469042, 921563.250468938145787 ], [ 597849.529794555273838, 921606.525435737916268 ], [ 597776.724315039347857, 921700.363535203388892 ], [ 597712.319022717769258, 921729.786765194847248 ], [ 597654.29363339592237, 921758.16885803733021 ], [ 597610.498013645876199, 921778.176617965335026 ], [ 597566.661977275274694, 921799.451838504872285 ], [ 597517.931177657097578, 921854.813045528018847 ], [ 597411.659781711990945, 921923.346530562266707 ], [ 597313.039393354905769, 922066.143353111459874 ] ] ] ] } },
{ "type": "Feature", "properties": { "FID_1": 4, "AREA_HA": 1272.056, "RESERVA": "RESERVA INDIGENA GUAYMI DE ALTOS DE SAN ANTONIO", "are_ha": 1272.31, "RI": "RESERVA INDIGENA" }, "geometry": { "type": "MultiPolygon", "coordinates": [ [ [ [ 628725.361594115383923, 955105.807115607662126 ], [ 628725.582946317619644, 955105.779455923475325 ], [ 628736.584326101001352, 955090.686248935759068 ], [ 628759.316960329655558, 955051.296132090501487 ], [ 628806.9808648834005, 954955.709805260063149 ], [ 628827.006804605596699, 954863.674627783941105 ], [ 628831.235118883196265, 954722.303503905539401 ], [ 628851.289783478947356, 954645.975401353673078 ], [ 628880.36514038965106, 954594.313225144520402 ], [ 628922.817059315275401, 954495.505426396615803 ], [ 628910.686527583398856, 954304.79973999178037 ], [ 628902.091746126301587, 954206.64680900122039 ], [ 628913.032672528526746, 954055.166502575506456 ], [ 628887.807996762101538, 953760.146348682465032 ], [ 628941.585946268052794, 953719.658165625296533 ], [ 628975.169295574189164, 953679.207107520778663 ], [ 628984.004325318732299, 953602.899991320911795 ], [ 628934.507746398448944, 953531.187915099668317 ], [ 628920.970409503788687, 953490.823574745212682 ], [ 628923.115175460348837, 953436.967319845338352 ], [ 628943.198246836080216, 953376.346538049168885 ], [ 628967.785486553097144, 953324.692856596782804 ], [ 628972.165783960837871, 953266.344841518905014 ], [ 628949.450686884694733, 953116.049180652946234 ], [ 628942.582859541056678, 953042.015060902340338 ], [ 628937.934062486281618, 952954.513851776253432 ], [ 628910.789085261756554, 952835.64038591447752 ], [ 628865.755461312597618, 952750.457509759580716 ], [ 628816.292061333893798, 952696.696539121447131 ], [ 628766.878271543653682, 952669.86151057947427 ], [ 628686.050932651152834, 952643.084313497995026 ], [ 628560.43384349939879, 952663.510016619111411 ], [ 628437.118376717204228, 952715.345038013998419 ], [ 628387.783102402114309, 952731.142599208513275 ], [ 628286.839849222335033, 952747.035019392380491 ], [ 628192.636328487074934, 952767.402649674215354 ], [ 628069.226004880154505, 952767.629389153677039 ], [ 627999.638633933151141, 952752.050388400210068 ], [ 627912.0759930703789, 952723.041396364453249 ], [ 627860.319788146531209, 952642.358597147860564 ], [ 627860.237387869972736, 952597.482196759432554 ], [ 627866.874077728716657, 952545.861989258322865 ], [ 627891.424212518380955, 952474.014459536178038 ], [ 627972.148095102980733, 952444.696425563073717 ], [ 628012.43787157733459, 952390.770569851039909 ], [ 628137.868930283933878, 952269.373420655610971 ], [ 628198.352958538220264, 952215.410386342555285 ], [ 628308.130730006145313, 952123.211606397060677 ], [ 628400.044616372790188, 952078.165936328587122 ], [ 628512.049503672053106, 951976.987596650724299 ], [ 628653.161833212478086, 951842.098176713567227 ], [ 628720.360467929509468, 951779.147253746516071 ], [ 628785.35248656233307, 951736.394771951716393 ], [ 628866.038765470380895, 951686.881835912703536 ], [ 628955.634005105355754, 951601.451252944185399 ], [ 628991.439765167422593, 951549.777256024768576 ], [ 629009.261845326051116, 951480.185896001523361 ], [ 629013.691463956842199, 951448.764229170978069 ], [ 629036.017704466823488, 951388.13985699811019 ], [ 629076.207359339576215, 951280.362299236701801 ], [ 629112.054438988910988, 951251.126424562069587 ], [ 629161.302164494525641, 951188.208501464105211 ], [ 629185.843051071395166, 951111.873341523925774 ], [ 629179.007914758520201, 951055.790560908149928 ], [ 628988.50161350495182, 950930.937846130342223 ], [ 628913.000290891155601, 950871.840719571453519 ], [ 628842.887472445494495, 950814.528700914001092 ], [ 628819.452424504444934, 950760.720554516650736 ], [ 628792.394134643953294, 950688.968654266907834 ], [ 628758.135792733868584, 950606.459821048891172 ], [ 628717.406681937165558, 950604.291268222150393 ], [ 628638.909971169545315, 950624.069585224147886 ], [ 628582.866788597078994, 950652.220671046758071 ], [ 628445.485883535235189, 950680.52187855320517 ], [ 628350.17620559502393, 950708.74533593095839 ], [ 628314.312688446370885, 950729.005753485602327 ], [ 628273.978123375331052, 950758.249631487065926 ], [ 628197.800692941062152, 950818.972875780891627 ], [ 628143.990891055669636, 950841.51014168583788 ], [ 628053.701783802593127, 950854.578440159442835 ], [ 627858.222761772340164, 950709.091351154725999 ], [ 627676.463033522479236, 950702.69467809877824 ], [ 627534.9223741783062, 950604.22803874197416 ], [ 627104.920858099823818, 950128.213037344510667 ], [ 626511.33359268901404, 949948.567098268424161 ], [ 626428.897786934743635, 950022.31454520940315 ], [ 626412.755782288615592, 950029.52428404870443 ], [ 626341.034027621964924, 950072.736560122924857 ], [ 626272.935218880185857, 950133.892418176401407 ], [ 626179.722114348900504, 950203.845058150705881 ], [ 625915.252555365324952, 950365.882207733811811 ], [ 625899.533788884757087, 950359.179647252080031 ], [ 625856.815739674842916, 950312.138435984146781 ], [ 625836.572446848032996, 950285.250118661671877 ], [ 625814.048400380997919, 950238.171946947462857 ], [ 625789.301134667941369, 950202.316768751712516 ], [ 625766.814087643870153, 950175.432582612847909 ], [ 625746.579038409283385, 950153.031837453483604 ], [ 625708.42257712839637, 950146.370372005389072 ], [ 625674.761883964762092, 950144.188227135688066 ], [ 625650.117361864889972, 950164.427363748895004 ], [ 625603.067967128008604, 950202.65774508821778 ], [ 625573.915352412150241, 950211.686220837873407 ], [ 625542.506646760855801, 950213.987480279989541 ], [ 625502.090010904590599, 950198.35498253046535 ], [ 625466.193770642159507, 950200.664439426735044 ], [ 625430.289324132725596, 950198.486346120480448 ], [ 625403.355862097349018, 950194.048057961394079 ], [ 625392.14111149974633, 950196.312349834362976 ], [ 625360.830908521544188, 950252.464077008073218 ], [ 625349.685906405909918, 950292.872479445184581 ], [ 625347.561111638555303, 950357.945974388509057 ], [ 625343.176120772608556, 950414.048502087127417 ], [ 625336.506327221170068, 950447.717409937875345 ], [ 625327.605057216132991, 950488.121746562654153 ], [ 625311.956050535547547, 950519.563294519786723 ], [ 625291.774380834191106, 950526.331524090957828 ], [ 625282.78288050997071, 950517.372828748892061 ], [ 625273.787281014607288, 950506.170359845738858 ], [ 625273.754477041657083, 950488.220168488682248 ], [ 625273.709369834396057, 950463.538658513105474 ], [ 625271.428689368884079, 950443.348799335886724 ], [ 625257.933243481209502, 950425.423220004187897 ], [ 625235.466810025274754, 950409.757818111684173 ], [ 625197.322676629875787, 950409.827523737330921 ], [ 625172.686277084518224, 950434.554117253865115 ], [ 625172.731371681788005, 950459.235615350888111 ], [ 625177.259911492466927, 950481.665145456558093 ], [ 625177.300903912051581, 950504.102877442259341 ], [ 625177.382884170277975, 950548.978350359015167 ], [ 625161.701057266676798, 950562.469685164629482 ], [ 625150.494481480447575, 950569.221499516395852 ], [ 625110.098352223983966, 950564.80771767674014 ], [ 625085.41684044606518, 950564.852792239631526 ], [ 625065.280237648985349, 950596.302499061683193 ], [ 625031.67688377876766, 950625.533010255894624 ], [ 625009.284199150046334, 950650.255486376467161 ], [ 624998.118571503204294, 950679.445030926726758 ], [ 624993.680167307029478, 950706.37851718312595 ], [ 625000.464731557411142, 950735.535306276637129 ], [ 625013.956051798770204, 950751.217162243439816 ], [ 625031.93083079974167, 950764.647053307620808 ], [ 625058.884814335848205, 950780.304338604444638 ], [ 625085.855187908513471, 950804.936730271554552 ], [ 625101.602586903260089, 950827.345828142366372 ], [ 625101.655832694843411, 950856.514933289261535 ], [ 625090.453326711780392, 950865.510521568357944 ], [ 625068.011454556952231, 950863.307697941316292 ], [ 625029.863143424037844, 950861.133535639732145 ], [ 625020.900318313506432, 950867.881245582480915 ], [ 625020.94126343447715, 950890.319018178852275 ], [ 625012.027566100121476, 950923.992059207404964 ], [ 624994.093718004529364, 950932.999921826994978 ], [ 624989.573411775520071, 950915.057888211100362 ], [ 624989.528378480812535, 950890.37633727886714 ], [ 624982.747918184031732, 950863.463295567431487 ], [ 624971.50446938269306, 950850.021105994470417 ], [ 624946.806551276124083, 950841.091033516568132 ], [ 624913.121252603130415, 950825.446005545207299 ], [ 624908.613233584328555, 950814.235313862212934 ], [ 624904.097027672105469, 950798.537072288920172 ], [ 624901.80822281318251, 950773.859638509107754 ], [ 624901.750910207629204, 950742.446790822548792 ], [ 624899.45391418854706, 950713.281817281385884 ], [ 624881.487344146938995, 950704.339472409687005 ], [ 624841.095318128354847, 950702.169383250526153 ], [ 624802.975721217575483, 950715.701606580405496 ], [ 624778.306487722322345, 950722.477945217513479 ], [ 624778.286025683628395, 950711.259078032919206 ], [ 624769.278192463796586, 950693.325262061320245 ], [ 624746.811815350898542, 950677.659775293432176 ], [ 624728.873908492270857, 950684.423830182524398 ], [ 624713.204323990619741, 950704.646427444531582 ], [ 624688.571916171582416, 950731.61670746805612 ], [ 624674.003068702644669, 950736.636996555025689 ], [ 624665.609373040031642, 950747.871202138019726 ], [ 624676.869147108285688, 950770.288481392199174 ], [ 624696.517508179182187, 950778.666837947675958 ], [ 624721.8059907235438, 950803.863271540496498 ], [ 624744.299990159575827, 950834.674259846564382 ], [ 624758.415635087527335, 950885.133631725679152 ], [ 624766.850249434122816, 950896.337168706231751 ], [ 624783.709253397537395, 950913.134805038687773 ], [ 624809.033563679200597, 950957.964309107628651 ], [ 624820.324044512817636, 950997.209953812649474 ], [ 624823.241265332675539, 951058.908731712261215 ], [ 624834.587988038780168, 951129.006366623099893 ], [ 624832.008206291589886, 951252.419384945300408 ], [ 624862.926656142110005, 951288.824599637649953 ], [ 624902.259302550577559, 951325.214486592449248 ], [ 624905.120265683275647, 951356.061384838307276 ], [ 624924.845387686393224, 951406.510722265695222 ], [ 624930.500855278456584, 951431.743065945804119 ], [ 624947.359909574035555, 951448.540775234578177 ], [ 624981.052466552471742, 951468.112543406197801 ], [ 625023.143890096107498, 951479.254777706577443 ], [ 625068.070738352602348, 951507.220285065704957 ], [ 625101.794012825470418, 951543.620448229601607 ], [ 625132.727908718748949, 951588.439936713548377 ], [ 625152.458217120496556, 951641.694101494387724 ], [ 625163.718070556991734, 951664.111531087895855 ], [ 625200.251240261481144, 951703.311358587932773 ], [ 625228.375326347420923, 951745.331276474287733 ], [ 625253.68957044929266, 951784.551582981133834 ], [ 625287.418042571982369, 951823.75655777764041 ], [ 625332.339917668607086, 951848.917381890001707 ], [ 625357.643966546398588, 951882.528235157253221 ], [ 625366.124686720897444, 951918.974528792081401 ], [ 625377.394804906565696, 951947.001489731133915 ], [ 625394.248836259124801, 951960.994512695237063 ], [ 625427.941561932791956, 951980.566331208916381 ], [ 625458.82443758752197, 951997.338521247613244 ], [ 625498.157369164517149, 952033.728574402630329 ], [ 625537.46985210920684, 952058.899652439635247 ], [ 625576.736295780865476, 952058.828016253071837 ], [ 625613.213350874953903, 952067.175727655761875 ], [ 625635.728093303157948, 952109.205987721215934 ], [ 625633.046163564780727, 952176.525051931967027 ], [ 625610.76678331324365, 952263.513201766414568 ], [ 625627.784568235045299, 952367.258276216220111 ], [ 625653.13987612456549, 952428.91678340092767 ], [ 625684.089355025324039, 952482.150826755445451 ], [ 625698.22054687445052, 952541.025092399679124 ], [ 625718.007283822167665, 952625.131959030171856 ], [ 625729.400201254524291, 952720.473249867092818 ], [ 625743.608090593712404, 952821.419006364652887 ], [ 625771.778418538160622, 952888.68212750996463 ], [ 625785.914717352483422, 952950.36132244754117 ], [ 625786.001634130254388, 952998.042290056706406 ], [ 625774.915493767592125, 953070.986595988506451 ], [ 625772.26406908838544, 953155.13465669634752 ], [ 625794.835083718411624, 953228.017695318325423 ], [ 625865.046283206669614, 953278.375738644273952 ], [ 625909.948146615177393, 953292.317794932750985 ], [ 625932.529440216603689, 953370.810455599566922 ], [ 625932.636781348148361, 953429.710648173349909 ], [ 625952.413298644358292, 953508.20849494880531 ], [ 625988.931577896233648, 953538.994559203158133 ], [ 626098.399590663611889, 953583.671589654171839 ], [ 626140.553039804566652, 953628.471315306494944 ], [ 626171.48739860591013, 953673.291506533394568 ], [ 626224.854888567817397, 953715.266026973025873 ], [ 626281.042530504637398, 953765.649780925363302 ], [ 626334.415196952875704, 953810.42910065909382 ], [ 626396.186896516010165, 953846.778737568412907 ], [ 626429.885215644957498, 953869.155614767223597 ], [ 626488.821486177621409, 953888.681663698633201 ], [ 626536.559107726905495, 953919.447309024166316 ], [ 626598.336033621337265, 953958.601725884363987 ], [ 626640.464129535597749, 953989.377610139432363 ], [ 626688.171107795089483, 954003.314534738659859 ], [ 626730.212210617144592, 953986.409023316577077 ], [ 626755.429702447378077, 953972.339007494738325 ], [ 626783.467341064359061, 953966.678229387733154 ], [ 626822.739496562862769, 953969.411325579858385 ], [ 626873.251301125739701, 953983.34308088873513 ], [ 626909.754539828631096, 954005.714807332027704 ], [ 626940.658454885007814, 954033.706359597388655 ], [ 626985.581213728059083, 954058.867510696290992 ], [ 627041.69753979856614, 954069.984207119327039 ], [ 627184.73683424887713, 954066.91803738696035 ], [ 627207.154673630488105, 954055.657854063785635 ], [ 627246.401270541246049, 954044.36690314183943 ], [ 627296.877297398168594, 954038.665014836587943 ], [ 627364.192352190730162, 954038.541921969270334 ], [ 627448.320797875523567, 954029.973634614376351 ], [ 627498.776318283635192, 954013.052502023638226 ], [ 627549.267764862626791, 954015.764916463405825 ], [ 627596.954425137490034, 954018.482450367999263 ], [ 627639.052037465386093, 954032.429424942936748 ], [ 627667.141078858752735, 954054.816456706495956 ], [ 627689.620533197070472, 954077.213759645703249 ], [ 627714.889387645176612, 954091.191537108737975 ], [ 627768.252453174674883, 954130.361151417484507 ], [ 627807.596681219525635, 954172.361249523586594 ], [ 627841.346732125501148, 954222.786034119897522 ], [ 627872.286860263790004, 954270.411171035375446 ], [ 627883.598512640222907, 954320.877077491488308 ], [ 627889.315960761974566, 954379.767684299382381 ], [ 627889.413521970622241, 954433.058972164872102 ], [ 627906.324508792720735, 954477.905053147813305 ], [ 627923.230364459566772, 954519.946342156152241 ], [ 627956.959936908562668, 954559.15203010418918 ], [ 627974.993889915756881, 954604.557061533909291 ], [ 627993.010390143492259, 954640.425756136304699 ], [ 628029.014650721335784, 954696.45623426605016 ], [ 628058.250411098822951, 954732.304415277205408 ], [ 628087.486182186636142, 954768.152605368290097 ], [ 628116.701423931750469, 954792.781552435364574 ], [ 628139.172796742175706, 954810.691275012562983 ], [ 628170.627797439577989, 954833.072267549228854 ], [ 628449.161533611593768, 954994.120093064382672 ], [ 628624.19876544631552, 955002.774770633433945 ], [ 628725.361594115383923, 955105.807115607662126 ] ] ] ] } },
{ "type": "Feature", "properties": { "FID_1": 5, "AREA_HA": 1085.499, "RESERVA": "RESERVA INDIGENA DE CHINA KICHA", "are_ha": 1085.37, "RI": "RESERVA INDIGENA" }, "geometry": { "type": "MultiPolygon", "coordinates": [ [ [ [ 558141.607276817783713, 1012053.360943990526721 ], [ 558106.914321247604676, 1012041.848334552836604 ], [ 558058.485419317963533, 1012026.785604037344456 ], [ 558010.052467793924734, 1012008.6973294619238 ], [ 557958.533114007557742, 1011945.230066580697894 ], [ 557906.997554559959099, 1011869.660680806380697 ], [ 557891.772486472735181, 1011797.068156648892909 ], [ 557861.46033879427705, 1011754.751274716458283 ], [ 557819.070417772745714, 1011730.603823948767968 ], [ 557788.819150556926616, 1011733.669929801370017 ], [ 557770.694354397361167, 1011754.872997576370835 ], [ 557722.362899262341671, 1011812.423019923968241 ], [ 557704.294867124059238, 1011875.983553603524342 ], [ 557658.976734662079252, 1011924.452921646065079 ], [ 557625.718154711648822, 1011941.137957558850758 ], [ 557544.053045986220241, 1011959.400607367395423 ], [ 557471.488847026717849, 1011995.804274720721878 ], [ 557401.889402799541131, 1011986.820853595621884 ], [ 557295.971418267698027, 1011968.809410774381831 ], [ 557226.420589465065859, 1011996.132338113733567 ], [ 557147.776959380484186, 1012011.365251447889023 ], [ 557102.377772474545054, 1011999.323826653766446 ], [ 557084.171967206406407, 1011960.016185196116567 ], [ 557084.135545608238317, 1011932.786397112300619 ], [ 557117.331402147654444, 1011869.205716371769086 ], [ 557168.672322980361059, 1011799.549691124935634 ], [ 557186.71213472133968, 1011714.810561210149899 ], [ 557183.557025638408959, 1011617.997692300239578 ], [ 557159.267762933857739, 1011554.494009620975703 ], [ 557110.778347385581583, 1011494.048266801401041 ], [ 557062.297053302288987, 1011439.653588172164746 ], [ 556998.712447800673544, 1011403.432306068367325 ], [ 556923.054100575740449, 1011388.405873256619088 ], [ 556874.657855344819836, 1011397.547191903577186 ], [ 556841.437778886524029, 1011442.974558659247123 ], [ 556814.284918331541121, 1011500.495934557984583 ], [ 556802.292026938986965, 1011582.201300766901113 ], [ 556814.487158372881822, 1011651.772230899427086 ], [ 556829.681530121481046, 1011701.673209025524557 ], [ 556856.975997771485709, 1011750.045256840414368 ], [ 556854.055624407716095, 1011828.713053989573382 ], [ 556835.991411833208986, 1011895.298975296667777 ], [ 556814.893565217964351, 1011955.837892460171133 ], [ 556775.626341371214949, 1012004.298949320451356 ], [ 556700.068878902704455, 1012064.910630143829621 ], [ 556612.389049007324502, 1012110.410787182976492 ], [ 556542.850271913805045, 1012146.810079262591898 ], [ 556467.260411725495942, 1012183.217424169648439 ], [ 556424.929193902993575, 1012202.939908363507129 ], [ 556361.409149871440604, 1012215.12680582748726 ], [ 556291.793652088148519, 1012194.040899968589656 ], [ 556213.09350970108062, 1012166.916019111755304 ], [ 556104.121953718014993, 1012127.729330073809251 ], [ 556028.451436655363068, 1012103.62590386311058 ], [ 555937.685543975559995, 1012103.746848722686991 ], [ 555889.289163115550764, 1012112.887925327057019 ], [ 555825.765134512446821, 1012122.049137903493829 ], [ 555765.254549980745651, 1012122.129716263036244 ], [ 555728.948201582301408, 1012122.17805553949438 ], [ 555683.537076353095472, 1012101.059772823587991 ], [ 555665.372830585809425, 1012092.763734871521592 ], [ 555593.471239760518074, 1012058.822187267127447 ], [ 555555.591755149071105, 1012013.489612529054284 ], [ 555540.423861039802432, 1011983.25448010105174 ], [ 555506.326304665883072, 1011937.916886530350894 ], [ 555498.671908839256503, 1011869.852641950245015 ], [ 555479.782508646603674, 1011885.005425705458038 ], [ 555434.444919955800287, 1011919.10295762703754 ], [ 555385.36565301718656, 1011983.460764029994607 ], [ 555313.579822949483059, 1012036.503019337891601 ], [ 555245.623627821099944, 1012125.468354360433295 ], [ 555207.864855787251145, 1012170.901524572749622 ], [ 555188.995515086571686, 1012201.181927707977593 ], [ 555120.981435507070273, 1012246.655292486655526 ], [ 555079.430659904843196, 1012284.529655080521479 ], [ 555075.688935336424038, 1012314.789962373557501 ], [ 555056.819562583230436, 1012345.070364635437727 ], [ 555026.60947055183351, 1012379.147745752008632 ], [ 554985.048611167585477, 1012409.458277086960152 ], [ 554947.249572425731458, 1012424.636132907588035 ], [ 554917.014354990096763, 1012439.803942263242789 ], [ 554894.398172041052021, 1012496.562746115028858 ], [ 554875.563888142234646, 1012553.316539824940264 ], [ 554834.018031423562206, 1012594.972793079447001 ], [ 554788.680210940539837, 1012629.070229356409982 ], [ 554754.688123604981229, 1012663.152609643875621 ], [ 554701.854149313294329, 1012748.315923717105761 ], [ 554648.97751450992655, 1012801.332951353862882 ], [ 554573.459469820489176, 1012892.199220004375093 ], [ 554539.492364493547939, 1012945.19117743964307 ], [ 554479.04679511662107, 1012994.436288410914131 ], [ 554411.022336208727211, 1013032.345644830027595 ], [ 554380.782003784785047, 1013043.73146853945218 ], [ 554297.604808530420996, 1013062.751223433879204 ], [ 554199.274906555423513, 1013062.881370316608809 ], [ 554180.430368771543726, 1013112.071341482573189 ], [ 554165.407770253368653, 1013191.511679137707688 ], [ 554161.810968524543568, 1013331.447791164391674 ], [ 554160.006928432849236, 1013397.161214137449861 ], [ 554179.0316108049592, 1013484.120473518851213 ], [ 554213.179005486425012, 1013567.277832005638629 ], [ 554262.404103297973052, 1013612.595927163376473 ], [ 554281.413810973055661, 1013688.209488393156789 ], [ 554251.1583730163984, 1013688.249510878580622 ], [ 554186.885577224078588, 1013703.462261994136497 ], [ 554099.951200356008485, 1013741.396569802542217 ], [ 553971.46055076806806, 1013813.423185931169428 ], [ 553903.473238289589062, 1013879.696906577679329 ], [ 553836.963198544806801, 1013919.116904139635153 ], [ 553776.528198505751789, 1013976.682164612459019 ], [ 553767.575385805219412, 1014070.486073747626506 ], [ 553803.981810684897937, 1014146.076822297880426 ], [ 553916.003012635163032, 1014203.41442798031494 ], [ 554034.07938047661446, 1014263.769566813949496 ], [ 554137.030064545455389, 1014325.657445916789584 ], [ 554170.903449131525122, 1014315.930901129147969 ], [ 554241.073854871327057, 1014298.895036780275404 ], [ 554345.060019535361789, 1014228.564637826522812 ], [ 554429.721027482999489, 1014187.305096464464441 ], [ 554521.620913078077137, 1014129.092830231529661 ], [ 554584.435427200165577, 1014040.663479835609905 ], [ 554640.156817144830711, 1014079.316819976666011 ], [ 554746.781214096583426, 1014173.57299725280609 ], [ 554935.657474999316037, 1014235.044187977560796 ], [ 554979.267147362348624, 1014266.452216066303663 ], [ 555039.829564496409148, 1014305.099119978258386 ], [ 555059.270111126126722, 1014363.164116589585319 ], [ 555088.360363726620562, 1014397.011846059001982 ], [ 555122.297932635410689, 1014435.694053630693816 ], [ 555173.19147131300997, 1014484.035589575069025 ], [ 555274.940098849241622, 1014551.673309817560948 ], [ 555330.640888251014985, 1014574.593732737121172 ], [ 555410.573467725422233, 1014618.0558500996558 ], [ 555475.970542348106392, 1014651.855430307565257 ], [ 555580.101261350559071, 1014690.444506890256889 ], [ 555664.884489081799984, 1014741.161512026446871 ], [ 555691.602632403257303, 1014811.31924338627141 ], [ 555761.87768164544832, 1014872.947573284734972 ], [ 555803.147504973341711, 1014964.870143242063932 ], [ 555817.785924499155954, 1015051.987196322996169 ], [ 555822.768230888759717, 1015158.480781152960844 ], [ 555827.66858966788277, 1015203.252783550648019 ], [ 555873.705462382757105, 1015239.498569362331182 ], [ 555941.574678238714114, 1015312.02228690229822 ], [ 555958.611093504005112, 1015382.193063794518821 ], [ 555987.753022746415809, 1015454.768252546200529 ], [ 555997.518427697941661, 1015517.687340010539629 ], [ 556036.318110657157376, 1015572.096265171072446 ], [ 556050.908375674276613, 1015622.906654561753385 ], [ 556067.96089046751149, 1015705.179844778147526 ], [ 556075.337984199402854, 1015792.306848523905501 ], [ 556082.812445780262351, 1015952.773950940463692 ], [ 556189.396479862742126, 1016015.564628947060555 ], [ 556226.228709027986042, 1016046.497730058035813 ], [ 556290.165031134034507, 1016073.522077033063397 ], [ 556328.884781837114133, 1016067.661509888945147 ], [ 556417.937378036556765, 1016052.052168414695188 ], [ 556452.763792210025713, 1016030.705738873919472 ], [ 556549.492360453936271, 1015962.803971038199961 ], [ 556621.081512787030078, 1015920.108491773833521 ], [ 556685.44208938407246, 1015902.111402236041613 ], [ 556767.74438771372661, 1015906.842841921257786 ], [ 556808.882656698930077, 1015899.526685355696827 ], [ 556908.102461242466234, 1015884.871792786289006 ], [ 556970.934684162726626, 1015809.75354443246033 ], [ 557041.041157772648148, 1015744.307479750947095 ], [ 557120.874606931349263, 1015712.735013522673398 ], [ 557166.848135444684885, 1015701.176519632339478 ], [ 557251.564441948896274, 1015701.06360608630348 ], [ 557272.747553646797314, 1015704.060955270892009 ], [ 557420.968837025109679, 1015679.658605832606554 ], [ 557508.686529141617939, 1015661.388062166981399 ], [ 557626.492449230048805, 1015517.51543468865566 ], [ 557714.117159513174556, 1015429.656433501048014 ], [ 557783.58832223014906, 1015341.821661399793811 ], [ 557819.778056894545443, 1015254.031354553997517 ], [ 557828.773938954807818, 1015193.507656522793695 ], [ 557795.395554869552143, 1015120.938265940640122 ], [ 557746.86707147595007, 1015031.74844624614343 ], [ 557686.218130087596364, 1014928.959748206543736 ], [ 557643.730753394542262, 1014832.197991295019165 ], [ 557595.155882289051078, 1014708.214224054361694 ], [ 557513.285640256362967, 1014573.685497138882056 ], [ 557467.817248724168167, 1014510.209185053128749 ], [ 557425.329996881075203, 1014413.447618771460839 ], [ 557382.867014593677595, 1014334.839485865784809 ], [ 557349.480747186462395, 1014256.219259802019224 ], [ 557358.44833545666188, 1014174.516929813544266 ], [ 557391.582005814649165, 1014064.039457897772081 ], [ 557418.710999200236984, 1013988.364053097437136 ], [ 557454.90451705257874, 1013903.599855275591835 ], [ 557485.050926392548718, 1013821.869321552221663 ], [ 557566.652020490379073, 1013755.197825741255656 ], [ 557627.134864574298263, 1013733.937998788082041 ], [ 557720.943368861451745, 1013745.914773089811206 ], [ 557763.2607112955302, 1013715.602516036946326 ], [ 557802.471502740052529, 1013624.783145438763313 ], [ 557820.525632021017373, 1013550.63270407973323 ], [ 557835.540010224096477, 1013465.896887736977078 ], [ 557850.497653020196594, 1013338.803341377642937 ], [ 557874.564329325337894, 1013235.902122425148264 ], [ 557934.982172315008938, 1013166.233373741502874 ], [ 558034.681463024928235, 1013058.692523234174587 ], [ 558122.300766996690072, 1012967.808399659232236 ], [ 558176.679530768189579, 1012907.224382499582134 ], [ 558191.718011494376697, 1012840.642015859833919 ], [ 558179.514371507219039, 1012765.019544606329873 ], [ 558140.090955527033657, 1012696.997487879241817 ], [ 558103.695133167668246, 1012630.484167507966049 ], [ 558058.198350301594473, 1012545.829773828736506 ], [ 558030.850795474136248, 1012458.125527785508893 ], [ 558027.727874771808274, 1012385.516568350838497 ], [ 558030.631683178828098, 1012294.746272164280526 ], [ 558042.648623171378858, 1012231.193693396635354 ], [ 558066.747413099510595, 1012152.497198689263314 ], [ 558106.006348783383146, 1012097.984729914460331 ], [ 558141.607276817783713, 1012053.360943990526721 ] ] ] ] } },
{ "type": "Feature", "properties": { "FID_1": 6, "AREA_HA": 1623.307, "RESERVA": "RESERVA INDIGENA DE MATAMBU", "are_ha": 1623.95, "RI": "RESERVA INDIGENA" }, "geometry": { "type": "MultiPolygon", "coordinates": [ [ [ [ 346294.76206113898661, 1116828.645020222757012 ], [ 345810.132683684816584, 1116508.114586885087192 ], [ 346783.978876987006515, 1114982.134501021588221 ], [ 346395.119568798341788, 1114375.667900699190795 ], [ 346361.899156415020116, 1114377.728935175109655 ], [ 346302.80351780646015, 1114379.747084241593257 ], [ 346270.827666676370427, 1114374.886816310230643 ], [ 346247.35365505941445, 1114351.813093132339418 ], [ 346216.999205934233032, 1114322.667217233218253 ], [ 346139.690779204946011, 1114309.302496121497825 ], [ 346076.953341360320337, 1114299.987034472636878 ], [ 346017.453876390936784, 1114292.290745960082859 ], [ 345961.19266242638696, 1114285.404298938577995 ], [ 345887.728842973825522, 1114276.964719671756029 ], [ 345820.269087681896053, 1114268.862887463998049 ], [ 345775.476751648588106, 1114255.366494385525584 ], [ 345738.780736134271137, 1114229.458124468335882 ], [ 345704.244488117168657, 1114191.67696014395915 ], [ 345679.423252067295834, 1114147.42027950193733 ], [ 345645.430459380615503, 1114073.480409278534353 ], [ 345632.483950822963379, 1114011.415578858461231 ], [ 345615.75652553117834, 1113982.810568594373763 ], [ 345585.887918307445943, 1113957.195035662967712 ], [ 343583.172198834596202, 1114509.683220534119755 ], [ 342384.566132173058577, 1116385.898977221688256 ], [ 341834.678836591891013, 1116611.375681687146425 ], [ 342135.214440127718262, 1117211.216585726710036 ], [ 342186.355856024252716, 1118561.362321560503915 ], [ 342061.630993330152705, 1118911.511780728586018 ], [ 342111.178081965423189, 1119402.767439494142309 ], [ 342144.876701136934571, 1119445.874159083236009 ], [ 342188.592666582902893, 1119431.30687363143079 ], [ 342235.549726422526874, 1119387.057276621228084 ], [ 342259.839225391042419, 1119352.519849123433232 ], [ 342284.125999978394248, 1119343.347597390413284 ], [ 342338.091970585926902, 1119368.718140518059954 ], [ 342383.966007711715065, 1119361.706860677339137 ], [ 342433.617138499044813, 1119362.791108504869044 ], [ 342475.709845853911247, 1119390.319294091081247 ], [ 342517.266963286558166, 1119377.910610862076283 ], [ 342557.746051291003823, 1119352.549452791688964 ], [ 342626.285860388656147, 1119355.79439507634379 ], [ 342666.224171843379736, 1119340.686961885541677 ], [ 342680.799407945189159, 1119302.370865528006107 ], [ 342682.961767142114695, 1119266.751724049448967 ], [ 342681.887069043179508, 1119218.179897523019463 ], [ 342700.239452297450043, 1119187.419575350359082 ], [ 342714.271544592455029, 1119185.262138849589974 ], [ 342748.771686363965273, 1119208.476703033549711 ], [ 342777.948879462550394, 1119243.554591608932242 ], [ 342816.804678610642441, 1119258.669633397599682 ], [ 342840.007003162405454, 1119301.307126602856442 ], [ 342870.764712764183059, 1119346.104196558473632 ], [ 342905.841642764396966, 1119373.091915501048788 ], [ 342913.93972061004024, 1119345.568712920648977 ], [ 342939.309434772352688, 1119299.697884610155597 ], [ 342960.26897162979003, 1119273.313264961121604 ], [ 342980.738117762841284, 1119261.375643113162369 ], [ 343018.263457585009746, 1119257.968026348622516 ], [ 343042.141064062598161, 1119275.027024788782001 ], [ 343070.012860131449997, 1119288.971666446886957 ], [ 343097.611492007155903, 1119284.564945764606819 ], [ 343145.382033278583549, 1119199.973822501953691 ], [ 343125.149088680977002, 1119146.947662570979446 ], [ 343106.128489118244033, 1119111.731199723435566 ], [ 343181.832462436053902, 1118979.785438672406599 ], [ 343204.910247814026661, 1118918.668214021949098 ], [ 343234.059982654638588, 1118849.051672953180969 ], [ 343253.898704101913609, 1118797.243787133833393 ], [ 343295.663760399213061, 1118728.235447534592822 ], [ 343377.12443304102635, 1118636.798226904589683 ], [ 343448.411163632641546, 1118563.10657778265886 ], [ 343506.699466060497798, 1118538.826472475659102 ], [ 343557.972077616665047, 1118515.085430893581361 ], [ 343618.98753122636117, 1118491.059769107028842 ], [ 344011.574087833520025, 1118509.846818387974054 ], [ 344485.194641501642764, 1117909.171658713836223 ], [ 345511.557706822757609, 1118258.583234692458063 ], [ 345836.493590298458003, 1118133.294770032865927 ], [ 346136.278297165874392, 1117833.00797555106692 ], [ 346436.421991605544463, 1117957.776745434617624 ], [ 346514.874352600600105, 1117867.061624118359759 ], [ 346552.986040285322815, 1117867.327061080140993 ], [ 346585.60690572479507, 1117868.289713545469567 ], [ 346606.716620740480721, 1117847.184048455441371 ], [ 346622.070353608520236, 1117820.321097756037489 ], [ 346650.855736875033472, 1117798.256646655034274 ], [ 346671.964989734231494, 1117781.948192697484046 ], [ 346696.911746565601788, 1117767.558950851438567 ], [ 346718.021457863855176, 1117746.453285557916388 ], [ 346748.725038643518928, 1117731.105272555258125 ], [ 346768.874323290539905, 1117721.512781051918864 ], [ 346786.146144111989997, 1117700.406747713685036 ], [ 346810.134862204431556, 1117672.585302724968642 ], [ 346837.960457277367823, 1117655.317968560149893 ], [ 346851.393393304490019, 1117646.684155400376767 ], [ 346858.748907940636855, 1117632.983571738004684 ], [ 346820.162299740011804, 1117605.21213232097216 ], [ 346782.746879362384789, 1117574.506442875834182 ], [ 346742.455057516577654, 1117527.490002949722111 ], [ 346705.999623194686137, 1117491.987195102265105 ], [ 346679.138702621799894, 1117455.525785076199099 ], [ 346658.993485250626691, 1117424.821751107461751 ], [ 346650.360503873089328, 1117402.75391882727854 ], [ 346633.092181470128708, 1117387.401112170657143 ], [ 346615.824579743552022, 1117362.454086535843089 ], [ 346608.427866787998937, 1117346.974837213521823 ], [ 346590.621035282034427, 1117318.639636266045272 ], [ 346562.694912300561555, 1117291.517765800701454 ], [ 346533.959179088124074, 1117265.205351620912552 ], [ 346517.769897447607946, 1117250.632185113616288 ], [ 346496.724156119162217, 1117230.392014192417264 ], [ 346474.465319360955618, 1117197.603949872544035 ], [ 346464.348477037157863, 1117173.317158882273361 ], [ 346462.326319230953231, 1117157.936019291169941 ], [ 346467.59275460767094, 1117109.364888306707144 ], [ 346465.165318940067664, 1117097.221646298421547 ], [ 346440.074866652488708, 1117046.219000383280218 ], [ 346420.244947463972494, 1117010.193037910852581 ], [ 346409.722640800755471, 1116993.192015902139246 ], [ 346371.679890693281777, 1116941.783361465902999 ], [ 346347.80110012559453, 1116918.304785621352494 ], [ 346329.588224302628078, 1116901.302824880927801 ], [ 346313.804539376171306, 1116880.253628794802353 ], [ 346302.067973682540469, 1116862.8477240386419 ], [ 346295.998110712855123, 1116847.870765706524253 ], [ 346294.76206113898661, 1116828.645020222757012 ] ] ] ] } },
{ "type": "Feature", "properties": { "FID_1": 7, "AREA_HA": 19678.9, "RESERVA": "RESERVA INDIGENA CABECAR DE BAJO CHIRRIPO", "are_ha": 19677.84, "RI": "RESERVA INDIGENA" }, "geometry": { "type": "MultiPolygon", "coordinates": [ [ [ [ 569798.869760194094852, 1094684.219298775075004 ], [ 569776.39586746157147, 1094943.856984566664323 ], [ 569736.761633933521807, 1095403.21442452725023 ], [ 569629.082596351858228, 1095835.523378330748528 ], [ 569516.712749219499528, 1096283.443973432062194 ], [ 569388.979012099094689, 1096784.66780908126384 ], [ 569119.882828969974071, 1097400.508878828259185 ], [ 568889.338123805238865, 1097928.151701375376433 ], [ 568544.095033735386096, 1098715.690616430016235 ], [ 567640.704208644572645, 1099068.300098131410778 ], [ 567802.491728712106124, 1099421.873505478957668 ], [ 567940.324867538525723, 1099758.353636974468827 ], [ 567990.667374516488053, 1100155.104458633810282 ], [ 568021.479799780296162, 1100416.040860798675567 ], [ 567445.628805721411481, 1101092.117128069279715 ], [ 567066.431283035431989, 1101529.543632000451908 ], [ 566717.823125844704919, 1101936.590519569115713 ], [ 566760.072095875744708, 1101977.283699161605909 ], [ 567093.37095699692145, 1102283.78444952936843 ], [ 567388.501472205505706, 1102565.234070299426094 ], [ 567738.880218710517511, 1102667.929013112094253 ], [ 567873.673849864047952, 1102708.445337296463549 ], [ 567964.370116168283857, 1102961.909616842167452 ], [ 568358.49061016086489, 1103140.538332164986059 ], [ 568754.060519495047629, 1103322.117193437181413 ], [ 568996.829102911637165, 1103430.128648449201137 ], [ 568819.319003571989015, 1104035.417791185667738 ], [ 570345.797123567434028, 1104028.510998639045283 ], [ 570649.904906001640484, 1104284.223517299396917 ], [ 571270.563136482844129, 1104705.249324832344428 ], [ 571873.125679800286889, 1104704.503209245624021 ], [ 572173.173378170235083, 1104483.12191466987133 ], [ 572643.935678894398734, 1104728.654496040195227 ], [ 573001.183405557647347, 1104629.318518304964527 ], [ 573198.054450482828543, 1104130.42336173565127 ], [ 573793.086273209191859, 1104129.683522205799818 ], [ 573895.586882607662119, 1103778.059771274216473 ], [ 574495.330583842354827, 1103528.75463 ], [ 574970.257201712811366, 1103854.55215897038579 ], [ 575249.269354351563379, 1104115.316292859846726 ], [ 575294.662177150836214, 1104275.944166449131444 ], [ 575545.734551201574504, 1104278.141724691959098 ], [ 577145.045250891591422, 1104273.633200670126826 ], [ 577262.44799319608137, 1103793.941954445792362 ], [ 577470.747955627623014, 1103723.381420319667086 ], [ 577523.123440645751543, 1103444.627848525298759 ], [ 577520.612742737750523, 1103444.630995105952024 ], [ 577631.020513690426014, 1103394.278571308357641 ], [ 577894.870568191981874, 1103574.718391978414729 ], [ 578095.597512575448491, 1103471.527775253169239 ], [ 578045.011798034189269, 1103175.328221688978374 ], [ 578145.181319035822526, 1102969.324894239427522 ], [ 578343.365683860611171, 1102841.030190485762432 ], [ 578443.919805614743382, 1102941.331984573975205 ], [ 578444.178395075490698, 1103147.20937804877758 ], [ 578544.764095830963925, 1103272.618311440106481 ], [ 578650.210430852137506, 1103269.975172696169466 ], [ 578820.619553907541558, 1103016.179768905974925 ], [ 579044.01523571787402, 1102970.70621049660258 ], [ 579218.974539965041913, 1102342.809782046359032 ], [ 578942.519509850535542, 1102122.216011536074802 ], [ 578892.147524115396664, 1101996.744387865997851 ], [ 579042.501556903822348, 1101768.0813207346946 ], [ 579245.776211273041554, 1101695.014869592152536 ], [ 579114.685151621699333, 1101270.87201434513554 ], [ 579073.414235408417881, 1100820.75742538832128 ], [ 578887.776018246309832, 1100520.460499295499176 ], [ 578940.183562731835991, 1100269.325193363009021 ], [ 580140.296623491565697, 1100270.319138130405918 ], [ 580689.445267821778543, 1099722.291843773098662 ], [ 580887.790033095283434, 1099722.040399141609669 ], [ 581093.405783626716584, 1099515.902407135348767 ], [ 581294.20394749508705, 1099470.455017220461741 ], [ 581489.916988055687398, 1099374.799986936384812 ], [ 581492.169367400812916, 1099171.430583707988262 ], [ 581542.249256695853546, 1099065.917667058529332 ], [ 581461.597593707963824, 1098822.482629993697628 ], [ 581514.136991351726465, 1098676.795526239322498 ], [ 581541.457648217445239, 1098443.266223106067628 ], [ 581641.725526249501854, 1098317.603986866073683 ], [ 581862.627899612067267, 1098287.194510186789557 ], [ 582238.921313330065459, 1098043.177853317698464 ], [ 582540.108275691047311, 1097967.473040798678994 ], [ 584337.770297059556469, 1097967.687637311406434 ], [ 584474.973190731718205, 1097693.87849106756039 ], [ 583635.975202160771005, 1096944.219862098572776 ], [ 583635.618450113106519, 1096665.533190423157066 ], [ 584787.646367599256337, 1096367.794085365952924 ], [ 584937.930123652564362, 1096088.913630746072158 ], [ 585088.37816272105556, 1095938.078464997233823 ], [ 585285.410950692603365, 1095936.374178419355303 ], [ 585736.231194761698134, 1096010.055616941768676 ], [ 585891.778113841428421, 1095919.470187945524231 ], [ 585883.786974711925723, 1095562.961014089174569 ], [ 585936.320753483916633, 1095414.762095933547243 ], [ 586437.917928059352562, 1095166.764970284886658 ], [ 586530.730561291915365, 1094929.430647756205872 ], [ 586633.652864223229699, 1094916.744282700587064 ], [ 586688.6871480375994, 1094761.009862435748801 ], [ 586834.310721036279574, 1094763.332455916330218 ], [ 586906.922994244610891, 1094610.085962891113013 ], [ 586886.581059825839475, 1094411.767070423346013 ], [ 586705.674843818647787, 1094306.551643647020683 ], [ 586609.758966729044914, 1093912.496554734650999 ], [ 586180.363135521998629, 1093860.327108854195103 ], [ 586061.266964452457614, 1093014.379255671752617 ], [ 585882.807289471267723, 1092858.947714647976682 ], [ 585754.50609545991756, 1092660.769801398972049 ], [ 585332.615113823674619, 1092585.995052399113774 ], [ 585232.100505689391866, 1092518.336693296674639 ], [ 585231.9706618222408, 1092417.909765401855111 ], [ 585056.119721487164497, 1092337.79547749273479 ], [ 584980.96831194893457, 1092468.447758750990033 ], [ 584805.282922054990195, 1092516.377591310068965 ], [ 584707.269459961447865, 1092441.183950537350029 ], [ 584433.635626267059706, 1092464.133370349183679 ], [ 584107.090001386590302, 1092341.531923330388963 ], [ 583878.642049799440429, 1092359.401347697945312 ], [ 583805.755035794572905, 1092299.23929701349698 ], [ 583719.900147628970444, 1091917.728595006046817 ], [ 583476.171662597334944, 1091767.403160872403532 ], [ 583450.993805651902221, 1091712.201041667489335 ], [ 583324.08858031895943, 1091352.300140533363447 ], [ 583277.116941107786261, 1091215.314441907219589 ], [ 583205.625041820341721, 1090970.600135191809386 ], [ 583084.032913535716943, 1090570.27774176071398 ], [ 583009.827150685014203, 1090316.844729921314865 ], [ 583154.709886147873476, 1090008.274138016393408 ], [ 583303.339459135080688, 1089710.051333184586838 ], [ 583414.807384687010199, 1089483.279741504928097 ], [ 583538.660840179421939, 1089231.656240779673681 ], [ 583911.263299235957675, 1088465.329011949710548 ], [ 582111.858101012650877, 1086682.88035249360837 ], [ 582072.416105429176241, 1086650.032720081042498 ], [ 581873.920474003767595, 1086675.634218377992511 ], [ 581624.148275850573555, 1086708.604212027508765 ], [ 581370.11795951880049, 1086741.579529677052051 ], [ 580972.752310805022717, 1086793.192356759682298 ], [ 580643.505121710360982, 1086834.780834476929158 ], [ 580331.28900734661147, 1086874.9275797305163 ], [ 580124.088209938257933, 1086899.325029247906059 ], [ 579745.786951964721084, 1086947.73925998643972 ], [ 579427.243571694823913, 1086961.258467307779938 ], [ 579126.344707287382334, 1086971.582166432635859 ], [ 578982.058711977675557, 1087109.393146342132241 ], [ 578818.549650220549665, 1087258.14686871599406 ], [ 578424.451289412681945, 1087623.824735028436407 ], [ 577978.040311062941328, 1087995.968995954608545 ], [ 578000.993530248990282, 1088274.617672220105305 ], [ 578001.927119632367976, 1088444.332746057305485 ], [ 578079.975422386545688, 1089173.317555483430624 ], [ 577745.968198191490956, 1089506.934312061406672 ], [ 577430.561339825391769, 1089826.910659664077684 ], [ 576564.907810370437801, 1089488.650935494573787 ], [ 576054.039650718099438, 1089276.333917799172923 ], [ 574606.216240784735419, 1089903.320790038211271 ], [ 573853.637610374833457, 1090378.781990519259125 ], [ 572933.73687407351099, 1091557.423562384443358 ], [ 572956.777434771764092, 1091784.371557038743049 ], [ 572856.254018024541438, 1091831.178271890385076 ], [ 572755.599491577129811, 1091905.424414055189118 ], [ 572783.700167381204665, 1092032.119037402793765 ], [ 573035.078545852564275, 1092282.862918908707798 ], [ 573062.850738124921918, 1092405.848057866562158 ], [ 572882.587480997783132, 1092802.753396832151338 ], [ 572729.924892050214112, 1092831.580150622874498 ], [ 572656.882390431477688, 1093001.377126672537997 ], [ 572729.794763323152438, 1093084.135596247157082 ], [ 572830.156064520357177, 1093033.796572496648878 ], [ 572931.544010342564434, 1093059.501374196493998 ], [ 572931.628701374283992, 1093126.611792728770524 ], [ 572835.42436668544542, 1093229.618346049915999 ], [ 572704.935591786750592, 1093279.99535434320569 ], [ 572609.658754294738173, 1093380.540334201650694 ], [ 572155.426892757997848, 1093531.749906412325799 ], [ 572085.196022248826921, 1093584.561363140586764 ], [ 572213.420836145873182, 1093730.0159288556315 ], [ 572334.151806858251803, 1093905.607485268963501 ], [ 572389.60986813576892, 1094083.791957601439208 ], [ 572234.046189441811293, 1094159.306487927213311 ], [ 572035.546125312219374, 1094031.514458396006376 ], [ 571960.25598904537037, 1094054.204778390703723 ], [ 571857.386940070195124, 1094107.057231349637732 ], [ 571734.647538291639648, 1094330.656961386790499 ], [ 571584.130270511028357, 1094426.249780728947371 ], [ 571531.482961392379366, 1094486.570871735457331 ], [ 571483.951463752076961, 1094622.204232478048652 ], [ 571586.95310963166412, 1094674.797982077114284 ], [ 571386.17283024371136, 1094730.28382402099669 ], [ 571310.794354122830555, 1094682.676599737256765 ], [ 571232.962002936867066, 1094680.263670228654519 ], [ 571185.480767767061479, 1094856.066887359600514 ], [ 571037.511648528743535, 1094981.783687781076878 ], [ 570859.191548298462294, 1094929.284200087189674 ], [ 570763.942231985623948, 1095052.424122698139399 ], [ 570784.250579256331548, 1095230.65295099793002 ], [ 570533.185441657318734, 1095228.456855113385245 ], [ 570435.085784050868824, 1095080.452999473083764 ], [ 570437.285035210195929, 1094831.898758541792631 ], [ 570186.163688519969583, 1094784.511561075691134 ], [ 570037.908516735886224, 1094681.761875384952873 ], [ 569798.869760194094852, 1094684.219298775075004 ] ] ] ] } },
{ "type": "Feature", "properties": { "FID_1": 8, "AREA_HA": 1469.446, "RESERVA": "RESERVA INDIGENA GUAYMI DE ABROJOS-MONTEZUMA", "are_ha": 1469.68, "RI": "RESERVA INDIGENA" }, "geometry": { "type": "MultiPolygon", "coordinates": [ [ [ [ 624972.87666217784863, 956135.48929726483766 ], [ 624473.216225819545798, 956285.272239047684707 ], [ 620476.76435641059652, 955435.36933285323903 ], [ 620076.782306866953149, 956184.598251218209043 ], [ 619002.276912487461232, 957083.558376032859087 ], [ 619036.97169991757255, 957066.26573279814329 ], [ 619067.258514403481968, 957064.237901374930516 ], [ 619099.5394401216181, 957072.735494720283896 ], [ 619137.711669316631742, 957090.072422646917403 ], [ 619206.721820970880799, 957143.42986722511705 ], [ 619253.043919387739152, 957192.084670133073814 ], [ 619272.783135208883323, 957206.788444394362159 ], [ 619530.80975325696636, 957300.597421420738101 ], [ 619586.117804300505668, 957347.082059897249565 ], [ 619622.647479894338176, 957386.490753414575011 ], [ 619629.11681135580875, 957446.199702891055495 ], [ 619640.559477330301888, 957508.637492631794885 ], [ 619678.856863206019625, 957567.090415656100959 ], [ 619697.121724890079349, 957586.794793571694754 ], [ 619731.935136431944557, 957605.896525334916078 ], [ 619744.163074236596003, 957617.769938151235692 ], [ 619781.711717386147939, 957757.146384919295087 ], [ 619796.976361798588187, 957788.114807378966361 ], [ 619812.343723171041347, 957816.557550379657187 ], [ 619826.133930040174164, 957852.526575869182125 ], [ 619828.759771184530109, 957881.724332207464613 ], [ 619838.691571467556059, 957918.803864851826802 ], [ 619856.340191838564351, 957953.662425535963848 ], [ 619885.820833940524608, 957978.875297948601656 ], [ 619919.108539539272897, 958004.240526230074465 ], [ 619966.869025947991759, 958017.535928828292526 ], [ 620010.169726019958034, 958015.474042736808769 ], [ 620029.513142715324648, 958008.658723898581229 ], [ 620045.152214447618462, 957999.165361495106481 ], [ 620065.66193684109021, 957994.926511898986064 ], [ 620080.325249207904562, 958009.427211018512025 ], [ 620095.656187303131446, 958007.510916624451056 ], [ 620104.950164043111727, 957997.763631979934871 ], [ 620120.383812568616122, 957993.321643472881988 ], [ 620136.074237064342014, 957982.565424808301032 ], [ 620148.559005858842283, 957988.124633666011505 ], [ 620170.476958279730752, 958011.769945411710069 ], [ 620176.70448623620905, 958046.171486997976899 ], [ 620188.521644553402439, 958068.147701728041284 ], [ 620198.057540870970115, 958083.708121370174922 ], [ 620184.802434167242609, 958097.091607986134477 ], [ 620166.419890163349919, 958111.534808636410162 ], [ 620150.883517335867509, 958118.502492847270332 ], [ 620147.626497683930211, 958136.08078122290317 ], [ 620160.815383384586312, 958155.582099633407779 ], [ 620185.733589125797153, 958167.963385313982144 ], [ 620245.42891056498047, 958169.087330272537656 ], [ 620283.602243197383359, 958168.08510921697598 ], [ 620307.764994647237472, 958167.787124162423424 ], [ 620323.301373803522438, 958160.81942304992117 ], [ 620335.133398346137255, 958151.173679144238122 ], [ 620363.20592257741373, 958148.502335279714316 ], [ 620389.701302761910483, 958153.357292335596867 ], [ 620414.260063532041386, 958174.578490262269042 ], [ 620433.038615671219304, 958181.65445192460902 ], [ 620443.638147898484021, 958202.317057907581329 ], [ 620469.311883409041911, 958227.377588603645563 ], [ 620521.05538671661634, 958299.017881719977595 ], [ 620542.650487249833532, 958361.862362060463056 ], [ 620550.645810018642806, 958415.308321690536104 ], [ 620546.413076967233792, 958456.880826964275911 ], [ 620569.548805242986418, 958481.839842961519025 ], [ 620662.656674349331297, 958567.784574227407575 ], [ 620792.881447363877669, 958741.228362388792448 ], [ 620905.765672619803809, 958872.236424139118753 ], [ 620972.326999749871902, 958954.589258786872961 ], [ 621040.28187393641565, 959096.448760207626037 ], [ 621105.097310777986422, 959221.738905676756985 ], [ 621129.898259289097041, 959268.268210352165624 ], [ 621141.289942492498085, 959331.969751607626677 ], [ 621140.592725101392716, 959411.631466333288699 ], [ 621132.677296859328635, 959512.507936421898194 ], [ 621148.169352132827044, 959600.407063998864032 ], [ 621231.47034785815049, 959708.728541789925657 ], [ 621260.489283910021186, 959745.307455076486804 ], [ 621277.074639076017775, 959775.064244906650856 ], [ 621281.879188140504993, 959813.204047187231481 ], [ 621268.007665905286558, 959841.742083325400017 ], [ 621274.312155653256923, 959856.458866144530475 ], [ 622173.822445062920451, 959332.101930576143786 ], [ 623773.067644343944266, 958083.517293225042522 ], [ 625071.970536989625543, 958283.554526831605472 ], [ 625056.419518108363263, 958265.410473450901918 ], [ 625047.242297437507659, 958241.009996757376939 ], [ 625029.848971250583418, 958199.837008359027095 ], [ 625019.710641199722886, 958167.80859251995571 ], [ 625012.674925604602322, 958121.990147347212769 ], [ 625016.496032985160127, 958090.519980511395261 ], [ 625020.317136008525267, 958059.049818521365523 ], [ 625045.623236240353435, 957999.345709274872206 ], [ 625054.021243832772598, 957949.084816890885122 ], [ 625062.059999628691003, 957907.66399314336013 ], [ 625062.227917463169433, 957872.253020241158083 ], [ 625059.447197483154014, 957846.843479541828856 ], [ 625052.243526456644759, 957836.436079122824594 ], [ 625039.207863550982438, 957813.146298444713466 ], [ 625037.388263439643197, 957795.364701613900252 ], [ 625035.671301871188916, 957775.057378200232051 ], [ 625035.993168805493042, 957735.857843039673753 ], [ 625057.081495539750904, 957686.104485263698734 ], [ 625076.835515992715955, 957669.185585986822844 ], [ 625094.923875224078074, 957630.696511492831632 ], [ 625106.051220020628534, 957607.108071683091111 ], [ 625123.075796513585374, 957563.51680300256703 ], [ 625130.755245466367342, 957530.93608990998473 ], [ 625114.38823178363964, 957464.506055325269699 ], [ 625056.660537307732739, 957258.546619669417851 ], [ 625023.553401690791361, 957166.14908958482556 ], [ 624994.636124518816359, 957127.045433483552188 ], [ 624949.772027405677363, 957105.012881761416793 ], [ 624909.778804202564061, 957088.234742082539015 ], [ 624878.360909232753329, 957079.388966030324809 ], [ 624821.151840944774449, 957079.631147578824311 ], [ 624797.194194545270875, 957074.8784076430602 ], [ 624765.109176900587045, 957082.449772461433895 ], [ 624745.663154926965944, 957091.791449104202911 ], [ 624719.064813968027011, 957089.462922395789064 ], [ 624705.464702800964005, 957080.064707567449659 ], [ 624630.265011471696198, 956897.440491065732203 ], [ 624611.742757050204091, 956884.050737178069539 ], [ 624591.643562879180536, 956878.187373816501349 ], [ 624574.954853411996737, 956850.956952055334114 ], [ 624547.446769245085306, 956839.737687421496958 ], [ 624512.324518887209706, 956828.213941606576554 ], [ 624503.954512506141327, 956815.230162353254855 ], [ 624503.711870289291255, 956789.92231284652371 ], [ 624535.913395601441152, 956748.203154916060157 ], [ 624693.291148924967274, 956597.647855280316435 ], [ 624713.045002495520748, 956580.72905642807018 ], [ 624727.633997505996376, 956534.510887066251598 ], [ 624738.812546407221816, 956509.659754966734909 ], [ 624798.727284874999896, 956474.10832836618647 ], [ 624855.642113718786277, 956449.821076801395975 ], [ 624946.218738244031556, 956410.435986416647211 ], [ 624981.648880138993263, 956414.382460454828106 ], [ 625013.425886338111013, 956414.388140797731467 ], [ 625047.587009965791367, 956418.283861345844343 ], [ 625065.661283374181949, 956411.417106805136427 ], [ 625093.593706803396344, 956380.911295848782174 ], [ 625103.773531386395916, 956318.07301853003446 ], [ 625106.684572003199719, 956277.712428983533755 ], [ 625107.519365990418009, 956225.884686108794995 ], [ 625093.265985341509804, 956201.281593213323504 ], [ 625059.720649597002193, 956182.231671718880534 ], [ 625008.101081959204748, 956170.048503256053664 ], [ 624977.285267274826765, 956177.670702095143497 ], [ 624959.46759174624458, 956178.223186195129529 ], [ 624972.87666217784863, 956135.48929726483766 ] ] ] ] } },
{ "type": "Feature", "properties": { "FID_1": 9, "AREA_HA": 17239.54, "RESERVA": "RESERVA INDIGENA CABECAR DE TELIRE", "are_ha": 17238.99, "RI": "RESERVA INDIGENA" }, "geometry": { "type": "MultiPolygon", "coordinates": [ [ [ [ 596875.868736329255626, 1061251.792895768536255 ], [ 596907.893676590989344, 1061267.81779189943336 ], [ 596954.923427963396534, 1061265.60330345062539 ], [ 596981.803680266486481, 1061256.653274441370741 ], [ 597016.322863635257818, 1061210.154285373864695 ], [ 597035.593580993358046, 1061191.147843660553917 ], [ 597062.521125939791091, 1061169.659377259667963 ], [ 597094.638978461734951, 1061137.981966171879321 ], [ 597156.626733974087983, 1061070.721469930140302 ], [ 597193.62623878440354, 1061034.01481575332582 ], [ 597243.730043270858005, 1060984.598020990611985 ], [ 597326.942289513535798, 1060920.648447446990758 ], [ 597423.242468384793028, 1060841.768038150621578 ], [ 597550.956490658340044, 1060802.410582634387538 ], [ 597876.004847442382015, 1060577.711499301716685 ], [ 597888.601991023868322, 1060480.381372875766829 ], [ 597910.673481243778951, 1060435.798152633942664 ], [ 597931.280242245760746, 1060410.403970960760489 ], [ 597945.656328122015111, 1060372.143222619779408 ], [ 597947.339625742402859, 1060331.191837267950177 ], [ 597921.04223042994272, 1060289.953661408973858 ], [ 597901.065512670436874, 1060252.621087822131813 ], [ 597872.211569779319689, 1060212.636993097839877 ], [ 597852.222000701935031, 1060176.58457092824392 ], [ 597831.204878460033797, 1060116.196517866803333 ], [ 597799.216845665010624, 1060008.326110484078526 ], [ 597779.690142282168381, 1059926.188827278790995 ], [ 597761.319568645907566, 1059855.585827718023211 ], [ 597736.294049830292352, 1059814.360783396521583 ], [ 597725.091709464672022, 1059789.920894305920228 ], [ 597707.491565879783593, 1059769.256235932931304 ], [ 597591.330269392812625, 1059683.568073604954407 ], [ 597541.125010413583368, 1059616.479672529036179 ], [ 597478.329889193875715, 1059536.45960300648585 ], [ 597408.866999410209246, 1059487.097576411673799 ], [ 597357.299957331037149, 1059428.95713329478167 ], [ 597310.743164101266302, 1059378.549643473466858 ], [ 597252.906940139946528, 1059311.383129483088851 ], [ 597233.08459815045353, 1059258.689159661764279 ], [ 597180.271489079343155, 1059197.975484892493114 ], [ 597154.051372217945755, 1059149.056757639860734 ], [ 597097.448480358929373, 1059085.743747998960316 ], [ 597058.30424422188662, 1059057.176770683610812 ], [ 597034.38354319287464, 1059032.606617741985247 ], [ 596932.04689063783735, 1058836.958015344105661 ], [ 596849.404022499453276, 1058706.804688741452992 ], [ 596786.23633717931807, 1058663.908682362642139 ], [ 596715.309066794463433, 1058633.735738551011309 ], [ 596672.336555078276433, 1058606.409841442713514 ], [ 596624.263842188054696, 1058580.311928181909025 ], [ 596597.953825715580024, 1058540.354240868473426 ], [ 596578.131579881766811, 1058487.660479731159285 ], [ 596538.204227063804865, 1058410.435762207489461 ], [ 596539.874645497766323, 1058370.764900640118867 ], [ 596516.198319026269019, 1058321.872448635986075 ], [ 596486.201383850537241, 1058269.074453603010625 ], [ 596424.382830520044081, 1058218.51082432991825 ], [ 596385.264486496686004, 1058187.383719601435587 ], [ 596381.590410324977711, 1058173.263243436114863 ], [ 596367.895935890614055, 1058143.676989678293467 ], [ 596366.7141017440008, 1058134.703084643697366 ], [ 596361.948192463954911, 1058102.647839512210339 ], [ 596363.374315463472158, 1058087.29938787012361 ], [ 596359.815953165641986, 1058061.657803155248985 ], [ 596354.870040318579413, 1058047.524298707954586 ], [ 596334.893532676040195, 1058010.192142152693123 ], [ 596340.263729045749642, 1057982.081568417605013 ], [ 596340.778006854932755, 1057930.876635934226215 ], [ 596338.787179001257755, 1057875.80527244345285 ], [ 596303.69008102256339, 1057824.23537272401154 ], [ 596131.467378926929086, 1057621.470388416666538 ], [ 596034.127678764169104, 1057561.581091974396259 ], [ 595954.683677528402768, 1057492.913462835131213 ], [ 595895.460446442826651, 1057437.255624077515677 ], [ 595872.798911144491285, 1057413.978825486497954 ], [ 595839.500901254941709, 1057309.937194633530453 ], [ 595792.560871195979416, 1057044.444298937683925 ], [ 595769.308914758847095, 1056953.308286511339247 ], [ 595714.029827083693817, 1056884.88854552526027 ], [ 595638.362941098515876, 1056820.100618366384879 ], [ 595580.051700287382118, 1056800.299261678475887 ], [ 595530.604697356116958, 1056784.429495421936736 ], [ 595479.911591217736714, 1056765.986458743922412 ], [ 595417.952050922671333, 1056729.504482850432396 ], [ 595334.538621719693765, 1056676.159406790742651 ], [ 595257.65150818717666, 1056606.238030904671177 ], [ 595216.452693704515696, 1056529.000999710988253 ], [ 595172.710239932290278, 1056451.737925982335582 ], [ 595148.533737502410077, 1056326.026125500677153 ], [ 595098.882170369033702, 1056203.894020409556106 ], [ 595056.52728106349241, 1056115.123097585747018 ], [ 595002.288867722265422, 1056069.758677195990458 ], [ 594957.427994593512267, 1056098.341597785241902 ], [ 594909.976112757227384, 1056099.47140449564904 ], [ 594381.192497838055715, 1055828.249288104707375 ], [ 593007.964476635446772, 1054328.289424440125003 ], [ 592436.851204013335519, 1053955.351832599844784 ], [ 592408.124006828293204, 1054452.879400056088343 ], [ 592323.908864818979055, 1054769.744142489740625 ], [ 592291.095510504208505, 1054997.288587793707848 ], [ 592266.069135795580223, 1055082.807375384727493 ], [ 592201.680920130456798, 1055161.521304188296199 ], [ 592143.625988419400528, 1055242.860640058061108 ], [ 592103.659445543540642, 1055296.220413280418143 ], [ 592094.666699524619617, 1055305.08979186299257 ], [ 592109.180117579875514, 1055506.235057509038597 ], [ 592081.980997690232471, 1055681.347917529754341 ], [ 592049.284901826176792, 1055770.628826254513115 ], [ 591998.654695946024731, 1055872.528097175527364 ], [ 591954.203334180638194, 1055992.414035984314978 ], [ 591901.799273071577772, 1056144.224258561618626 ], [ 591854.919975439435802, 1056252.563215077621862 ], [ 591845.438090197509155, 1056310.076496425550431 ], [ 591823.546950382296927, 1056336.736818238161504 ], [ 591818.292367639369331, 1056353.325958914123476 ], [ 591797.891846505342983, 1056358.237577337771654 ], [ 591783.991982696112245, 1056349.133310571080074 ], [ 591758.735887628863566, 1056330.950877160765231 ], [ 591727.197952239774168, 1056305.022580518154427 ], [ 591675.195153870154172, 1056290.406408999348059 ], [ 591611.913373161340132, 1056259.031454713782296 ], [ 591513.00796370964963, 1056228.571190213086084 ], [ 591456.020936224726029, 1056203.661988178733736 ], [ 591332.230967527371831, 1056151.328257540008053 ], [ 590656.555237766937353, 1057350.28064716886729 ], [ 589981.661260963184759, 1057574.763939733849838 ], [ 589756.575155101832934, 1057799.509282131912187 ], [ 589794.137159714242443, 1058045.501880543539301 ], [ 589806.465016226866283, 1058210.779065399896353 ], [ 589780.496563517954201, 1058389.745596451219171 ], [ 589672.117573325172998, 1058542.260885789059103 ], [ 589561.671641272958368, 1058647.38608082733117 ], [ 589437.515071992413141, 1058850.948746163398027 ], [ 589335.713883134187199, 1058981.767439392860979 ], [ 589245.938999476609752, 1059055.098896414041519 ], [ 589215.475519294617698, 1059175.128389761317521 ], [ 589183.804619075148366, 1059288.744303707499057 ], [ 589215.544192080851644, 1059420.93521658051759 ], [ 589258.884833988500759, 1059537.882518684258685 ], [ 589313.891021736315452, 1059633.18564521917142 ], [ 589310.599694565171376, 1059707.405861095758155 ], [ 589309.993802805547602, 1059767.57102340948768 ], [ 589277.360303769586608, 1059850.451430744258687 ], [ 589233.551109879859723, 1059906.331892809132114 ], [ 589199.955152201117016, 1059958.476582782110199 ], [ 589134.950405984767713, 1059971.891181989805773 ], [ 589057.369267339585349, 1059971.093839581357315 ], [ 588993.726607079617679, 1059975.560705560259521 ], [ 588948.069963830988854, 1059962.289026516722515 ], [ 588924.047184887691401, 1059947.959456143900752 ], [ 588889.72090300754644, 1059946.326405579224229 ], [ 588859.171406358364038, 1059948.572895949706435 ], [ 588788.473385658115149, 1060022.100266688736156 ], [ 588723.068931577494368, 1060075.198154820594937 ], [ 588665.527497083414346, 1060105.332491424866021 ], [ 588613.305456479894929, 1060112.477137294830754 ], [ 588542.04479076876305, 1060115.585337925003842 ], [ 588424.268398316460662, 1060064.44520580698736 ], [ 588343.271678969613276, 1060023.925088550662622 ], [ 588259.91190032963641, 1059965.457310858881101 ], [ 588200.729620604775846, 1059905.957854939624667 ], [ 588150.785399814951234, 1059813.267157267546281 ], [ 588117.155596023891121, 1059742.508277299348265 ], [ 588101.305457679205574, 1059674.492674609879032 ], [ 588096.9274673856562, 1059604.034547398798168 ], [ 588098.676431432366371, 1059556.683708714088425 ], [ 588104.111885455204174, 1059522.173153790645301 ], [ 588106.977910311659798, 1059490.196664910530671 ], [ 588104.653500189888291, 1059468.40872610732913 ], [ 588089.623814947204664, 1059445.209945927141234 ], [ 588060.500981801655143, 1059432.108196144923568 ], [ 588009.64120732259471, 1059430.305131146451458 ], [ 587970.459914507926442, 1059405.577841715421528 ], [ 587927.282636927673593, 1059398.732793455244973 ], [ 587884.221430937177502, 1059380.366801394848153 ], [ 587850.114529960323125, 1059356.971913358895108 ], [ 587822.508573168306611, 1059319.561256561428308 ], [ 587791.293515302590095, 1059261.629724636906758 ], [ 587767.309571929625235, 1059243.459859118098393 ], [ 587754.97830766858533, 1059204.926013498567045 ], [ 587713.472680622246116, 1059158.410842630313709 ], [ 587646.414709519129246, 1059123.155111707281321 ], [ 587610.907080025877804, 1059112.548197307391092 ], [ 587576.580992849078029, 1059110.915072111878544 ], [ 587543.552516339812428, 1059106.734813962131739 ], [ 587514.597422395949252, 1059076.991736730793491 ], [ 587490.652207442792132, 1059054.981575263664126 ], [ 587471.626590261003003, 1059049.665039650630206 ], [ 587441.103064438677393, 1059049.351232235087082 ], [ 587379.849661351530813, 1059069.205233878456056 ], [ 587327.537644072435796, 1059085.310446453513578 ], [ 587258.505183479865082, 1059088.229267078684643 ], [ 587170.249401104752906, 1059042.995184193598107 ], [ 587080.940038291388191, 1058943.229578719008714 ], [ 587047.323417989886366, 1058871.190907958662137 ], [ 587010.097740860190243, 1058778.631440412020311 ], [ 586966.641997156781144, 1058673.205640811240301 ], [ 586911.739972793147899, 1058567.66220515454188 ], [ 586893.178738990449347, 1058516.262137673329562 ], [ 586870.557018906343728, 1058489.144710955675691 ], [ 586804.964640936814249, 1058434.700647656805813 ], [ 586734.297951984684914, 1058378.924192561535165 ], [ 586675.975327005027793, 1058360.401316666975617 ], [ 586624.011757430853322, 1058341.943819330539554 ], [ 586568.25857201218605, 1058320.886894977418706 ], [ 586530.272014343529008, 1058303.853334380779415 ], [ 586492.169373222859576, 1058298.340636313194409 ], [ 586464.421783992787823, 1058275.011211378034204 ], [ 586442.630671821301803, 1058247.299823543755338 ], [ 585662.143163204193115, 1059246.280488092685118 ], [ 585702.125757014495321, 1059324.64083450823091 ], [ 585762.553202609298751, 1059386.713545320555568 ], [ 585822.851623227237724, 1059461.587261771317571 ], [ 585872.717480741790496, 1059561.958327462896705 ], [ 585881.691798488609493, 1059681.112270797835663 ], [ 585909.601318380795419, 1059814.543627117760479 ], [ 585934.851048289099708, 1059959.469797621946782 ], [ 585960.436315948143601, 1060071.113400160567835 ], [ 585992.754925448214635, 1060145.699508505640551 ], [ 586046.526607492007315, 1060237.149410603335127 ], [ 586099.078119114856236, 1060323.465853759553283 ], [ 586146.542387822992168, 1060409.729993612738326 ], [ 586153.566688621649519, 1060469.973381628282368 ], [ 586151.585020313155837, 1060540.366024034563452 ], [ 586130.42284148815088, 1060620.803243122296408 ], [ 586104.121743949130177, 1060706.30855209636502 ], [ 586049.982631022226997, 1060777.444830555468798 ], [ 586010.7113709715195, 1060795.643088473938406 ], [ 585031.128518763463944, 1060795.048979793675244 ], [ 580360.003010771702975, 1058593.404046156676486 ], [ 580346.638030933914706, 1058506.493823163211346 ], [ 580319.214376147720031, 1058451.162102680420503 ], [ 580319.964018865022808, 1058376.91746369865723 ], [ 580309.706962628173642, 1058259.032218300271779 ], [ 580306.977237771148793, 1058151.46626760577783 ], [ 580285.783295803121291, 1058109.000928987981752 ], [ 580237.855911780730821, 1058068.82060498604551 ], [ 580183.737609271658584, 1058011.933759644627571 ], [ 580151.904088571434841, 1058015.446428572991863 ], [ 580130.023612521472387, 1058012.637833886779845 ], [ 580113.944264630088583, 1057995.85217999224551 ], [ 580102.808349584811367, 1057965.012391939992085 ], [ 580090.452344223274849, 1057929.039195686578751 ], [ 580079.316430378006771, 1057898.199416411342099 ], [ 580040.317480983911082, 1057855.550689314259216 ], [ 580007.612861872883514, 1057819.367867011809722 ], [ 579986.302647629985586, 1057788.423281222814694 ], [ 579965.302627686643973, 1057726.756869082804769 ], [ 579980.760435979347676, 1057455.511851517017931 ], [ 579990.109993914840743, 1057285.340517004719004 ], [ 579987.082953916979022, 1057207.216682946076617 ], [ 579980.085470177931711, 1057144.4144519160036 ], [ 579956.425540297175758, 1057094.242656807182357 ], [ 579898.905566672794521, 1056996.354437131201848 ], [ 579868.731651282752864, 1056961.478042263770476 ], [ 579848.874171744682826, 1056912.62566408677958 ], [ 579826.576509710284881, 1056853.506516374181956 ], [ 579824.459396741585806, 1056811.237934843404219 ], [ 579841.34150271047838, 1056776.846303276950493 ], [ 579888.655958626652136, 1056751.72958975052461 ], [ 579928.688603986054659, 1056691.972324467729777 ], [ 579967.46236773324199, 1056630.921884759096429 ], [ 580019.954379793955013, 1056596.897040926851332 ], [ 580077.546438824036159, 1056561.644510288955644 ], [ 580138.695422981516458, 1056552.032695073168725 ], [ 580175.24349430645816, 1056518.766265068668872 ], [ 580196.675083901034668, 1056478.377984293038025 ], [ 580199.722544256015681, 1056428.481394116068259 ], [ 580178.567358447588049, 1056382.176156651228666 ], [ 580135.675584604381584, 1056347.16889331350103 ], [ 580093.080990808084607, 1056282.720011508092284 ], [ 580077.245516607537866, 1056213.425935134291649 ], [ 580077.033183267922141, 1056108.447103419573978 ], [ 580097.065972124226391, 1056013.918427939992398 ], [ 580129.558156079379842, 1055945.122129510855302 ], [ 580174.193966020247899, 1055807.319992608623579 ], [ 580173.697306970483623, 1055730.50278516788967 ], [ 580147.506665428285487, 1055679.025025578215718 ], [ 580143.091307430760935, 1055612.409107459243387 ], [ 580155.557866694172844, 1055511.401637294795364 ], [ 580192.084857727750205, 1055420.883554302388802 ], [ 580230.574087985791266, 1055387.994683413300663 ], [ 580268.450305851758458, 1055289.809301132336259 ], [ 580253.666892371606082, 1055242.289694677107036 ], [ 580224.855167617672123, 1055198.466249984456226 ], [ 580199.729612946743146, 1055167.482759376754984 ], [ 580178.483981787925586, 1055130.138229508185759 ], [ 580167.3609072183026, 1055098.018729772884399 ], [ 580166.347468859050423, 1055072.404322919435799 ], [ 580162.483648142078891, 1055051.828209216007963 ], [ 580145.513482333626598, 1055032.844636005116627 ], [ 580119.743798539042473, 1055027.117514646146446 ], [ 580068.885627957526594, 1055025.313638087827712 ], [ 580010.228873644024134, 1055040.072023996151984 ], [ 579979.473707464872859, 1055062.798895532498136 ], [ 579924.541855689836666, 1055086.557001906679943 ], [ 579876.201413120608777, 1055087.339408917119727 ], [ 579830.417446950217709, 1055086.867936354596168 ], [ 579776.964069140842184, 1055090.158070070436224 ], [ 579693.065573872299865, 1055085.453477076720446 ], [ 579589.715788158704527, 1055117.674260332016274 ], [ 579478.554460877203383, 1055167.737307134317234 ], [ 579396.837776547297835, 1055198.900609120726585 ], [ 579296.302865615696646, 1055204.266116498038173 ], [ 579238.840369909303263, 1055226.71779892896302 ], [ 579120.803250970551744, 1055327.917729273904115 ], [ 579088.827941190567799, 1055345.51111817592755 ], [ 579064.651275464450009, 1055346.542274540988728 ], [ 579003.812794849975035, 1055325.432427770225331 ], [ 578944.336563667398877, 1055295.375232278369367 ], [ 578855.273522786796093, 1055298.298350570956245 ], [ 578790.464684655424207, 1055292.509929859545082 ], [ 578688.534441246301867, 1055294.251355601940304 ], [ 577663.729789512348361, 1055618.428542466834188 ], [ 573568.192973536788486, 1052617.625498296925798 ], [ 569096.10052470501978, 1051740.303188435267657 ], [ 569592.164047510013916, 1055988.079148397082463 ], [ 570399.23047575680539, 1058911.89099307754077 ], [ 571287.795130850863643, 1060086.791103438707069 ], [ 571436.326645050314255, 1061685.972480799769983 ], [ 571526.982239224482328, 1061665.925872516585514 ], [ 571638.431489268084988, 1061587.705148526467383 ], [ 571730.713164073415101, 1061518.247694206191227 ], [ 571827.965235162526369, 1061460.363431533798575 ], [ 571934.093834382481873, 1061405.131284426664934 ], [ 572014.618174427072518, 1061366.27714500692673 ], [ 572056.561110845883377, 1061369.271039511542767 ], [ 572108.963571319705807, 1061344.208493575686589 ], [ 572228.056300572119653, 1061264.786285012494773 ], [ 572342.256314195343293, 1061166.110370982903987 ], [ 572419.470826110802591, 1061077.293871415080503 ], [ 572474.909411181230098, 1061003.614809027407318 ], [ 572522.587635002797469, 1060942.657606615219265 ], [ 572574.288591553573497, 1060861.258682297309861 ], [ 572621.927880009403452, 1060804.141682509332895 ], [ 572851.354359149932861, 1060756.584066517883912 ], [ 573076.302856851718388, 1060648.810335472691804 ], [ 573193.592055211775005, 1060621.857442075153813 ], [ 573272.766624195734039, 1060590.670167992357165 ], [ 573333.032898089848459, 1060542.644885209621862 ], [ 573389.950311487773433, 1060448.497607623692602 ], [ 573450.553449492319487, 1060367.19044743780978 ], [ 573496.959615930914879, 1060306.219923506025225 ], [ 573558.445753451669589, 1060263.328009814489633 ], [ 573579.390311001334339, 1060204.654912136727944 ], [ 573629.469244214822538, 1060157.804554293164983 ], [ 573699.572774557280354, 1060143.166104562347755 ], [ 573780.461588303558528, 1060193.92946637654677 ], [ 573857.742381307994947, 1060224.172283729771152 ], [ 573946.702455325052142, 1060231.492003930499777 ], [ 574022.217046987847425, 1060184.904218127019703 ], [ 574082.327714142622426, 1060152.239603739697486 ], [ 574157.246368188410997, 1060164.535079387249425 ], [ 574220.667162806144916, 1060181.832638800377026 ], [ 574295.572893468546681, 1060195.408161815721542 ], [ 574337.464056846918538, 1060203.521952435141429 ], [ 574366.728056094609201, 1060202.543912490364164 ], [ 574391.034455455141142, 1060188.712616452947259 ], [ 574393.603932164609432, 1060186.178734539076686 ], [ 574420.687062973040156, 1060149.332392332144082 ], [ 574513.563808350241743, 1060020.990521676838398 ], [ 574559.524462764849886, 1059752.621890290407464 ], [ 574571.151839058031328, 1059734.819062385242432 ], [ 574613.314961602562107, 1059716.051275865407661 ], [ 574640.11307068890892, 1059707.366498226765543 ], [ 574659.150965209584683, 1059711.403654079418629 ], [ 574741.531959948246367, 1059740.418630787637085 ], [ 574874.849094455945306, 1059763.558388700010255 ], [ 575095.686315995175391, 1059810.645243752514943 ], [ 575310.980554702342488, 1059777.021733199711889 ], [ 575499.386061590630561, 1059761.043432108825073 ], [ 575710.670813900767826, 1059746.581334708025679 ], [ 575786.460096951806918, 1059798.571809619897977 ], [ 575840.771453325636685, 1059836.258344510104507 ], [ 575917.104550532298163, 1059834.485679941950366 ], [ 575988.557650635950267, 1059812.179299453506246 ], [ 576039.946969074197114, 1059761.501267323503271 ], [ 576078.281815616646782, 1059743.973933801753446 ], [ 576142.117124833981507, 1059720.308688588673249 ], [ 576185.35788113088347, 1059720.754881049273536 ], [ 576226.042121755192056, 1059722.454896562267095 ], [ 576251.451974572963081, 1059725.27750709769316 ], [ 576293.550401145010255, 1059712.909809123724699 ], [ 576357.489267457742244, 1059679.003906233236194 ], [ 576370.453082664636895, 1059654.813700206112117 ], [ 576387.245200622128323, 1059629.382785768946633 ], [ 576385.924633946618997, 1059590.350738824578002 ], [ 578559.806546752923168, 1059766.621799466200173 ], [ 578581.880008210428059, 1059824.848010883200914 ], [ 578634.700297937029973, 1059884.282537082443014 ], [ 579101.681441865162924, 1060243.717408631462604 ], [ 579139.408496142365038, 1060286.353576935827732 ], [ 579149.00081433984451, 1060344.062295027077198 ], [ 579189.155065495055169, 1060398.245475180447102 ], [ 579233.892646544612944, 1060491.637562798103318 ], [ 580132.544422423932701, 1061616.574136383831501 ], [ 580881.350910423672758, 1062641.477359873941168 ], [ 581281.052263047778979, 1062791.644772944739088 ], [ 581289.495743532897905, 1062879.213559198891744 ], [ 581262.309173871995881, 1062926.30196469114162 ], [ 581250.164487564237788, 1062995.309418949997053 ], [ 581240.873807305586524, 1063033.620676155434921 ], [ 581254.411093800677918, 1063078.568445158656687 ], [ 581250.220591874793172, 1063115.652054983889684 ], [ 581283.016145077883266, 1063142.875082836486399 ], [ 581307.025406317203306, 1063158.485417674994096 ], [ 581341.170382175594568, 1063178.040947936708108 ], [ 581388.03350434510503, 1063197.727588229579851 ], [ 581413.159398209885694, 1063228.712263616500422 ], [ 581428.007317785173655, 1063269.832876700442284 ], [ 581422.493271209299564, 1063312.023822473594919 ], [ 581413.176708625862375, 1063352.895336111309007 ], [ 581424.338511278270744, 1063381.175603885436431 ], [ 581441.846456490107812, 1063410.801534817088395 ], [ 581456.965972310048528, 1063425.040006500668824 ], [ 581496.055982715217397, 1063458.729144923621789 ], [ 581559.116504492354579, 1063511.868956925580278 ], [ 581636.335153984604403, 1063548.511642791097984 ], [ 581650.87270789523609, 1063620.354824388632551 ], [ 581645.216388690751046, 1063676.626988388132304 ], [ 581583.406120725208893, 1063751.523830964462832 ], [ 581532.093703386490233, 1063794.522929875180125 ], [ 581516.534420740325004, 1063823.808002095436677 ], [ 581518.819373850361444, 1063849.436329198535532 ], [ 581531.278862792765722, 1063875.169555898988619 ], [ 581531.046048794523813, 1063898.211452747229487 ], [ 581520.819774486823007, 1063903.226976569741964 ], [ 581500.341356752207503, 1063915.81823371280916 ], [ 581469.70133497857023, 1063927.024483576184139 ], [ 581444.226188676781021, 1063930.602548112859949 ], [ 581395.961814708192833, 1063923.703738558804616 ], [ 581385.83901829784736, 1063918.478415407938883 ], [ 581364.256935885874555, 1063914.415181372547522 ], [ 581333.694527780869976, 1063917.940785141661763 ], [ 581315.733872363809496, 1063933.11846183729358 ], [ 581310.426707905251533, 1063954.827794771874323 ], [ 581302.304266749764793, 1064003.393111143959686 ], [ 581286.835495980922133, 1064023.717434191377833 ], [ 581264.955895027145743, 1064049.096609728178009 ], [ 581193.397807951434515, 1064081.644973173039034 ], [ 581074.549629657063633, 1064136.749971758108586 ], [ 580964.461841881973669, 1064206.027872718172148 ], [ 580909.712961715296842, 1064337.327873931964859 ], [ 580881.633366436930373, 1064472.743651132332161 ], [ 580852.708868939662352, 1064565.902840023860335 ], [ 580841.356896771583706, 1064682.287600140087306 ], [ 580841.175751597154886, 1064700.209095064317808 ], [ 580849.949092382099479, 1064713.10198256932199 ], [ 580873.75135788670741, 1064749.194201204692945 ], [ 580926.676078019430861, 1064798.389189032837749 ], [ 581025.830061581684276, 1064929.996420012321323 ], [ 581159.594983086455613, 1065035.075588977197185 ], [ 581292.359888114151545, 1065113.259373357286677 ], [ 581347.621372758992948, 1065182.962419885210693 ], [ 581378.770009660976939, 1065247.295836909441277 ], [ 581412.307037610327825, 1065327.01683332817629 ], [ 581467.607383165624924, 1065392.879612297052518 ], [ 581482.299973012297414, 1065449.36190615221858 ], [ 581480.35534922068473, 1065515.914590961998329 ], [ 581470.896222434821539, 1065570.867581046884879 ], [ 581448.576519865193404, 1065639.770641060080379 ], [ 581439.130310245906003, 1065693.443533114856109 ], [ 581450.175611553713679, 1065733.245071911718696 ], [ 581468.864798294729553, 1065771.84520823834464 ], [ 581496.133276754873805, 1065842.539995972299948 ], [ 581505.518570574116893, 1065920.731839652638882 ], [ 581500.978476156364195, 1065992.378841604338959 ], [ 581479.801116978866048, 1066074.096235087374225 ], [ 581444.56894839706365, 1066162.069909400772303 ], [ 581433.954365295358002, 1066205.488844439620152 ], [ 581438.60168963810429, 1066249.065207262290642 ], [ 581458.252113986760378, 1066318.401295863790438 ], [ 581471.504581120680086, 1066391.512154404539615 ], [ 581467.925645678071305, 1066493.895139751257375 ], [ 581452.197833486367017, 1066539.821868630358949 ], [ 581400.781195127638057, 1066593.061945552472025 ], [ 581277.774828352732584, 1066639.557882754830644 ], [ 581877.312160576693714, 1066889.802612951723859 ], [ 582026.463487668544985, 1066856.846167083596811 ], [ 582077.957795992959291, 1066795.925199347315356 ], [ 582097.721034313668497, 1066728.275699335848913 ], [ 582131.357929906225763, 1066672.291555518517271 ], [ 582140.713600347284228, 1066627.579249975271523 ], [ 582155.027194484136999, 1066595.720592189580202 ], [ 582199.799995645647869, 1066570.577321449993178 ], [ 582249.362529893987812, 1066574.929216315271333 ], [ 582291.164710456971079, 1066592.003587428713217 ], [ 582336.911768579739146, 1066596.316123463911936 ], [ 582426.250370685127564, 1066566.511396696325392 ], [ 582550.031881090370007, 1066526.819799012271687 ], [ 582602.487402809667401, 1066496.63466796092689 ], [ 582699.806255766307004, 1066432.345328741939738 ], [ 582742.281155967153609, 1066382.85347468405962 ], [ 582770.494262552121654, 1066360.099848591955379 ], [ 582817.758946152403951, 1066340.103159471880645 ], [ 582880.091561765875667, 1066339.465598562732339 ], [ 582944.877300995169207, 1066347.815083134453744 ], [ 583008.352416834211908, 1066359.991801428841427 ], [ 583053.970174248563126, 1066377.10541027225554 ], [ 583097.522853546892293, 1066346.828377797733992 ], [ 583194.207879179622978, 1066345.264672840479761 ], [ 583309.293504068162292, 1066284.998998847790062 ], [ 583400.240178027423099, 1066221.923920185538009 ], [ 583471.656719980994239, 1066203.456331733614206 ], [ 583534.041120636276901, 1066197.698148444993421 ], [ 583569.768792559625581, 1066186.54415865871124 ], [ 583617.123995339381509, 1066157.586475632386282 ], [ 583746.199700085213408, 1066097.464792725862935 ], [ 583864.609365163836628, 1066085.882733550621197 ], [ 583915.185241424944252, 1066115.849851598031819 ], [ 584024.96365419018548, 1066077.293438975932077 ], [ 584108.137019040063024, 1066028.220749616157264 ], [ 584184.796055902261287, 1065994.443941596196964 ], [ 584246.037950057187118, 1065975.871274267556146 ], [ 584313.535578276962042, 1065967.605093008140102 ], [ 584398.748373710317537, 1065968.483233881881461 ], [ 584461.081117370631546, 1065967.845320981927216 ], [ 584512.967717219144106, 1065993.985101159894839 ], [ 584567.307502126437612, 1066029.111945759505033 ], [ 584605.500477492343634, 1066058.800658808788285 ], [ 584660.776818892452866, 1066094.087884647306055 ], [ 584745.066911345347762, 1066060.389543093508109 ], [ 584819.298666144488379, 1066015.065229099709541 ], [ 584878.656188559602015, 1065931.179963161703199 ], [ 584920.001183773158118, 1065867.593185787322 ], [ 584948.498563088942319, 1065816.676587247289717 ], [ 585011.464693144778721, 1065753.31256363587454 ], [ 585087.174984609126113, 1065687.519309656461701 ], [ 585137.280558458063751, 1065638.105563790770248 ], [ 585150.283232081332244, 1065610.073908442398533 ], [ 585168.74803782068193, 1065544.971133644226938 ], [ 585192.597408544854261, 1065450.47798212734051 ], [ 585207.375913527561352, 1065372.534709191182628 ], [ 585265.46132060396485, 1065288.636289450107142 ], [ 585323.275314211146906, 1065231.620396704645827 ], [ 585391.263947286410257, 1065174.709293226944283 ], [ 585466.999849938089028, 1065106.355682357680053 ], [ 585506.956439643166959, 1065054.276827849447727 ], [ 585543.084596400149167, 1065003.43879054300487 ], [ 585567.688724366365932, 1064960.163580120308325 ], [ 585581.859770294511691, 1064942.385984374210238 ], [ 585625.373396855546162, 1064915.948818894336 ], [ 585711.961349063669331, 1064906.598559777252376 ], [ 585792.203069493290968, 1064895.902663116343319 ], [ 585840.816938732867129, 1064868.237727530533448 ], [ 585861.760555560933426, 1064809.561737661017105 ], [ 585904.467414903221652, 1064737.027080379193649 ], [ 585921.789283877704293, 1064659.110002170084044 ], [ 585931.144260302302428, 1064614.397475789533928 ], [ 585934.152990679838695, 1064568.339350649621338 ], [ 585929.427380479988642, 1064532.44361006678082 ], [ 585916.057315886253491, 1064470.853809015126899 ], [ 585915.263458255445585, 1064423.4762970097363 ], [ 585932.546502934768796, 1064349.399638036964461 ], [ 585954.723086596699432, 1064294.577154929516837 ], [ 586010.729360402212478, 1064164.568158165318891 ], [ 586066.825974832870997, 1064025.598346869461238 ], [ 586099.112537967972457, 1063977.281223868951201 ], [ 586115.884853655239567, 1064079.874002997530624 ], [ 586138.054477961035445, 1064151.796348338713869 ], [ 586180.754227042314596, 1064206.006563020171598 ], [ 586227.902187390835024, 1064213.286076561082155 ], [ 586289.950864686397836, 1064225.054357968503609 ], [ 586382.639561385498382, 1064241.371664808364585 ], [ 586448.697311075869948, 1064249.73326424183324 ], [ 586494.276608935790136, 1064270.68655828689225 ], [ 586657.955511927837506, 1064310.779214933048934 ], [ 586918.035558545379899, 1064377.469274917850271 ], [ 586999.032583752530627, 1064417.990953715285286 ], [ 587051.997631707345136, 1064463.345100260572508 ], [ 587076.724060945329256, 1064534.013689616229385 ], [ 587087.679845377453603, 1064582.776192606426775 ], [ 587101.37300803756807, 1064612.363039672141895 ], [ 587141.981331333518028, 1064621.742849960923195 ], [ 587228.220768959028646, 1064646.95544662559405 ], [ 587283.716648834757507, 1064693.615943404147401 ], [ 587329.012031296733767, 1064742.731964571168646 ], [ 587362.757591699250042, 1064801.971169840078801 ], [ 587400.318669687723741, 1064861.249666113173589 ], [ 587446.576000866829418, 1064941.101828102022409 ], [ 587503.124268546584062, 1065009.537619129056111 ], [ 587526.656603201292455, 1065040.188028015661985 ], [ 587576.549804599490017, 1065019.329706298885867 ], [ 588201.440539464703761, 1064844.801782168913633 ], [ 588975.566478415159509, 1065519.916828029789031 ], [ 589044.369424771517515, 1065426.121415211586282 ], [ 589114.953329283278435, 1065364.114713409449905 ], [ 589227.366063166060485, 1065316.621273601427674 ], [ 589324.181077323970385, 1065302.254192298976704 ], [ 589420.957382837776095, 1065291.727473939070478 ], [ 589520.329016327741556, 1065276.106360660865903 ], [ 589591.500680326949805, 1065281.959618601249531 ], [ 589639.830775971058756, 1065282.456817409489304 ], [ 589683.357421310967766, 1065254.73874408332631 ], [ 589733.449769951519556, 1065206.603950314456597 ], [ 589795.001610534498468, 1065157.306760603329167 ], [ 589876.928758596070111, 1065105.65861035627313 ], [ 589949.527143868152052, 1065096.16324757784605 ], [ 590030.615530084818602, 1065127.723712274804711 ], [ 590092.897238492616452, 1065132.205131381284446 ], [ 590153.997435261378996, 1065127.712520318338647 ], [ 590222.883549602236599, 1065107.936775508802384 ], [ 590275.713070313911885, 1065040.625998128205538 ], [ 590273.733790370286442, 1065042.276842508232221 ], [ 590302.482210677117109, 1065004.589137967675924 ], [ 590300.48737127892673, 1064971.003157946746796 ], [ 591349.553040392929688, 1065596.307361353887245 ], [ 591374.526298695709556, 1066195.876278889365494 ], [ 591409.062212545890361, 1066186.033019895432517 ], [ 592423.880925562931225, 1065896.794302533846349 ], [ 593409.696046145516448, 1065843.735234917374328 ], [ 593548.479326989734545, 1065847.488143344409764 ], [ 593548.016408742172644, 1065758.732309658778831 ], [ 593539.644943323917687, 1064153.661876059137285 ], [ 593483.442600823938847, 1064050.662751610623673 ], [ 593408.098085963632911, 1063953.868390787858516 ], [ 593300.828492027940229, 1063869.548819316318259 ], [ 593233.076499927788973, 1063776.673348600044847 ], [ 593177.836829410749488, 1063704.41076890588738 ], [ 593153.160200384561904, 1063628.621376805240288 ], [ 593128.316040626494214, 1063569.473783176159486 ], [ 593098.526248647016473, 1063496.192446669796482 ], [ 593082.237081046914682, 1063471.700013501569629 ], [ 593073.566112761385739, 1063448.566110590938479 ], [ 592982.366836286499165, 1063410.501470702933148 ], [ 592948.130066477926448, 1063399.907618149649352 ], [ 592894.764051244594157, 1063394.238318037008867 ], [ 592866.963850402855314, 1063376.028979766415432 ], [ 592857.046828058781102, 1063350.321755819953978 ], [ 592847.258679899969138, 1063311.813188394764438 ], [ 592841.286069167545065, 1063273.343824050854892 ], [ 592838.509557294542901, 1063258.348171666963026 ], [ 592814.815679809777066, 1063263.600446167867631 ], [ 592801.651582687511109, 1063267.542362752603367 ], [ 592784.540289199328981, 1063270.165398656157777 ], [ 592754.276669838582166, 1063262.248243308626115 ], [ 592733.540023401845247, 1063236.389472069917247 ], [ 592718.62584240140859, 1063201.669065777212381 ], [ 592703.672999721369706, 1063170.78906578826718 ], [ 592698.907806306262501, 1063138.733463491313159 ], [ 592696.776513105956838, 1063097.743063248461112 ], [ 592700.952891576103866, 1063061.938529285369441 ], [ 592697.614182264893316, 1063014.534408691804856 ], [ 592686.515532382880338, 1062979.853231602581218 ], [ 592583.68055965937674, 1062834.126911871368065 ], [ 592460.09667397569865, 1062727.875710081774741 ], [ 592396.878275492344983, 1062690.098630350781605 ], [ 592322.135994108626619, 1062659.88474311446771 ], [ 592179.844362205942161, 1062643.059768782230094 ], [ 592145.530416929745115, 1062640.146713455207646 ], [ 592121.442759231082164, 1062632.217669228557497 ], [ 592097.960852016811259, 1062564.122536572627723 ], [ 592071.462477287743241, 1062416.620233512483537 ], [ 592093.358427642728202, 1062263.213873733300716 ], [ 592125.966308882925659, 1062182.892442791489884 ], [ 592165.126655951724388, 1062083.434426150517538 ], [ 592298.583456682274118, 1061967.021384130232036 ], [ 592382.846984966890886, 1061935.88040152634494 ], [ 592502.966824108734727, 1061880.782723014010116 ], [ 592584.905692178639583, 1061827.853363664122298 ], [ 592654.216331284609623, 1061765.832457538926974 ], [ 593119.501040019560605, 1061412.137637711595744 ], [ 593212.963576082373038, 1061351.644794078078121 ], [ 593283.301143996301107, 1061313.959165303269401 ], [ 593353.947804743191227, 1061245.550444519147277 ], [ 593442.477458660374396, 1061169.643733167788014 ], [ 593605.234299107338302, 1061175.15537577890791 ], [ 593720.199089787784033, 1061253.151211871765554 ], [ 593812.476853708969429, 1061310.429987537674606 ], [ 593921.249972487217747, 1061371.718885219888762 ], [ 594038.001882798969746, 1061398.522596098715439 ], [ 594148.407506820629351, 1061423.980874690460041 ], [ 594250.103416744037531, 1061430.145778347039595 ], [ 594321.545511041185819, 1061409.114591164281592 ], [ 594370.042929197894409, 1061392.968937796074897 ], [ 594452.93161386041902, 1061372.055195935769007 ], [ 594557.634759576641954, 1061332.161351498682052 ], [ 594686.361314894864336, 1061306.596905904589221 ], [ 594779.566371786873788, 1061271.706015702569857 ], [ 594875.340859072748572, 1061234.28092472627759 ], [ 594956.713133894139901, 1061237.676471513928846 ], [ 595006.237825866090134, 1061245.866257833549753 ], [ 595060.553840731969103, 1061283.551301020430401 ], [ 595100.77659856621176, 1061331.333857523277402 ], [ 595138.828972935443744, 1061341.966448178747669 ], [ 595189.741398888640106, 1061338.648071015952155 ], [ 595249.852797708241269, 1061305.977958968374878 ], [ 595312.610851042205468, 1061263.092858880292624 ], [ 595358.989353811601177, 1061204.676492702681571 ], [ 595400.061655129306018, 1061167.970192910404876 ], [ 595416.659996682778001, 1061161.739162627607584 ], [ 595448.584834039444104, 1061149.264049469958991 ], [ 595474.034611735260114, 1061148.244892023736611 ], [ 595793.111294736154377, 1061293.628011063672602 ], [ 595861.160442833206616, 1061357.059240189846605 ], [ 595912.328124270425178, 1061454.884546745102853 ], [ 595956.225076382164843, 1061516.787779615726322 ], [ 595988.945661797886714, 1061551.690721449907869 ], [ 596052.422273675329052, 1061563.864345694193617 ], [ 596096.975592373753898, 1061560.480599753092974 ], [ 596148.068323007202707, 1061539.240158630069345 ], [ 596164.87260198011063, 1061512.526886065723374 ], [ 596208.376994186313823, 1061233.874535495182499 ], [ 596242.036940452177078, 1061175.327458260813728 ], [ 596284.406798984971829, 1061136.073739690473303 ], [ 596339.562008560169488, 1061095.809373438823968 ], [ 596380.425853482214734, 1061074.325451099080965 ], [ 596468.440684936591424, 1061049.622805709252134 ], [ 596574.215000152122229, 1061052.417409990681335 ], [ 596676.042357872938737, 1061096.948306353529915 ], [ 596761.204255160875618, 1061137.763617332326248 ], [ 596811.953821000526659, 1061168.3700605656486 ], [ 596857.444518172880635, 1061198.282798689324409 ], [ 596875.868736329255626, 1061251.792895768536255 ] ] ] ] } },
{ "type": "Feature", "properties": { "FID_1": 11, "AREA_HA": 3497.755, "RESERVA": "RESERVA INDIGENA HUETAR DE ZAPATON", "are_ha": 3497.17, "RI": "RESERVA INDIGENA" }, "geometry": { "type": "MultiPolygon", "coordinates": [ [ [ [ 461173.04317586380057, 1074939.691723350202665 ], [ 461222.383954780874774, 1074932.942831316497177 ], [ 461254.491367899987381, 1074925.33119373046793 ], [ 461272.25516889593564, 1074912.594335649162531 ], [ 461297.550281899981201, 1074879.596611764514819 ], [ 461310.135034093749709, 1074851.725320572732016 ], [ 461332.145963489776477, 1074824.368081110529602 ], [ 461350.618366729235277, 1074800.950737814418972 ], [ 461373.99058569414774, 1074790.85586031107232 ], [ 461405.34406342857983, 1074791.795838675927371 ], [ 461427.075877470371779, 1074805.573038857197389 ], [ 461446.260039727203548, 1074819.364641805645078 ], [ 461457.785974416590761, 1074832.613322440069169 ], [ 461487.224872473336291, 1074855.778662098804489 ], [ 461517.845564475224819, 1074864.451027981005609 ], [ 461823.522044155688491, 1074855.140702614793554 ], [ 461865.607171054522041, 1074863.748203514842317 ], [ 461905.123705194913782, 1074868.579298473894596 ], [ 461963.82441680500051, 1074887.201957900542766 ], [ 462011.053715052898042, 1074904.625842096284032 ], [ 462105.582130701164715, 1074952.109616497997195 ], [ 462312.430698014388327, 1075039.394589196657762 ], [ 462462.740432386926841, 1075063.518262460362166 ], [ 462612.066150952712633, 1075089.508873537648469 ], [ 462687.319658932858147, 1075106.774109326768667 ], [ 462730.727515942126047, 1075124.219506836961955 ], [ 462753.691304523090366, 1075130.407790924422443 ], [ 462774.072522719216067, 1075130.292474997695535 ], [ 462793.138011970790103, 1075122.602749973535538 ], [ 462810.936657877638936, 1075116.183834232157096 ], [ 462829.918338886229321, 1075093.330879123415798 ], [ 462845.134411051811185, 1075080.608366092666984 ], [ 462883.167602389934473, 1075047.538482047151774 ], [ 462908.588243551901542, 1075037.285512692527846 ], [ 462939.181010599655565, 1075040.903333720052615 ], [ 462953.214044811378699, 1075044.614854071522132 ], [ 462995.320132563239895, 1075057.013013497460634 ], [ 463034.843647974077612, 1075063.107573475455865 ], [ 463087.070495039282832, 1075062.812035512411967 ], [ 463120.942029318597633, 1075055.290900661377236 ], [ 463145.641978348430712, 1075041.01496627763845 ], [ 463154.422590958303772, 1075033.367144957650453 ], [ 463163.269518630346283, 1075020.680667503038421 ], [ 463172.08152089297073, 1075001.676182220922783 ], [ 463179.577787639689632, 1074975.097297275904566 ], [ 463201.183918569120578, 1074966.129540415713564 ], [ 463229.061381459934637, 1074939.435319788055494 ], [ 463265.918480116699357, 1074924.063049912918359 ], [ 463293.893728066526819, 1074915.059246255317703 ], [ 463307.86388793255901, 1074907.398340940242633 ], [ 463325.613608607731294, 1074892.134201906621456 ], [ 463343.370313136838377, 1074878.133664121618494 ], [ 463368.679151427932084, 1074847.663060195045546 ], [ 463406.80306955933338, 1074831.019974713912234 ], [ 463437.311980641097762, 1074819.474545678822324 ], [ 463492.016561373020522, 1074806.52853463543579 ], [ 463535.936515554727521, 1074774.874650165671483 ], [ 463562.762824376230128, 1074710.738657386042178 ], [ 463562.681598457333166, 1074628.016625254414976 ], [ 463530.359419829095714, 1074599.074612986762077 ], [ 463506.017063337494619, 1074573.939595567295328 ], [ 463486.007809922099113, 1074550.550198036246002 ], [ 463473.491426710912492, 1074524.18137360108085 ], [ 463469.923897447413765, 1074497.061876970343292 ], [ 463472.27595141204074, 1074461.666675300803035 ], [ 463475.950726417882834, 1074435.109462974127382 ], [ 463489.864980724349152, 1074417.339774790685624 ], [ 463509.453761507640593, 1074400.571430806303397 ], [ 463554.697208393248729, 1074392.963725806912407 ], [ 463638.699632067698985, 1074379.851916485698894 ], [ 463773.710822245571762, 1074376.560481836320832 ], [ 463852.415316208906006, 1074326.833109331550077 ], [ 463904.390489592624363, 1074281.04794691875577 ], [ 463925.863800891209394, 1074248.071818710304797 ], [ 463946.007392653089482, 1074204.99412093241699 ], [ 463959.809822002600413, 1074167.006872070021927 ], [ 463968.984784241823945, 1074128.933943310985342 ], [ 463968.951290574041195, 1074094.846436423016712 ], [ 463961.749614660395309, 1074057.059467359213158 ], [ 463946.233205838827416, 1074015.447281640721485 ], [ 463917.880786177353002, 1073956.216841725166887 ], [ 463903.7569786029635, 1073936.078600513050333 ], [ 463897.304040356248152, 1073920.95148733863607 ], [ 463888.233599530532956, 1073893.202826056163758 ], [ 463888.128805827756878, 1073874.248874499928206 ], [ 463893.056417052983306, 1073843.893714820733294 ], [ 463910.778118144604377, 1073823.575231535127386 ], [ 464333.276084240467753, 1073516.647570698754862 ], [ 464414.51396280649351, 1073464.378667661221698 ], [ 464447.535404300200753, 1073446.500847718911245 ], [ 464498.112360566679854, 1073426.953835852444172 ], [ 464536.745238411123864, 1073404.519615471363068 ], [ 464554.137788833933882, 1073373.870197530370206 ], [ 464566.547524153487757, 1073314.409160609124228 ], [ 464563.601572242565453, 1073242.398737839888781 ], [ 464558.205822826130316, 1073188.093060851097107 ], [ 464538.881946635665372, 1073149.029837374808267 ], [ 464522.07775852776831, 1073104.897820429643616 ], [ 464518.116555649612565, 1073079.647591065615416 ], [ 464502.628117592190392, 1073043.089926921762526 ], [ 464510.20114087528782, 1073030.410730163101107 ], [ 464539.352177638676949, 1073003.709421683102846 ], [ 464535.404952112876344, 1072980.986385438591242 ], [ 464530.204874096263666, 1072962.061339646577835 ], [ 464528.833232607343234, 1072944.378253827337176 ], [ 464551.601207349682227, 1072915.185824200743809 ], [ 464568.111901085765567, 1072906.246931115398183 ], [ 464588.45102896419121, 1072898.549996193731204 ], [ 464622.809116949385498, 1072892.037327307509258 ], [ 464661.058529171801638, 1072898.138943504774943 ], [ 464687.885528144310229, 1072911.887014320353046 ], [ 464819.829338087118231, 1073045.084979321574792 ], [ 464840.26630590192508, 1073055.078322479734197 ], [ 464865.812516954087187, 1073067.569999631028622 ], [ 464905.314794777252246, 1073069.873594137141481 ], [ 464940.056974216829985, 1073072.251671225763857 ], [ 464995.713798596349079, 1073061.779926750343293 ], [ 465031.275803223135881, 1073042.624074152205139 ], [ 465147.711956573475618, 1072905.492509293369949 ], [ 465217.2964755728608, 1072819.171541256597266 ], [ 465303.405598815355916, 1072726.438857722794637 ], [ 465362.953319932275917, 1072667.974630147917196 ], [ 465406.018334848457016, 1072623.50368548091501 ], [ 465425.013696178444661, 1072603.178028209600598 ], [ 465472.025965861277655, 1072581.430069566005841 ], [ 465644.705319209955633, 1072479.361703305505216 ], [ 465812.464093432121444, 1072408.911900519626215 ], [ 465916.630054358334746, 1072356.51308082533069 ], [ 465985.045333370799199, 1072289.153228350449353 ], [ 466038.125899173493963, 1072213.034856962040067 ], [ 466087.594780995917972, 1072174.845788647420704 ], [ 466111.510508241131902, 1072122.901577389799058 ], [ 466126.404666500573512, 1072052.054073367500678 ], [ 466131.136306394997519, 1071986.31866265158169 ], [ 466120.61718342039967, 1071926.987791773863137 ], [ 466090.795134727261029, 1071832.384734753519297 ], [ 466073.711208052234724, 1071737.709541487973183 ], [ 466068.406213794660289, 1071699.830811986932531 ], [ 466069.533195811265614, 1071673.288284901762381 ], [ 466088.395626083307434, 1071628.954538602149114 ], [ 466136.401843106024899, 1071556.655953983776271 ], [ 466180.705479812459089, 1071505.859983198810369 ], [ 466217.254378583165817, 1071434.889949303818867 ], [ 466238.398700791527517, 1071342.525577551219612 ], [ 466279.51840375707252, 1071176.757892618887126 ], [ 466299.179145300819073, 1071046.493300958769396 ], [ 466308.628457824932411, 1070912.495737434132025 ], [ 466313.213281331001781, 1070820.225319677963853 ], [ 466312.891661570814904, 1070762.100516670616344 ], [ 466311.359163763700053, 1070715.355180277256295 ], [ 466337.906324630137533, 1070678.559771084692329 ], [ 466459.849042014684528, 1070615.951556287938729 ], [ 466583.156412352400366, 1070569.7626654622145 ], [ 466606.056930525810458, 1070564.57844736170955 ], [ 466637.818139890325256, 1070549.235061943763867 ], [ 466669.369562628911808, 1070495.98423725226894 ], [ 466711.048475875868462, 1070431.303460434312001 ], [ 466770.567623785871547, 1070367.785243040183559 ], [ 466842.251348822901491, 1070200.581297248834744 ], [ 466913.031858735717833, 1070100.354359952965751 ], [ 466972.58588435506681, 1070043.154091871110722 ], [ 467047.397541803540662, 1069980.812905725790188 ], [ 467084.218911539413966, 1069959.12276271241717 ], [ 467104.36894966365071, 1069917.30918839154765 ], [ 467198.350523206929211, 1069866.23194930749014 ], [ 467288.510659073654097, 1069815.17635361617431 ], [ 467355.60944790072972, 1069740.242702309740707 ], [ 467401.095564717194065, 1069673.013238326180726 ], [ 467412.259001023019664, 1069618.614453091286123 ], [ 467399.269192991836462, 1069573.197862498927861 ], [ 467392.627407311636489, 1069523.954455663217232 ], [ 467384.781769272231031, 1069487.354039657628164 ], [ 467364.149175666214433, 1069441.980771134141833 ], [ 467369.020559087162837, 1069401.51745412661694 ], [ 467380.204986442520749, 1069350.909443545853719 ], [ 467372.34537058416754, 1069311.78189274482429 ], [ 467353.035553113732021, 1069275.246457215864211 ], [ 467317.201321736269165, 1069245.12273082905449 ], [ 467285.188493665424176, 1069214.97734939143993 ], [ 467248.164398022403475, 1069200.023743042722344 ], [ 467189.492714689287823, 1069186.456397770205513 ], [ 467127.069567102415022, 1069185.546449174406007 ], [ 467064.70235950301867, 1069194.745095660211518 ], [ 467030.414671602542512, 1069213.893579507479444 ], [ 466993.57238762115594, 1069231.792918532388285 ], [ 466962.298031340586022, 1069230.55911940173246 ], [ 466941.283678490144666, 1069220.716597689315677 ], [ 466911.444583239383064, 1069189.645393813727424 ], [ 466896.302141517400742, 1069148.945324999513105 ], [ 466888.78853228938533, 1069116.215213416842744 ], [ 466895.854645332787186, 1069068.076478488510475 ], [ 466936.350505298876669, 1069019.829705177340657 ], [ 466964.206261130981147, 1068989.345148889347911 ], [ 466984.412229358160403, 1068957.640315326396376 ], [ 467052.120501434546895, 1068762.660154223674908 ], [ 467095.934246043092571, 1068623.414456999627873 ], [ 467093.134927880892064, 1068577.940239761490375 ], [ 467080.082309072895441, 1068521.151595839066431 ], [ 467037.592540084326174, 1068439.257459555286914 ], [ 466986.514833786932286, 1068416.801765814423561 ], [ 466743.661612111260183, 1068267.807420127559453 ], [ 466582.65303575078724, 1068176.475578253855929 ], [ 466520.062296670861542, 1068145.239725482882932 ], [ 466494.530464461247902, 1068135.275411175331101 ], [ 466448.128648155834526, 1068036.976442851126194 ], [ 466472.163016422942746, 1068006.513667196733877 ], [ 466516.62003956513945, 1067983.5169154596515 ], [ 466524.227862848318182, 1067977.155777401989326 ], [ 466535.622123367385939, 1067964.455140938516706 ], [ 466533.025606600334868, 1067955.624565072590485 ], [ 466527.832573658728506, 1067937.96341389301233 ], [ 466456.101671013457235, 1067866.343759807059541 ], [ 466452.140504705894273, 1067841.093969572102651 ], [ 466423.481030153809115, 1067726.26767031243071 ], [ 466408.889227539184503, 1067621.470632381737232 ], [ 466413.725821865024045, 1067574.689674949273467 ], [ 466471.118263144220691, 1067357.023878067731857 ], [ 466498.645506282278802, 1067267.151786364149302 ], [ 466519.957530634535942, 1067205.114296399988234 ], [ 466557.947652839822695, 1067164.463725046487525 ], [ 466574.360182777279988, 1067137.835022682789713 ], [ 466576.726057751569897, 1067104.967817194294184 ], [ 466570.168403484800365, 1067070.88753344444558 ], [ 466572.415472753695212, 1067016.539676567306742 ], [ 466586.280414696142543, 1066989.925412508659065 ], [ 466470.414324568409938, 1066999.42669105483219 ], [ 466419.588452990050428, 1067022.459390921285376 ], [ 466395.540149617590941, 1067050.394916442222893 ], [ 466352.580626427952666, 1067113.818538650637493 ], [ 466301.922432505467441, 1067167.176888909889385 ], [ 466182.828796840913128, 1067284.103117228485644 ], [ 466171.441523131448776, 1067298.067282109986991 ], [ 466158.773468112398405, 1067310.775088814785704 ], [ 466162.678695930051617, 1067325.916291967500001 ], [ 466171.231111666769721, 1067342.552365839015692 ], [ 466170.531078034429811, 1067363.78011894132942 ], [ 466162.986143866903149, 1067381.513364140642807 ], [ 466155.446062307513785, 1067389.171554008964449 ], [ 466141.415508018631954, 1067396.798792190849781 ], [ 466124.223527753609233, 1067400.746280372142792 ], [ 466098.0855735851801, 1067393.253254880430177 ], [ 466075.136332024238072, 1067389.592339692171663 ], [ 466048.477503465721384, 1067406.170176604995504 ], [ 466016.737471675733104, 1067425.303995862603188 ], [ 465963.294036015344318, 1067435.715399328852072 ], [ 465944.236038240196649, 1067444.66854757280089 ], [ 465922.590277350100223, 1067452.327932117739692 ], [ 465903.364502113719936, 1067448.789356075227261 ], [ 465886.268943876726553, 1067439.556740395724773 ], [ 465874.154843408905435, 1067428.184750542975962 ], [ 465861.322517127264291, 1067410.410027548437938 ], [ 465847.088684594258666, 1067415.404461875557899 ], [ 465834.515118570066988, 1067413.699356805766001 ], [ 465816.619131035869941, 1067402.42816097731702 ], [ 465802.509594991686754, 1067384.817483322229236 ], [ 465785.820938264660072, 1067373.486543329199776 ], [ 465765.847646648995578, 1067368.031029135687277 ], [ 465754.054320952971466, 1067370.14761939807795 ], [ 465746.455688591930084, 1067383.871136074420065 ], [ 465705.785104902111925, 1067400.528253883123398 ], [ 465658.738560814002994, 1067415.957844111369923 ], [ 465616.668434353312477, 1067409.877891903044656 ], [ 465577.083028566325083, 1067392.411380581790581 ], [ 465474.907104010460898, 1067343.708819151623175 ], [ 465378.070831722579896, 1067339.202361698262393 ], [ 465353.945574893325102, 1067353.238590883789584 ], [ 465332.339966714207549, 1067362.206120633054525 ], [ 465292.430147365841549, 1067387.32186456117779 ], [ 465222.40337182674557, 1067439.125123961828649 ], [ 465202.971672628482338, 1067464.026987260906026 ], [ 465202.054058070119936, 1067528.476337356260046 ], [ 465195.803810951649211, 1067549.993092237971723 ], [ 465163.75616484193597, 1067603.674833721015602 ], [ 465131.609690343786497, 1067633.279125183587894 ], [ 465113.353053688886575, 1067638.51574766356498 ], [ 465088.132737347506918, 1067636.800894003827125 ], [ 465064.682247476535849, 1067630.673981735249981 ], [ 465050.994266548892483, 1067612.456799023319036 ], [ 465045.579799734521657, 1067566.006412468152121 ], [ 465042.724941570544615, 1067510.423668952425942 ], [ 465028.545598902914207, 1067480.177226129220799 ], [ 465018.250492211373057, 1067461.281307724304497 ], [ 465000.36848331312649, 1067452.537201628088951 ], [ 464971.085169107886031, 1067455.230097411666065 ], [ 464888.574793773761485, 1067507.50495564378798 ], [ 464680.580039268359542, 1067672.951135456096381 ], [ 464585.303662057907786, 1067720.243746755179018 ], [ 464498.811178615724202, 1067743.478018588386476 ], [ 464387.969937141169794, 1067740.314123092917725 ], [ 464312.718205258424859, 1067723.049162903102115 ], [ 464252.556581865879707, 1067670.317684908164665 ], [ 464235.885541159776039, 1067650.194166969973594 ], [ 464226.794457731768489, 1067618.655268324073404 ], [ 464202.452723517140839, 1067593.520682054804638 ], [ 464169.243280232069083, 1067577.281530437758192 ], [ 464146.307968339882791, 1067576.14762202790007 ], [ 464117.150252135936171, 1067601.584762170678005 ], [ 464098.217802307452075, 1067633.282141811680049 ], [ 464037.501327635138296, 1067710.705878480803221 ], [ 463793.672058440744877, 1067846.027671591611579 ], [ 463565.163025027140975, 1067987.58085415745154 ], [ 463386.74051374575356, 1067972.162575255148113 ], [ 463253.019556191982701, 1067977.972962593892589 ], [ 463107.708810446609277, 1067961.103736002929509 ], [ 463062.054360361944418, 1067998.006628254195675 ], [ 462988.453050900890958, 1068048.967250571353361 ], [ 462987.82507439982146, 1068132.465933306375518 ], [ 462976.224311665457208, 1068141.280314140953124 ], [ 462950.204352360917255, 1068151.938469015993178 ], [ 462927.141392025339883, 1068158.642021419946104 ], [ 462901.195687935396563, 1068164.449465795885772 ], [ 462883.369464210409205, 1068165.813833980588242 ], [ 462831.07390744809527, 1068153.473236917052418 ], [ 462809.377454183180816, 1068146.014161676401272 ], [ 462775.138617723830976, 1068151.986377550521865 ], [ 462754.673806133447215, 1068158.959484036546201 ], [ 462743.300283918797504, 1068175.450772222131491 ], [ 462734.488311750581488, 1068194.454817401710898 ], [ 462726.887361682136543, 1068202.07947199838236 ], [ 462704.567108596849721, 1068206.233744259458035 ], [ 462683.557224991731346, 1068198.533497516298667 ], [ 462647.737365800188854, 1068170.936363385058939 ], [ 462592.831432652077638, 1068147.237930438946933 ], [ 462531.640197240572888, 1068138.73840071586892 ], [ 462471.736710316094104, 1068132.758815199835226 ], [ 462424.543330067477655, 1068121.652934859739617 ], [ 462257.898618144216016, 1068163.030245234956965 ], [ 462073.845967435045168, 1068281.586490905145183 ], [ 462041.243118283746298, 1068375.278387848520651 ], [ 462027.60085964150494, 1068442.327213414479047 ], [ 462026.571109695185442, 1068486.559668191708624 ], [ 462010.19297579175327, 1068519.506275181658566 ], [ 461983.575609097955748, 1068543.665402567945421 ], [ 461955.579844225489069, 1068548.87803827598691 ], [ 461808.918233342585154, 1068518.11609312100336 ], [ 461718.38063698069891, 1068500.936862090835348 ], [ 461704.292118340439629, 1068487.11663760105148 ], [ 461690.989391526556574, 1068384.838681732770056 ], [ 461684.501864517107606, 1068363.393815904622898 ], [ 461670.343640366452746, 1068336.937805609544739 ], [ 461661.308512435876764, 1068315.507331490283832 ], [ 461637.127187158213928, 1068319.4347689289134 ], [ 461614.275432384805754, 1068333.463640514295548 ], [ 461609.493927985429764, 1068390.35347099439241 ], [ 461594.473205255577341, 1068438.455815135734156 ], [ 461508.51686908659758, 1068558.985106016509235 ], [ 461487.161968784348574, 1068613.441349948989227 ], [ 461481.050880807219073, 1068660.229787511751056 ], [ 461462.180842141446192, 1068703.299436793895438 ], [ 461444.459125336667057, 1068723.617447699885815 ], [ 461403.843789192440454, 1068750.382862694328651 ], [ 461055.466047020978294, 1069331.08897670940496 ], [ 461027.769900672603399, 1069390.635660413419828 ], [ 460998.737207914353348, 1069438.817295278888196 ], [ 460960.67633448651759, 1069466.831949534127489 ], [ 460937.810532912379131, 1069478.333689333871007 ], [ 460895.970045672787819, 1069513.95142828905955 ], [ 460855.277900370187126, 1069526.817457682685927 ], [ 460820.87115329655353, 1069524.48450582800433 ], [ 460794.114221593772527, 1069523.371976473834366 ], [ 460752.176137104164809, 1069541.299526177113876 ], [ 460724.201149069645908, 1069550.302860499592498 ], [ 460702.567321839916985, 1069554.215891267871484 ], [ 460674.55051527870819, 1069555.637714830227196 ], [ 460660.531658009218518, 1069554.453248841920868 ], [ 460631.185290259250905, 1069545.77358425129205 ], [ 460553.190314659965225, 1069493.141760541358963 ], [ 460523.809110129484907, 1069478.144162875367329 ], [ 460486.896553546306677, 1069483.407065865118057 ], [ 460452.594324632023927, 1069500.027843740070239 ], [ 460410.760732082067989, 1069536.909126899205148 ], [ 460381.525853565952275, 1069548.446796836797148 ], [ 460367.646353435411584, 1069572.534018374746665 ], [ 460343.625158689916134, 1069605.523869614116848 ], [ 460319.541248643829022, 1069627.141455827280879 ], [ 460290.299389694060665, 1069637.415539124747738 ], [ 460271.199225134332664, 1069638.7869931103196 ], [ 460258.56565204448998, 1069657.812687104567885 ], [ 460245.966916153265629, 1069683.156310267513618 ], [ 460230.716045744426083, 1069689.560532170347869 ], [ 460196.351069984375499, 1069694.809033375233412 ], [ 460176.01192814001115, 1069702.505603227764368 ], [ 460140.338302531454246, 1069701.443361329846084 ], [ 460125.198904246615712, 1069728.064954331843182 ], [ 460112.593188483035192, 1069752.144995956914499 ], [ 460121.06516582146287, 1069902.468624693341553 ], [ 460166.17806297831703, 1069998.249529675580561 ], [ 460249.184774908353575, 1070035.689693804830313 ], [ 460283.682178609189577, 1070054.449322294443846 ], [ 460291.548028355289716, 1070094.840956916799769 ], [ 460308.379335741046816, 1070144.027362740598619 ], [ 460325.106120849726722, 1070174.259962133597583 ], [ 460337.955727451131679, 1070194.405439326073974 ], [ 460322.872087816300336, 1070231.135783103527501 ], [ 460308.922884145460557, 1070242.587185145355761 ], [ 460283.606939107005019, 1070271.793544463813305 ], [ 460253.230586912715808, 1070307.346613589441404 ], [ 460249.625176754663698, 1070346.539418859407306 ], [ 460132.852596811659168, 1070423.016369215445593 ], [ 460126.58109153615078, 1070440.742567854234949 ], [ 460131.850545764551498, 1070472.303518020315096 ], [ 460139.563101717678364, 1070484.896254991414025 ], [ 460192.096016419061925, 1070540.199295383645222 ], [ 460216.500542650988791, 1070576.706725069554523 ], [ 460239.596418144006748, 1070606.903401915449649 ], [ 460258.95448771037627, 1070652.284726481884718 ], [ 460256.601993726100773, 1070687.679612240986899 ], [ 460248.019816177373286, 1070748.382255875505507 ], [ 460241.797100686992053, 1070774.953601707005873 ], [ 460241.94345120084472, 1070801.488987023476511 ], [ 460268.784129114006646, 1070817.764609577367082 ], [ 460319.806353663210757, 1070830.112795962020755 ], [ 460361.849160521873273, 1070831.139017278328538 ], [ 460379.51527460233774, 1070800.712160961702466 ], [ 460402.29754689935362, 1070774.047303549479693 ], [ 460449.463474532531109, 1070780.099101322703063 ], [ 460482.694129563809838, 1070800.129504819400609 ], [ 460504.59290293144295, 1070844.23285000026226 ], [ 460521.263996190973558, 1070864.356767298188061 ], [ 460532.839838715968654, 1070884.509459447581321 ], [ 460550.687164229573682, 1070886.935925629921257 ], [ 460576.156457416422199, 1070885.528458056971431 ], [ 460590.08475626265863, 1070870.286248375428841 ], [ 460605.258984840125777, 1070849.982486977474764 ], [ 460616.695419493305963, 1070844.863382650073618 ], [ 460633.213164202694315, 1070837.188322829082608 ], [ 460666.346240606741048, 1070839.528453678125516 ], [ 460848.417808094411157, 1070823.336561251897365 ], [ 460895.709218697447795, 1070852.132897483417764 ], [ 460921.373707121470943, 1070886.10590363945812 ], [ 460932.9286547722877, 1070902.467807276640087 ], [ 460933.012316434236709, 1070917.630879637086764 ], [ 460926.733885653084144, 1070934.093518763082102 ], [ 460904.098066998005379, 1070987.293796441983432 ], [ 460911.915241735638119, 1071018.840367968194187 ], [ 460936.396572283818386, 1071069.247249443084002 ], [ 460964.594770019524731, 1071100.678696157410741 ], [ 461033.638675877300557, 1071147.042954337084666 ], [ 461046.439564201282337, 1071158.343305373098701 ], [ 461060.590965670475271, 1071183.53595209098421 ], [ 461055.600300114776473, 1071202.5185905713588 ], [ 461051.841612426098436, 1071213.912491887807846 ], [ 461030.284393484645989, 1071231.725091241067275 ], [ 461003.60402623686241, 1071244.512112849159166 ], [ 460988.401927718776278, 1071259.761551268398762 ], [ 460982.067719592130743, 1071266.115484074689448 ], [ 460978.350863755156752, 1071285.090931901708245 ], [ 460983.515844974666834, 1071297.698055259883404 ], [ 461002.80434437195072, 1071330.443475202191621 ], [ 461037.34375700133387, 1071356.784586540888995 ], [ 461059.242650586587843, 1071400.887932669138536 ], [ 461069.760895464045461, 1071460.219144420698285 ], [ 461070.011924338177778, 1071505.70843209256418 ], [ 461073.958884389954619, 1071528.431488372618333 ], [ 461060.051515747152735, 1071547.464523958740756 ], [ 461043.554677329375409, 1071558.930403737584129 ], [ 461023.271256978041492, 1071576.735831495607272 ], [ 461006.760469773551449, 1071585.67452777735889 ], [ 460970.886681293370202, 1071779.21282709762454 ], [ 460962.130348404345568, 1071808.325832814909518 ], [ 460952.051387399726082, 1071828.600888447836041 ], [ 460940.677690180018544, 1071845.092363430419937 ], [ 460929.26912716939114, 1071855.265874731354415 ], [ 460921.737796284025535, 1071875.526540353661403 ], [ 460928.176608382025734, 1071888.126487666275352 ], [ 460918.034887351561338, 1071897.029210883658379 ], [ 460915.773147303378209, 1071948.85092282644473 ], [ 460913.518382268142886, 1072001.936236270936206 ], [ 460907.239947732770815, 1072018.398934474680573 ], [ 460892.093604753725231, 1072043.757164892042056 ], [ 460874.38567952363519, 1072066.602602920960635 ], [ 460869.401979013462551, 1072086.848889403510839 ], [ 460865.692095702514052, 1072107.087980649201199 ], [ 460865.789718460757285, 1072124.778295528143644 ], [ 460919.624767554108985, 1072185.128546580672264 ], [ 460976.077208128233906, 1072258.100342080462724 ], [ 460990.37512636417523, 1072309.828542761970311 ], [ 461002.836757514916826, 1072490.457823100266978 ], [ 460985.498452065687161, 1072580.273855878971517 ], [ 460966.48182954126969, 1072596.808561339508742 ], [ 460942.335058796277735, 1072607.054078906774521 ], [ 460927.111994301259983, 1072618.512809338979423 ], [ 460903.097723203769419, 1072652.766646010801196 ], [ 460894.355334027553909, 1072684.406925592571497 ], [ 460902.319051787897479, 1072742.489160551689565 ], [ 460902.50734961341368, 1072776.606259113876149 ], [ 460896.242860645637847, 1072795.596191987162456 ], [ 460892.560881346755195, 1072820.889713279437274 ], [ 460819.637184517632704, 1073225.665502032497898 ], [ 461173.04317586380057, 1074939.691723350202665 ] ] ] ] } },
{ "type": "Feature", "properties": { "FID_1": 12, "AREA_HA": 20005.59, "RESERVA": "RESERVA INDIGENA CABECAR DE UJARRAS", "are_ha": 20004.56, "RI": "RESERVA INDIGENA" }, "geometry": { "type": "MultiPolygon", "coordinates": [ [ [ [ 576069.006184182828292, 1018017.201831024256535 ], [ 574820.39829293533694, 1018665.694528441410512 ], [ 573221.584483109530993, 1018389.988267414737493 ], [ 573208.631865371484309, 1018447.592731853248551 ], [ 573189.49178793351166, 1018464.067595175583847 ], [ 573169.085680939722806, 1018479.271916826604865 ], [ 573127.226506868726574, 1018492.910913437488489 ], [ 573065.705662316642702, 1018476.819479007390328 ], [ 573004.216722527518868, 1018420.587196598993614 ], [ 572971.173978753853589, 1018378.783276708680205 ], [ 572944.416364174569026, 1018392.711003896314651 ], [ 572556.346897507435642, 1018765.348485816270113 ], [ 572482.510986726148985, 1018788.10353069473058 ], [ 572406.126974710496143, 1018812.124561848235317 ], [ 572325.902084077941254, 1018842.48620288039092 ], [ 572278.807788077974692, 1018855.120629933895543 ], [ 572247.018123965361156, 1018856.351876900531352 ], [ 572211.430399030796252, 1018853.771481470903382 ], [ 572175.799862528219819, 1018861.343354207463562 ], [ 572136.312392425024882, 1018879.062957460526377 ], [ 572093.080381889129058, 1018880.280571760726161 ], [ 572052.385766065679491, 1018882.770237353746779 ], [ 572028.181521077640355, 1018894.162800859077834 ], [ 571997.524061075295322, 1018928.390409576590173 ], [ 571961.679390670149587, 1018986.723613816080615 ], [ 571943.805228066514246, 1019004.468906518421136 ], [ 571907.971235845470801, 1019060.264041751506738 ], [ 571881.068958578165621, 1019108.455567700089887 ], [ 571864.391194875002839, 1019143.968860442633741 ], [ 571857.943307617679238, 1019165.534884362481534 ], [ 571899.459588932921179, 1019269.645762609550729 ], [ 571910.693139056791551, 1019319.151791706099175 ], [ 571911.75856249674689, 1019341.393080354086123 ], [ 571909.234362631570548, 1019363.566542304586619 ], [ 571890.03523742267862, 1019394.000694564776495 ], [ 571853.063635201426223, 1019418.068455830565654 ], [ 571821.656872448511422, 1019422.275821672170423 ], [ 571773.038404055638239, 1019420.44919480860699 ], [ 571728.501070211292244, 1019410.305739386822097 ], [ 571690.418755159480497, 1019396.300871921586804 ], [ 571637.938921092194505, 1019479.995097882463597 ], [ 571598.408474405528978, 1019507.866888134041801 ], [ 571552.61221041623503, 1019514.157469597877935 ], [ 571513.188890089746565, 1019516.648517955094576 ], [ 571471.206751799792983, 1019522.943633305490948 ], [ 571412.391370877041481, 1019601.554077098146081 ], [ 571381.803372306749225, 1019619.284158753813244 ], [ 571347.492332216817886, 1019615.436062571010552 ], [ 571313.138430060935207, 1019621.740252151619643 ], [ 571277.443494426901452, 1019644.540389485191554 ], [ 571173.690445865970105, 1019827.158633343526162 ], [ 571127.711910113925114, 1019876.596373313572258 ], [ 571100.782549077295698, 1019931.133059472194873 ], [ 571008.35362724296283, 1020141.68387105956208 ], [ 570967.843055822770111, 1020269.910265148151666 ], [ 570951.587391306413338, 1020337.048908654134721 ], [ 570932.270082873641513, 1020395.401893403963186 ], [ 570884.25850415835157, 1020625.041825863765553 ], [ 570514.382526481407695, 1021804.814476514817216 ], [ 570487.635148689849302, 1021816.203813806525432 ], [ 570454.450332523556426, 1021846.621200981433503 ], [ 570430.122256724629551, 1021887.201651016133837 ], [ 570423.566717671812512, 1021934.148730106418952 ], [ 570426.924578799400479, 1022042.02230012009386 ], [ 570455.602775298641063, 1022175.307448517531157 ], [ 570468.058952873223461, 1022236.237043800763786 ], [ 570468.734419949585572, 1022377.102973570115864 ], [ 570451.841294667916372, 1022463.37844374589622 ], [ 570404.064327149651945, 1022637.181680441717617 ], [ 570342.162328233942389, 1022843.963497492833994 ], [ 570295.527583416318521, 1023048.225703586009331 ], [ 570251.763153876410797, 1023175.078875156817958 ], [ 570181.315548666054383, 1023298.092745790956542 ], [ 570121.184058535844088, 1023386.854444813914597 ], [ 570110.787259167875163, 1023440.142434968380257 ], [ 570130.748048021923751, 1023530.269805113552138 ], [ 570144.362619370338507, 1023617.851436900091358 ], [ 570199.707502168021165, 1023758.784037639270537 ], [ 570248.695446305675432, 1023899.709067337680608 ], [ 570299.212731586303562, 1023979.720980482641608 ], [ 570363.581070096464828, 1024091.476231140899472 ], [ 570454.707888086442836, 1024189.304092528414913 ], [ 570511.738075054599904, 1024232.521067539928481 ], [ 570562.491884916322306, 1024256.694495535455644 ], [ 570644.950066934805363, 1024299.942118471371941 ], [ 570742.62746260734275, 1024352.09153576893732 ], [ 570821.153359067393467, 1024423.253876915201545 ], [ 570871.5473750627134, 1024532.454374243621714 ], [ 570927.188162681064568, 1024603.589201930677518 ], [ 570970.200915306224488, 1024654.403744286159053 ], [ 571078.089451725594699, 1025297.952373051550239 ], [ 571075.40696711523924, 1025330.945016781915911 ], [ 571065.063820450101048, 1025371.542865827679634 ], [ 571015.35548548377119, 1025400.67161173815839 ], [ 570959.231016202131286, 1025443.752407201565802 ], [ 570927.064400118310004, 1025533.817781203775667 ], [ 570912.471722487360239, 1025677.205464786384255 ], [ 570898.1047074906528, 1025767.292377254227176 ], [ 570819.006348548922688, 1026131.421410839306191 ], [ 570814.950231960625388, 1026188.524931033491157 ], [ 570870.317021829774603, 1026324.382989685516804 ], [ 570970.960054354276508, 1026577.051007486646995 ], [ 571026.278560181031935, 1026724.330974798649549 ], [ 571039.801777921733446, 1026833.488158124499023 ], [ 571031.899137815460563, 1026898.201695763273165 ], [ 571001.09493520099204, 1026966.69481762603391 ], [ 570986.88359110604506, 1027019.979031299008057 ], [ 570944.685024364851415, 1027077.036667092004791 ], [ 570896.204650810454041, 1027116.319569830200635 ], [ 570866.849231828120537, 1027142.9347783557605 ], [ 570838.700688985176384, 1027184.780418072245084 ], [ 570824.58608063950669, 1027215.221299468772486 ], [ 570815.460319507983513, 1027268.511685804929584 ], [ 570815.121507212519646, 1027348.46343369060196 ], [ 570814.884869634988718, 1027404.302764893858694 ], [ 570851.519247097079642, 1027460.18671893409919 ], [ 570873.036489971913397, 1027483.056241135112941 ], [ 570897.336376802413724, 1027493.764736632816494 ], [ 570941.590711199212819, 1027507.251746224355884 ], [ 570996.154007725417614, 1027532.699404116603546 ], [ 571027.896370232338086, 1027542.89045849640388 ], [ 571055.71156677918043, 1027579.727519887150265 ], [ 571084.803563762805425, 1027615.297047014930286 ], [ 571106.175657937768847, 1027672.43167852028273 ], [ 571114.833591928821988, 1027729.550951455137692 ], [ 571099.356115671922453, 1027781.56471104058437 ], [ 571085.166178852319717, 1027829.772779662744142 ], [ 571073.648136560805142, 1027847.526040033437312 ], [ 571059.506588401971385, 1027884.312406305689365 ], [ 571071.957237272639759, 1027946.512659202329814 ], [ 571085.803000686573796, 1027979.525640310253948 ], [ 571126.316275226534344, 1028020.185404412797652 ], [ 571161.829935701098293, 1028040.533743889769539 ], [ 571196.125962015823461, 1028048.189744564006105 ], [ 571267.169448444154114, 1028085.079174735117704 ], [ 571310.252499392488971, 1028119.396618537255563 ], [ 571331.796718365279958, 1028135.920800996012986 ], [ 571371.971653841901571, 1028190.437007014988922 ], [ 571397.469601478776895, 1028240.065382970846258 ], [ 571426.389634401886724, 1028316.245635680970736 ], [ 571447.783318265923299, 1028368.304130308097228 ], [ 571462.124812444904819, 1028413.235024897032417 ], [ 571458.876587342470884, 1028450.80832118273247 ], [ 571435.646852989098988, 1028532.00194610003382 ], [ 571407.336784136365168, 1028611.92035362846218 ], [ 571324.760994381853379, 1028896.096696421504021 ], [ 571304.122376667335629, 1028965.871730527724139 ], [ 571290.632751929457299, 1028999.700113641098142 ], [ 571291.17145433370024, 1029021.696077364147641 ], [ 571299.084692046395503, 1029042.718074696953408 ], [ 571318.871963466051966, 1029062.538461014977656 ], [ 571336.743670514901169, 1029068.707650690106675 ], [ 571360.873827797360718, 1029075.082324003451504 ], [ 571386.291548305656761, 1029077.651277858065441 ], [ 571405.341392450849526, 1029082.750705956248567 ], [ 571431.97137311717961, 1029099.281138634542003 ], [ 571452.228100057691336, 1029119.611135011655279 ], [ 571475.076087655033916, 1029128.522435379214585 ], [ 571492.811486377730034, 1029143.77301101165358 ], [ 571509.248569783521816, 1029165.367480279062875 ], [ 571743.531849203165621, 1029385.204145238967612 ], [ 571763.788625392131507, 1029405.534160972922109 ], [ 571777.634493090678006, 1029438.547371861990541 ], [ 571773.701898801955394, 1029466.46270273940172 ], [ 571776.137192974565551, 1029491.847549332422204 ], [ 571768.406448194640689, 1029515.951005173381418 ], [ 571758.089820926077664, 1029550.204096589470282 ], [ 571710.289238163270056, 1029625.222304187365808 ], [ 571691.518422956811264, 1029657.996661313576624 ], [ 571679.15815258747898, 1029692.552035763161257 ], [ 571672.10813318262808, 1029737.92621024674736 ], [ 571675.72876898990944, 1029783.618057553539984 ], [ 571707.54030961880926, 1029819.494617113261484 ], [ 571748.945106409839354, 1029855.783789005246945 ], [ 571800.71279922069516, 1029886.898497608373873 ], [ 571864.569223255850375, 1029925.985475569963455 ], [ 571929.293801585445181, 1029953.983940039179288 ], [ 572019.425487457541749, 1029987.089523261995055 ], [ 572090.308291577501222, 1030062.052063707029447 ], [ 572159.839042251463979, 1030156.049479138338938 ], [ 572240.689043376827613, 1030279.249921657959931 ], [ 572270.9184103802545, 1030346.548792610992678 ], [ 572351.725482145906426, 1030479.902102813590318 ], [ 572398.042576254578307, 1030651.286859579617158 ], [ 572476.403681416762993, 1030761.793549787951633 ], [ 572499.026021391386166, 1030824.006962969317101 ], [ 572521.395624317345209, 1030945.867973706452176 ], [ 572535.042631938587874, 1031025.838048668811098 ], [ 572530.53995365567971, 1031188.278031646856107 ], [ 572525.018569508101791, 1031291.068902762024663 ], [ 572538.837656582240015, 1031330.427906659198925 ], [ 572548.869323049206287, 1031363.436803989461623 ], [ 572550.006300837732852, 1031395.165837543667294 ], [ 572537.087532966048457, 1031443.376251920359209 ], [ 572525.504740244243294, 1031476.359008086263202 ], [ 572506.271794704953209, 1031514.40893470402807 ], [ 572462.70936591993086, 1031593.040836904896423 ], [ 572401.15845668525435, 1031716.06972313974984 ], [ 572360.214144411031157, 1031776.937300304416567 ], [ 572291.179753929027356, 1031865.691216375911608 ], [ 572276.978676589904353, 1031916.438336366554722 ], [ 572263.957549575017765, 1031988.761740472982638 ], [ 572257.218270488665439, 1032078.860304205911234 ], [ 572191.761241400265135, 1032223.459404086926952 ], [ 572102.232834403635934, 1032347.723563566687517 ], [ 572006.228675675811246, 1032499.900284127215855 ], [ 572000.938323533860967, 1032548.120070512522943 ], [ 571996.924792325939052, 1032595.072304307017475 ], [ 572000.335320462821983, 1032690.259797733509913 ], [ 572011.396035983460024, 1032780.380171154858544 ], [ 572037.288705953978933, 1032970.778507712064311 ], [ 572153.707756855525076, 1033401.149686262826435 ], [ 572158.298118483740836, 1033517.913913012365811 ], [ 572159.461861482006498, 1033543.297649353859015 ], [ 572141.456943798228167, 1033591.502183800679632 ], [ 572128.527038142085075, 1033642.251125472481363 ], [ 572101.525013337144628, 1033713.288834343315102 ], [ 572072.136267912806943, 1033747.519255780614913 ], [ 572046.551088185049593, 1033784.292534983949736 ], [ 571996.889168094727211, 1033801.999769342830405 ], [ 571902.694211976486258, 1033827.267508823540993 ], [ 571735.617177404230461, 1033948.89937199302949 ], [ 571717.746841926127672, 1033965.376134355319664 ], [ 571701.110233635874465, 1033990.738219289691187 ], [ 571683.159062749124132, 1034026.251642576535232 ], [ 571647.429148823721334, 1034056.666938811191358 ], [ 571620.637097421800718, 1034078.209296560846269 ], [ 571510.22524707345292, 1034329.360105925938115 ], [ 571504.972346121212468, 1034368.69637977948878 ], [ 571495.975164527189918, 1034391.52954732242506 ], [ 571502.132971073966473, 1034438.49445828224998 ], [ 571510.909146210877225, 1034467.694901602109894 ], [ 571546.304942541290075, 1034515.964602952473797 ], [ 571584.281386313028634, 1034555.353622152004391 ], [ 571631.152615187224001, 1034596.022612219094299 ], [ 571730.293541874038056, 1034603.758192855282687 ], [ 571852.099678372265771, 1034663.555310014053248 ], [ 571885.044280186644755, 1034690.246994766755961 ], [ 571939.571260932600126, 1034724.579703964991495 ], [ 571992.756750409840606, 1034775.409362068399787 ], [ 572025.53433030215092, 1034841.443636306328699 ], [ 572049.422517375671305, 1034904.928856852347963 ], [ 572056.894965927349404, 1034941.742517863982357 ], [ 572060.488381549715996, 1034993.780935361981392 ], [ 572051.45346904406324, 1035025.498005732661113 ], [ 572041.136318919830956, 1035059.751762914005667 ], [ 572030.808385445387103, 1035096.543756774626672 ], [ 572024.31098190380726, 1035129.533051379607059 ], [ 572024.170853155199438, 1035162.530097173526883 ], [ 572031.632509200368077, 1035201.882031947840005 ], [ 572042.940871118567884, 1035233.623916686279699 ], [ 572056.813705452950671, 1035260.292434234987013 ], [ 572071.871763240778819, 1035307.26839249546174 ], [ 572069.113259445643052, 1035358.030019312282093 ], [ 572062.578108914196491, 1035399.903176294639707 ], [ 572050.946344707743265, 1035444.308375961845741 ], [ 572025.226126408204436, 1035512.809786451165564 ], [ 571993.127036410151049, 1035586.379929723450914 ], [ 571977.653910903725773, 1035637.126093212747946 ], [ 571967.309735977905802, 1035677.725510056247003 ], [ 571970.741339756408706, 1035767.837670512730256 ], [ 571975.676218662061729, 1035803.37923910911195 ], [ 571986.86595543846488, 1035863.041858656099066 ], [ 572010.851154982578009, 1035903.683194927871227 ], [ 572080.333953368361108, 1036009.105567171121947 ], [ 572146.115628873114474, 1036087.871772939222865 ], [ 572246.102798264822923, 1036195.869698218535632 ], [ 572320.871046487707645, 1036254.340846303850412 ], [ 572416.090531560592353, 1036287.454334168345667 ], [ 572479.658245855825953, 1036288.800960581982508 ], [ 572531.831314523820765, 1036278.711510950583033 ], [ 572571.225087140803225, 1036283.836042021750472 ], [ 572608.054381725378335, 1036294.033965522190556 ], [ 572645.83437353966292, 1036309.549847097019665 ], [ 572668.869019548175856, 1036344.873296392266639 ], [ 572697.950993833248504, 1036382.982661750749685 ], [ 572726.946750093949959, 1036441.398032856057398 ], [ 572747.139272248605266, 1036476.958321118727326 ], [ 572769.912449596915394, 1036503.637835178873502 ], [ 572793.978651194367558, 1036525.242398728616536 ], [ 572817.09878379071597, 1036529.194845141610131 ], [ 572848.667773060034961, 1036521.50161955319345 ], [ 572936.356480065383948, 1036547.954578739590943 ], [ 573000.221628775820136, 1036576.354304594220594 ], [ 573041.472382300416939, 1036629.612685871426947 ], [ 573071.755863578873686, 1036684.222289637313224 ], [ 573096.764908410143107, 1036783.245174664421938 ], [ 573113.559082117280923, 1036869.488605889142491 ], [ 573115.233420662232675, 1036925.410719174193218 ], [ 573110.002066571032628, 1036959.670990330050699 ], [ 573104.625216693500988, 1037028.197738070855848 ], [ 573103.202866129460745, 1037063.731795608066022 ], [ 573150.074725517304614, 1037104.401222382672131 ], [ 573198.201902888598852, 1037148.879590824479237 ], [ 573257.519058856647462, 1037253.021009653108194 ], [ 573278.78916658484377, 1037334.271675229305401 ], [ 573307.574932693853043, 1037442.183414340484887 ], [ 573317.342538267141208, 1037537.380658359033987 ], [ 573323.457391258212738, 1037594.499332434497774 ], [ 573323.338834761176258, 1037622.420236283098347 ], [ 573333.429764900705777, 1037641.469609077903442 ], [ 573347.405164200463332, 1037644.024910778738558 ], [ 573366.455669541028328, 1037649.124671421246603 ], [ 573380.452625336009078, 1037646.603442522347905 ], [ 573403.382208636030555, 1037636.478258782299235 ], [ 573420.008322090143338, 1037613.654007820412517 ], [ 573485.025751589681022, 1037573.120734731899574 ], [ 573556.427457061363384, 1037526.249519461183809 ], [ 573620.114123588311486, 1037499.675112213823013 ], [ 573726.971532841445878, 1037487.113729522912763 ], [ 573827.498528376920149, 1037468.198906347388402 ], [ 573860.789741805754602, 1037481.266344139352441 ], [ 573894.612000592984259, 1037499.721561835845932 ], [ 573923.88258159160614, 1037526.696503952261992 ], [ 573944.053778815083206, 1037567.333496005623601 ], [ 573982.03635888081044, 1037605.453868927550502 ], [ 574026.759058793424629, 1037653.425046779448166 ], [ 574070.721662492956966, 1037680.440951234777458 ], [ 574121.489015580620617, 1037702.078045604401268 ], [ 574211.672044138307683, 1037723.763029387569986 ], [ 574334.994176089880057, 1037726.451121267396957 ], [ 574713.871838620631024, 1037731.987585689057596 ], [ 575146.456303001381457, 1037675.603298992733471 ], [ 575375.474585478543304, 1037629.988734120153822 ], [ 575497.24248948157765, 1037546.767946641542949 ], [ 575550.27446679957211, 1037486.787049168022349 ], [ 575593.897190632298589, 1037394.192368194344454 ], [ 575642.530489141005091, 1037319.371749468846247 ], [ 575717.837830614647828, 1037250.929076520027593 ], [ 575782.91420369874686, 1037196.434585887938738 ], [ 575831.364623936358839, 1037164.764556230511516 ], [ 575865.796565772034228, 1037140.692439666134305 ], [ 575929.794919649953954, 1037040.507493846584111 ], [ 575975.906590674770996, 1036960.607224953710102 ], [ 576023.230581844341941, 1036894.668976290035062 ], [ 576239.7894519722322, 1036798.475424631498754 ], [ 576411.744597892626189, 1036726.341605366207659 ], [ 576499.930097161093727, 1036695.482845178921707 ], [ 576557.565200353623368, 1036637.996975911199115 ], [ 576598.147795873112045, 1036545.078887475887313 ], [ 576714.458659957861528, 1036401.805940915131941 ], [ 576755.441108276601881, 1036332.052510021952912 ], [ 576756.986417267587967, 1036267.328214985085651 ], [ 576757.195816235500388, 1036217.832007101154886 ], [ 576780.409814856713638, 1036140.442398106912151 ], [ 576817.556287748855539, 1036075.760943872970529 ], [ 576876.43047405523248, 1035984.453681782935746 ], [ 576946.678069189889356, 1035909.658884604345076 ], [ 577046.099678392638452, 1035851.397905707824975 ], [ 577274.342224069172516, 1035698.106057246332057 ], [ 577550.771703047561459, 1035575.331037412281148 ], [ 577662.934648774331436, 1035510.739341869135387 ], [ 577749.614520167931914, 1035458.808462238754146 ], [ 577821.962967122788541, 1035410.383186816936359 ], [ 577883.606858815997839, 1035343.477246161550283 ], [ 577919.433204129221849, 1035290.216304835979827 ], [ 577951.471926804631948, 1035230.605141888023354 ], [ 577956.836570886312984, 1035164.61639268824365 ], [ 577973.617625032900833, 1035104.986997390631586 ], [ 577968.864096765755676, 1035026.294807273196056 ], [ 577979.677476656623185, 1034958.151857338729315 ], [ 578042.275788169237785, 1034804.283660930581391 ], [ 578124.207076919497922, 1034672.391410899930634 ], [ 578165.129815288470127, 1034616.598318151780404 ], [ 578202.088103589601815, 1034596.336279817274772 ], [ 578253.096824162523262, 1034560.861381866503507 ], [ 578318.05417202715762, 1034534.287065749173053 ], [ 578366.45565109886229, 1034514.038653907482512 ], [ 578417.335778452805243, 1034509.022813963354565 ], [ 578477.057259352062829, 1034517.978001265204512 ], [ 578709.516326029086486, 1034570.289751535397954 ], [ 578953.408101123641245, 1034625.153243510052562 ], [ 579061.504429326276295, 1034620.205423529143445 ], [ 579113.817450529779308, 1034608.303042593994178 ], [ 579168.789697647327557, 1034579.448466607485898 ], [ 579307.31029324606061, 1034522.77435125678312 ], [ 579374.199850015691482, 1034487.130684793344699 ], [ 579457.654154504067264, 1034449.343142678379081 ], [ 579497.171398002421483, 1034425.276498818420805 ], [ 579523.909723352873698, 1034416.424314010189846 ], [ 579573.823496466269717, 1034397.698002438875847 ], [ 579625.896713937749155, 1034377.507513201213442 ], [ 579742.918235350982286, 1034341.805358377168886 ], [ 579774.817332822130993, 1034315.191338232834823 ], [ 579816.97912506153807, 1034267.014152833959088 ], [ 579862.944611399900168, 1034221.379751240718178 ], [ 579907.627914452692494, 1034178.282095187343657 ], [ 579961.382637811591849, 1034094.582794221001677 ], [ 580017.589342532795854, 1034032.461730110109784 ], [ 580085.447786840726621, 1033920.858128135325387 ], [ 580145.634572903509252, 1033819.39852814853657 ], [ 580236.304457315593027, 1033725.589852142729796 ], [ 580295.021863282192498, 1033671.086531829903834 ], [ 580426.180855315527879, 1033624.28375390463043 ], [ 580526.80321447912138, 1033582.521316484897397 ], [ 580667.060155659099109, 1033488.771108622546308 ], [ 580766.352221086039208, 1033460.967478372273035 ], [ 580793.026341448072344, 1033467.344682168099098 ], [ 580831.138337965589017, 1033475.00453549309168 ], [ 580880.536393457790837, 1033479.317640922381543 ], [ 580929.057445777929388, 1033471.312806132249534 ], [ 581006.707849681493826, 1033449.82918836758472 ], [ 581047.490939244395122, 1033428.091430000611581 ], [ 581083.220310635399073, 1033396.615779175655916 ], [ 581121.572665561805479, 1033347.164718326181173 ], [ 581199.447330822935328, 1033272.377555924234912 ], [ 581362.958810705458745, 1033091.083906430401839 ], [ 581439.423061949200928, 1033049.292539104819298 ], [ 581485.2599671066273, 1033034.116916031576693 ], [ 581529.8147267884342, 1033021.478044553194195 ], [ 581590.861207587178797, 1033017.742539283004589 ], [ 581635.373269452829845, 1033015.256685529835522 ], [ 581662.143487194669433, 1032998.789435727405362 ], [ 581704.17132124712225, 1032982.340144213871099 ], [ 581851.76304888993036, 1032958.400252811494283 ], [ 582088.282924779341556, 1032952.332743494887836 ], [ 582168.230780031066388, 1032989.231705359183252 ], [ 582325.850349841755815, 1032999.570028108777478 ], [ 582372.417445947066881, 1032976.038176362868398 ], [ 582405.811170911183581, 1032962.157480017282069 ], [ 582438.017048634006642, 1032933.706601184559986 ], [ 582499.111602475633845, 1032918.548678219434805 ], [ 582637.936463564168662, 1032862.869538613478653 ], [ 582657.003183053224348, 1032864.161047501605935 ], [ 582684.927540252101608, 1032875.616052150959149 ], [ 582701.451322054723278, 1032876.90457510529086 ], [ 582730.684476745314896, 1032879.477143803844228 ], [ 582762.508557755383663, 1032870.630502533167601 ], [ 582781.628596636932343, 1032859.230681135784835 ], [ 582798.205693427473307, 1032847.827875892515294 ], [ 582818.607862450066023, 1032833.891277774353512 ], [ 582833.943213847582228, 1032809.037154055549763 ], [ 582856.541189088020474, 1032810.076235831598751 ], [ 582875.829364362289198, 1032832.689228808158077 ], [ 582995.342279387405142, 1032834.098449507728219 ], [ 583193.835660995682701, 1032800.064222811022773 ], [ 583223.09548646165058, 1032796.291067696874961 ], [ 583251.089170321123675, 1032791.247287197387777 ], [ 583291.850854378659278, 1032773.527056806371547 ], [ 583345.433813794399612, 1032730.439038424403407 ], [ 583393.914889135863632, 1032691.152454784954898 ], [ 583432.234837482101284, 1032649.31569584144745 ], [ 583576.635511205415241, 1032476.881672554183751 ], [ 583726.308232692303136, 1032260.033910036901943 ], [ 583836.905831963173114, 1031961.915753844077699 ], [ 583825.494556380086578, 1031954.287619137088768 ], [ 583815.407988203922287, 1031933.969665102194995 ], [ 583797.783114878926426, 1031892.067600354552269 ], [ 583781.541510050650686, 1031823.515304165892303 ], [ 583798.246269172639586, 1031781.653312742826529 ], [ 583827.671018671127968, 1031738.537025344907306 ], [ 583871.199000822380185, 1031667.516204866347834 ], [ 583937.443045838852413, 1031637.134191204910167 ], [ 584010.001843520905823, 1031616.912597937509418 ], [ 584057.104680893942714, 1031603.006997217540629 ], [ 584089.906832685344853, 1031603.154929890763015 ], [ 584120.731274587102234, 1031590.389770768233575 ], [ 584174.191449359059334, 1031576.491549604106694 ], [ 584249.372988581191748, 1031537.235893199103884 ], [ 584325.820660710101947, 1031499.250817755004391 ], [ 584434.070971501641907, 1031457.495307689649053 ], [ 584644.24079992773477, 1031367.631075524492189 ], [ 584677.410643354291096, 1031341.017777135479264 ], [ 584689.039977529202588, 1031296.611542922677472 ], [ 584708.314061124692671, 1031248.406790184788406 ], [ 584725.124958161264658, 1031181.162152272183448 ], [ 584787.724597811466083, 1031110.163300575339235 ], [ 584868.082205912331119, 1031049.338127973140217 ], [ 584972.613597855903208, 1030984.733570232521743 ], [ 585064.40370835957583, 1030926.459854116314091 ], [ 585095.168701436952688, 1030866.846204891917296 ], [ 585100.49903354595881, 1030808.472203980898485 ], [ 585128.705116974422708, 1030752.663001871318556 ], [ 585158.134824573993683, 1030708.277425281703472 ], [ 585211.610787482000887, 1030690.571522493031807 ], [ 585282.839455183129758, 1030684.308378317626193 ], [ 585333.676853078999557, 1030689.443803227506578 ], [ 585369.230096992221661, 1030700.907190404133871 ], [ 585423.83409625175409, 1030717.469174090074375 ], [ 585503.957754488685168, 1030712.485402937862091 ], [ 585854.988956392975524, 1030687.508815066772513 ], [ 585942.842363115632907, 1030658.420252964831889 ], [ 586003.135612177080475, 1030662.192098615225405 ], [ 586056.484105059644207, 1030664.409434740198776 ], [ 586046.457736175856553, 1030508.78198542597238 ], [ 586066.118997766636312, 1030367.930714629823342 ], [ 586090.775826194323599, 1030248.660553856636398 ], [ 586135.500064227264374, 1030195.408546822261997 ], [ 586179.26288475189358, 1030129.245889671728946 ], [ 586192.339431440923363, 1030072.668642558390275 ], [ 586240.266487664892338, 1029770.369831895804964 ], [ 586268.572954591130838, 1029690.447148313047364 ], [ 586311.316410935600288, 1029502.664961141650565 ], [ 586390.053152802633122, 1029221.008695778669789 ], [ 586403.345839859102853, 1029082.688893178128637 ], [ 586387.315338675281964, 1028963.372351628844626 ], [ 586349.670006930013187, 1028844.031010531587526 ], [ 586310.684289426775649, 1028741.186848985846154 ], [ 586227.430863021989353, 1028582.45026847126428 ], [ 586131.155365837039426, 1028497.30809563328512 ], [ 586041.396316933212802, 1028374.099711029324681 ], [ 585903.969027196988463, 1028096.003532187431119 ], [ 585742.400224577519111, 1027814.072610499919392 ], [ 585605.984933026367798, 1027598.16523347562179 ], [ 585507.92544232646469, 1027331.537515520816669 ], [ 585427.666307534091175, 1027064.930631353287026 ], [ 585384.633276801556349, 1027017.923839089926332 ], [ 585359.389921249006875, 1026973.475752955535427 ], [ 585349.515295774792321, 1026902.39393799030222 ], [ 585348.811215149471536, 1026766.597850902238861 ], [ 585340.303454785374925, 1026672.673621539724991 ], [ 585351.942641551722772, 1026625.729793720412999 ], [ 585358.54905477759894, 1026566.089052447932772 ], [ 585348.563051234348677, 1026521.658609534148127 ], [ 585337.273792845080607, 1026484.841355447424576 ], [ 585320.919962557731196, 1026442.941836123121902 ], [ 585304.698672557016835, 1026369.314670206047595 ], [ 585301.128204494831152, 1026310.931411280995235 ], [ 585261.967912391759455, 1026249.969044833444059 ], [ 585210.024284512968734, 1026205.490449478616938 ], [ 585172.045341888442636, 1026166.104355918825604 ], [ 585131.528827565256506, 1026125.446241555502638 ], [ 585089.719677163637243, 1026089.863088937941939 ], [ 584915.177996525308117, 1025870.10648170474451 ], [ 584703.695924355415627, 1025666.806008959421888 ], [ 584578.422728922916576, 1025523.252861802582629 ], [ 584492.670275036478415, 1025354.363185393041931 ], [ 584451.370425192289986, 1025196.94672952464316 ], [ 584459.253566465224139, 1025136.038816279033199 ], [ 584470.882072088308632, 1025091.633567166281864 ], [ 584486.282458010478877, 1025057.385486818267964 ], [ 584515.658021146897227, 1025025.691682556294836 ], [ 584543.84696817304939, 1024973.690862048533745 ], [ 584595.287506031570956, 1024834.148682664730586 ], [ 584671.436402924358845, 1024562.648358199629001 ], [ 584711.698744087014347, 1024359.638456677203067 ], [ 584695.52516634517815, 1024274.590197145938873 ], [ 584680.776682511437684, 1024152.739730612491257 ], [ 584663.638978062896058, 1023994.082740088109858 ], [ 584706.412063293159008, 1023798.690732175949961 ], [ 584715.629921367857605, 1023722.555471354862675 ], [ 584893.82558581547346, 1023371.219927980215289 ], [ 584914.449082818347961, 1023303.981477103894576 ], [ 584594.329948808648624, 1022931.770506894914433 ], [ 584312.036584767862223, 1022635.748909134650603 ], [ 583741.560524403932504, 1022541.18214589881245 ], [ 583727.622597719542682, 1022529.744354743743315 ], [ 583697.193011065945029, 1022503.130572087364271 ], [ 583668.839517807820812, 1022467.215568217914551 ], [ 583627.991074511548504, 1022397.06380280747544 ], [ 583568.149801249266602, 1022355.696308624697849 ], [ 583519.936591793317348, 1022331.528304433915764 ], [ 583503.434652023483068, 1022325.163922923617065 ], [ 583487.820435201516375, 1022318.969639427145012 ], [ 583460.264730755938217, 1022311.15439677669201 ], [ 583425.973542538355105, 1022302.231408717227168 ], [ 583406.535673746257089, 1022301.331040589604527 ], [ 583367.456508658942766, 1022309.778704463387839 ], [ 583336.921274010208435, 1022314.81996539386455 ], [ 583297.475512479431927, 1022322.389154081582092 ], [ 583262.35537174064666, 1022331.417106976150535 ], [ 583226.233704073703848, 1022332.459959596861154 ], [ 583185.574846829520538, 1022326.067790864501148 ], [ 583154.499988312250935, 1022325.065272391308099 ], [ 583007.465057036140934, 1022352.513750079320744 ], [ 582727.790464986930601, 1022343.308245407533832 ], [ 582673.061208345461637, 1022357.205142033984885 ], [ 582650.143885000259615, 1022364.793250149581581 ], [ 582633.604862246545963, 1022367.312366136931814 ], [ 582610.37081882241182, 1022365.884598708245903 ], [ 582595.446457057376392, 1022371.075656443485059 ], [ 582562.347192721208557, 1022381.190191401867196 ], [ 582527.949984217761084, 1022397.64864631567616 ], [ 582504.990213966812007, 1022415.389363192021847 ], [ 582470.993800083640963, 1022421.440383526613005 ], [ 582440.100232849828899, 1022426.73631593992468 ], [ 582263.219511392526329, 1022463.335747547564097 ], [ 582222.497052627732046, 1022472.172347168787383 ], [ 582194.607931868406013, 1022472.286263097426854 ], [ 582146.228028498939238, 1022468.277073503704742 ], [ 581860.650527887744829, 1022654.502539806067944 ], [ 581818.587607689085416, 1022679.835596871445887 ], [ 581772.747604264528491, 1022696.280689977691509 ], [ 581712.964507693424821, 1022702.556976368301548 ], [ 581585.679542849771678, 1022736.674990864703432 ], [ 581504.186779125826433, 1022765.76960125437472 ], [ 581470.997175979777239, 1022797.458271626150236 ], [ 581436.520211716997437, 1022832.952698053093627 ], [ 581393.122075906023383, 1022873.513123213662766 ], [ 581343.308403211645782, 1022928.026032381691039 ], [ 581284.589480323716998, 1022983.797697163769044 ], [ 581197.856860248371959, 1023049.689546293346211 ], [ 581172.311192296911031, 1023051.563259841524996 ], [ 581121.497951966826804, 1023045.562265652697533 ], [ 581067.71611443022266, 1023012.679844898870215 ], [ 581037.853152959258296, 1022973.837186575867236 ], [ 580983.540315284626558, 1022917.45630501920823 ], [ 580960.782403436256573, 1022886.971914387890138 ], [ 580940.593900316627696, 1022850.145095609361306 ], [ 580910.345700779580511, 1022786.655885868705809 ], [ 580866.10132962022908, 1022725.688623974914663 ], [ 580835.922248632181436, 1022645.701477339025587 ], [ 580775.22395636618603, 1022566.948039086651988 ], [ 580738.485870318603702, 1022535.178401144687086 ], [ 580712.211454196716659, 1022511.031540666124783 ], [ 580643.912935099098831, 1022499.617652636719868 ], [ 580557.971918771858327, 1022528.623495248728432 ], [ 580376.952426021103747, 1022482.176070808549412 ], [ 580343.385156551026739, 1022461.113070267369039 ], [ 580320.971314860042185, 1022409.821862785960548 ], [ 580300.866861968766898, 1022365.472192719229497 ], [ 580249.986686979653314, 1022297.293432857375592 ], [ 580081.713449856964871, 1022100.390933583723381 ], [ 579898.199537927284837, 1021899.663666356005706 ], [ 579881.729746507713571, 1021885.684695868636481 ], [ 579862.679916893364862, 1021880.586250080144964 ], [ 579836.081422146758996, 1021856.442906548501924 ], [ 579772.734473916701972, 1021803.068126348545775 ], [ 579725.820096237002872, 1021772.555793734733015 ], [ 579667.479039394762367, 1021738.222950235358439 ], [ 579626.92703886248637, 1021706.448945141630247 ], [ 579573.623766493867151, 1021683.543619385221973 ], [ 579535.58800468291156, 1021658.117907527950592 ], [ 579491.18459081533365, 1021635.222931658499874 ], [ 579463.341361888451502, 1021604.732791442540474 ], [ 579439.376187080983073, 1021559.018302960204892 ], [ 579431.896710810018703, 1021523.47558408009354 ], [ 579434.631018419167958, 1021477.792183025274426 ], [ 579436.019447675091214, 1021449.874224347644486 ], [ 579437.418513432145119, 1021419.418138493900187 ], [ 579441.344425881514326, 1021392.772209577611648 ], [ 579436.498172690859064, 1021335.658375175786205 ], [ 579435.29059802077245, 1021320.428120413213037 ], [ 579415.065174100454897, 1021292.485037210397422 ], [ 579391.036185379954986, 1021261.999392173835076 ], [ 579361.889678855892271, 1021239.12221874226816 ], [ 579312.406067472184077, 1021214.952313625486568 ], [ 579273.056446075905114, 1021199.677686515497044 ], [ 579227.408341790316626, 1021170.435960973729379 ], [ 579185.585094208363444, 1021138.660549057996832 ], [ 579155.406622713897377, 1021058.674078343436122 ], [ 579137.825127935968339, 1021006.62180429440923 ], [ 579120.259595258394256, 1020950.762358235195279 ], [ 579107.721147455624305, 1020908.868523779907264 ], [ 579077.430986309773289, 1020855.53243053436745 ], [ 579062.301868625916541, 1020825.057206105440855 ], [ 579026.825050487415865, 1020795.8273704436142 ], [ 578993.83783952658996, 1020779.291103080613539 ], [ 578945.657694041263312, 1020747.508347761933692 ], [ 578875.842513460782357, 1020720.776666095713153 ], [ 578816.219822306535207, 1020688.980581316980533 ], [ 578757.948363110655919, 1020638.150083892745897 ], [ 578686.984244959661737, 1020582.228547975071706 ], [ 578637.665831808466464, 1020518.717851552297361 ], [ 578589.60819530475419, 1020457.74677114689257 ], [ 578554.264536744216457, 1020396.790522215305828 ], [ 578511.27655595052056, 1020339.63257452705875 ], [ 578459.362221483839676, 1020288.809554583975114 ], [ 578403.612438964890316, 1020243.058324184734374 ], [ 578330.095095757395029, 1020189.672015371615998 ], [ 578264.115672406391241, 1020157.868547794758342 ], [ 578171.410400589229539, 1020132.379213215433992 ], [ 578096.451433988870122, 1020119.601167471613735 ], [ 578051.95800325286109, 1020118.280197991523892 ], [ 578010.055274567799643, 1020105.540695774601772 ], [ 577957.981412889319472, 1020092.789318475639448 ], [ 577865.441300253965892, 1020027.959225285216235 ], [ 577764.038778307032771, 1019954.23537231516093 ], [ 577624.579809823539108, 1019860.162138801650144 ], [ 577534.508133938536048, 1019813.101758219301701 ], [ 577424.078295185463503, 1019769.824749630410224 ], [ 577344.119244026602246, 1019736.735795125830919 ], [ 577275.517500184243545, 1019723.965019247611053 ], [ 577215.868761325953528, 1019698.514130419585854 ], [ 577179.105031526996754, 1019673.090001905104145 ], [ 577130.946761572500691, 1019636.231039603007957 ], [ 577087.906022958341055, 1019591.763731325278059 ], [ 577023.448828747030348, 1019500.316327035776339 ], [ 576846.280513316043653, 1019303.405580020393245 ], [ 576833.651903066784143, 1019283.085942248464562 ], [ 576801.899234987678938, 1019275.434459077543579 ], [ 576767.513221255736426, 1019289.35379838233348 ], [ 576710.386139243724756, 1019268.982066714437678 ], [ 576676.229257554514334, 1019228.332376559614204 ], [ 576634.470723091042601, 1019181.328529637423344 ], [ 576616.879160020966083, 1019131.814886657521129 ], [ 576599.292928997077979, 1019081.032210310921073 ], [ 576584.196182447602041, 1019042.942978577921167 ], [ 576575.435041047632694, 1019009.937378395814449 ], [ 576553.997368557960726, 1018968.033582128235139 ], [ 576531.437517869169824, 1018890.59505669772625 ], [ 576521.463611626066267, 1018843.628505936474539 ], [ 576507.66490232013166, 1018799.195588409202173 ], [ 576492.701380262384191, 1018729.380319586605765 ], [ 576463.912512688664719, 1018621.477411955711432 ], [ 576433.532577647012658, 1018589.715621806215495 ], [ 576418.318635396310128, 1018579.545419767731801 ], [ 576392.96562100853771, 1018561.74905485380441 ], [ 576363.777155425050296, 1018549.02439339319244 ], [ 576321.960152102750726, 1018515.980169103597291 ], [ 576271.296792065608315, 1018470.235107563668862 ], [ 576234.687902482575737, 1018408.008896448533051 ], [ 576214.590966903255321, 1018349.609184601344168 ], [ 576193.196012578322552, 1018297.553203483810648 ], [ 576164.178122776909731, 1018244.219261948368512 ], [ 576141.426539672771469, 1018212.466457873117179 ], [ 576106.035790864145383, 1018162.932212198269553 ], [ 576093.551163324387744, 1018108.348625812213868 ], [ 576079.757856742362492, 1018062.646837690728717 ], [ 576069.006184182828292, 1018017.201831024256535 ] ] ] ] } },
{ "type": "Feature", "properties": { "FID_1": 13, "AREA_HA": 3149.398, "RESERVA": "RESERVA INDIGENA CABECAR DE NAIRI-AWARI SECTOR AWARI", "are_ha": 3148.99, "RI": "RESERVA INDIGENA" }, "geometry": { "type": "MultiPolygon", "coordinates": [ [ [ [ 550151.013464646646753, 1103006.704803363885731 ], [ 550351.906161897815764, 1103781.338099863380194 ], [ 551102.590442092739977, 1104455.332319973735139 ], [ 551852.469656554283574, 1104454.435536191100255 ], [ 552901.582275565131567, 1103853.273994619259611 ], [ 553250.805775091284886, 1103252.95049826707691 ], [ 553379.781389045761898, 1103401.764993175398558 ], [ 553454.284494617604651, 1103496.268652518512681 ], [ 553447.721420493442565, 1103517.840360930422321 ], [ 553447.42042320931796, 1103553.561837279470637 ], [ 553447.140924211707897, 1103586.731782037299126 ], [ 553467.267724701319821, 1103621.549753918079659 ], [ 553487.512776912073605, 1103642.334288074169308 ], [ 553533.171650135889649, 1103676.341818551532924 ], [ 553554.617524771718308, 1103706.079995043575764 ], [ 553578.422035743133165, 1103758.828526692464948 ], [ 553585.745185302919708, 1103798.516927888384089 ], [ 553585.282934463000856, 1103853.374953524908051 ], [ 553586.032245216425508, 1103915.910861452808604 ], [ 553595.6495177061297, 1103986.264253202592954 ], [ 553605.331288803252392, 1104048.963044999865815 ], [ 553626.615917246090248, 1104097.837787606753409 ], [ 553651.631996396114118, 1104158.264257864095271 ], [ 553694.470024076406844, 1104224.11954694497399 ], [ 553728.526090483414009, 1104271.951210005907342 ], [ 553774.142027719062753, 1104311.061890161130577 ], [ 553829.902018086984754, 1104358.013324102852494 ], [ 553876.337235794402659, 1104376.310986358206719 ], [ 553858.574323932058178, 1104438.921963310800493 ], [ 553846.842447902541608, 1104468.05527959112078 ], [ 553858.026054413174279, 1104503.986246273852885 ], [ 553855.31265995441936, 1104523.076268617063761 ], [ 553844.985853845952079, 1104536.923610124504194 ], [ 553830.841591074131429, 1104549.425380930304527 ], [ 553814.112937982426956, 1104565.707928933668882 ], [ 553801.255493209930137, 1104576.957194908987731 ], [ 553785.7814055159688, 1104595.814549396047369 ], [ 553781.791936591733247, 1104614.881305956281722 ], [ 553790.584658396546729, 1104631.629191591171548 ], [ 553804.449404305429198, 1104652.297457759734243 ], [ 553810.614732804475352, 1104677.929206345463172 ], [ 553801.381223048316315, 1104713.487918775295839 ], [ 553799.685865000355989, 1104763.219715791521594 ], [ 553796.660678067710251, 1104819.307105970568955 ], [ 553792.305660398094915, 1104881.750091184629127 ], [ 553780.466239694622345, 1104923.641136983875185 ], [ 553789.097689529531635, 1104959.525608537252992 ], [ 553933.727745645679533, 1105213.52844370692037 ], [ 553972.812879819888622, 1105270.383727983105928 ], [ 553986.656135411467403, 1105293.603578812209889 ], [ 553990.269319516606629, 1105319.188836022978649 ], [ 553978.673787228879519, 1105483.577406758675352 ], [ 553998.832890482502989, 1105514.56825125659816 ], [ 554043.140594923170283, 1105557.483149871462956 ], [ 554106.503375727217644, 1105610.953260318376124 ], [ 554139.272690459620208, 1105660.037628950783983 ], [ 554160.740136048872955, 1105687.224435178097337 ], [ 554169.479113460285589, 1105710.351243132259697 ], [ 554171.83772805868648, 1105733.361713365884498 ], [ 554169.081299898563884, 1105757.554887516191229 ], [ 554157.370858226204291, 1105784.136735524283722 ], [ 554089.671062786714174, 1105942.398593479534611 ], [ 554102.001700933440588, 1105993.662264835555106 ], [ 554118.117548730224371, 1106050.098848327295855 ], [ 554124.528760578134097, 1106071.920466853538528 ], [ 554121.343675566487946, 1106088.749855254776776 ], [ 554112.545532233198173, 1106102.381105688633397 ], [ 554104.862201476702467, 1106108.551811713725328 ], [ 554084.524444795097224, 1106123.246367492945865 ], [ 554054.08307318110019, 1106130.493830739986151 ], [ 554020.437055648071691, 1106131.255795196630061 ], [ 553993.596503931446932, 1106135.870246330974624 ], [ 553970.584172509959899, 1106140.554502966115251 ], [ 553930.939876664662734, 1106150.039358315523714 ], [ 553823.821415637386963, 1106290.994787449715659 ], [ 553756.293426305055618, 1106428.844244845444337 ], [ 553719.305119465105236, 1106577.458405446028337 ], [ 553652.934788917889819, 1106729.364691472845152 ], [ 553622.98280476348009, 1106800.272912690648809 ], [ 553607.422545505338348, 1106829.336508214706555 ], [ 553553.418719424051233, 1106876.83860404510051 ], [ 553355.956751622376032, 1106985.523042482789606 ], [ 553305.501909341779537, 1107051.949067073408514 ], [ 553622.631028405856341, 1107144.779112656600773 ], [ 553692.621577575802803, 1107169.02304179710336 ], [ 553754.023778505506925, 1107152.279194003669545 ], [ 553806.708551505231299, 1107109.856893310789019 ], [ 553912.013546021771617, 1107032.666931024985388 ], [ 553976.279765653423965, 1106978.972047271439806 ], [ 554008.267688351683319, 1106969.347592337522656 ], [ 554028.781685153604485, 1106958.237924314104021 ], [ 554058.13142341573257, 1106958.773141862591729 ], [ 554089.49626425281167, 1106973.943022178253159 ], [ 554145.331081262906082, 1107061.165206837235019 ], [ 554171.720024783862755, 1107110.133435518480837 ], [ 554180.340689621167257, 1107147.293885553488508 ], [ 554173.444106917479075, 1107208.414877475704998 ], [ 554153.541595047223382, 1107238.31674468726851 ], [ 554134.763902178034186, 1107254.920551523100585 ], [ 554090.004434923175722, 1107265.588080784538761 ], [ 553854.657889313995838, 1107326.370873764390126 ], [ 553784.204814331955276, 1107356.985382251208648 ], [ 553741.889945042436011, 1107380.457191711291671 ], [ 553726.361916861031204, 1107405.69348501577042 ], [ 553672.709048458025791, 1107562.935796548146755 ], [ 553676.60865238646511, 1107705.916058751754463 ], [ 553682.279111264273524, 1107790.233811439946294 ], [ 553703.660483928979374, 1107827.627033063443378 ], [ 553734.135747788473964, 1107846.046482738340273 ], [ 553787.838561393553391, 1107834.266141592990607 ], [ 553823.590241973870434, 1107832.366212516091764 ], [ 553873.346508493646979, 1107834.549613548209891 ], [ 553912.861889645340852, 1107840.374170152004808 ], [ 553974.038327671820298, 1107850.421687812777236 ], [ 554141.200471429852769, 1107915.964896610705182 ], [ 554226.101313891704194, 1107965.525000535184518 ], [ 554279.070963712991215, 1108001.445823548361659 ], [ 554308.952808832749724, 1108022.193933899980038 ], [ 554332.236060942523181, 1108053.454444346483797 ], [ 554343.451889113057405, 1108085.558402711991221 ], [ 554358.409912178409286, 1108127.938424623571336 ], [ 554383.608836176455952, 1108166.677281314972788 ], [ 554570.952138487366028, 1108350.00662676198408 ], [ 554754.886784179834649, 1108483.510732198599726 ], [ 554938.093956605531275, 1108551.92666934337467 ], [ 555046.205978570505977, 1108596.005520526552573 ], [ 555095.736567019484937, 1108624.980305020231754 ], [ 555138.994296479038894, 1108641.080903001362458 ], [ 555257.353854909539223, 1108749.190037789056078 ], [ 555344.819882082520053, 1108600.174974099034443 ], [ 555396.486867326195352, 1108527.110310860909522 ], [ 555453.290420670062304, 1108450.311369516188279 ], [ 555471.886769257136621, 1108363.883865722920746 ], [ 555482.987902737921104, 1108258.180011903168634 ], [ 555469.994008525740355, 1108134.173113208031282 ], [ 555452.763268230250105, 1108058.576177240815014 ], [ 555427.062309306231327, 1107927.957741684280336 ], [ 555396.031226960942149, 1107824.037692673737183 ], [ 555329.280660607502796, 1107718.190379068255424 ], [ 555305.828804017859511, 1107699.79858875204809 ], [ 555979.767252699239179, 1106899.107874497072771 ], [ 556004.102198824402876, 1106349.160654156003147 ], [ 555829.038477745139971, 1106274.382464712951332 ], [ 556052.830892640515231, 1105299.260324249044061 ], [ 555252.111751623335294, 1104600.331678126007318 ], [ 555501.651331314002164, 1104250.085292245727032 ], [ 555476.203450548928231, 1103875.174175296677276 ], [ 555444.793684726348147, 1103854.100058962823823 ], [ 555429.717237784760073, 1103825.753957273205742 ], [ 555436.398445016238838, 1103790.148669281974435 ], [ 555458.639613956562243, 1103725.479780235560611 ], [ 555501.942548495950177, 1103584.636817157035694 ], [ 555547.636409710044973, 1103462.976952672470361 ], [ 555656.233620323357172, 1103297.804867650847882 ], [ 555758.418161534820683, 1103136.343781900126487 ], [ 555847.197383140795864, 1103051.196285399608314 ], [ 556002.310642885277048, 1102969.809727916028351 ], [ 556069.063646237016656, 1102923.815651525976136 ], [ 556084.709456185228191, 1102884.545878214063123 ], [ 556099.438123627565801, 1102850.072699054842815 ], [ 556130.733848781907, 1102875.176991847110912 ], [ 556176.41452085331548, 1102906.632739525986835 ], [ 556201.484757491620257, 1102960.680234302068129 ], [ 556218.602102397242561, 1103000.343978852499276 ], [ 556235.662719577550888, 1103019.637850834988058 ], [ 556254.53184215631336, 1103026.721336146583781 ], [ 556271.120739638921805, 1103027.023682489292696 ], [ 556300.41127097257413, 1103025.240359546151012 ], [ 556326.131345685920678, 1103011.438728886889294 ], [ 556363.287724757683463, 1102994.252397519070655 ], [ 556400.422620858880691, 1102979.617603287333623 ], [ 556451.583536812569946, 1102966.514400569722056 ], [ 556491.152017927495763, 1102961.385682025458664 ], [ 556516.141416213125922, 1102962.491624219808728 ], [ 556548.900013970793225, 1102949.510700025828555 ], [ 556576.295893797185272, 1102926.062228119233623 ], [ 556586.451515847234987, 1102864.343137980205938 ], [ 556588.37198821560014, 1102787.820160567993298 ], [ 556574.797048355801962, 1102732.706218181876466 ], [ 556556.010434413794428, 1102690.256961327744648 ], [ 556543.518245584331453, 1102658.130149653879926 ], [ 556530.940138401929289, 1102636.209500370547175 ], [ 556531.337511947145686, 1102589.006015185266733 ], [ 556566.424995286040939, 1102514.363506486872211 ], [ 556591.078390091424808, 1102466.326116817537695 ], [ 556613.222598295425996, 1102413.139138960512355 ], [ 556608.526416325359605, 1102364.566880756989121 ], [ 556573.526781915221363, 1102277.163430787622929 ], [ 556556.02696632721927, 1102233.461714248172939 ], [ 556560.306207228917629, 1102179.949190135113895 ], [ 556567.18053272832185, 1102121.380107142496854 ], [ 556582.79402375407517, 1102085.937646493315697 ], [ 556631.735592279583216, 1102033.239049196708947 ], [ 556694.692408807575703, 1101983.347780114971101 ], [ 556739.805752772139385, 1101930.579405175056309 ], [ 556760.63086442288477, 1101882.472273895982653 ], [ 556770.02505751431454, 1101827.777018849272281 ], [ 556771.623255548882298, 1101789.527230430627242 ], [ 556765.393250267021358, 1101771.550209817942232 ], [ 556704.59304758743383, 1101716.851779859513044 ], [ 556687.798508592648432, 1101684.300396859878674 ], [ 556675.584902150090784, 1101677.451522857183591 ], [ 556665.367867218912579, 1101676.58211546484381 ], [ 556648.746795239276253, 1101680.107117694569752 ], [ 556632.15793690236751, 1101679.804816765710711 ], [ 556615.633506519603543, 1101671.847910706652328 ], [ 556608.431774416705593, 1101657.704472849378362 ], [ 556613.751276825554669, 1101640.920192697783932 ], [ 556623.676464415737428, 1101626.059809397440404 ], [ 556618.0048257492017, 1101541.742906735278666 ], [ 556610.563185354811139, 1101516.088044219650328 ], [ 556604.365397542947903, 1101494.283737921854481 ], [ 556607.250393067952245, 1101454.7814730189275 ], [ 556619.304065444739535, 1101387.375119160395116 ], [ 556622.264214169234037, 1101338.942496667150408 ], [ 556617.653867177432403, 1101280.164228689391166 ], [ 556598.953119340352714, 1101227.509014793671668 ], [ 556573.807627243222669, 1101182.392138871364295 ], [ 556538.475097758695483, 1101134.537712099961936 ], [ 556508.107247748645023, 1101103.361258052289486 ], [ 556477.610555179649964, 1101087.493992836913094 ], [ 556449.63378177350387, 1101075.500530475284904 ], [ 556431.833310119458474, 1101067.520390890073031 ], [ 556403.985389039502479, 1101040.217744313180447 ], [ 556392.651138056418858, 1101022.147750432835892 ], [ 556400.629639537073672, 1100984.014316172106192 ], [ 556417.379525173571892, 1100965.180132400942966 ], [ 556421.669412434683181, 1100910.391996691236272 ], [ 556414.914939496200532, 1100803.088237386895344 ], [ 556397.511742099304684, 1100747.90482195164077 ], [ 556339.542959107202478, 1100660.083219387568533 ], [ 556317.40056820877362, 1100561.430846400558949 ], [ 556287.15086089540273, 1100516.221051190048456 ], [ 556280.203109877300449, 1100431.881146893138066 ], [ 556333.326877779560164, 1100337.152255624067038 ], [ 556369.443108264124021, 1100291.875845684902743 ], [ 556398.074735854403116, 1100226.047713283216581 ], [ 556434.394925520406105, 1100156.531805391190574 ], [ 556483.099970486713573, 1100131.900110305985436 ], [ 556548.264987911563367, 1100122.879830136429518 ], [ 556585.399594683782198, 1100108.244961433345452 ], [ 556630.169099948718213, 1100096.30112094967626 ], [ 556673.705483304220252, 1100079.230971747310832 ], [ 556728.95184815954417, 1100035.579049351857975 ], [ 556746.162204582709819, 1099874.274938005255535 ], [ 556721.221861722879112, 1099750.206183332717046 ], [ 555496.334813864785247, 1099730.824444436002523 ], [ 554770.386444590520114, 1099351.836326830321923 ], [ 553406.016461356077343, 1098861.205521398456767 ], [ 552996.756887722876854, 1099853.813305010553449 ], [ 551798.702718468033709, 1101305.012319108936936 ], [ 551398.769808088778518, 1101305.492301465012133 ], [ 551328.886882673134096, 1101275.62710449937731 ], [ 551202.725938898511231, 1101404.749818298965693 ], [ 551011.443059556069784, 1101537.788793768500909 ], [ 550866.539014721754938, 1101619.359324988909066 ], [ 550665.50624319340568, 1101849.192799554206431 ], [ 550526.913977175834589, 1102090.372560571646318 ], [ 550402.820662191603333, 1102276.95069935079664 ], [ 550206.89152520976495, 1102506.87709644343704 ], [ 550071.582346832728945, 1102661.351738994242623 ], [ 549924.86386102437973, 1102806.686558282468468 ], [ 549701.553486864781007, 1103007.918130164034665 ], [ 549772.826176479808055, 1103014.032298205420375 ], [ 549834.801549671799876, 1103018.607742528896779 ], [ 549887.477752691600472, 1103020.094651926774532 ], [ 549939.720493824104778, 1103012.386409039376304 ], [ 549991.253154761623591, 1102999.823085361393169 ], [ 550074.899472859920934, 1102988.874441670486704 ], [ 550151.013464646646753, 1103006.704803363885731 ] ] ] ] } },
{ "type": "Feature", "properties": { "FID_1": 14, "AREA_HA": 3927.132, "RESERVA": "RESERVA INDIGENA BRIBRI DE KEKÖLDI (COCLES)", "are_ha": 3928.07, "RI": "RESERVA INDIGENA" }, "geometry": { "type": "MultiPolygon", "coordinates": [ [ [ [ 638162.975822231383063, 1066845.476308412617072 ], [ 638357.873744623851962, 1066920.536996891023591 ], [ 638390.348380975658074, 1066901.182540956884623 ], [ 638416.640320444596, 1066888.319555090973154 ], [ 638432.798256239737384, 1066872.395151015603915 ], [ 638441.684631693293341, 1066847.122129419818521 ], [ 638444.820378178381361, 1066807.433468993054703 ], [ 638451.536250916542485, 1066746.070220105350018 ], [ 638473.030925158411264, 1066645.694372026715428 ], [ 638358.434740579803474, 1066095.852285034256056 ], [ 638208.660900901420973, 1065820.88971367222257 ], [ 638183.721765514463186, 1065740.909151453059167 ], [ 638868.807648266549222, 1065346.371026011649519 ], [ 638826.07436614530161, 1065320.995838081464171 ], [ 638815.468909361865371, 1065297.948834067210555 ], [ 638818.701421200530604, 1065238.44810865749605 ], [ 638842.590659636654891, 1065165.457696437137201 ], [ 638862.697816501953639, 1065130.408805714920163 ], [ 638868.664335051784292, 1065064.630603648955002 ], [ 638857.029586905846372, 1064881.858758382033557 ], [ 638844.77063192834612, 1064756.109855093527585 ], [ 638830.359762374544516, 1064580.882259876467288 ], [ 638838.96694679162465, 1064435.310989594785497 ], [ 638883.046764713246375, 1064324.738709589699283 ], [ 638927.210348677122965, 1064211.633312843274325 ], [ 638938.602760603418574, 1064134.566845668712631 ], [ 638952.477676617796533, 1064058.822246548719704 ], [ 638976.995232207817025, 1063966.833606570959091 ], [ 638984.767887751106173, 1063871.992043571546674 ], [ 638559.999436231330037, 1063696.870711563155055 ], [ 638567.238329587504268, 1063638.454547443427145 ], [ 638553.349142896127887, 1063600.126145037356764 ], [ 638527.806588247884065, 1063570.414786388166249 ], [ 638507.480568099534139, 1063535.747815339127555 ], [ 638472.007934581721202, 1063500.749067575670779 ], [ 638422.567086921422742, 1063467.979297760641202 ], [ 638395.888079131720588, 1063434.440659694606438 ], [ 638375.436332013690844, 1063403.573376671876758 ], [ 638340.173299749265425, 1063362.241900903871283 ], [ 638301.039796955301426, 1063323.360593987395987 ], [ 638262.414062492083758, 1063307.304869315354154 ], [ 638220.84475956868846, 1063303.859358703717589 ], [ 638168.502326036687009, 1063282.433290852233768 ], [ 638135.684719636105001, 1063281.714417473878711 ], [ 638035.426799242617562, 1063271.802947465330362 ], [ 638040.696490886970423, 1062866.96472288784571 ], [ 635486.591583706554957, 1062595.926635212730616 ], [ 634391.870609469246119, 1062645.409337995573878 ], [ 632361.825265703373589, 1063569.095985237276182 ], [ 630361.843220199807547, 1064387.817957160994411 ], [ 629861.935249458649196, 1064467.547217656625435 ], [ 629236.945728597929701, 1064717.144669694593176 ], [ 628261.870347938267514, 1065236.458149049431086 ], [ 627862.269762027543038, 1064841.430931297596544 ], [ 627462.309231534483843, 1064956.188758806092665 ], [ 625832.163137448020279, 1065855.010639823041856 ], [ 626781.030853711999953, 1067034.981537893880159 ], [ 627760.843513893778436, 1066890.523915169527754 ], [ 628160.622147260466591, 1067035.659613579977304 ], [ 628985.412643373012543, 1066991.080726658226922 ], [ 629759.960982108488679, 1067311.326173919485882 ], [ 630859.871656091418117, 1066991.987727622734383 ], [ 631279.671126258559525, 1067107.142963780788705 ], [ 631332.820332075469196, 1067109.277910341275856 ], [ 631379.521597021725029, 1067096.5739093599841 ], [ 631492.628569600638002, 1066988.941660769982263 ], [ 631593.559784669429064, 1066906.152922631707042 ], [ 631721.861176971928217, 1066831.692336223786697 ], [ 631826.421452332753688, 1066789.305148024810478 ], [ 631901.527336036786437, 1066762.458643722347915 ], [ 631973.772544445819221, 1066745.606250633951277 ], [ 632022.74348367145285, 1066745.957644919166341 ], [ 632053.794985685264692, 1066758.777146078180522 ], [ 632093.214292543591, 1066781.718694729497656 ], [ 632130.327365367440507, 1066799.13719335780479 ], [ 632159.625762970885262, 1066817.680563319241628 ], [ 632199.474450491019525, 1067017.619328264379874 ], [ 632509.233477233792655, 1067237.679058303125203 ], [ 632659.279056047322229, 1067112.800412670010701 ], [ 632559.39094959734939, 1066992.800801631528884 ], [ 632809.509550221730024, 1066723.027525539742783 ], [ 633559.356084589497186, 1066643.414009997621179 ], [ 633659.241440050187521, 1066768.411480445414782 ], [ 634538.964248786214739, 1066818.805586799280718 ], [ 635708.814654133282602, 1066574.447977005504072 ], [ 635863.604080522782169, 1066819.424410911742598 ], [ 637583.059856844134629, 1066945.171753895236179 ], [ 637636.999017409048975, 1066913.514065635856241 ], [ 637688.506225646124221, 1066910.869311524089426 ], [ 637724.393805581261404, 1066912.608361782040447 ], [ 637758.700636690016836, 1066920.696699840947986 ], [ 637808.268249099724926, 1066932.094900948461145 ], [ 637837.986588935833424, 1066928.394277120241895 ], [ 637868.807199829258025, 1066928.602599897421896 ], [ 637892.176854194025509, 1066923.309147360501811 ], [ 637912.120080601191148, 1066908.853402996668592 ], [ 637941.154827900463715, 1066892.267850662581623 ], [ 637958.209908972494304, 1066857.109285047743469 ], [ 637985.159727264894173, 1066830.141262560151517 ], [ 638011.272209369344637, 1066821.125165817327797 ], [ 638052.525860392022878, 1066817.983476263005286 ], [ 638088.592904337798245, 1066815.87563349516131 ], [ 638134.734132273006253, 1066818.111485642613843 ], [ 638162.975822231383063, 1066845.476308412617072 ] ] ] ] } },
{ "type": "Feature", "properties": { "FID_1": 15, "AREA_HA": 3027.053, "RESERVA": "RESERVA INDIGENA DE GUATUSO", "are_ha": 3027.01, "RI": "RESERVA INDIGENA" }, "geometry": { "type": "MultiPolygon", "coordinates": [ [ [ [ 415599.481285183806904, 1179444.215250545414165 ], [ 414598.432793222018518, 1178445.291452253004536 ], [ 414574.239780035568401, 1178318.081012045498937 ], [ 414597.038450562627986, 1178246.53493536892347 ], [ 414596.120760608348064, 1178189.170242762425914 ], [ 414591.36251629749313, 1178157.103118974016979 ], [ 414574.939814897836186, 1178128.314239704515785 ], [ 414567.051342697348446, 1178107.565729523077607 ], [ 414561.776498813647777, 1178085.665115480776876 ], [ 414560.066930768080056, 1178069.025823144009337 ], [ 414575.684119742480107, 1178063.38401809008792 ], [ 414596.334835573390592, 1178059.250448809238151 ], [ 414625.842654859356117, 1178056.803181298309937 ], [ 414652.607693976315204, 1178058.049644188024104 ], [ 414660.836028980673291, 1178046.968453161651269 ], [ 414641.024800394079648, 1178034.581443143542856 ], [ 414612.679346232151147, 1178014.154060824541375 ], [ 414589.996186087490059, 1178008.00240614823997 ], [ 414562.47322517761495, 1177996.530072781257331 ], [ 414554.003575565060601, 1177987.218886091606691 ], [ 414554.52018298843177, 1177977.05237459926866 ], [ 414561.344843913335353, 1177968.45345537061803 ], [ 414566.765827039838769, 1177962.336808525491506 ], [ 414587.481119579751976, 1177956.932429930660874 ], [ 414601.565478609874845, 1177956.314528475515544 ], [ 414623.038687515479978, 1177961.136015919968486 ], [ 414637.445925336098298, 1177954.164045732701197 ], [ 414651.159821090637706, 1177935.695397341391072 ], [ 414656.774531533475965, 1177925.766311014071107 ], [ 414661.437596777221188, 1177909.423801145050675 ], [ 414677.37766372889746, 1177897.427934551844373 ], [ 414694.269375201663934, 1177891.845492095220834 ], [ 414704.142698088602629, 1177898.674405851401389 ], [ 414712.622824341175146, 1177907.182224336313084 ], [ 414719.537195518962108, 1177915.368186782579869 ], [ 414723.856449152925052, 1177918.382189368829131 ], [ 414751.235560159548186, 1177902.141382033005357 ], [ 414785.681734778860118, 1177852.79274441418238 ], [ 414813.04494688072009, 1177817.126279250718653 ], [ 414821.660741188738029, 1177798.420217829989269 ], [ 414824.532672660076059, 1177792.184864189010113 ], [ 414836.197126735467464, 1177788.906628809403628 ], [ 414866.398268249118701, 1177797.956050376407802 ], [ 414882.449706757615786, 1177800.651981995208189 ], [ 414896.726582076400518, 1177801.300274793058634 ], [ 414913.555688239284791, 1177800.152219990035519 ], [ 414920.290779620991088, 1177793.645922528347 ], [ 414923.252276688814163, 1177785.317957171471789 ], [ 414918.993669285089709, 1177768.559966227272525 ], [ 414908.362438521289732, 1177751.505194818135351 ], [ 414892.697685386810917, 1177732.942185374675319 ], [ 414890.553098913398571, 1177699.722981663187966 ], [ 414960.349537382193375, 1177583.234398767119274 ], [ 415125.626666125783231, 1177347.632048231782392 ], [ 415148.683747009607032, 1177271.002871738513932 ], [ 415161.140152381849475, 1177226.999311974737793 ], [ 415138.555671731883194, 1177168.625627506989986 ], [ 415128.763980394985992, 1177135.050299308029935 ], [ 415105.146262542170007, 1177097.009599674260244 ], [ 415074.656340949528385, 1177043.363005228573456 ], [ 415054.60388814273756, 1177010.583619612269104 ], [ 415047.667105029802769, 1176996.248538950225338 ], [ 415111.862391237344127, 1176964.845158078242093 ], [ 415155.553178983798716, 1176909.558085450902581 ], [ 415195.549553941993508, 1176851.551325289998204 ], [ 415199.777645330061205, 1176818.62894058926031 ], [ 415194.502865791146178, 1176796.728351748315617 ], [ 415176.482851933978964, 1176774.234177499776706 ], [ 415127.826747857849114, 1176726.110614112112671 ], [ 415092.462979570613243, 1176718.094512106152251 ], [ 415068.440765085164458, 1176713.154260923620313 ], [ 415061.245675487385597, 1176703.902425337349996 ], [ 415049.662860968266614, 1176680.434223416261375 ], [ 415015.526093050604686, 1176648.272688322467729 ], [ 414998.586867886187974, 1176629.650295017752796 ], [ 414976.807864484959282, 1176605.707215992268175 ], [ 414963.175576824054588, 1176597.429393666563556 ], [ 414948.204185608774424, 1176590.36302380845882 ], [ 414916.79313958628336, 1176579.983359965495765 ], [ 414899.853914600214921, 1176561.360960188088939 ], [ 414899.612663312931545, 1176540.968605435453355 ], [ 414908.228502117679454, 1176522.262578358175233 ], [ 414930.106219474517275, 1176493.98364893393591 ], [ 414964.905845297791529, 1176487.961480239406228 ], [ 414989.896755930327345, 1176473.839565261034295 ], [ 415024.067650632350706, 1176455.049920319812372 ], [ 415018.904975834186189, 1176456.083294381154701 ], [ 415066.901889887347352, 1176441.759040980134159 ], [ 415096.297584215877578, 1176416.37790463375859 ], [ 415128.677310256520286, 1176407.695399800781161 ], [ 415156.66931871464476, 1176384.796531839296222 ], [ 415164.78559248050442, 1176350.781421525636688 ], [ 415175.885898249398451, 1176333.464939519530162 ], [ 415188.101143736159429, 1176269.069080364424735 ], [ 415203.687904559192248, 1176213.746984438505024 ], [ 415243.990167046664283, 1176174.861828377004713 ], [ 415308.056299634394236, 1176146.000197724206373 ], [ 415370.524999289016705, 1176123.433267099782825 ], [ 415416.924455793283414, 1176115.40374635765329 ], [ 415437.704298266617116, 1176108.728644968010485 ], [ 415432.864530017366633, 1176103.407962278695777 ], [ 415429.751347470504697, 1176089.250965798739344 ], [ 415421.410914483247325, 1176077.398149418877438 ], [ 415404.90670234389836, 1176075.355655891122296 ], [ 415394.904263549658936, 1176071.068342095706612 ], [ 415377.448430747608654, 1176062.612434466602281 ], [ 415351.652164621977136, 1176042.303707343991846 ], [ 415343.957538739428855, 1176017.742780852830037 ], [ 415360.285102114430629, 1175998.122134987730533 ], [ 415388.470852916827425, 1175971.410871538799256 ], [ 415421.414694914303254, 1175976.766676247818395 ], [ 415707.00262048910372, 1176038.472894268343225 ], [ 415724.845924141758587, 1176039.303936359006912 ], [ 415734.090477817051578, 1176033.365408807527274 ], [ 415739.705207897466607, 1176023.436371883610263 ], [ 415750.37053255335195, 1175989.540032516466454 ], [ 415760.84591005963739, 1175858.824726415798068 ], [ 415792.209394789417274, 1175844.999667158117518 ], [ 415814.457485709572211, 1175834.571513081435114 ], [ 415857.662046539713629, 1175839.131392564391717 ], [ 416000.921257285459433, 1175936.244648389983922 ], [ 416022.893925187177956, 1175956.375266253948212 ], [ 416033.008423728111666, 1175983.596494472818449 ], [ 416052.93160833400907, 1176018.917455146787688 ], [ 416066.159290536306798, 1176060.295657930895686 ], [ 416084.566720411996357, 1176075.164953045314178 ], [ 416105.264871341758408, 1176095.236201627412811 ], [ 416133.175165872438811, 1176099.083733843639493 ], [ 416362.666758577921428, 1176183.653423801530153 ], [ 416436.872295040986501, 1176208.859102624002844 ], [ 416469.350268091424368, 1176220.130889046937227 ], [ 416495.328916051599663, 1176212.760695728473365 ], [ 416531.678334052674472, 1176176.239163352642208 ], [ 416563.36465721053537, 1176156.060057174414396 ], [ 416589.759161942754872, 1176139.455938449827954 ], [ 416601.358996241237037, 1176137.448557806899771 ], [ 416613.475467452895828, 1176125.274717486929148 ], [ 416622.09127902664477, 1176106.568762374343351 ], [ 416625.802753063908312, 1176083.8129478469491 ], [ 416628.304288721061312, 1176059.726966903777793 ], [ 416603.993419355130754, 1176010.189733386505395 ], [ 416594.572224648669362, 1175994.465166453737766 ], [ 416552.078105598688126, 1175975.926436326466501 ], [ 416508.50320520112291, 1175953.51591962040402 ], [ 416478.060980590118561, 1175924.074152082903311 ], [ 416462.912992430268787, 1175895.344701950671151 ], [ 416447.330032155325171, 1175850.035389514407143 ], [ 416447.105892681865953, 1175804.167591166915372 ], [ 416443.170265660446603, 1175781.055611077928916 ], [ 416428.603512980393134, 1175740.888886235188693 ], [ 416417.020771291281562, 1175717.420741773210466 ], [ 416405.115126106131356, 1175700.306635066634044 ], [ 416384.094100412272383, 1175686.589426141930744 ], [ 416355.361374755331781, 1175673.786859375657514 ], [ 416324.467094710154925, 1175653.240721669048071 ], [ 416320.208569604088552, 1175636.482775228563696 ], [ 416317.15998377779033, 1175621.054997423430905 ], [ 416332.083838471095078, 1175603.916656765388325 ], [ 416346.426462219737004, 1175598.215587720740587 ], [ 416365.479677205497865, 1175600.376809467328712 ], [ 416389.889294870372396, 1175597.69224359979853 ], [ 416419.396989597182255, 1175595.245121388928965 ], [ 416458.3904458808247, 1175607.251769302180037 ], [ 416470.795633315690793, 1175639.674926812294871 ], [ 416522.969248160487041, 1175668.855033361585811 ], [ 416541.006261534581427, 1175665.873660199576989 ], [ 416556.817140182305593, 1175656.419529206119478 ], [ 416576.580737942829728, 1175644.601866247598082 ], [ 416602.58776867663255, 1175635.62262204149738 ], [ 416622.286783794115763, 1175625.075767954345793 ], [ 416652.117369094397873, 1175616.274607382947579 ], [ 416688.660553500405513, 1175575.940716749522835 ], [ 416744.209460260171909, 1175513.563362766522914 ], [ 416773.040950783528388, 1175474.144128460204229 ], [ 416770.250695827242453, 1175453.633138914592564 ], [ 416762.81443719897652, 1175423.989058263832703 ], [ 416754.620313935854938, 1175384.119162557646632 ], [ 416755.670732100843452, 1175338.310762509237975 ], [ 416760.656757585471496, 1175315.614327842369676 ], [ 416773.871130732004531, 1175281.836803870974109 ], [ 416785.053123509627767, 1175237.774107066914439 ], [ 416790.103734914970119, 1175213.806869194144383 ], [ 416785.78064498573076, 1175198.319744986249134 ], [ 416759.144922216946725, 1175194.531535690184683 ], [ 416739.252161180484109, 1175208.890788316726685 ], [ 416715.987917501537595, 1175214.176310450769961 ], [ 416669.153638189542107, 1175205.625892413780093 ], [ 416652.90780521085253, 1175198.500155340880156 ], [ 416640.115158939384855, 1175173.701845840550959 ], [ 416646.246548471041024, 1175153.606384602375329 ], [ 416662.354438660258893, 1175134.352097831200808 ], [ 416689.226940734428354, 1175112.298538901377469 ], [ 416714.921685710782185, 1175102.299482046859339 ], [ 416767.618390245828778, 1175103.211554747540504 ], [ 416803.950725569215138, 1175092.165626273723319 ], [ 416820.842373971245252, 1175086.583300506230444 ], [ 416832.829695777560119, 1175076.951108278241009 ], [ 416838.444426755362656, 1175067.022106394637376 ], [ 416833.927594856359065, 1175055.347402099054307 ], [ 416826.538815009233076, 1175049.908004686934873 ], [ 416815.132733565056697, 1175048.102939662523568 ], [ 416794.546694719174411, 1175050.965565094957128 ], [ 416781.607764852873515, 1175054.184363200329244 ], [ 416755.923650973243639, 1175056.809540429385379 ], [ 416718.011010374175385, 1175048.674644171725959 ], [ 416686.341794999781996, 1175043.378170318203047 ], [ 416655.318402747157961, 1175025.373628501081839 ], [ 416634.684906634443905, 1175004.031562445685267 ], [ 416612.341948223416694, 1174966.050281871808693 ], [ 416602.502986009814776, 1174908.270352907944471 ], [ 416592.422840671963058, 1174830.098152388585731 ], [ 416572.064829891838599, 1174778.197351325536147 ], [ 416542.074776861467399, 1174739.859879821538925 ], [ 416492.854927770909853, 1174677.69806860294193 ], [ 416413.175796594179701, 1174611.569908079691231 ], [ 416340.773437034629751, 1174527.947242718189955 ], [ 416336.355526823725086, 1174464.050701051251963 ], [ 416265.163122896221466, 1174381.758174385875463 ], [ 416236.947115951392334, 1174358.789072960382327 ], [ 416198.018277266412042, 1174345.511513583129272 ], [ 416161.057213702704757, 1174343.789948081597686 ], [ 416111.092612828942947, 1174346.557968686101958 ], [ 416063.224953739671037, 1174358.340372253442183 ], [ 415974.942986941838171, 1174386.073794143041596 ], [ 415896.116494669520762, 1174378.580777866765857 ], [ 415805.272394675354008, 1174331.039684340590611 ], [ 415718.398198746144772, 1174255.659509552642703 ], [ 415635.605907957884483, 1174175.374166732421145 ], [ 415483.23165172454901, 1174081.657224921043962 ], [ 415393.037629985366948, 1173970.38437871565111 ], [ 415372.111364441574551, 1173955.468704111408442 ], [ 415292.384819964529015, 1173865.13550529582426 ], [ 415181.182764379831497, 1173765.693256797734648 ], [ 415122.460020496917423, 1173714.55288819083944 ], [ 415073.352169020625297, 1173675.324730977183208 ], [ 415030.164816908771172, 1173645.289070417638868 ], [ 414997.479353929404169, 1173634.849859126377851 ], [ 414937.705986280867364, 1173629.517989786341786 ], [ 414874.60851861158153, 1173639.317108959425241 ], [ 414770.24406903720228, 1173606.431805056286976 ], [ 414654.602657818933949, 1173569.199743253877386 ], [ 414509.681658957095351, 1173479.651015179464594 ], [ 414370.052503075043205, 1173386.527263833675534 ], [ 414268.852817163919099, 1173291.372068541590124 ], [ 414167.605804000864737, 1173172.012034322600812 ], [ 414107.754950423724949, 1173092.794864682247862 ], [ 414053.437064225669019, 1173030.395081414142624 ], [ 413981.921739377314225, 1172954.455988193396479 ], [ 413906.43639262067154, 1172906.356008431641385 ], [ 413837.517435448127799, 1172854.740422769449651 ], [ 413797.137464203173295, 1172819.74008470447734 ], [ 413716.523989142442588, 1172721.722135001560673 ], [ 413640.250829959171824, 1172613.715760183520615 ], [ 413595.776227658789139, 1172508.464439867995679 ], [ 413570.126552871312015, 1172460.138191940262914 ], [ 413534.650925654510502, 1172429.187725597061217 ], [ 413429.106383340258617, 1172444.652299406006932 ], [ 413361.298161073937081, 1172446.588877232279629 ], [ 413142.11431283300044, 1172385.425688491901383 ], [ 413018.549844037508592, 1172378.395824000937864 ], [ 412924.704328831343446, 1172339.630943330703303 ], [ 412845.765571281837765, 1172309.203398058190942 ], [ 412787.171968214213848, 1172255.520934852072969 ], [ 412736.595760459080338, 1172220.045477533712983 ], [ 412688.759575853473507, 1172187.563202711055055 ], [ 412661.636631437635515, 1172174.04891790333204 ], [ 412641.84172092017252, 1172172.42217628355138 ], [ 412116.271885315072723, 1171622.977334771538153 ], [ 412117.763938584073912, 1173047.963161326711997 ], [ 412643.493335722305346, 1173747.405147573444992 ], [ 412644.229111640481278, 1174447.397914377041161 ], [ 413144.644780097063631, 1174846.867454542778432 ], [ 413495.536660706391558, 1175696.488956162706017 ], [ 413422.803771142149344, 1175735.917516433866695 ], [ 413332.923876189859584, 1175769.945992701221257 ], [ 413250.415681429556571, 1175834.889604252763093 ], [ 413117.39164443773916, 1175963.719307446619496 ], [ 413036.963299918570556, 1176063.153123860945925 ], [ 413003.098036558192689, 1176101.064410371240228 ], [ 412969.878591063432395, 1176126.267530889017507 ], [ 412916.331257869896945, 1176149.25005383323878 ], [ 412824.663941630162299, 1176092.753781362203881 ], [ 412737.190585975244176, 1176054.286380624165758 ], [ 412657.863941310555674, 1176031.484312519663945 ], [ 412588.651827107591089, 1176035.90367390983738 ], [ 412541.687957996851765, 1176029.894824703922495 ], [ 412483.447058225632645, 1176019.539259442361072 ], [ 412436.031101958651561, 1176022.426135283662006 ], [ 412367.141866618942004, 1176020.491398156387731 ], [ 412314.692357452702709, 1176021.870005185017362 ], [ 412275.293945365410764, 1176042.963880869327113 ], [ 412242.539750387135427, 1176134.427708450704813 ], [ 412197.733549588650931, 1176236.794670340372249 ], [ 412122.661516322754323, 1176331.382883018115535 ], [ 412080.261960854462814, 1176361.253808908164501 ], [ 412053.720917894912418, 1176405.875455383444205 ], [ 412131.727661444572732, 1176781.466262628091499 ], [ 412137.644535075523891, 1176891.291010699002072 ], [ 412159.342013755114749, 1176941.98082209425047 ], [ 412207.804664216120727, 1176993.917180806864053 ], [ 412286.791494788893033, 1177048.548973863013089 ], [ 412348.210260556312278, 1177071.790693097980693 ], [ 412378.717372811806854, 1177099.961880903923884 ], [ 412420.943161041126586, 1177100.405606848886237 ], [ 412422.978828164283186, 1177997.602436599554494 ], [ 412748.249290239298716, 1178096.783765453612432 ], [ 412680.003347700694576, 1178113.825459727551788 ], [ 412679.126655961561482, 1178113.944152554962784 ], [ 412678.350382577627897, 1178114.313626784831285 ], [ 412670.490966638491955, 1178127.188918434549123 ], [ 412666.413009421899915, 1178133.450076027074829 ], [ 412603.060614231566433, 1178216.091739199589938 ], [ 412601.983405475737527, 1178218.304768805857748 ], [ 412597.024397513712756, 1178226.029180401936173 ], [ 412595.481971762841567, 1178228.787656491156667 ], [ 412520.585576686775312, 1178325.757472119294107 ], [ 412519.687606988591142, 1178326.785152063705027 ], [ 412514.813672528369352, 1178333.079027945408598 ], [ 412513.531344622722827, 1178335.005502349929884 ], [ 412510.710359382152092, 1178339.372086914489046 ], [ 412508.659315193363, 1178343.096150250872597 ], [ 412505.712614634656347, 1178350.029688026756048 ], [ 412504.304299294075463, 1178354.266433935146779 ], [ 412493.684528327081352, 1178383.511865427950397 ], [ 412490.653754367027432, 1178391.740293694427237 ], [ 412490.661989132058807, 1178391.673847104422748 ], [ 412488.798371344862971, 1178393.307578592328355 ], [ 412486.703562567534391, 1178396.806418504100293 ], [ 412467.149789553135633, 1178427.364290390629321 ], [ 412451.202812212170102, 1178451.018342101713642 ], [ 412448.410228394903243, 1178456.149678111542016 ], [ 412440.896061108913273, 1178465.8526852352079 ], [ 412439.363226353074424, 1178470.876609497703612 ], [ 412395.0260708052665, 1178510.963350440608338 ], [ 412391.530520275060553, 1178512.831921547884122 ], [ 412388.500812370621134, 1178514.233782662311569 ], [ 412379.64807125745574, 1178521.469519045203924 ], [ 412375.920835440861993, 1178524.736983869923279 ], [ 412358.826680784812197, 1178542.247680469183251 ], [ 412353.258133954834193, 1178547.955263081705198 ], [ 412348.598718211171217, 1178551.689932995242998 ], [ 412346.510091150645167, 1178561.016468000365421 ], [ 412330.732402273686603, 1178622.498420706484467 ], [ 412330.667826899152715, 1178623.769240990048274 ], [ 412320.923442404950038, 1178660.716219739057124 ], [ 412319.098513798904605, 1178675.457389575429261 ], [ 412312.73476589017082, 1178692.566005268134177 ], [ 412306.584813880908769, 1178708.493079600157216 ], [ 412300.204887273197528, 1178720.435310799395666 ], [ 412273.927456531557254, 1178797.608505503972992 ], [ 412273.828309589240234, 1178797.754950930597261 ], [ 411549.52349721302744, 1179448.520192583790049 ], [ 412000.105269738531206, 1179998.038218436297029 ], [ 411952.883865483803675, 1179997.811017896514386 ], [ 411912.753263160586357, 1180034.816763058770448 ], [ 411878.127216308028437, 1180163.134904175531119 ], [ 411892.772927745769266, 1180277.187702999217436 ], [ 411881.57432043121662, 1180346.726828568615019 ], [ 411853.646824335388374, 1180368.3552724160254 ], [ 411803.647936457535252, 1180422.075500501552597 ], [ 411728.335188706812914, 1180496.272075429558754 ], [ 411649.956805151130538, 1180580.516559804789722 ], [ 411583.647237256343942, 1180628.381994338706136 ], [ 411456.771925598499365, 1180711.642064900370315 ], [ 411303.566459168796428, 1180810.235904051922262 ], [ 411229.755637727794237, 1180829.727822909830138 ], [ 411178.821891881816555, 1180851.558860753430054 ], [ 411161.719501336454414, 1180886.429756990633905 ], [ 411150.344100013200659, 1180934.305648856330663 ], [ 410952.18446298543131, 1181263.917580646695569 ], [ 410910.237030945834704, 1181284.893292132997885 ], [ 410909.203932484204415, 1181305.226500201039016 ], [ 410922.190746593347285, 1181326.212538480060175 ], [ 410929.885706363245845, 1181350.773659576196223 ], [ 410938.290920286322944, 1181361.355699926614761 ], [ 410927.754948244255502, 1181392.71090053464286 ], [ 410856.394929982663598, 1181464.544172481168061 ], [ 410842.22905351879308, 1181491.90886117098853 ], [ 410839.98599426279543, 1181510.911900204839185 ], [ 410846.47099556872854, 1181534.142850384116173 ], [ 410865.26622079347726, 1181541.387193442555144 ], [ 410880.625240380410105, 1181540.828538928413764 ], [ 410903.114941185747739, 1181550.792574999621138 ], [ 410947.142642274964601, 1181564.307168810861185 ], [ 410996.20392109209206, 1181579.329974763793871 ], [ 411027.357106994313654, 1181594.792738909134641 ], [ 411053.266191170318052, 1181638.035614123102278 ], [ 411063.928588046401273, 1181704.771345904329792 ], [ 411059.10284672351554, 1181774.607388862175867 ], [ 411037.820462062838487, 1181866.606131124310195 ], [ 410980.222175949194934, 1181944.175582827534527 ], [ 410926.83490672626067, 1182014.298138935118914 ], [ 410885.951544743322302, 1182064.621612262213603 ], [ 410875.527960779203568, 1182118.911050611175597 ], [ 410901.824502661183942, 1182154.528960783500224 ], [ 410918.893236920586787, 1182170.60971301025711 ], [ 410937.946736777026672, 1182172.770725989947096 ], [ 411001.027956454257946, 1182188.446271577151492 ], [ 411059.575329750427045, 1182217.922855195822194 ], [ 411167.296341421140824, 1182285.356356472242624 ], [ 411246.654701487743296, 1182357.838355500018224 ], [ 411252.137721333536319, 1182451.0833423754666 ], [ 411254.911521158705, 1182497.070423112716526 ], [ 411238.390339991077781, 1182520.503962547052652 ], [ 411182.341745244106278, 1182567.573669174918905 ], [ 411126.470082372135948, 1182636.306764397071674 ], [ 411130.858018982107751, 1182650.523222035961226 ], [ 411143.199246781412512, 1182684.217471222393215 ], [ 411160.461687178700231, 1182696.485719697549939 ], [ 411185.887867696816102, 1182698.943429895676672 ], [ 411234.062021192570683, 1182706.281811077147722 ], [ 411301.629236758337356, 1182683.951208500657231 ], [ 411350.54464446863858, 1182726.991372721036896 ], [ 411373.565182725084014, 1182801.945437760557979 ], [ 411398.764166454609949, 1182859.167292809346691 ], [ 411421.397342132229824, 1182941.746293459320441 ], [ 411445.240505356225185, 1183025.65545504540205 ], [ 411476.408086168114096, 1183116.274790282361209 ], [ 411500.7677852549823, 1183190.017338057979941 ], [ 411570.64015144581208, 1183248.045324641745538 ], [ 411643.319839212461375, 1183301.108680805191398 ], [ 411695.800634591607377, 1183349.41007170593366 ], [ 411712.788110487395898, 1183392.237400596495718 ], [ 411716.013943636848126, 1183429.328668269328773 ], [ 411707.83351787913125, 1183464.615034390008077 ], [ 411686.085132917563897, 1183490.352872390300035 ], [ 411631.198806016996969, 1183514.54782637883909 ], [ 411534.059082557330839, 1183540.596981726819649 ], [ 411510.407240279368125, 1183553.507902054814622 ], [ 411508.728626254829578, 1183586.549345422303304 ], [ 411520.311876582854893, 1183610.017606822540984 ], [ 411554.772224341635592, 1183635.824838639702648 ], [ 411617.772167467162944, 1183678.246812334982678 ], [ 411659.540226252167486, 1183736.240031571360305 ], [ 411684.270698637701571, 1183827.833405806450173 ], [ 411702.016268111066893, 1183880.886656961403787 ], [ 411713.083041478297673, 1183914.521496158558875 ], [ 411733.088253963796888, 1183923.095892069162801 ], [ 411759.466146202292293, 1183931.966990142129362 ], [ 411810.964073834824376, 1183924.174020982347429 ], [ 411839.374545839382336, 1183943.330389968352392 ], [ 411831.968892209348269, 1183963.366871078033 ], [ 411837.373158909613267, 1183982.725933176930994 ], [ 411823.207462742284406, 1184010.090657485183328 ], [ 411824.594441695313435, 1184033.084170748945326 ], [ 411812.461335138301365, 1184070.734170668292791 ], [ 411805.539280241006054, 1184148.027995616197586 ], [ 411865.34231572720455, 1184145.179596426198259 ], [ 411901.387255470268428, 1184130.922911821398884 ], [ 411932.686276573338546, 1184118.368009948637336 ], [ 411958.822593081044033, 1184106.846573178423569 ], [ 411965.840875351976138, 1184094.435036647133529 ], [ 411941.383131641428918, 1184072.91505539487116 ], [ 411923.168944965058472, 1184054.233420389937237 ], [ 411907.310148005373776, 1184039.482935842592269 ], [ 411888.837718806695193, 1184025.884593539405614 ], [ 411883.562572163587902, 1184003.983886318514124 ], [ 411894.275343955145217, 1183994.292018421692774 ], [ 411912.829012224450707, 1183981.14372201426886 ], [ 411939.917064257198945, 1183976.035751834511757 ], [ 411956.356904946500435, 1183979.348824377404526 ], [ 411988.349413841671776, 1183978.290686865570024 ], [ 412012.630147546064109, 1183978.147330576553941 ], [ 412024.7465736871236, 1183965.973159291548654 ], [ 412033.864176679519005, 1183861.943659743061289 ], [ 412062.487198881979566, 1183751.179340986069292 ], [ 412087.559358258149587, 1183710.310312861343846 ], [ 412112.808508226706181, 1183691.104623501887545 ], [ 412143.284920116129797, 1183669.59465489606373 ], [ 412166.291109651618171, 1183669.391973179765046 ], [ 412192.040052138734609, 1183665.495505044935271 ], [ 412213.982086554344278, 1183635.945215974701568 ], [ 412231.648585678834934, 1183615.112665130989626 ], [ 412227.471011983288918, 1183571.607984363334253 ], [ 412214.840338874666486, 1183493.316355813294649 ], [ 412216.518952847574838, 1183460.274964086478576 ], [ 412217.939320500125177, 1183432.316863742657006 ], [ 412231.523975324991625, 1183416.389586814446375 ], [ 412253.44931162300054, 1183412.315107722766697 ], [ 412325.968649050686508, 1183418.23923749034293 ], [ 412358.154816963011399, 1183413.368670972762629 ], [ 412386.340403982147109, 1183386.656759226461872 ], [ 412420.786249125492759, 1183337.307419832795858 ], [ 412433.904549438098911, 1183255.119377555325627 ], [ 412446.118984358443413, 1183190.722849319921806 ], [ 412452.460537034727167, 1183141.338818712392822 ], [ 412467.078201300115325, 1183105.078407809138298 ], [ 412487.229216633597389, 1183085.635397230274975 ], [ 412505.976571862294804, 1183068.674689230974764 ], [ 412547.294882188667543, 1183034.931305713485926 ], [ 412579.029094040219206, 1183038.956518492195755 ], [ 412650.838176935794763, 1183058.859733541496098 ], [ 412704.060144488117658, 1183142.862715261988342 ], [ 412724.983575864287559, 1183208.802104898262769 ], [ 412748.860173888097052, 1183241.759479716187343 ], [ 412774.415397531585768, 1183241.675501453923061 ], [ 412802.584248243947513, 1183240.439386269077659 ], [ 412814.975638805539347, 1183197.706208605319262 ], [ 412833.981226587668061, 1183175.662222794489935 ], [ 412855.712846987065859, 1183175.400220919167623 ], [ 412875.153651534987148, 1183169.936251044506207 ], [ 412894.013391352025792, 1183175.909668621839955 ], [ 412905.725715927022975, 1183196.836223476799205 ], [ 412914.114225994679146, 1183232.893941993126646 ], [ 412902.497590783052146, 1183260.377262373222038 ], [ 412907.079222162021324, 1183270.781196794239804 ], [ 412912.74169944570167, 1183285.056935332715511 ], [ 412940.958390524494462, 1183308.025752442656085 ], [ 412971.530459746369161, 1183334.925712236901745 ], [ 413018.300787443760782, 1183344.746281962841749 ], [ 413041.177807800995652, 1183347.085254166508093 ], [ 413065.393921476672404, 1183348.212747417390347 ], [ 413084.576467093429528, 1183347.83205316751264 ], [ 413105.445449012273457, 1183346.414303969359025 ], [ 413106.889135356002953, 1183336.132659953087568 ], [ 413102.372066214913502, 1183324.457910411758348 ], [ 413092.498619752470404, 1183317.629074544413015 ], [ 413073.638885491003748, 1183311.655665821162984 ], [ 413053.6983051407733, 1183301.810453500365838 ], [ 413032.483191734878346, 1183291.90589836705476 ], [ 413020.254366685403511, 1183281.145915379049256 ], [ 413015.684519089292735, 1183271.8002294015605 ], [ 413013.640169994730968, 1183260.456735773710534 ], [ 413016.770296288828831, 1183249.138035454088822 ], [ 413026.944094925769605, 1183235.651771122589707 ], [ 413032.774871009867638, 1183235.871115029556677 ], [ 413055.135390331386589, 1183248.3766554009635 ], [ 413081.125818649423309, 1183264.872681336011738 ], [ 413087.240230226598214, 1183270.252672333968803 ], [ 413117.699876833939925, 1183274.218519347952679 ], [ 413135.349638918007258, 1183278.861766765126958 ], [ 413153.386774040176533, 1183275.880093065323308 ], [ 413165.740434273495339, 1183266.403061965946108 ], [ 413166.084245834732428, 1183252.268588747130707 ], [ 413156.008273577725049, 1183236.179383108392358 ], [ 413143.151750032964628, 1183222.622377491788939 ], [ 413123.735310136573389, 1183205.712913074065 ], [ 413113.297521830943879, 1183184.845710917143151 ], [ 413119.768185290682595, 1183132.920110586099327 ], [ 413154.732844341080636, 1182972.772154012927786 ], [ 413211.539169254538137, 1182935.928476151078939 ], [ 413233.270770996576175, 1182935.66648418456316 ], [ 413245.693271601863671, 1182942.614010941237211 ], [ 413250.27489290520316, 1182953.017939907498658 ], [ 413253.065478178672493, 1182973.529083774192259 ], [ 413251.967906575999223, 1182995.133019281551242 ], [ 413245.578520425886381, 1183020.31204393110238 ], [ 413244.674639535718597, 1183038.103520769393072 ], [ 413247.01463960763067, 1183048.179441767046228 ], [ 413259.803800184454303, 1183057.509611087618396 ], [ 413281.248679054726381, 1183047.449371836613864 ], [ 413306.320822423149366, 1183006.580489426152781 ], [ 413336.185008065542206, 1182946.827347183600068 ], [ 413343.590675111801829, 1182926.790949349524453 ], [ 413363.031460726109799, 1182921.326994125265628 ], [ 413395.007137005683035, 1182945.74465462891385 ], [ 413427.676276873273309, 1182981.659027651650831 ], [ 413460.168455986189656, 1182995.91012710146606 ], [ 413488.982893560722005, 1182981.965834151254967 ], [ 413519.26554955157917, 1182964.268428427167237 ], [ 413529.026584820763674, 1182948.163180104224011 ], [ 413532.414966214098968, 1182931.76121896202676 ], [ 413525.171891507867258, 1182898.304526729276404 ], [ 413479.51832850696519, 1182740.772202359745279 ], [ 413498.217830919194967, 1182699.606638545170426 ], [ 413531.389121025451459, 1182650.198124348884448 ], [ 413569.916791724739596, 1182595.94371693674475 ], [ 413602.136376377078705, 1182540.121781431371346 ], [ 413621.529342378140427, 1182510.452948451973498 ], [ 413622.368677061342169, 1182493.932307343231514 ], [ 413614.738249301444739, 1182468.100529077462852 ], [ 413607.930402896774467, 1182451.223824054701254 ], [ 413583.731081122939941, 1182424.620571633568034 ], [ 413558.257229360926431, 1182397.957972343545407 ], [ 413523.797098970739171, 1182372.150779249146581 ], [ 413501.388826385140419, 1182335.440311794634908 ], [ 413483.884984529810026, 1182302.779675306752324 ], [ 413482.192032757564448, 1182260.664620265364647 ], [ 413491.95309180818731, 1182244.559387734159827 ], [ 413514.330327541334555, 1182231.589239689521492 ], [ 413521.736020657932386, 1182211.552863488905132 ], [ 413551.066993978456594, 1182187.442073756828904 ], [ 413552.164600950549357, 1182165.838157443096861 ], [ 413520.253545691317413, 1182140.14963780506514 ], [ 413468.724783405195922, 1182098.261769633041695 ], [ 413418.582903392496519, 1182079.367322865407914 ], [ 413398.51323709753342, 1182072.063706696033478 ], [ 413306.48874339950271, 1182072.874134512851015 ], [ 413168.887148374109529, 1182090.66977357538417 ], [ 413106.741149446810596, 1182106.883502681041136 ], [ 413071.360310635471251, 1182124.343482397031039 ], [ 413032.220439180033281, 1182140.354609400033951 ], [ 413010.682527353288606, 1182136.804103143513203 ], [ 413001.325622692005709, 1182119.80868139769882 ], [ 413019.045072725159116, 1181921.916831435635686 ], [ 413043.553021610772703, 1181867.009633080800995 ], [ 413066.640517197200097, 1181840.060476190410554 ], [ 413111.765653825830668, 1181831.971023870864883 ], [ 413175.441855813434813, 1181911.365524073829874 ], [ 413201.673700152197853, 1181948.254072459181771 ], [ 413225.115005220868625, 1181964.631470020394772 ], [ 413249.347885058843531, 1181940.283301520161331 ], [ 413275.565521310840268, 1181902.015469398582354 ], [ 413279.276771621312946, 1181879.259414490777999 ], [ 413271.904639550251886, 1181848.344333005836233 ], [ 413203.921929850766901, 1181727.98689298518002 ], [ 413181.384565166779794, 1181693.818011621013284 ], [ 413183.902664395049214, 1181644.25605507614091 ], [ 413218.202677659224719, 1181622.924312886316329 ], [ 413337.525667686830275, 1181587.717972209211439 ], [ 413343.47996640909696, 1181545.958987133111805 ], [ 413306.599946979433298, 1181517.491390987532213 ], [ 413238.437755365564954, 1181476.102748864563182 ], [ 413217.287264206213877, 1181464.927299538860098 ], [ 413199.073238108947407, 1181446.245627289870754 ], [ 413201.509980334783904, 1181423.43022768269293 ], [ 413217.514594325155485, 1181410.163379876874387 ], [ 413262.316882415674627, 1181408.428066550288349 ], [ 413353.953968861547764, 1181415.242683990625665 ], [ 413444.880798619007692, 1181436.0363012640737 ], [ 413482.406473214388825, 1181451.795708768302575 ], [ 413505.412586749531329, 1181451.593131846049801 ], [ 413541.745105548237916, 1181440.54665718274191 ], [ 413571.640403840108775, 1181430.474268329096958 ], [ 413588.854966635466553, 1181418.537594452500343 ], [ 413591.098004434024915, 1181399.534668532665819 ], [ 413583.467638734960929, 1181373.702876704512164 ], [ 413586.791506464360282, 1181358.571752477670088 ], [ 413607.635958313068841, 1181350.625577052123845 ], [ 413638.482946777599864, 1181346.966632244409993 ], [ 413762.095518228714354, 1181378.198986466042697 ], [ 413803.203299451677594, 1181373.743997002020478 ], [ 413834.083906052575912, 1181319.133657202357426 ], [ 413832.245087964867707, 1181305.035970908124 ], [ 413814.724513210938312, 1181297.851025079842657 ], [ 413790.250184022239409, 1181301.806701666908339 ], [ 413762.210534381505568, 1181300.501066743163392 ], [ 413740.737233474617824, 1181295.679713613120839 ], [ 413718.118536946712993, 1181288.257377271540463 ], [ 413689.514595718123019, 1181272.913397296098992 ], [ 413661.331705239950679, 1181198.993096788646653 ], [ 413668.883399919606745, 1181150.939407156547531 ], [ 413717.702935172361322, 1181145.569705112371594 ], [ 413794.110138505813666, 1181150.401370699051768 ], [ 413825.392263046349399, 1181163.322413484333083 ], [ 413846.607287198887207, 1181173.227040798170492 ], [ 413893.152842044190038, 1181137.179680248489603 ], [ 413931.520598633098416, 1181035.78652607020922 ], [ 413990.249941463465802, 1180885.662403263617307 ], [ 414014.887080311775208, 1180828.213747749105096 ], [ 414024.277604644536041, 1180794.25778480200097 ], [ 414046.267434245266486, 1180788.91262253257446 ], [ 414067.998988250328694, 1180788.650727104395628 ], [ 414077.032981352123898, 1180812.000212302664295 ], [ 414088.164053022221196, 1180844.364109178539366 ], [ 414088.986602138902526, 1180853.319173454772681 ], [ 414106.378021647804417, 1180863.04576287814416 ], [ 414123.205164852377493, 1180858.734021932817996 ], [ 414128.642961841833312, 1180827.141654113773257 ], [ 414179.528642512043007, 1180781.105863628908992 ], [ 414194.452413492137566, 1180763.967266771942377 ], [ 414210.005025881226175, 1180759.59618158894591 ], [ 414239.818876306526363, 1180776.270334841450676 ], [ 414250.256531588500366, 1180797.137527207611129 ], [ 414242.137757179967593, 1180931.78469370235689 ], [ 414250.00952986383345, 1180978.008859660243616 ], [ 414266.480164108332247, 1181031.002538626315072 ], [ 414321.009768733230885, 1181064.113416024949402 ], [ 414343.016411161108408, 1181033.292575187049806 ], [ 414362.426262293127365, 1180978.148192066699266 ], [ 414373.784709150670096, 1180955.748287532944232 ], [ 414397.501025277248118, 1180941.566756703425199 ], [ 414424.653514596167952, 1180935.188164885155857 ], [ 414438.479614068288356, 1180939.653437197441235 ], [ 414556.457719226949848, 1181106.922415759647265 ], [ 414593.595890088181477, 1181130.306693518068641 ], [ 414629.717801965540275, 1181148.548359242267907 ], [ 414654.708626728504896, 1181134.426171439466998 ], [ 414669.197219787281938, 1181100.707633415935561 ], [ 414680.297381823591422, 1181083.390999432187527 ], [ 414677.523709173779935, 1181037.404266544850543 ], [ 414659.907692007313017, 1180981.809657788835466 ], [ 414641.452297095442191, 1180942.735642445972189 ], [ 414631.208345887600444, 1180918.056025355821475 ], [ 414615.737151321431156, 1180895.680646591586992 ], [ 414611.542996815929655, 1180877.651842592051253 ], [ 414636.340124548936728, 1180867.342114978469908 ], [ 414666.945609160349704, 1180843.290814298670739 ], [ 414682.821046156052034, 1180832.565654049860314 ], [ 414698.003070591774303, 1180810.343812060076743 ], [ 414694.825173402961809, 1180797.457618684740737 ], [ 414678.273165053804405, 1180771.210446865065023 ], [ 414662.3499999307096, 1180757.730771560454741 ], [ 414655.542228735866956, 1180740.854087432380766 ], [ 414652.493470411456656, 1180725.426262572174892 ], [ 414646.718798408168368, 1180688.21653728117235 ], [ 414661.934527790057473, 1180615.043403847608715 ], [ 414695.89760845748242, 1180524.909750615246594 ], [ 414706.368953882658388, 1180494.825636923545972 ], [ 414726.261683459102642, 1180480.466092384420335 ], [ 414733.069444150547497, 1180497.342776525067165 ], [ 414777.127613254706375, 1180560.537782115628943 ], [ 414780.788353560375981, 1180614.208738987566903 ], [ 414792.177674850914627, 1180641.489330244017765 ], [ 414816.522815333562903, 1180640.075320281554013 ], [ 414897.399092456442304, 1180632.376937458058819 ], [ 414940.491554965090472, 1180614.002405546139926 ], [ 414962.885603714210447, 1180575.556741351494566 ], [ 414952.883101952611469, 1180571.269511022605002 ], [ 414919.616285845288076, 1180572.268078300403431 ], [ 414893.690631698991638, 1180554.501173412427306 ], [ 414862.860578792286105, 1180532.68442886066623 ], [ 414841.016778735851403, 1180510.012307908153161 ], [ 414823.546826507372316, 1180426.400440062629059 ], [ 414849.910475367505569, 1180360.115560343721882 ], [ 414933.950651317718439, 1180290.147335164481774 ], [ 415005.130391771905124, 1180297.283334138803184 ], [ 415072.326567166135646, 1180257.102476807776839 ], [ 415117.210106110956986, 1180228.620826413156465 ], [ 415139.733313315780833, 1180187.633570513455197 ], [ 415132.555020614527166, 1180152.906160124111921 ], [ 415106.065139371203259, 1180121.100945049896836 ], [ 415081.026619969052263, 1180111.018257064046338 ], [ 414904.693021438666619, 1180011.09198488551192 ], [ 414890.23812491260469, 1179993.859201881568879 ], [ 414894.014014938846231, 1179969.832435280550271 ], [ 414912.309370808536187, 1179961.767639204161242 ], [ 414967.936513276421465, 1179973.274741729022935 ], [ 415056.29701187973842, 1180019.425445325905457 ], [ 415108.311153972579632, 1180001.466426020488143 ], [ 415164.165747521677986, 1179958.209843690507114 ], [ 415160.505079773836769, 1179904.538934569340199 ], [ 415124.338570998806972, 1179761.460744636366144 ], [ 415117.414977062959224, 1179689.910682921297848 ], [ 415120.840862477140035, 1179654.296972484327853 ], [ 415133.215585769794416, 1179637.039744900539517 ], [ 415173.177861940523144, 1179629.983930825022981 ], [ 415212.042424319544807, 1179644.531938926083967 ], [ 415253.632850283465814, 1179680.861816488904878 ], [ 415276.992503913701512, 1179723.985656218603253 ], [ 415304.434018243220635, 1179762.204292129492387 ], [ 415323.341286045964807, 1179792.382594305556267 ], [ 415345.297281944542192, 1179837.988698358880356 ], [ 415377.289538745419122, 1179836.930829614168033 ], [ 415373.159999550611246, 1179817.631238188128918 ], [ 415362.739298901637085, 1179771.288477586582303 ], [ 415363.208186073752586, 1179736.917184665100649 ], [ 415393.008034512226004, 1179678.435354229761288 ], [ 415426.406974466284737, 1179574.263634681934491 ], [ 415451.479264615394641, 1179533.395143730565906 ], [ 415484.717291822016705, 1179474.173323285765946 ], [ 415599.481285183806904, 1179444.215250545414165 ] ] ] ] } },
{ "type": "Feature", "properties": { "FID_1": 16, "AREA_HA": 984.705, "RESERVA": "RESERVA INDIGENA HUETAR DE QUITIRRISI", "are_ha": 984.52, "RI": "RESERVA INDIGENA" }, "geometry": { "type": "MultiPolygon", "coordinates": [ [ [ [ 472453.708219838910736, 1091395.339950191788375 ], [ 471954.527302456262987, 1092095.700167747680098 ], [ 472055.015282420965377, 1092595.492793625919148 ], [ 472355.308869630796835, 1092945.113530441187322 ], [ 473304.828274275059812, 1092669.201978635042906 ], [ 473554.775468387873843, 1092668.946519408142194 ], [ 473676.700322475109715, 1092716.370287410449237 ], [ 473723.860103977436665, 1092724.046090934658423 ], [ 473815.607168268586975, 1092735.572642537998036 ], [ 473848.744589939014986, 1092740.690873119048774 ], [ 473875.585868651687633, 1092756.001152545912191 ], [ 473905.00836653780425, 1092776.410961497575045 ], [ 473915.341953961004037, 1092798.08358009182848 ], [ 473919.266081632114947, 1092813.379837942309678 ], [ 473921.890883820946328, 1092824.851836940739304 ], [ 473931.42243896733271, 1092833.413900835439563 ], [ 473980.578989939473104, 1092842.73056546645239 ], [ 474080.453298330772668, 1092925.633364252746105 ], [ 474117.593328284390736, 1092957.518273202236742 ], [ 474150.826659875339828, 1092976.655907945008948 ], [ 474181.443900496524293, 1092985.596034031128511 ], [ 474208.128282800200395, 1092977.96540554636158 ], [ 474229.711243384459522, 1092969.057171230670065 ], [ 474262.944578822120093, 1092988.194795896997675 ], [ 474322.077341882220935, 1093071.0726582207717 ], [ 474350.549284280976281, 1093138.637941257795319 ], [ 474382.544336410064716, 1093162.872758498415351 ], [ 474405.128499215992633, 1093192.957356688566506 ], [ 474400.131338690465782, 1093241.330562801798806 ], [ 474405.157981352123898, 1093242.950465691043064 ], [ 474473.54143513465533, 1093250.868022905895486 ], [ 474492.79602010542294, 1093273.820572216529399 ], [ 474518.487342761014588, 1093286.90232504135929 ], [ 474538.752434614463709, 1093291.691451042890549 ], [ 474558.763080165022984, 1093289.484887241153046 ], [ 474570.512089225230739, 1093281.514907472534105 ], [ 474583.260968434449751, 1093273.716672922717407 ], [ 474598.128344319469761, 1093257.958332020323724 ], [ 474603.369692718260922, 1093246.582943330286071 ], [ 474612.969714306644164, 1093216.83614016440697 ], [ 474614.712645576975774, 1093208.962805172428489 ], [ 474623.455099679122213, 1093196.709211891982704 ], [ 474631.327432933263481, 1093189.704209357034415 ], [ 474640.953457679657731, 1093185.321257913252339 ], [ 474661.969959832553286, 1093189.672790836775675 ], [ 474711.39867044595303, 1093217.876358413370326 ], [ 474734.672399577917531, 1093224.582892995793372 ], [ 474746.05749782192288, 1093228.069682362722233 ], [ 474767.941429385682568, 1093224.548772339709103 ], [ 474820.525565440533683, 1093164.414340256713331 ], [ 474854.866429819783662, 1093159.337308934191242 ], [ 474889.21601272613043, 1093155.534768772544339 ], [ 474907.101512586174067, 1093164.467081983573735 ], [ 474916.039902656048071, 1093168.295991439837962 ], [ 474927.646727112529334, 1093189.969364209100604 ], [ 474941.7301423868048, 1093201.448337508831173 ], [ 474953.223605252976995, 1093206.553290703333914 ], [ 475009.313101227337029, 1093216.783350730314851 ], [ 475086.968098684970755, 1093215.556132463505492 ], [ 475147.801461182767525, 1093174.809526605298743 ], [ 475160.332502530422062, 1093169.961194493342191 ], [ 475154.923969976080116, 1093142.207380261737853 ], [ 475329.630340771749616, 1092892.080660208594054 ], [ 475365.880452377954498, 1092856.320272424491122 ], [ 475374.359510130772833, 1092854.141708305338398 ], [ 475384.969346227764618, 1092855.057394319679588 ], [ 475395.189626384933945, 1092860.161557832499966 ], [ 475400.308487955015153, 1092863.988131891703233 ], [ 475403.430485071148723, 1092869.098698242334649 ], [ 475406.752852528647054, 1092875.462434645043686 ], [ 475413.891458343830891, 1092887.707972962874919 ], [ 475417.051626641652547, 1092892.037029837723821 ], [ 475424.821495790558401, 1092911.159062109421939 ], [ 475431.800915595202241, 1092934.477954031899571 ], [ 475433.977920708828606, 1092946.85027291555889 ], [ 475444.070641286089085, 1092959.654812501976267 ], [ 475457.287786403205246, 1092966.867244058754295 ], [ 475467.041047236067243, 1092969.99896824802272 ], [ 475486.308903685770929, 1092965.999394431244582 ], [ 475505.301860912179109, 1092950.717090535908937 ], [ 475525.095501123985741, 1092933.665449699619785 ], [ 475535.68361191166332, 1092925.245810394641012 ], [ 475543.522528829053044, 1092925.377937335055321 ], [ 475550.987870763987303, 1092929.078572446014732 ], [ 475564.10075961361872, 1092940.476489459397271 ], [ 475578.178565181675367, 1092952.600446633761749 ], [ 475602.938122042163741, 1092986.695381016703323 ], [ 475604.545623952697497, 1092991.708274318603799 ], [ 475754.452936002460774, 1092991.549677623435855 ], [ 475777.874583137861919, 1092967.450998292071745 ], [ 475810.811384623579215, 1092943.255739137064666 ], [ 475841.149496788799297, 1092911.411980869015679 ], [ 475849.939596451004036, 1092893.57450008764863 ], [ 475851.125542511465028, 1092880.830351672600955 ], [ 475847.000723342818674, 1092836.220811968203634 ], [ 475841.585287110356148, 1092789.061520244693384 ], [ 475841.463169406517409, 1092771.218635050114244 ], [ 475842.596780242980458, 1092750.827540106372908 ], [ 475851.430491608334705, 1092739.362525373930112 ], [ 475864.040109637426212, 1092721.527371478965506 ], [ 475876.693340388825163, 1092710.064675980713218 ], [ 475889.398907086113468, 1092706.24892973061651 ], [ 475907.205890151788481, 1092703.710765800671652 ], [ 475928.823670220503118, 1092699.900427809450775 ], [ 475942.767517433385365, 1092690.98748709121719 ], [ 475992.918101735704113, 1092577.588671013247222 ], [ 475997.522306606930215, 1092506.220268502831459 ], [ 476011.064889637345914, 1092438.680759164970368 ], [ 476010.768310069863219, 1092395.348080517724156 ], [ 476021.895390764984768, 1092346.924399353330955 ], [ 476025.523003602167591, 1092318.887931276345626 ], [ 476021.520306691178121, 1092292.121319044614211 ], [ 476035.403079241863452, 1092274.28695718664676 ], [ 476107.41560681181727, 1092192.763640557182953 ], [ 476135.250922246836126, 1092167.29084103833884 ], [ 476166.827240051236004, 1092130.349953196942806 ], [ 476188.305413770256564, 1092106.147783180233091 ], [ 476205.885561684379354, 1092070.472893052035943 ], [ 476215.905189555021934, 1092046.26377520384267 ], [ 476239.877358839206863, 1092014.416219020262361 ], [ 476296.882181752240285, 1091972.392829243792221 ], [ 476366.784449002589099, 1091954.592445466201752 ], [ 476451.938584026880562, 1091932.97784610115923 ], [ 476503.351831107051112, 1091891.086678025545552 ], [ 476678.365653780463617, 1091940.89584130840376 ], [ 476652.959393553843256, 1091541.007798533188179 ], [ 476553.006706530868541, 1091566.105284200981259 ], [ 476518.526245627552271, 1091616.946444693487138 ], [ 476485.406387035152875, 1091614.377403950085863 ], [ 476429.27351439895574, 1091597.775100771803409 ], [ 476394.68857024324825, 1091567.166551784845069 ], [ 476362.562736869731452, 1091523.814670115942135 ], [ 476340.726944348076358, 1091495.762816774658859 ], [ 476316.432047764130402, 1091480.45429248153232 ], [ 476293.488829781941604, 1091476.616925954120234 ], [ 476270.545611928740982, 1091472.779558064416051 ], [ 476250.131287081807386, 1091466.394759271061048 ], [ 476225.871285990346223, 1091456.184179023606703 ], [ 476216.863149516284466, 1091442.159408597042784 ], [ 476210.39262949913973, 1091426.861696572974324 ], [ 476193.96320686454419, 1091258.620129093760625 ], [ 476173.217438620224129, 1091203.804831138579175 ], [ 476147.44878259615507, 1091159.182337554637343 ], [ 476134.464150434359908, 1091122.21449723909609 ], [ 476099.861826983222272, 1091089.05697119073011 ], [ 476090.653096643975005, 1091045.719023316167295 ], [ 476063.689792446501087, 1091012.566138797439635 ], [ 476043.144664356426802, 1090987.064038840821013 ], [ 476034.673222351528239, 1090985.293600358767435 ], [ 476024.232502417929936, 1090976.165336050326005 ], [ 476016.829336712602526, 1090962.246861049905419 ], [ 476012.344420927460305, 1090951.359860758762807 ], [ 475989.226798626536038, 1090922.032755036605522 ], [ 475953.368780305609107, 1090891.423423609929159 ], [ 475888.28895841789199, 1090869.7176845127251 ], [ 475839.734158568491694, 1090844.198544490383938 ], [ 475823.130651239596773, 1090836.541562239872292 ], [ 475789.923638072970789, 1090821.22759570623748 ], [ 475723.326482089934871, 1090763.835455229738727 ], [ 475664.499156593345106, 1090725.565240607829764 ], [ 475620.967290685803164, 1090689.853292032610625 ], [ 475563.404430847032927, 1090650.309354537399486 ], [ 475530.031759004225023, 1090610.780146097531542 ], [ 475510.611613025947008, 1090563.612558322260156 ], [ 475492.342562414123677, 1090498.602959588170052 ], [ 475477.033146046393085, 1090392.464424141217023 ], [ 475377.106210690981243, 1090442.556048253318295 ], [ 475326.630311395972967, 1090469.188921227352694 ], [ 475296.187653295753989, 1090485.738594885449857 ], [ 475254.181859728705604, 1090486.98745727352798 ], [ 475209.743076384125743, 1090504.803069721441716 ], [ 475168.949414073198568, 1090497.131303758127615 ], [ 475126.995927541982383, 1090506.027065099449828 ], [ 475078.519668676890433, 1090491.978201618650928 ], [ 475000.743129157344811, 1090475.362484120065346 ], [ 474928.059261405782308, 1090458.749861022690311 ], [ 474882.146779652510304, 1090447.251498236786574 ], [ 474790.347972914227284, 1090428.078211994143203 ], [ 474724.160709224641323, 1090430.586720351362601 ], [ 474662.952788769209292, 1090416.53002128796652 ], [ 474582.534041409031488, 1090385.893322280375287 ], [ 474526.45366335043218, 1090376.937657466158271 ], [ 474503.283871292485856, 1090339.963561705779284 ], [ 474474.681475478399079, 1090253.28143092431128 ], [ 474459.053857926162891, 1090207.173087036469951 ], [ 474455.034844368929043, 1090172.977192644262686 ], [ 474461.165338679158594, 1090138.570000956533477 ], [ 474473.661572520621121, 1090115.25168921216391 ], [ 474508.002294254372828, 1090099.08980972180143 ], [ 474539.779236996138934, 1090075.970635935664177 ], [ 474554.467173609300517, 1090062.47599900374189 ], [ 474569.951621528249234, 1090035.40376573940739 ], [ 474577.486020259617362, 1090020.114628934767097 ], [ 474601.763354230672121, 1089943.458877811208367 ], [ 473752.000028858717997, 1089994.316574025899172 ], [ 473706.796992643387057, 1090042.521568589610979 ], [ 473696.864356753590982, 1090079.475382009055465 ], [ 473676.615676261368208, 1090097.305666127474979 ], [ 473643.644035632198211, 1090116.402617084328085 ], [ 473606.879030249489006, 1090139.320677322568372 ], [ 473580.22093795472756, 1090150.774623774457723 ], [ 473538.424248566618189, 1090182.61095246206969 ], [ 473496.592698999738786, 1090209.34933814778924 ], [ 473452.1538156826864, 1090227.164757092716172 ], [ 473415.65889138384955, 1090289.591877416707575 ], [ 473404.731877950427588, 1090367.328492235625163 ], [ 473404.862574809871148, 1090386.445787278469652 ], [ 473403.772382546507288, 1090413.209219442680478 ], [ 473394.99090116575826, 1090432.321039869450033 ], [ 473381.980047788762022, 1090446.38128041732125 ], [ 473371.184825135278516, 1090460.821082668378949 ], [ 473367.078318818239495, 1090472.162177023012191 ], [ 473352.59719125792617, 1090494.616128751076758 ], [ 473002.57098997727735, 1090394.994694230379537 ], [ 472948.62527683749795, 1090418.914191363146529 ], [ 472929.856040996266529, 1090445.359946026932448 ], [ 472916.488219442777336, 1090462.98731346684508 ], [ 472906.347451630106661, 1090500.828129829373211 ], [ 472919.25281435175566, 1090540.016094262944534 ], [ 472942.689577175478917, 1090570.404488280648366 ], [ 472945.916635816392954, 1090590.617940007243305 ], [ 472928.080900021246634, 1090628.430541489971802 ], [ 472934.263582775834948, 1090677.694664438953623 ], [ 472945.925239391857758, 1090715.61547928955406 ], [ 472947.559593709302135, 1090745.923906352836639 ], [ 472941.925516774703283, 1090762.317057622363791 ], [ 472921.095374665630516, 1090772.341459420975298 ], [ 472859.535582995682489, 1090772.115637660492212 ], [ 472797.704350125102792, 1090780.72702193656005 ], [ 472769.179226696956903, 1090790.723188163014129 ], [ 472730.355357148393523, 1090801.944171814480796 ], [ 472701.555941905418877, 1090779.111683102557436 ], [ 472677.653848800517153, 1090763.872770299669355 ], [ 472666.615492443961557, 1090747.418450515950099 ], [ 472632.337103743222542, 1090735.929270341293886 ], [ 472611.700838613149244, 1090739.64136042795144 ], [ 472574.976624742499553, 1090766.021252211881801 ], [ 472538.487902497989126, 1090826.492259837454185 ], [ 472493.680919730453752, 1090865.468517744680867 ], [ 472472.075197704310995, 1090900.742102444637567 ], [ 472428.860920844657812, 1090929.623389163520187 ], [ 472397.499331868311856, 1090948.447347727837041 ], [ 472364.77768651599763, 1090969.791519991820678 ], [ 472337.806476529280189, 1090970.955151050817221 ], [ 472319.269178328744601, 1090980.370330495992675 ], [ 472315.554116715153214, 1090995.31699253548868 ], [ 472319.299608483328484, 1091010.25605869712308 ], [ 472334.972850174701307, 1091021.448860336327925 ], [ 472324.599355194135569, 1091066.864496745634824 ], [ 472330.471763358742464, 1091126.228386714123189 ], [ 472453.708219838910736, 1091395.339950191788375 ] ] ] ] } },
{ "type": "Feature", "properties": { "FID_1": 17, "AREA_HA": 2768.08, "RESERVA": "RESERVA INDIGENA GUAYMI DE OSA", "are_ha": 2767.7, "RI": "RESERVA INDIGENA" }, "geometry": { "type": "MultiPolygon", "coordinates": [ [ [ [ 545543.249153118464164, 956554.179875982808881 ], [ 544818.895385629264638, 956603.69937863596715 ], [ 544873.722019226057455, 956753.549182506278157 ], [ 545243.275155521580018, 956863.660418117186055 ], [ 545268.091041798354127, 957053.471540784346871 ], [ 545892.410341500071809, 957153.750389078748412 ], [ 546267.223263040767051, 957004.160670674638823 ], [ 547441.240212827455252, 956735.113195653888397 ], [ 547765.955448750290088, 956755.325022233882919 ], [ 547940.451109768706374, 956747.595289797638543 ], [ 548281.470367723377421, 956861.205527233658358 ], [ 548508.084929511300288, 956920.732370946323499 ], [ 548705.957499109092169, 957000.610157792805694 ], [ 548896.881061160704121, 957062.51657673693262 ], [ 549030.511312576709315, 957160.076831944170408 ], [ 549114.396382101112977, 957280.81932176661212 ], [ 549149.069082814035937, 957219.120115102734417 ], [ 549183.433788866503164, 957150.958440046408214 ], [ 549185.428993971203454, 957030.955382904270664 ], [ 549185.123669662163593, 956904.54129993962124 ], [ 549179.367658023256809, 956855.016830860171467 ], [ 549175.482587365433574, 956823.262657003011554 ], [ 549176.246263112640008, 956803.068566361675039 ], [ 549180.532295159064233, 956790.597937438404188 ], [ 549205.179308886523359, 956777.668784757493995 ], [ 549215.717770544113591, 956767.973543315194547 ], [ 549223.211164865875617, 956737.933541678707115 ], [ 549213.770480032777414, 956718.599788813269697 ], [ 549197.762376238009892, 956671.1978317637695 ], [ 549181.467902661068365, 956631.368664012989029 ], [ 549171.330401983810589, 956596.839147933409549 ], [ 549172.57136490335688, 956564.023794544860721 ], [ 549193.571909802500159, 956513.029893479426391 ], [ 549243.056759939761832, 956482.123091978253797 ], [ 549299.82495352125261, 956460.352520581101999 ], [ 549377.603199487319216, 956454.581270521041006 ], [ 549439.147152494988404, 956445.749081193120219 ], [ 549479.439993810025044, 956425.640098430216312 ], [ 549506.309212196501903, 956403.286120214266703 ], [ 549524.237285999814048, 956369.74183444539085 ], [ 549533.211393930832855, 956340.666217699297704 ], [ 549528.348443778697401, 956301.27853618899826 ], [ 549511.624367748736404, 956272.808621923788451 ], [ 549490.85293944075238, 956250.498680890072137 ], [ 549471.207911633769982, 956232.025344669236802 ], [ 549447.754164032870904, 956213.401341602089815 ], [ 549432.948809403809719, 956201.439530109870248 ], [ 549410.716917905956507, 956184.127876118640415 ], [ 549394.737448309664614, 956169.591588905081153 ], [ 549388.31317822157871, 956137.737094933865592 ], [ 549388.045870491303504, 956111.182224737480283 ], [ 549390.651797210332006, 956075.892923790030181 ], [ 549397.95420066989027, 956050.901524184620939 ], [ 549414.983647768385708, 956037.671035974984989 ], [ 549434.170427295728587, 956034.637994820484892 ], [ 549452.421717488789, 956022.719850939582102 ], [ 549464.181960625457577, 956014.336971637909301 ], [ 549479.941826682188548, 956001.056256007635966 ], [ 549483.244589590234682, 955980.962695415713824 ], [ 549484.199109259177931, 955955.720193245681003 ], [ 549485.249079726287164, 955927.953445034683682 ], [ 549485.964967966778204, 955909.021573774283752 ], [ 549485.411283198860474, 955890.039482921594754 ], [ 549484.857598121743649, 955871.057394157745875 ], [ 549487.921726079192013, 955857.27446938212961 ], [ 549517.599141334882006, 955845.808319689705968 ], [ 549613.628379046800546, 955828.118778636446223 ], [ 549645.892653900315054, 955815.490922880009748 ], [ 549666.253532643197104, 955815.032322770333849 ], [ 549719.025052458397113, 955796.388216633000411 ], [ 549765.757405923912302, 955806.328224622178823 ], [ 549785.641051112324931, 955818.490855340496637 ], [ 549813.142134604393505, 955830.954800267471001 ], [ 549824.568287655711174, 955831.406772217596881 ], [ 549844.089107681531459, 955819.538809852325357 ], [ 549860.230714518809691, 955796.161068034241907 ], [ 549871.5803645523265, 955765.009706364478916 ], [ 549884.056413498125039, 955737.694939620094374 ], [ 549896.150677465717308, 955720.477167645469308 ], [ 549906.927644614945166, 955704.471301767509431 ], [ 549939.191884497762658, 955691.843390853027813 ], [ 549997.878519054502249, 955686.580663650296628 ], [ 550051.439145231619477, 955682.379171479842626 ], [ 550072.038623159285635, 955675.609899963601492 ], [ 550109.381139127304778, 955663.182823378127068 ], [ 550160.641221241559833, 955652.570242133573629 ], [ 550206.34581089427229, 955654.378022379125468 ], [ 550265.175602714763954, 955645.328828420606442 ], [ 550311.595988184795715, 955628.204717475106008 ], [ 550361.22357611078769, 955593.51128654635977 ], [ 550394.757350072031841, 955580.933501805528067 ], [ 550425.46566625405103, 955575.828025759314187 ], [ 550531.966555578634143, 955583.832359511521645 ], [ 550548.470992766553536, 955584.485133530455641 ], [ 550580.639752291259356, 955574.38134518568404 ], [ 550596.017769195605069, 955571.197528565768152 ], [ 550618.14598901278805, 955569.073291832581162 ], [ 550692.218957809498534, 955582.586433581309393 ], [ 550708.184651808347553, 955581.738621671684086 ], [ 550721.848569564637728, 955572.382192590623163 ], [ 550731.611977737979032, 955563.734614350600168 ], [ 550737.04120865999721, 955531.305832676589489 ], [ 550716.349417109042406, 955482.419892972335219 ], [ 550711.433043625904247, 955444.305122741614468 ], [ 550712.816810099990107, 955407.703543643583544 ], [ 550728.54758074413985, 955361.557316391030326 ], [ 550757.384736211854033, 955338.681633166735992 ], [ 550779.921746833715588, 955314.292768214712851 ], [ 550797.428184470743872, 955288.440936054103076 ], [ 550822.790612848475575, 955256.579757326166146 ], [ 550825.443915740586817, 955220.028422424918972 ], [ 550844.792480883188546, 955179.081343641155399 ], [ 550866.298458579229191, 955148.331663981429301 ], [ 550901.435691850143485, 955126.969145596493036 ], [ 550942.539053414948285, 955115.954641095479019 ], [ 550976.817428891779855, 955117.310296197538264 ], [ 551067.081328818225302, 955151.216270922566764 ], [ 551112.690422233310528, 955155.548023538198322 ], [ 551160.603947229683399, 955144.116055767983198 ], [ 551195.946815420174971, 955105.752211013808846 ], [ 551230.071645850897767, 955043.901309260865673 ], [ 551272.654031116515398, 954993.760957665392198 ], [ 551323.646265268558636, 954956.593261156696826 ], [ 551381.826499257353134, 954931.08587806369178 ], [ 551449.781591948703863, 954916.077087702229619 ], [ 551479.267935115029104, 954909.659084745449945 ], [ 551514.863575470400974, 954909.80270717444364 ], [ 551544.903850449365564, 954922.366715816315264 ], [ 551576.26140887720976, 954933.718804241740145 ], [ 551606.492529205745086, 954941.234319496434182 ], [ 551638.231765059172176, 954942.489426275715232 ], [ 551676.318850376759656, 954943.995546840713359 ], [ 551696.298007305711508, 954953.633660232415423 ], [ 551724.591660784790292, 954978.76866143301595 ], [ 551738.509222049964592, 954980.583022494218312 ], [ 551888.628019539057277, 955009.641874756896868 ], [ 551826.069703622837551, 954884.188802051940002 ], [ 551787.436525718891062, 954762.580408257083036 ], [ 551775.72135497268755, 954601.58833188645076 ], [ 551745.021062494604848, 954505.573937094537541 ], [ 551672.300533518660814, 954377.561880287248641 ], [ 551576.030868586734869, 954233.450653952895664 ], [ 551501.879315228899941, 954143.302243203273974 ], [ 551429.265086682396941, 954079.75868451804854 ], [ 551390.958232319331728, 954050.435829743510112 ], [ 551333.054031461128034, 954001.377987065352499 ], [ 551300.207132466719486, 953962.15903972403612 ], [ 551274.137437152210623, 953911.832101706997491 ], [ 551271.100144065450877, 953790.368026790791191 ], [ 551340.091669216286391, 953610.849274761043489 ], [ 551639.741192882880569, 953685.941629021544941 ], [ 551640.041994738625363, 953311.349667308037169 ], [ 551655.731270737713203, 953369.498437073896639 ], [ 551680.626894842018373, 953417.250741741736419 ], [ 551710.046784126432613, 953446.22199805371929 ], [ 551798.915894645964727, 953449.736030394677073 ], [ 551898.954087972990237, 953494.139576600515284 ], [ 551992.11980863660574, 953552.175325851421803 ], [ 552054.643752745585516, 953579.92750738398172 ], [ 552149.145247807842679, 953602.62406036129687 ], [ 552249.249739144346677, 953611.638114070054144 ], [ 552294.763127667596564, 953618.493657631915994 ], [ 552358.527385878842324, 953613.430806776043028 ], [ 552390.314114549197257, 953613.42359886970371 ], [ 552406.484507369110361, 953622.910941295442171 ], [ 552449.541379279457033, 953687.96102441707626 ], [ 552466.849359405809082, 953703.857651009573601 ], [ 552487.318166632670909, 953704.474919764557853 ], [ 552501.247450777562335, 953702.973438705899753 ], [ 552523.676797957741655, 953684.424450471298769 ], [ 552557.800813166075386, 953622.573630892438814 ], [ 552584.747800562297925, 953616.055038842838258 ], [ 552610.931605092831887, 953629.730263376492076 ], [ 552758.443255304824561, 953797.354426711448468 ], [ 552783.405238740495406, 953809.717339203227311 ], [ 552814.017853341298178, 953807.135635893675499 ], [ 552820.681279743439518, 953832.679109473829158 ], [ 552880.650795343681239, 953925.863689466146752 ], [ 552901.770830474095419, 953932.539444806054235 ], [ 553023.852172978338785, 953940.567714603152126 ], [ 553096.199144464335404, 953977.556004733545706 ], [ 553101.879226979333907, 953995.476606779149733 ], [ 553110.050745289889164, 954014.759711622726172 ], [ 553129.791443630238064, 954030.708188886055723 ], [ 553166.418066394864582, 954037.212209316436201 ], [ 553190.062862251535989, 954050.787021019612439 ], [ 553198.282088076462969, 954068.808012459310703 ], [ 553240.207262119278312, 954103.329581883037463 ], [ 553265.598590707755648, 954104.333396101254039 ], [ 553302.892966408864595, 954093.167733681970276 ], [ 553316.542522836243734, 954068.427265738719143 ], [ 553317.353329953970388, 954046.97125349403359 ], [ 553318.068747258163057, 954028.039480174309574 ], [ 553332.797083001933061, 954008.397680748370476 ], [ 553366.282737736590207, 953997.08143535698764 ], [ 553399.2914512779098, 953998.386363653116859 ], [ 553477.289146028109826, 954020.429865611949936 ], [ 553656.393400540808216, 954024.982171267853118 ], [ 553753.83429885446094, 954003.554023612872697 ], [ 553831.439023910206743, 953968.701651683077216 ], [ 553939.733711354667321, 953962.870493866736069 ], [ 554037.260969123570248, 953936.847315153107047 ], [ 553976.158041667891666, 953907.430152194108814 ], [ 553850.715954132261686, 953795.031213758629747 ], [ 553772.659050321555696, 953707.257470481563359 ], [ 553731.639942766865715, 953648.75589981127996 ], [ 553711.058862445410341, 953621.398294550832361 ], [ 553708.203987324843183, 953596.00541847536806 ], [ 553791.197482401039451, 953418.534101051161997 ], [ 553837.948583290097304, 953287.526410554768518 ], [ 553873.207344752852805, 953233.440023632138036 ], [ 553901.394167788559571, 953194.106268354225904 ], [ 553942.51502578065265, 953148.96378805139102 ], [ 553956.355147266061977, 953119.174916830728762 ], [ 553989.095605757902376, 953093.925137047073804 ], [ 554032.689849382499233, 953084.272350290440954 ], [ 554089.772386071039364, 953087.792687500594184 ], [ 554104.625618202495389, 953098.49178029014729 ], [ 554212.786498978035524, 953013.145697130239569 ], [ 554612.791446647956036, 952513.91467433841899 ], [ 554628.031419133301824, 952189.27762100379914 ], [ 555387.779433483607136, 951565.384011807269417 ], [ 555357.07278110680636, 951514.913206015829928 ], [ 555313.9080317504704, 951513.207419053651392 ], [ 555277.883842073264532, 951524.423680926207453 ], [ 555247.873678252799436, 951544.725515128113329 ], [ 555233.527207509847358, 951554.270464172237553 ], [ 555212.403895595460199, 951574.923490568296984 ], [ 555192.740834153839387, 951590.578271289588884 ], [ 555169.316789967939258, 951604.820431527798064 ], [ 555153.748434881446883, 951613.053099345183 ], [ 555120.310999853420071, 951623.107566535938531 ], [ 555094.824610433191992, 951624.6283322381787 ], [ 555055.611537525081076, 951619.286677499301732 ], [ 555027.03165357443504, 951601.725358993397094 ], [ 554978.7110858123051, 951568.216031286865473 ], [ 554949.45154518680647, 951501.332346636569127 ], [ 554935.408879257040098, 951469.177703333436511 ], [ 554914.684723480371758, 951445.606916441814974 ], [ 554877.599458863027394, 951417.597571827238426 ], [ 554828.802192280767485, 951396.70927402144298 ], [ 554790.906420803745277, 951390.155651249573566 ], [ 554749.249685026006773, 951382.18939655541908 ], [ 554710.513486111303791, 951364.226671279640868 ], [ 554671.968014254118316, 951341.21553658193443 ], [ 554637.851033156155609, 951301.947613689349964 ], [ 554500.137292894185521, 951009.580533645115793 ], [ 554458.03951153322123, 950945.981589583214372 ], [ 554421.812680950155482, 950895.254517133464105 ], [ 554406.834366619470529, 950854.215124688227661 ], [ 554381.318259679130279, 950822.871108717750758 ], [ 554354.341895327786915, 950796.52530636487063 ], [ 554326.000634156982414, 950772.653521830448881 ], [ 554278.139415822224692, 950760.650050415191799 ], [ 554258.017441200092435, 950754.798840627539903 ], [ 554225.056988685275428, 950752.232147644157521 ], [ 554184.193187302560546, 950756.936959843267687 ], [ 554159.595041516702622, 950768.60454824345652 ], [ 554115.08428916905541, 950824.890718407346867 ], [ 554097.572171819047071, 950862.215674854000099 ], [ 554095.474134961492382, 950917.747925168834627 ], [ 554084.078025173279457, 950950.16101845423691 ], [ 554063.747411863878369, 950983.484963514260016 ], [ 554044.179722071625292, 950996.615353183937259 ], [ 554018.359671085840091, 951006.970651493757032 ], [ 553988.826349826296791, 951014.651213555946015 ], [ 553966.069907009019516, 951011.223791772034019 ], [ 553930.302153931465, 950982.002450840896927 ], [ 553899.278801608365029, 950961.816506219096482 ], [ 553876.951529880287126, 950947.030205756425858 ], [ 553858.242156883818097, 950937.442830475745723 ], [ 553849.498401154065505, 950933.305280716274865 ], [ 553843.341418748139404, 950928.005994544830173 ], [ 553823.171767446096055, 950923.416822456521913 ], [ 553803.890182609320618, 950928.974598950939253 ], [ 553791.272160864900798, 950960.075384966330603 ], [ 553784.757243021740578, 951098.855877320049331 ], [ 553793.769157451111823, 951129.547668205341324 ], [ 553819.547133140033111, 951288.56449086102657 ], [ 553821.418629920808598, 951306.334239899530075 ], [ 553822.115950685925782, 951321.529611285426654 ], [ 553797.422329529304989, 951335.721360647003166 ], [ 553757.970999998156913, 951336.689935400849208 ], [ 553630.557446658378467, 951310.165869388845749 ], [ 553615.704384552547708, 951299.466889468720183 ], [ 553599.915587746188976, 951279.88303687539883 ], [ 553585.491714851465076, 951257.825171920820139 ], [ 553563.641319148708135, 951230.417820389266126 ], [ 553550.343938150792383, 951212.196437345002778 ], [ 553543.012788414373063, 951204.322752794134431 ], [ 553494.770058309310116, 951202.415795983746648 ], [ 553442.718696203199215, 951200.358274843427353 ], [ 553409.901271217735484, 951194.00510709232185 ], [ 553395.477431504172273, 951171.947244246373884 ], [ 553395.352407155791298, 951141.606727360398509 ], [ 553399.97174241906032, 951120.301629505935125 ], [ 553397.164561679586768, 951093.647044400451705 ], [ 553381.566561824642122, 951069.014818895957433 ], [ 553358.714765556622297, 951068.111508440342732 ], [ 553345.494749361649156, 951081.49272950773593 ], [ 553331.291318898205645, 951087.25118632207159 ], [ 553308.248766510048881, 951091.396254626102746 ], [ 553286.666514097130857, 951090.543118141009472 ], [ 553178.505285578314215, 951025.596414440078661 ], [ 553149.955359217827208, 951040.899582174723037 ], [ 553116.976824406650849, 951072.459435907076113 ], [ 553101.867273742798716, 951102.197698545758612 ], [ 553099.214706026948988, 951138.74830726638902 ], [ 553107.290777693968266, 951160.555251735378988 ], [ 553196.456557335681282, 951223.487186744809151 ], [ 553216.721588667482138, 951225.552251064684242 ], [ 553226.353362339199521, 951239.836805546539836 ], [ 553234.858661245671101, 951250.284882976091467 ], [ 553234.33407410106156, 951264.167957000783645 ], [ 553232.730700241168961, 951272.952455730410293 ], [ 553212.131833190098405, 951279.722075572470203 ], [ 553135.529893780476414, 951288.069807353778742 ], [ 553122.595986725878902, 951293.878434367361479 ], [ 553116.850135278422385, 951311.3470579929417 ], [ 553116.039392704609782, 951332.802722139982507 ], [ 553095.708552093943581, 951366.126573708606884 ], [ 553080.312813555821776, 951403.43746977718547 ], [ 553030.73469807265792, 951436.869124047923833 ], [ 552961.874907343182713, 951475.858444752404466 ], [ 552922.339587129768915, 951546.342634241213091 ], [ 552916.575546228676103, 951597.938143221079372 ], [ 552905.542536038556136, 951654.381312711746432 ], [ 552895.60645567975007, 951681.796193378977478 ], [ 552879.799563258653507, 951696.339130825945176 ], [ 552860.422490999102592, 951704.420999401947483 ], [ 552835.031532248714939, 951703.417218770831823 ], [ 552823.891762924729846, 951695.392915577162057 ], [ 552806.506491637788713, 951583.474930357304402 ], [ 552786.230102324974723, 951514.418182936613448 ], [ 552761.840742384083569, 951486.910329628386535 ], [ 552744.544034356833436, 951473.586695810430683 ], [ 552715.392170461709611, 951471.170240035746247 ], [ 552678.098396330489777, 951482.335720660630614 ], [ 552662.291512023890391, 951496.878620721399784 ], [ 552657.290511687519029, 951528.280511119402945 ], [ 552649.607331289560534, 951563.368322634953074 ], [ 552655.573507010820322, 951573.716064298292622 ], [ 552666.188618907472119, 951595.623458240530454 ], [ 552671.964018128812313, 951611.019598374492489 ], [ 552672.375062375562266, 951633.787575163296424 ], [ 552498.891763011110015, 951850.654434265568852 ], [ 552430.747161654988304, 951870.71206016256474 ], [ 552378.981864339322783, 951861.081559158512391 ], [ 552330.900412807357498, 951821.261026114225388 ], [ 552306.129526783712208, 951803.849862993927673 ], [ 552289.786792048253119, 951765.284165089717135 ], [ 552287.940915019600652, 951612.26902526547201 ], [ 552288.513283760403283, 951597.123844514950179 ], [ 552266.281522903009318, 951579.813092511962168 ], [ 552250.540588245494291, 951558.967012398992665 ], [ 552231.181811423623003, 951532.921963297994807 ], [ 552230.961614421568811, 951505.105621674680151 ], [ 552253.927109877229668, 951469.35807865858078 ], [ 552288.920284015126526, 951451.781825815676711 ], [ 552317.947302266955376, 951423.85782665212173 ], [ 552348.196159131359309, 951397.24611417693086 ], [ 552355.879383891471662, 951362.158362654969096 ], [ 552358.007463509100489, 951339.490814921795391 ], [ 552374.291312274872325, 951312.326994771137834 ], [ 552375.149843496154062, 951289.609261083533056 ], [ 552375.865285485633649, 951270.677818621741608 ], [ 552371.264071598998271, 951257.856091380119324 ], [ 552336.146116360090673, 951245.09185708349105 ], [ 552293.774214210337959, 951256.056475720950402 ], [ 552243.451167965773493, 951275.554598358809017 ], [ 552141.821692676283419, 951306.928028781083412 ], [ 552105.892886790097691, 951315.619373979163356 ], [ 552073.963503330363892, 951319.412909786682576 ], [ 552037.385233924607746, 951311.646799993468449 ], [ 552023.94494252523873, 951297.21160980744753 ], [ 552026.454652545158751, 951264.447321006795391 ], [ 552021.537897775066085, 951226.333492470090277 ], [ 552012.574022609973326, 951194.379564260016195 ], [ 551988.786606508190744, 951184.591208516387269 ], [ 551963.443457594607025, 951182.325223815394565 ], [ 551928.975017853546888, 951186.018344827461988 ], [ 551862.195624830666929, 951203.601712543983012 ], [ 551802.765639690333046, 951194.932046737405472 ], [ 551758.522468388197012, 951188.126810284447856 ], [ 551755.429350227466784, 951169.044808284961618 ], [ 551763.952909521060064, 951145.366196919232607 ], [ 551764.62071484210901, 951127.696881676791236 ], [ 551751.514365534530953, 951104.427037657238543 ], [ 551727.488481083884835, 951100.949124365812168 ], [ 551674.167748758452944, 951098.840876082307659 ], [ 551609.468853284604847, 951095.018744813045487 ], [ 551576.413085617590696, 951094.975711441948079 ], [ 551548.483184922602959, 951093.87136850215029 ], [ 551503.35214045655448, 951076.919135281117633 ], [ 551461.284915346303023, 951046.184269509278238 ], [ 551437.515996095142327, 951002.269161407253705 ], [ 551421.393597338697873, 950991.519846408511512 ], [ 551409.366036422317848, 950973.348573410999961 ], [ 551386.848241321742535, 950963.610358291654848 ], [ 551354.966642077779397, 950966.141669481876306 ], [ 551316.260311545105651, 950981.042898746090941 ], [ 551271.771036282763816, 951081.665996886789799 ], [ 551251.487625740468502, 951113.72741277446039 ], [ 551234.506556884967722, 951125.695743452641182 ], [ 551213.669159549986944, 951138.775565465097316 ], [ 551193.547328538144939, 951132.923991466290317 ], [ 551161.617996878107078, 951136.717354191932827 ], [ 551139.08170839282684, 951161.105802209349349 ], [ 551060.65926657023374, 951318.530208511278033 ], [ 551034.839078903896734, 951328.885021099122241 ], [ 551011.27173422742635, 951346.912798044853844 ], [ 551005.936503864009865, 951387.149207481765188 ], [ 551000.982921394985169, 951417.288868725881912 ], [ 550989.032267949427478, 951430.7200894652633 ], [ 550952.721771978656761, 951449.507935984292999 ], [ 550903.066497455001809, 951451.33631112461444 ], [ 550872.120406221598387, 951462.752383332233876 ], [ 550866.135791528504342, 951486.531370895914733 ], [ 550653.305388218024746, 951768.83088594279252 ], [ 550631.752222236362286, 951800.842109996941872 ], [ 550606.772095298278145, 951822.605942857102491 ], [ 550570.843165259342641, 951831.296949230250902 ], [ 550539.104552485747263, 951830.04179237014614 ], [ 550511.747105543850921, 951813.792089497088455 ], [ 550484.628219705540687, 951791.231902770930901 ], [ 550450.035211941460148, 951764.584186312393285 ], [ 550419.757006841595285, 951758.33083311188966 ], [ 550398.17476399068255, 951757.477310355869122 ], [ 550383.732666334486566, 951769.545989544014446 ], [ 550374.874896070105024, 951802.059244834585115 ], [ 550374.140539276762865, 951855.117504184599966 ], [ 550376.947220736066811, 951881.7721593065653 ], [ 550365.454925043391995, 951916.70921278197784 ], [ 550312.096655094181187, 951982.854142909520306 ], [ 550283.164690669393167, 952008.25360490300227 ], [ 550251.645913776010275, 952034.814743955852464 ], [ 550238.645464541157708, 952076.012093889992684 ], [ 550226.675985392299481, 952123.570152503321879 ], [ 550146.122018538531847, 952135.552130228024907 ], [ 550114.717369966092519, 952125.462193035986274 ], [ 550078.950262557482347, 952096.239940626197495 ], [ 550010.967385515454225, 952078.38339866977185 ], [ 549951.585050736437552, 952068.450897425063886 ], [ 549943.175390131422319, 952055.478444904903881 ], [ 549935.052023991360329, 952034.933409933932126 ], [ 549949.540296277613379, 951853.49277566303499 ], [ 549904.475802516448312, 951801.151145816897042 ], [ 549827.386476386804134, 951755.126810402492993 ], [ 549686.687035619514063, 951777.369569882866926 ], [ 549658.203315221355297, 951757.283256734255701 ], [ 549598.286184302764013, 951694.242293341085315 ], [ 549535.553746360470541, 951705.664873205823824 ], [ 549491.434965604683384, 951729.199485964840278 ], [ 549455.964374760631472, 951759.396059484570287 ], [ 549418.670470812008716, 951770.560783618246205 ], [ 549393.976545275421813, 951784.751836373936385 ], [ 549379.897268079919741, 951820.850427427096292 ], [ 549349.647967945900746, 951847.461562754120678 ], [ 549332.189523571403697, 951872.050659780506976 ], [ 549319.207779412041418, 951879.121074512368068 ], [ 549301.386463557486422, 951879.680151108652353 ], [ 549281.550983665743843, 951866.255751338321716 ], [ 549262.985049491166137, 951852.881566861062311 ], [ 549235.484603081829846, 951840.417964193620719 ], [ 549205.015592400915921, 951839.212775690597482 ], [ 549177.448514249990694, 951862.138025908847339 ], [ 549125.550308358040638, 951923.284306805231608 ], [ 549075.265488224220462, 952042.637630578130484 ], [ 549057.616095772944391, 952072.275098850834183 ], [ 549033.160713217686862, 952080.155629616696388 ], [ 549015.38710374198854, 952079.452576518408023 ], [ 548986.283048809389584, 952075.773365206201561 ], [ 548943.214019441395067, 952071.541744510061108 ], [ 548914.014523721649311, 952070.38671278487891 ], [ 548889.654585591168143, 952075.743030296405777 ], [ 548868.673765001585707, 952092.608862675726414 ], [ 548847.502045615809038, 952114.523076438112184 ], [ 548841.564843984204344, 952137.039924385608174 ], [ 548836.801736377412453, 952162.131186632905155 ], [ 548834.148199095507152, 952198.681758805993013 ], [ 548827.924646385014057, 952228.771195976994932 ], [ 548817.052430054638535, 952247.300887165823951 ], [ 548790.850228338269517, 952267.752131798071787 ], [ 548707.8335595180979, 952311.235606140689924 ], [ 548569.691972974454984, 952467.561045272392221 ], [ 548540.0915389432339, 952510.629586219787598 ], [ 548448.388323712628335, 952615.704676813678816 ], [ 548426.452838107245043, 952657.812465137685649 ], [ 548406.073255046736449, 952692.397886857390404 ], [ 548403.371867280337028, 952730.210645258193836 ], [ 548395.80219133454375, 952896.757640902884305 ], [ 548402.178543675807305, 952929.873609059024602 ], [ 548397.825763343367726, 952977.733005352900364 ], [ 548380.777484188554808, 953025.090169465052895 ], [ 548356.445998277980834, 953063.31128081085626 ], [ 548261.410971979028545, 953155.61482857435476 ], [ 548221.272071525454521, 953208.378463510307483 ], [ 548212.938814147608355, 953227.008648784598336 ], [ 548206.953734216862358, 953250.787699783686548 ], [ 548204.634113185689785, 953278.503742073313333 ], [ 548212.232246944215149, 953312.932116611162201 ], [ 548221.33858636347577, 953341.1002060349565 ], [ 548220.317071888362989, 953401.731420811265707 ], [ 548207.239707940490916, 953411.325989538570866 ], [ 548181.371361409663223, 953422.942499162163585 ], [ 548161.010799782816321, 953423.400974485091865 ], [ 548082.775903322384693, 953407.665850053657778 ], [ 548056.115319401724264, 953406.611071970779449 ], [ 548027.612400673795491, 953420.651308655738831 ], [ 548014.105437661288306, 953441.604797528125346 ], [ 547994.183756489073858, 953497.696295651374385 ], [ 547972.07631170633249, 953510.725563179352321 ], [ 547926.925991800497286, 953527.899129730532877 ], [ 547861.729977252427489, 953570.82344364898745 ], [ 547477.529413362615742, 954047.316157594090328 ], [ 547420.284592990414239, 954081.707015601801686 ], [ 547393.461348838871345, 954118.565577734378166 ], [ 547374.570220868801698, 954181.017944674706087 ], [ 547376.250046145636588, 954203.836364787770435 ], [ 547381.977231350843795, 954220.494946732535027 ], [ 547394.052200027625076, 954237.404700317769311 ], [ 547403.349367136368528, 954260.524532185983844 ], [ 547397.726646852912381, 954308.333978344686329 ], [ 547360.699156748130918, 954346.052812216570601 ], [ 547295.856261717155576, 954346.015064234146848 ], [ 547120.991582182818092, 954330.24779901560396 ], [ 547082.236513800220564, 954346.410236649331637 ], [ 547038.04957638180349, 954405.333670090418309 ], [ 547015.73153205786366, 954457.538480571354739 ], [ 547003.11198057490401, 954488.639092183904722 ], [ 546984.526566957123578, 954509.39163937990088 ], [ 546885.720293330959976, 954533.289747602073476 ], [ 546859.803969973116182, 954546.16819224669598 ], [ 546857.5795604204759, 954571.360158258234151 ], [ 546858.037493958254345, 954592.866273453691974 ], [ 546863.506424163468182, 954649.962685627979226 ], [ 546861.329753603553399, 954673.892555676051416 ], [ 546853.692903055925854, 954707.718364146887325 ], [ 546843.755644756369293, 954735.133143031853251 ], [ 546830.343906271038577, 954753.56242665508762 ], [ 546820.88407269900199, 954768.356092907837592 ], [ 546820.263410727726296, 954784.76354561408516 ], [ 546821.943151224520989, 954807.582037928630598 ], [ 546823.718378169462085, 954827.876309107174166 ], [ 546829.206798550090753, 954850.845524911419488 ], [ 546854.005576702184044, 954901.122934719431214 ], [ 546839.066034752642736, 954959.939849566086195 ], [ 546822.828690267167985, 954985.841353927040473 ], [ 546801.847302132751793, 955002.707107310649008 ], [ 546763.330774097586982, 955012.558933354448527 ], [ 546714.371287868707441, 955029.581508400151506 ], [ 546619.707593700499274, 955044.795396936940961 ], [ 546529.091305066249333, 955053.849390341667458 ], [ 546491.147714778315276, 955048.555794376996346 ], [ 546385.097174917231314, 954995.062792206997983 ], [ 546368.640637958887964, 954993.147523832740262 ], [ 546351.706631451146677, 955003.853379477979615 ], [ 546337.263996597845107, 955015.921832560561597 ], [ 546315.900589394732378, 955042.884421892696992 ], [ 546288.933708670432679, 955083.529280666611157 ], [ 546252.478797133895569, 955106.102606194210239 ], [ 546214.391971488832496, 955104.59528630960267 ], [ 546144.279638027655892, 955109.404522894416004 ], [ 546115.919562077382579, 955119.658155208569951 ], [ 546096.159914433141239, 955137.836176957469434 ], [ 546076.858085247338749, 955177.520369113306515 ], [ 546011.554226274834946, 955324.088260917807929 ], [ 545933.841111752553843, 955462.581071843625978 ], [ 545871.517304388689809, 955496.770556435571052 ], [ 545815.847537754103541, 955489.51120464655105 ], [ 545772.873407331178896, 955482.754316683160141 ], [ 545743.530206256313249, 955485.384955086628906 ], [ 545705.109055734355934, 955492.712309128604829 ], [ 545676.175866464735009, 955518.111256269970909 ], [ 545648.082454198971391, 955554.919487991253845 ], [ 545583.705166078405455, 955643.379847315140069 ], [ 545547.898820085101761, 955682.410815489012748 ], [ 545532.405483862035908, 955722.24578598246444 ], [ 545521.035309131606482, 955787.524100099341013 ], [ 545504.176878962898627, 955829.833073181915097 ], [ 545486.14438334479928, 955869.567567759309895 ], [ 545476.541104105184786, 955888.147574193077162 ], [ 545442.147507867193781, 955923.442458984092809 ], [ 545403.057679218822159, 955948.439392311614938 ], [ 545376.80676467588637, 955970.152482183650136 ], [ 545375.803893229924142, 955996.656961445347406 ], [ 545379.927040870650671, 956022.100333632784896 ], [ 545397.390892869909294, 956232.617146573145874 ], [ 545427.458629682310857, 956278.047648829757236 ], [ 545487.948268119245768, 956325.946320925955661 ], [ 545508.432557943626307, 956355.829375823028386 ], [ 545550.372476209653541, 956524.338984530535527 ], [ 545543.249153118464164, 956554.179875982808881 ] ] ] ] } },
{ "type": "Feature", "properties": { "FID_1": 18, "AREA_HA": 1856.879, "RESERVA": "RESERVA INDIGENA CABECAR DE NAIRI-AWARI SECTOR NAIRI", "are_ha": 1856.7, "RI": "RESERVA INDIGENA" }, "geometry": { "type": "MultiPolygon", "coordinates": [ [ [ [ 568255.978022998897359, 1109283.888611550908536 ], [ 568455.769196631386876, 1109133.662843249505386 ], [ 568304.287870812695473, 1107909.003133407328278 ], [ 568002.763259035535157, 1106634.53777951747179 ], [ 567527.396953403600492, 1106285.167209627572447 ], [ 567576.886586381238885, 1106291.719888832652941 ], [ 567595.449707869905978, 1106284.263667686609551 ], [ 567618.456483864691108, 1106265.651829616399482 ], [ 567634.731731302570552, 1106238.968411350855604 ], [ 567646.536286903196014, 1106201.138718711677939 ], [ 567751.466306609800085, 1106130.294581825379282 ], [ 567791.091947933775373, 1106108.0039425464347 ], [ 567843.308444528840482, 1106098.529966732254252 ], [ 567925.52156180026941, 1106079.529404757544398 ], [ 567939.805299871368334, 1106060.088433984434232 ], [ 567954.655082499375567, 1106021.436476016649976 ], [ 567960.030831914977171, 1105991.121814717305824 ], [ 567959.135390784940682, 1105951.86730083799921 ], [ 567946.714229161967523, 1105921.329979452537373 ], [ 567925.334008256089874, 1105897.010135703487322 ], [ 567895.031094990670681, 1105875.110484268050641 ], [ 567878.638736054766923, 1105860.980351605219766 ], [ 567873.808457746752538, 1105834.335750469472259 ], [ 567881.666007445193827, 1105810.381718282820657 ], [ 567926.729530524578877, 1105784.743140008300543 ], [ 567501.571822593221441, 1105610.2887177830562 ], [ 564751.552518554381095, 1105288.703090414172038 ], [ 564302.348576308810152, 1105889.16876939474605 ], [ 563902.343621744890697, 1105839.663934401934966 ], [ 563553.002342284307815, 1106340.020490522496402 ], [ 563441.146464056684636, 1106376.697070469846949 ], [ 563291.595187349827029, 1106390.947623295010999 ], [ 563124.849694632925093, 1106411.645915596513078 ], [ 563044.6913615524536, 1106418.237574759172276 ], [ 562980.670280452817678, 1106465.540243469877169 ], [ 562953.695988293853588, 1106494.31825879146345 ], [ 562922.88382494833786, 1106525.580020209774375 ], [ 562897.192860369919799, 1106553.10819726344198 ], [ 562827.316884396597743, 1106591.632308556931093 ], [ 562761.771609146613628, 1106604.825594994938001 ], [ 562695.882302523241378, 1106598.691521730739623 ], [ 562653.981301379390061, 1106593.103159035788849 ], [ 562621.100059131975286, 1106574.96871107048355 ], [ 562594.574811189319007, 1106556.91386307659559 ], [ 562560.640839833999053, 1106515.97996110864915 ], [ 562526.731147028971463, 1106472.514561056159437 ], [ 562503.613068488542922, 1106371.281653439858928 ], [ 562260.379284599912353, 1106341.4153549708426 ], [ 562035.6781816809671, 1106328.139117269776762 ], [ 561865.134479870321229, 1106328.346385940676555 ], [ 561627.998339396552183, 1106328.338692161487415 ], [ 561435.6108082390856, 1106371.501404509646818 ], [ 561306.71021556854248, 1106423.054669106844813 ], [ 561172.834098540246487, 1106463.152449027169496 ], [ 561064.801394041161984, 1106468.673747011227533 ], [ 561032.589868159266189, 1106504.436308259610087 ], [ 561009.174162246054038, 1106559.842629889026284 ], [ 560982.151259735692292, 1106593.683446087641641 ], [ 560960.407391542219557, 1106607.335972948698327 ], [ 560921.826199705363251, 1106620.422645701561123 ], [ 560772.221981693524867, 1106610.042134693358094 ], [ 560744.279981839936227, 1106607.160291063832119 ], [ 560716.088224121253006, 1106592.860108454013243 ], [ 560686.881920195068233, 1106577.598915591137484 ], [ 560668.789706559851766, 1106558.15244909725152 ], [ 560657.198932757484727, 1106540.242552924668416 ], [ 560639.547914403607138, 1106524.830624500755221 ], [ 560611.756889511249028, 1106519.28479386982508 ], [ 560528.675351743353531, 1106543.667977981967852 ], [ 561079.263199954526499, 1107092.922530305571854 ], [ 561279.931787590496242, 1107667.598719523753971 ], [ 561805.464319225400686, 1108166.892492864280939 ], [ 563104.950860075419769, 1107890.352836094563827 ], [ 563405.152794923400506, 1108089.960811085766181 ], [ 563655.118680805317126, 1108089.656883357325569 ], [ 564255.463126989547163, 1108438.879670542897657 ], [ 564630.382324740756303, 1108413.426640522666276 ], [ 564616.129753600689583, 1108393.38442494510673 ], [ 564627.613519981969148, 1108358.2713897456415 ], [ 564655.257216155179776, 1108313.409624645719305 ], [ 564904.888653502101079, 1108038.142051213886589 ], [ 565654.910313242347911, 1108137.214210283244029 ], [ 565905.243188556865789, 1108436.869445892050862 ], [ 566255.258130401140079, 1108486.435750928707421 ], [ 566405.787707979558036, 1108936.193825799506158 ], [ 566856.339656408177689, 1109435.580037001753226 ], [ 568281.647483213921078, 1109833.7887966663111 ], [ 568284.752506790333427, 1109785.345877952175215 ], [ 568316.256296792300418, 1109681.934461081866175 ], [ 568342.529646559152752, 1109593.648667253553867 ], [ 568343.136058041360229, 1109530.36008514650166 ], [ 568323.451493948930874, 1109461.753845658851787 ], [ 568298.645674857893027, 1109396.88128810073249 ], [ 568255.978022998897359, 1109283.888611550908536 ] ] ] ] } },
{ "type": "Feature", "properties": { "FID_1": 19, "AREA_HA": 24866.943, "RESERVA": "RESERVA INDIGENA CABECAR DE TALAMANCA", "are_ha": 24868.29, "RI": "RESERVA INDIGENA" }, "geometry": { "type": "MultiPolygon", "coordinates": [ [ [ [ 596875.868736329255626, 1061251.792895768536255 ], [ 596887.700189188937657, 1061322.505241316743195 ], [ 596842.69556603138335, 1061307.055293867131695 ], [ 596786.143062075832859, 1061355.947580507257953 ], [ 596734.292214912362397, 1061411.497661567991599 ], [ 596697.426544977352023, 1061451.368684388464317 ], [ 596690.95744115812704, 1061473.934224468888715 ], [ 596764.249737699748948, 1062224.314013211522251 ], [ 596780.953620754880831, 1062349.009021567413583 ], [ 596780.122265325742774, 1062447.148941402556375 ], [ 596774.742909691412933, 1062536.089874588418752 ], [ 596772.13007190474309, 1062579.289764614542946 ], [ 596734.829183565918356, 1062626.002204645192251 ], [ 596334.326810668339022, 1063450.347733848029748 ], [ 597773.244745605392382, 1064100.846028988482431 ], [ 598213.074448997271247, 1064101.098695194115862 ], [ 599322.289498289348558, 1064551.507007316453382 ], [ 599671.917574549559504, 1064851.556400116765872 ], [ 601771.71399456972722, 1064103.120775506831706 ], [ 602221.544265044271015, 1064103.373559891013429 ], [ 603271.774522398598492, 1063304.357119270600379 ], [ 603521.427313633495942, 1063629.334967936621979 ], [ 604171.125921065337025, 1063704.658579686656594 ], [ 604545.597743381164037, 1064204.620488476008177 ], [ 604920.381367730093189, 1064304.779106528032571 ], [ 605320.272706791060045, 1064255.02451842254959 ], [ 605769.623015921446495, 1064879.96867477754131 ], [ 605872.55542118626181, 1064892.236884301761165 ], [ 605976.947067932458594, 1064959.704227583482862 ], [ 606087.397021017153747, 1065074.718184429919347 ], [ 606144.819369794451632, 1065138.095416974043474 ], [ 606190.268230419140309, 1065251.764333742205054 ], [ 606237.407176427426748, 1065337.479497734690085 ], [ 606270.89321281760931, 1065353.513918137876317 ], [ 606295.939533919212408, 1065361.391141038853675 ], [ 606341.714312843396328, 1065364.134485547197983 ], [ 606433.587053857627325, 1065448.704957668203861 ], [ 606523.139324435847811, 1065487.227989453123882 ], [ 606629.682362877996638, 1065519.117884661303833 ], [ 606677.804221019963734, 1065504.148587036412209 ], [ 606732.710195456398651, 1065503.613428896293044 ], [ 606776.598962342366576, 1065516.445573418634012 ], [ 606852.821560643264093, 1065564.371588945388794 ], [ 606923.83887072338257, 1065592.857130595482886 ], [ 607182.334554431145079, 1065559.889737871242687 ], [ 607472.157609584042802, 1065536.450903887860477 ], [ 607574.021943250088952, 1065519.665985378436744 ], [ 607645.922151628183201, 1065490.753832117421553 ], [ 607684.589481568196788, 1065399.978778933640569 ], [ 607695.778437756118365, 1065278.226603179704398 ], [ 607701.573980447137728, 1065161.252202990697697 ], [ 607726.715291711268947, 1065062.015221270732582 ], [ 607752.060836743796244, 1065022.72654960071668 ], [ 607800.293832140858285, 1064984.809424300678074 ], [ 607866.75474444986321, 1064962.012192733353004 ], [ 607933.062029588967562, 1064941.756205871701241 ], [ 607956.794449450797401, 1064929.150784009834751 ], [ 607998.396845175768249, 1064874.258208488579839 ], [ 608013.723761738627218, 1064831.81866667768918 ], [ 608030.168569333152846, 1064791.996586296940222 ], [ 608104.711254326859489, 1064719.949393599992618 ], [ 608256.620819385279901, 1064634.684976907912642 ], [ 608287.828746454324573, 1064625.077941968338564 ], [ 608321.195668879314326, 1064621.976453512441367 ], [ 608562.14526652789209, 1064710.378538510063663 ], [ 608606.418291776557453, 1064716.857202176935971 ], [ 608672.571976389735937, 1064699.142263479996473 ], [ 608733.716363471583463, 1064679.851901482557878 ], [ 608790.124449925497174, 1064675.580560274422169 ], [ 609029.129210160113871, 1064669.498271997086704 ], [ 609095.632759023923427, 1064667.107038720045239 ], [ 609187.174479601555504, 1064630.509420470800251 ], [ 609314.745669711730443, 1064610.098272936884314 ], [ 609409.586163476342335, 1064611.407277435762808 ], [ 609463.43786373862531, 1064620.283117887331173 ], [ 609514.683111278573051, 1064616.977511583594605 ], [ 609624.845434640417807, 1064631.229792592581362 ], [ 609714.893718600738794, 1064640.451112903421745 ], [ 609792.73864413308911, 1064703.77653752756305 ], [ 609817.375497406465001, 1064781.767188807250932 ], [ 609831.183008863357827, 1064848.907054005889222 ], [ 609842.097598162363283, 1064900.570698826573789 ], [ 609851.160380601650104, 1064940.646221013274044 ], [ 609860.026925956481136, 1064962.856606561690569 ], [ 609873.552947318181396, 1064971.318526499439031 ], [ 609902.721401684102602, 1064974.341519086854532 ], [ 609979.167013174737804, 1064976.371583441272378 ], [ 610053.957076183753088, 1064984.678643464110792 ], [ 610145.848909735446796, 1064963.404575099702924 ], [ 610228.729047773056664, 1064964.544879692373797 ], [ 610301.897759802639484, 1064957.451815229142085 ], [ 610394.532036203891039, 1064987.231878739781678 ], [ 610533.940090733463876, 1065003.236320313299075 ], [ 610610.087153169908561, 1065052.432392315007746 ], [ 610670.207765518687665, 1065113.420663571218029 ], [ 610731.173249392420985, 1065160.431876508519053 ], [ 610779.346577906399034, 1065207.951876570470631 ], [ 610842.121269723400474, 1065246.144789470825344 ], [ 610917.952712584286928, 1065258.339850638993084 ], [ 610959.179557680618018, 1065251.883302361471578 ], [ 611003.990609011380002, 1065249.467240259516984 ], [ 611042.290366078028455, 1065249.211531569017097 ], [ 611081.247237711329944, 1065259.197165165795013 ], [ 611119.052064508665353, 1065288.242477028397843 ], [ 611138.28731801349204, 1065328.927647576667368 ], [ 611135.257851299247704, 1065400.159995653433725 ], [ 611122.243791371933185, 1065446.564405101584271 ], [ 611115.314334974507801, 1065476.755164329195395 ], [ 611115.015656680450775, 1065523.921446066116914 ], [ 611162.301580662606284, 1065565.012120261089876 ], [ 611218.838189728092402, 1065621.96006042836234 ], [ 611297.212882049265318, 1065634.307510775979608 ], [ 611366.83185953181237, 1065601.496607194887474 ], [ 611400.156454634736292, 1065577.988306070910767 ], [ 611438.763505413313396, 1065572.649993705097586 ], [ 611476.141707604750991, 1065587.642040616832674 ], [ 611537.534177970839664, 1065648.706669691251591 ], [ 611578.50519403629005, 1065709.822997661540285 ], [ 611599.208344443119131, 1065768.449724069563672 ], [ 611603.338754652766511, 1065805.679475899087265 ], [ 611609.969563379767351, 1065822.65503089223057 ], [ 611597.066409337683581, 1065846.111691840924323 ], [ 611584.086448539048433, 1065870.839001597370952 ], [ 611579.776871968759224, 1065899.911563797853887 ], [ 611583.326962205348536, 1065925.629298330517486 ], [ 611603.94473988271784, 1065943.442912572994828 ], [ 611632.925694115459919, 1065970.684382337378338 ], [ 611653.270387154421769, 1065971.903365005040541 ], [ 611671.379210322862491, 1065967.887373958248645 ], [ 612016.464487104211003, 1066107.786524163559079 ], [ 613516.139414053293876, 1065858.702230440219864 ], [ 613650.203975551063195, 1065849.247648716904223 ], [ 613723.057496827794239, 1065805.152487615821883 ], [ 613777.528906808001921, 1065748.478719051228836 ], [ 613814.31821603316348, 1065709.874485209118575 ], [ 613838.775985175860114, 1065664.155187563039362 ], [ 613867.201983164879493, 1065616.123104894533753 ], [ 613900.023022081819363, 1065579.831637516850606 ], [ 613980.471825637621805, 1065557.870774836977944 ], [ 614039.850740346126258, 1065567.80433758860454 ], [ 614097.181263717240654, 1065548.284240442328155 ], [ 614136.206453089602292, 1065514.914920051814988 ], [ 614181.973354656947777, 1065475.5731787357945 ], [ 614214.871151235303842, 1065438.010992573574185 ], [ 614255.517912616604008, 1065420.041887352475896 ], [ 614276.246692233369686, 1065414.907392151886597 ], [ 614304.758363714674488, 1065407.688626006478444 ], [ 614333.730787703534588, 1065392.845908939838409 ], [ 614470.306361037772149, 1065307.933779644779861 ], [ 614562.036540148663335, 1065247.115501010324806 ], [ 614642.97996417467948, 1065195.853064615977928 ], [ 614724.119872170500457, 1065162.45598334656097 ], [ 614768.581271294038743, 1065144.715287040919065 ], [ 614825.297457441687584, 1065135.360248051816598 ], [ 614874.111037202645093, 1065108.953431992325932 ], [ 615043.218443667748943, 1065077.000050080474466 ], [ 615161.310188610455953, 1065044.541082510491833 ], [ 615259.02326481800992, 1065032.540734651731327 ], [ 615357.163260799716227, 1065034.593784907832742 ], [ 615443.014646531897597, 1065049.93855718197301 ], [ 615488.253099987865426, 1065061.575258347205818 ], [ 615528.601890547783114, 1065090.772709281882271 ], [ 615576.656807076535188, 1065119.156514370115474 ], [ 615635.728826213045977, 1065134.172389002749696 ], [ 615691.754052179749124, 1065136.253132187994197 ], [ 615749.741914275218733, 1065126.974073168123141 ], [ 615865.96079852397088, 1065035.316856781253591 ], [ 616465.536073203780688, 1065335.492466680007055 ], [ 617490.845407743938267, 1065233.512660675682127 ], [ 617714.935355614637956, 1065211.2241194115486 ], [ 616765.992162771290168, 1064585.989423695020378 ], [ 616341.542828170233406, 1064036.021321836160496 ], [ 615592.001902463729493, 1063760.759782137349248 ], [ 614717.674086858751252, 1063260.537634609267116 ], [ 614367.869742877082899, 1063160.402278512949124 ], [ 614436.335400989511982, 1063061.452547782100737 ], [ 614526.534801017609425, 1062878.118638227693737 ], [ 614585.713276494992897, 1062680.174156026681885 ], [ 614585.69461656967178, 1062596.006704385159537 ], [ 614551.574660231242888, 1062505.970948202302679 ], [ 614529.085845430963673, 1062392.402228288818151 ], [ 614535.381762986304238, 1062288.209161557490006 ], [ 614607.241502488730475, 1062112.703701933380216 ], [ 614657.297684300690889, 1061960.121972993947566 ], [ 614676.539149684947915, 1061852.878658360568807 ], [ 614677.100817168364301, 1061780.223375180037692 ], [ 614665.254188940045424, 1061701.723938875831664 ], [ 614633.480477912351489, 1061593.975645454134792 ], [ 614595.041967199649662, 1061490.929190173512325 ], [ 614527.247677010949701, 1061409.078890778357163 ], [ 614459.342985752387904, 1061350.176362422527745 ], [ 614415.103197201970033, 1061322.021802640985698 ], [ 614379.874603911302984, 1061271.452631396939978 ], [ 614369.156523153884336, 1061210.905573262367398 ], [ 614386.357416264014319, 1061143.041606498416513 ], [ 614427.267389448708855, 1061099.583223839523271 ], [ 614447.799146601231769, 1061076.583387033082545 ], [ 614461.742898941622116, 1061057.014687948161736 ], [ 614464.626704875845462, 1061030.407364718848839 ], [ 614458.609762076870538, 1061003.266944403294474 ], [ 614441.225777907646261, 1060974.170473212609068 ], [ 614438.486017163493671, 1060956.15302101476118 ], [ 614436.941016257973388, 1060939.48236835654825 ], [ 614438.322956279967912, 1060916.610823533497751 ], [ 614442.247963856905699, 1060893.89159351028502 ], [ 614455.961375696002506, 1060878.134823009371758 ], [ 614485.811337923281826, 1060827.637817084556445 ], [ 614509.927341192262247, 1060808.678368646185845 ], [ 614522.44598365353886, 1060791.574796038214117 ], [ 614524.135001464863308, 1060763.620691271033138 ], [ 614494.102886291220784, 1060690.408597002737224 ], [ 614465.462242242298089, 1060636.408445286564529 ], [ 614419.79550504591316, 1060536.665258093038574 ], [ 613470.596082033007406, 1059911.475985552649945 ], [ 613471.075086424010806, 1059261.788719431264326 ], [ 613430.361855967203155, 1059223.941309244604781 ], [ 613397.609313235618174, 1059216.878774929093197 ], [ 613380.729239349951968, 1059200.565045987255871 ], [ 613358.412811584537849, 1059168.622981285909191 ], [ 613358.446409936295822, 1059146.946110411081463 ], [ 613386.02649307786487, 1059112.891542799538001 ], [ 613409.988721655565314, 1059096.473488158779219 ], [ 613417.344368652789854, 1059080.336062719346955 ], [ 613419.153291895287111, 1059071.517804339062423 ], [ 613415.952891372377053, 1059061.124301281990483 ], [ 613391.213362247450277, 1059048.165556301362813 ], [ 613366.397065069759265, 1059036.477441612398252 ], [ 613346.820406679529697, 1059022.55268252431415 ], [ 613318.803718149662018, 1059000.471069775754586 ], [ 613300.882445638533682, 1058980.269319495651871 ], [ 613286.65579153818544, 1058941.1604395119939 ], [ 613269.766138659324497, 1058882.763670912478119 ], [ 613239.767807682161219, 1058787.875477321911603 ], [ 613226.112129546701908, 1058718.195402750978246 ], [ 613207.643863210454583, 1058664.805052139330655 ], [ 613164.709615998901427, 1058615.05032048560679 ], [ 613056.553585226647556, 1058609.847929874202237 ], [ 613002.031751288799569, 1058604.032077495241538 ], [ 612967.00976390868891, 1058613.411570739233866 ], [ 612935.999056181055494, 1058640.884448216063902 ], [ 612912.890950984903611, 1058685.408548028441146 ], [ 612894.134800703963265, 1058721.266721682855859 ], [ 612870.215789533336647, 1058758.090903058182448 ], [ 612849.607536216033623, 1058782.361121703870595 ], [ 612807.469744454370812, 1058846.149076912319288 ], [ 612785.316486263182014, 1058853.748826435534284 ], [ 612771.64280353684444, 1058836.635309746023268 ], [ 612172.416113009909168, 1058086.692938720807433 ], [ 610196.713815590366721, 1058040.688127039698884 ], [ 610135.868778197327629, 1058012.814494721591473 ], [ 610095.828552575781941, 1057978.535784770734608 ], [ 610054.440050129313022, 1057945.451531362719834 ], [ 610025.109358274959959, 1057902.887844124576077 ], [ 610016.693987588281743, 1057830.971900713862851 ], [ 610004.276777170132846, 1057783.045288034249097 ], [ 609991.048738275421783, 1057727.418850412126631 ], [ 609978.170845434884541, 1057687.11593137239106 ], [ 609964.985833579557948, 1057651.89546695840545 ], [ 609928.333245160756633, 1057603.792428122833371 ], [ 609904.592301734606735, 1057574.315739726880565 ], [ 609321.604868030408397, 1057613.356885924935341 ], [ 609295.560559360776097, 1057621.998470014659688 ], [ 609273.177193630603142, 1057633.409763189498335 ], [ 609264.396443089004606, 1057652.011912209680304 ], [ 609247.833109911996871, 1057672.698290260508657 ], [ 609229.341030493145809, 1057683.067463270621374 ], [ 608964.95452858414501, 1057708.03682855470106 ], [ 608943.732053317828104, 1057742.471367730991915 ], [ 608889.723830738454126, 1057791.519647354958579 ], [ 608849.81273463263642, 1057818.458632013527676 ], [ 608797.263402107753791, 1057843.365326675120741 ], [ 608767.558155652601272, 1057849.237125474726781 ], [ 608735.617048528743908, 1057849.874153180746362 ], [ 608713.421091358293779, 1057837.067664268193766 ], [ 608695.107335859094746, 1057781.136682007927448 ], [ 608676.22223873436451, 1057755.776458976091817 ], [ 608656.953218393144198, 1057736.769275849917904 ], [ 608619.499267395352945, 1057723.048784506041557 ], [ 608576.421824382035993, 1057717.917869423981756 ], [ 608517.93281516013667, 1057714.414147696690634 ], [ 608443.264387548551895, 1057725.243674502708018 ], [ 608368.792460673488677, 1057753.937835620716214 ], [ 608280.727005072403699, 1057817.52342061442323 ], [ 608178.008814968634397, 1057827.947738553397357 ], [ 608092.818372889305465, 1057822.844355505192652 ], [ 608016.835595383658074, 1057813.191722466843203 ], [ 607977.845968671725132, 1057824.883267256198451 ], [ 607686.896198292728513, 1057951.551586049608886 ], [ 607579.758200983866118, 1058013.99426263011992 ], [ 607548.9011493899161, 1058038.924980117473751 ], [ 607516.849386620800942, 1058062.508914800360799 ], [ 607461.937304119579494, 1058210.96861782297492 ], [ 607422.418971964740194, 1058273.636590740643442 ], [ 607410.173599594389088, 1058307.333529849071056 ], [ 607379.009329637163319, 1058337.346639123046771 ], [ 607341.794732055277564, 1058361.896448249928653 ], [ 607270.676452296087518, 1058398.442346158903092 ], [ 607228.145472686970606, 1058426.499245927203447 ], [ 607200.599283314775676, 1058438.876208345405757 ], [ 607176.790794178494252, 1058452.752299640327692 ], [ 607169.093816437758505, 1058495.64815970743075 ], [ 607156.276838399353437, 1058559.915780993876979 ], [ 607116.715584404068068, 1058602.177839346462861 ], [ 607066.478779077180661, 1058631.048245091922581 ], [ 606982.065104161156341, 1058655.320638015400618 ], [ 606915.375610604300164, 1058681.930093426490203 ], [ 606858.354558718507178, 1058696.366728415945545 ], [ 606801.871081303572282, 1058701.909118280047551 ], [ 606760.568785609444603, 1058709.636243114247918 ], [ 606423.848023667116649, 1059058.196248134132475 ], [ 605774.590545269893482, 1058408.176043441984802 ], [ 605400.096062562661245, 1057933.21619742596522 ], [ 605321.926951022818685, 1057851.945182094583288 ], [ 605263.361656510038301, 1057849.711439016507939 ], [ 605186.108038220438175, 1057839.9819844099693 ], [ 605119.794341173372231, 1057818.156020483467728 ], [ 605045.348244883352891, 1057783.090831538196653 ], [ 604987.508314208942465, 1057747.74541587731801 ], [ 604934.17406231793575, 1057701.193206305382773 ], [ 604862.88541392958723, 1057656.115642468212172 ], [ 604781.040903741493821, 1057616.781590168131515 ], [ 604714.72734131582547, 1057594.955615068087354 ], [ 604657.31419811421074, 1057573.662914447486401 ], [ 604608.340664766030386, 1057560.52704386622645 ], [ 604590.616669475799426, 1057558.189889759756625 ], [ 604574.010559022193775, 1057558.470101828686893 ], [ 604553.274244314525276, 1057521.522234986536205 ], [ 604522.784181731753051, 1057455.935716860229149 ], [ 604476.848585379077122, 1057413.652437272714451 ], [ 604427.525227367295884, 1057385.193298425991088 ], [ 604358.822422270663083, 1057360.673774871975183 ], [ 604327.956940693431534, 1057343.522108690580353 ], [ 604298.200809610076249, 1057286.905970655148849 ], [ 604255.286090973298997, 1057131.311724168481305 ], [ 604190.884201529435813, 1057035.639273408800364 ], [ 604149.104479630943388, 1056966.826102387625724 ], [ 604115.687534975586459, 1056907.440348416799679 ], [ 604095.719285050756298, 1056857.786732724169269 ], [ 604050.978504663449712, 1056816.850358408875763 ], [ 603972.36857541964855, 1056766.233539728680626 ], [ 603876.548696148907766, 1056807.974636626662686 ], [ 603278.66689110326115, 1054333.94246006407775 ], [ 603504.122961475513875, 1053609.443841942120343 ], [ 603563.411494791856967, 1053546.129284284077585 ], [ 603594.916100771748461, 1053489.358771812170744 ], [ 603619.90978244447615, 1053434.74853926920332 ], [ 603655.578737415722571, 1053393.529575794702396 ], [ 603674.718634226708673, 1053351.320371051551774 ], [ 603688.235136265400797, 1053317.700481571257114 ], [ 603700.173010746948421, 1053289.086707710754126 ], [ 603733.759732861304656, 1053240.091961281606928 ], [ 603770.196524682454765, 1053186.167267102282494 ], [ 603796.777648316463456, 1053168.632113927975297 ], [ 603816.771081034443341, 1053154.527817998547107 ], [ 603836.994876651209779, 1053136.61180556868203 ], [ 603848.088052371051162, 1053121.974312301492319 ], [ 603854.325731684919447, 1053103.220422910992056 ], [ 603865.649268061155453, 1053084.771215036977082 ], [ 603868.840427654678933, 1053053.083103272598237 ], [ 603870.299393686233088, 1053028.942251011030748 ], [ 603863.97599646775052, 1053006.885522826341912 ], [ 603851.141702841618098, 1052986.989088875707239 ], [ 603764.659798305248842, 1052916.997474900679663 ], [ 603739.590682711219415, 1052902.778707315213978 ], [ 603723.730684906360693, 1052871.016792808659375 ], [ 603723.772080944967456, 1052835.26445340225473 ], [ 603729.736520129139535, 1052799.917010115925223 ], [ 603754.269307832582854, 1052752.93024865956977 ], [ 603776.959197052172385, 1052736.437155501218513 ], [ 603825.069378868560307, 1052679.386308242566884 ], [ 603886.004855173174292, 1052600.150717178825289 ], [ 603926.946925036842003, 1052535.019421635428444 ], [ 603957.060089966398664, 1052459.038059198530391 ], [ 603977.889066678821109, 1052388.876374781830236 ], [ 603996.951974552473985, 1052347.93777823401615 ], [ 604014.163010140298866, 1052295.41173080727458 ], [ 604021.398820771486498, 1052260.140478942077607 ], [ 604025.050594004103914, 1052220.829025149112567 ], [ 604020.920025023631752, 1052183.601713654352352 ], [ 604034.897048494312912, 1052142.358463588170707 ], [ 604050.956284737214446, 1052108.890955404378474 ], [ 604070.599548411788419, 1052079.463648681761697 ], [ 604030.757410322315991, 1052063.050093313446268 ], [ 603991.726038710330613, 1052054.336107898503542 ], [ 603951.039292978704907, 1052051.898789778118953 ], [ 603887.159126212354749, 1052053.172738460358232 ], [ 603852.368988542817533, 1052058.739642205880955 ], [ 603810.453705715597607, 1052076.631375976605341 ], [ 603781.560163299902342, 1052090.202504811342806 ], [ 603728.813532170373946, 1052107.683749122079462 ], [ 603692.447282777051441, 1052107.817161819664761 ], [ 603646.674724103766493, 1052105.075127029558644 ], [ 603588.801859103492461, 1052091.406876216642559 ], [ 603543.907854404649697, 1052053.01281155901961 ], [ 603490.617252168129198, 1052026.867401817347854 ], [ 603454.052086363662966, 1052019.576262852875516 ], [ 603428.622910361620598, 1052018.052897348301485 ], [ 603393.175639170221984, 1052013.379051757976413 ], [ 603352.412179894512519, 1052012.212223674869165 ], [ 603323.168636536225677, 1052010.460344023769721 ], [ 603299.010928699746728, 1052009.013137122383341 ], [ 603267.454833306372166, 1052003.297220378182828 ], [ 603244.798947546631098, 1051998.114484544843435 ], [ 603212.355334341526031, 1051985.969572104280815 ], [ 603154.823639549780637, 1051945.543256185250357 ], [ 603103.154608191573061, 1051934.796930729411542 ], [ 603068.825263644917868, 1051932.740355386631563 ], [ 603020.509895698982291, 1051929.845909805502743 ], [ 602974.891023049829528, 1051924.562669917941093 ], [ 602932.890097269322723, 1051901.643879306036979 ], [ 602884.301536541664973, 1051882.155927642947063 ], [ 602843.572087096050382, 1051859.313307307427749 ], [ 602797.680035769240931, 1051837.43656898336485 ], [ 602761.532852097414434, 1051802.116838936693966 ], [ 602730.701862408663146, 1051763.290110868401825 ], [ 602711.467550308909267, 1051722.607800271362066 ], [ 602693.351119489991106, 1051684.542791134444997 ], [ 602684.408086382085457, 1051663.604447301942855 ], [ 602672.418567554908805, 1051629.731983506353572 ], [ 602659.891535349190235, 1051604.753452033968642 ], [ 602644.0108672818169, 1051571.923048669472337 ], [ 602597.42779345670715, 1051561.481390031287447 ], [ 602570.112958124838769, 1051570.04629887570627 ], [ 602525.688862710027024, 1051566.109773409552872 ], [ 602467.969879613723606, 1051549.900323156733066 ], [ 602429.629862557048909, 1051529.751190182985738 ], [ 602390.479131367057562, 1051501.902528693899512 ], [ 602350.287322336109355, 1051470.166021067881957 ], [ 602298.959606180433184, 1051432.661742674419656 ], [ 602247.128341111936606, 1051382.3757120417431 ], [ 602229.131603298825212, 1051363.445326428860426 ], [ 602230.658491929178126, 1051295.953391678864136 ], [ 602223.328048944706097, 1051248.333375817863271 ], [ 602222.50843464396894, 1051198.553106416016817 ], [ 602242.108817710890435, 1051148.721012889407575 ], [ 602254.507270476780832, 1051112.48420418612659 ], [ 602267.639655322302133, 1051085.217469240073115 ], [ 602317.404823440359905, 1051021.890593217685819 ], [ 602601.72021184512414, 1050730.334933218779042 ], [ 602645.861938203917816, 1050675.597211324842647 ], [ 602675.821219714707695, 1050602.157685496844351 ], [ 602703.434051753836684, 1050546.429791469825432 ], [ 602725.961067355936393, 1050490.397234048228711 ], [ 602749.145251357811503, 1050444.605296411784366 ], [ 602753.838080724701285, 1050409.18204899225384 ], [ 602743.887776044895872, 1050362.680371028138325 ], [ 602751.080571999307722, 1050307.004403867293149 ], [ 602768.128743418492377, 1050214.939322010148317 ], [ 602796.739639217732474, 1050142.694234015420079 ], [ 602832.868579102912918, 1050093.852293005445972 ], [ 602851.581132194260135, 1050037.591277804458514 ], [ 602872.332930426578969, 1049968.700881630182266 ], [ 602857.206051242654212, 1049861.106773423962295 ], [ 603257.855688101612031, 1048761.912890579318628 ], [ 601134.942075264290906, 1047186.673373656347394 ], [ 601035.637726631131954, 1046312.108939475612715 ], [ 599729.666162664769217, 1045292.113309377455153 ], [ 599630.086628139601089, 1045214.339265236398205 ], [ 597946.174026425229385, 1047409.862441045115702 ], [ 593667.502533694263548, 1048167.109580967691727 ], [ 589950.183510004426353, 1046905.767247252748348 ], [ 589730.717217393917963, 1046355.965129016665742 ], [ 588820.846112506929785, 1046730.233230980462395 ], [ 589088.454932135064155, 1049593.722588080679998 ], [ 588786.589556743856519, 1052102.116196866380051 ], [ 589785.345124206971377, 1053102.127700126031414 ], [ 591183.893315439345315, 1054152.345355985453352 ], [ 592436.851204013335519, 1053955.351832599844784 ], [ 593007.964476635446772, 1054328.289424440125003 ], [ 594381.192497838055715, 1055828.249288104707375 ], [ 594909.976112757227384, 1056099.47140449564904 ], [ 594957.427994593512267, 1056098.341597785241902 ], [ 595002.288867722265422, 1056069.758677195990458 ], [ 595056.52728106349241, 1056115.123097585747018 ], [ 595098.882170369033702, 1056203.894020409556106 ], [ 595148.533737502410077, 1056326.026125500677153 ], [ 595172.710239932290278, 1056451.737925982335582 ], [ 595216.452693704515696, 1056529.000999710988253 ], [ 595257.65150818717666, 1056606.238030904671177 ], [ 595334.538621719693765, 1056676.159406790742651 ], [ 595417.952050922671333, 1056729.504482850432396 ], [ 595479.911591217736714, 1056765.986458743922412 ], [ 595530.604697356116958, 1056784.429495421936736 ], [ 595580.051700287382118, 1056800.299261678475887 ], [ 595638.362941098515876, 1056820.100618366384879 ], [ 595714.029827083693817, 1056884.88854552526027 ], [ 595769.308914758847095, 1056953.308286511339247 ], [ 595792.560871195979416, 1057044.444298937683925 ], [ 595839.500901254941709, 1057309.937194633530453 ], [ 595872.798911144491285, 1057413.978825486497954 ], [ 595895.460446442826651, 1057437.255624077515677 ], [ 595954.683677528402768, 1057492.913462835131213 ], [ 596034.127678764169104, 1057561.581091974396259 ], [ 596131.467378926929086, 1057621.470388416666538 ], [ 596303.69008102256339, 1057824.23537272401154 ], [ 596338.787179001257755, 1057875.80527244345285 ], [ 596340.778006854932755, 1057930.876635934226215 ], [ 596340.263729045749642, 1057982.081568417605013 ], [ 596334.893532676040195, 1058010.192142152693123 ], [ 596354.870040318579413, 1058047.524298707954586 ], [ 596359.815953165641986, 1058061.657803155248985 ], [ 596363.374315463472158, 1058087.29938787012361 ], [ 596361.948192463954911, 1058102.647839512210339 ], [ 596366.7141017440008, 1058134.703084643697366 ], [ 596367.895935890614055, 1058143.676989678293467 ], [ 596381.590410324977711, 1058173.263243436114863 ], [ 596385.264486496686004, 1058187.383719601435587 ], [ 596424.382830520044081, 1058218.51082432991825 ], [ 596486.201383850537241, 1058269.074453603010625 ], [ 596516.198319026269019, 1058321.872448635986075 ], [ 596539.874645497766323, 1058370.764900640118867 ], [ 596538.204227063804865, 1058410.435762207489461 ], [ 596578.131579881766811, 1058487.660479731159285 ], [ 596597.953825715580024, 1058540.354240868473426 ], [ 596624.263842188054696, 1058580.311928181909025 ], [ 596672.336555078276433, 1058606.409841442713514 ], [ 596715.309066794463433, 1058633.735738551011309 ], [ 596786.23633717931807, 1058663.908682362642139 ], [ 596849.404022499453276, 1058706.804688741452992 ], [ 596932.04689063783735, 1058836.958015344105661 ], [ 597034.38354319287464, 1059032.606617741985247 ], [ 597058.30424422188662, 1059057.176770683610812 ], [ 597097.448480358929373, 1059085.743747998960316 ], [ 597154.051372217945755, 1059149.056757639860734 ], [ 597180.271489079343155, 1059197.975484892493114 ], [ 597233.08459815045353, 1059258.689159661764279 ], [ 597252.906940139946528, 1059311.383129483088851 ], [ 597310.743164101266302, 1059378.549643473466858 ], [ 597357.299957331037149, 1059428.95713329478167 ], [ 597408.866999410209246, 1059487.097576411673799 ], [ 597478.329889193875715, 1059536.45960300648585 ], [ 597541.125010413583368, 1059616.479672529036179 ], [ 597591.330269392812625, 1059683.568073604954407 ], [ 597707.491565879783593, 1059769.256235932931304 ], [ 597725.091709464672022, 1059789.920894305920228 ], [ 597736.294049830292352, 1059814.360783396521583 ], [ 597761.319568645907566, 1059855.585827718023211 ], [ 597779.690142282168381, 1059926.188827278790995 ], [ 597799.216845665010624, 1060008.326110484078526 ], [ 597831.204878460033797, 1060116.196517866803333 ], [ 597852.222000701935031, 1060176.58457092824392 ], [ 597872.211569779319689, 1060212.636993097839877 ], [ 597901.065512670436874, 1060252.621087822131813 ], [ 597921.04223042994272, 1060289.953661408973858 ], [ 597947.339625742402859, 1060331.191837267950177 ], [ 597945.656328122015111, 1060372.143222619779408 ], [ 597931.280242245760746, 1060410.403970960760489 ], [ 597910.673481243778951, 1060435.798152633942664 ], [ 597888.601991023868322, 1060480.381372875766829 ], [ 597876.004847442382015, 1060577.711499301716685 ], [ 597550.956490658340044, 1060802.410582634387538 ], [ 597423.242468384793028, 1060841.768038150621578 ], [ 597326.942289513535798, 1060920.648447446990758 ], [ 597243.730043270858005, 1060984.598020990611985 ], [ 597193.62623878440354, 1061034.01481575332582 ], [ 597156.626733974087983, 1061070.721469930140302 ], [ 597094.638978461734951, 1061137.981966171879321 ], [ 597062.521125939791091, 1061169.659377259667963 ], [ 597035.593580993358046, 1061191.147843660553917 ], [ 597016.322863635257818, 1061210.154285373864695 ], [ 596981.803680266486481, 1061256.653274441370741 ], [ 596954.923427963396534, 1061265.60330345062539 ], [ 596907.893676590989344, 1061267.81779189943336 ], [ 596875.868736329255626, 1061251.792895768536255 ] ] ] ] } },
{ "type": "Feature", "properties": { "FID_1": 20, "AREA_HA": 12724.241, "RESERVA": "RESERVA INDIGENA BRIBRI DE SALITRE", "are_ha": 12723.86, "RI": "RESERVA INDIGENA" }, "geometry": { "type": "MultiPolygon", "coordinates": [ [ [ [ 576069.006184182828292, 1018017.201831024256535 ], [ 576079.757856742362492, 1018062.646837690728717 ], [ 576093.551163324387744, 1018108.348625812213868 ], [ 576106.035790864145383, 1018162.932212198269553 ], [ 576141.426539672771469, 1018212.466457873117179 ], [ 576164.178122776909731, 1018244.219261948368512 ], [ 576193.196012578322552, 1018297.553203483810648 ], [ 576214.590966903255321, 1018349.609184601344168 ], [ 576234.687902482575737, 1018408.008896448533051 ], [ 576271.296792065608315, 1018470.235107563668862 ], [ 576321.960152102750726, 1018515.980169103597291 ], [ 576363.777155425050296, 1018549.02439339319244 ], [ 576392.96562100853771, 1018561.74905485380441 ], [ 576418.318635396310128, 1018579.545419767731801 ], [ 576433.532577647012658, 1018589.715621806215495 ], [ 576463.912512688664719, 1018621.477411955711432 ], [ 576492.701380262384191, 1018729.380319586605765 ], [ 576507.66490232013166, 1018799.195588409202173 ], [ 576521.463611626066267, 1018843.628505936474539 ], [ 576531.437517869169824, 1018890.59505669772625 ], [ 576553.997368557960726, 1018968.033582128235139 ], [ 576575.435041047632694, 1019009.937378395814449 ], [ 576584.196182447602041, 1019042.942978577921167 ], [ 576599.292928997077979, 1019081.032210310921073 ], [ 576616.879160020966083, 1019131.814886657521129 ], [ 576634.470723091042601, 1019181.328529637423344 ], [ 576676.229257554514334, 1019228.332376559614204 ], [ 576710.386139243724756, 1019268.982066714437678 ], [ 576767.513221255736426, 1019289.35379838233348 ], [ 576801.899234987678938, 1019275.434459077543579 ], [ 576833.651903066784143, 1019283.085942248464562 ], [ 576846.280513316043653, 1019303.405580020393245 ], [ 577023.448828747030348, 1019500.316327035776339 ], [ 577087.906022958341055, 1019591.763731325278059 ], [ 577130.946761572500691, 1019636.231039603007957 ], [ 577179.105031526996754, 1019673.090001905104145 ], [ 577215.868761325953528, 1019698.514130419585854 ], [ 577275.517500184243545, 1019723.965019247611053 ], [ 577344.119244026602246, 1019736.735795125830919 ], [ 577424.078295185463503, 1019769.824749630410224 ], [ 577534.508133938536048, 1019813.101758219301701 ], [ 577624.579809823539108, 1019860.162138801650144 ], [ 577764.038778307032771, 1019954.23537231516093 ], [ 577865.441300253965892, 1020027.959225285216235 ], [ 577957.981412889319472, 1020092.789318475639448 ], [ 578010.055274567799643, 1020105.540695774601772 ], [ 578051.95800325286109, 1020118.280197991523892 ], [ 578096.451433988870122, 1020119.601167471613735 ], [ 578171.410400589229539, 1020132.379213215433992 ], [ 578264.115672406391241, 1020157.868547794758342 ], [ 578330.095095757395029, 1020189.672015371615998 ], [ 578403.612438964890316, 1020243.058324184734374 ], [ 578459.362221483839676, 1020288.809554583975114 ], [ 578511.27655595052056, 1020339.63257452705875 ], [ 578554.264536744216457, 1020396.790522215305828 ], [ 578589.60819530475419, 1020457.74677114689257 ], [ 578637.665831808466464, 1020518.717851552297361 ], [ 578686.984244959661737, 1020582.228547975071706 ], [ 578757.948363110655919, 1020638.150083892745897 ], [ 578816.219822306535207, 1020688.980581316980533 ], [ 578875.842513460782357, 1020720.776666095713153 ], [ 578945.657694041263312, 1020747.508347761933692 ], [ 578993.83783952658996, 1020779.291103080613539 ], [ 579026.825050487415865, 1020795.8273704436142 ], [ 579062.301868625916541, 1020825.057206105440855 ], [ 579077.430986309773289, 1020855.53243053436745 ], [ 579107.721147455624305, 1020908.868523779907264 ], [ 579120.259595258394256, 1020950.762358235195279 ], [ 579137.825127935968339, 1021006.62180429440923 ], [ 579155.406622713897377, 1021058.674078343436122 ], [ 579185.585094208363444, 1021138.660549057996832 ], [ 579227.408341790316626, 1021170.435960973729379 ], [ 579273.056446075905114, 1021199.677686515497044 ], [ 579312.406067472184077, 1021214.952313625486568 ], [ 579361.889678855892271, 1021239.12221874226816 ], [ 579391.036185379954986, 1021261.999392173835076 ], [ 579415.065174100454897, 1021292.485037210397422 ], [ 579435.29059802077245, 1021320.428120413213037 ], [ 579436.498172690859064, 1021335.658375175786205 ], [ 579441.344425881514326, 1021392.772209577611648 ], [ 579437.418513432145119, 1021419.418138493900187 ], [ 579436.019447675091214, 1021449.874224347644486 ], [ 579434.631018419167958, 1021477.792183025274426 ], [ 579431.896710810018703, 1021523.47558408009354 ], [ 579439.376187080983073, 1021559.018302960204892 ], [ 579463.341361888451502, 1021604.732791442540474 ], [ 579491.18459081533365, 1021635.222931658499874 ], [ 579535.58800468291156, 1021658.117907527950592 ], [ 579573.623766493867151, 1021683.543619385221973 ], [ 579626.92703886248637, 1021706.448945141630247 ], [ 579667.479039394762367, 1021738.222950235358439 ], [ 579725.820096237002872, 1021772.555793734733015 ], [ 579772.734473916701972, 1021803.068126348545775 ], [ 579836.081422146758996, 1021856.442906548501924 ], [ 579862.679916893364862, 1021880.586250080144964 ], [ 579881.729746507713571, 1021885.684695868636481 ], [ 579898.199537927284837, 1021899.663666356005706 ], [ 580081.713449856964871, 1022100.390933583723381 ], [ 580249.986686979653314, 1022297.293432857375592 ], [ 580300.866861968766898, 1022365.472192719229497 ], [ 580320.971314860042185, 1022409.821862785960548 ], [ 580343.385156551026739, 1022461.113070267369039 ], [ 580376.952426021103747, 1022482.176070808549412 ], [ 580557.971918771858327, 1022528.623495248728432 ], [ 580643.912935099098831, 1022499.617652636719868 ], [ 580712.211454196716659, 1022511.031540666124783 ], [ 580738.485870318603702, 1022535.178401144687086 ], [ 580775.22395636618603, 1022566.948039086651988 ], [ 580835.922248632181436, 1022645.701477339025587 ], [ 580866.10132962022908, 1022725.688623974914663 ], [ 580910.345700779580511, 1022786.655885868705809 ], [ 580940.593900316627696, 1022850.145095609361306 ], [ 580960.782403436256573, 1022886.971914387890138 ], [ 580983.540315284626558, 1022917.45630501920823 ], [ 581037.853152959258296, 1022973.837186575867236 ], [ 581067.71611443022266, 1023012.679844898870215 ], [ 581121.497951966826804, 1023045.562265652697533 ], [ 581172.311192296911031, 1023051.563259841524996 ], [ 581197.856860248371959, 1023049.689546293346211 ], [ 581284.589480323716998, 1022983.797697163769044 ], [ 581343.308403211645782, 1022928.026032381691039 ], [ 581393.122075906023383, 1022873.513123213662766 ], [ 581436.520211716997437, 1022832.952698053093627 ], [ 581470.997175979777239, 1022797.458271626150236 ], [ 581504.186779125826433, 1022765.76960125437472 ], [ 581585.679542849771678, 1022736.674990864703432 ], [ 581712.964507693424821, 1022702.556976368301548 ], [ 581772.747604264528491, 1022696.280689977691509 ], [ 581818.587607689085416, 1022679.835596871445887 ], [ 581860.650527887744829, 1022654.502539806067944 ], [ 582146.228028498939238, 1022468.277073503704742 ], [ 582194.607931868406013, 1022472.286263097426854 ], [ 582222.497052627732046, 1022472.172347168787383 ], [ 582263.219511392526329, 1022463.335747547564097 ], [ 582440.100232849828899, 1022426.73631593992468 ], [ 582470.993800083640963, 1022421.440383526613005 ], [ 582504.990213966812007, 1022415.389363192021847 ], [ 582527.949984217761084, 1022397.64864631567616 ], [ 582562.347192721208557, 1022381.190191401867196 ], [ 582595.446457057376392, 1022371.075656443485059 ], [ 582610.37081882241182, 1022365.884598708245903 ], [ 582633.604862246545963, 1022367.312366136931814 ], [ 582650.143885000259615, 1022364.793250149581581 ], [ 582673.061208345461637, 1022357.205142033984885 ], [ 582727.790464986930601, 1022343.308245407533832 ], [ 583007.465057036140934, 1022352.513750079320744 ], [ 583154.499988312250935, 1022325.065272391308099 ], [ 583185.574846829520538, 1022326.067790864501148 ], [ 583226.233704073703848, 1022332.459959596861154 ], [ 583262.35537174064666, 1022331.417106976150535 ], [ 583297.475512479431927, 1022322.389154081582092 ], [ 583336.921274010208435, 1022314.81996539386455 ], [ 583367.456508658942766, 1022309.778704463387839 ], [ 583406.535673746257089, 1022301.331040589604527 ], [ 583425.973542538355105, 1022302.231408717227168 ], [ 583460.264730755938217, 1022311.15439677669201 ], [ 583487.820435201516375, 1022318.969639427145012 ], [ 583503.434652023483068, 1022325.163922923617065 ], [ 583519.936591793317348, 1022331.528304433915764 ], [ 583568.149801249266602, 1022355.696308624697849 ], [ 583627.991074511548504, 1022397.06380280747544 ], [ 583668.839517807820812, 1022467.215568217914551 ], [ 583697.193011065945029, 1022503.130572087364271 ], [ 583727.622597719542682, 1022529.744354743743315 ], [ 583741.560524403932504, 1022541.18214589881245 ], [ 584312.036584767862223, 1022635.748909134650603 ], [ 584594.329948808648624, 1022931.770506894914433 ], [ 584914.449082818347961, 1023303.981477103894576 ], [ 584893.82558581547346, 1023371.219927980215289 ], [ 584715.629921367857605, 1023722.555471354862675 ], [ 584706.412063293159008, 1023798.690732175949961 ], [ 584663.638978062896058, 1023994.082740088109858 ], [ 584680.776682511437684, 1024152.739730612491257 ], [ 584695.52516634517815, 1024274.590197145938873 ], [ 584711.698744087014347, 1024359.638456677203067 ], [ 584671.436402924358845, 1024562.648358199629001 ], [ 584595.287506031570956, 1024834.148682664730586 ], [ 584543.84696817304939, 1024973.690862048533745 ], [ 584515.658021146897227, 1025025.691682556294836 ], [ 584486.282458010478877, 1025057.385486818267964 ], [ 584470.882072088308632, 1025091.633567166281864 ], [ 584459.253566465224139, 1025136.038816279033199 ], [ 584451.370425192289986, 1025196.94672952464316 ], [ 584492.670275036478415, 1025354.363185393041931 ], [ 584578.422728922916576, 1025523.252861802582629 ], [ 584703.695924355415627, 1025666.806008959421888 ], [ 584915.177996525308117, 1025870.10648170474451 ], [ 585089.719677163637243, 1026089.863088937941939 ], [ 585131.528827565256506, 1026125.446241555502638 ], [ 585172.045341888442636, 1026166.104355918825604 ], [ 585210.024284512968734, 1026205.490449478616938 ], [ 585261.967912391759455, 1026249.969044833444059 ], [ 585301.128204494831152, 1026310.931411280995235 ], [ 585304.698672557016835, 1026369.314670206047595 ], [ 585320.919962557731196, 1026442.941836123121902 ], [ 585337.273792845080607, 1026484.841355447424576 ], [ 585348.563051234348677, 1026521.658609534148127 ], [ 585358.54905477759894, 1026566.089052447932772 ], [ 585351.942641551722772, 1026625.729793720412999 ], [ 585340.303454785374925, 1026672.673621539724991 ], [ 585348.811215149471536, 1026766.597850902238861 ], [ 585349.515295774792321, 1026902.39393799030222 ], [ 585359.389921249006875, 1026973.475752955535427 ], [ 585384.633276801556349, 1027017.923839089926332 ], [ 585427.666307534091175, 1027064.930631353287026 ], [ 585507.92544232646469, 1027331.537515520816669 ], [ 585605.984933026367798, 1027598.16523347562179 ], [ 585742.400224577519111, 1027814.072610499919392 ], [ 585903.969027196988463, 1028096.003532187431119 ], [ 586041.396316933212802, 1028374.099711029324681 ], [ 586131.155365837039426, 1028497.30809563328512 ], [ 586227.430863021989353, 1028582.45026847126428 ], [ 586310.684289426775649, 1028741.186848985846154 ], [ 586349.670006930013187, 1028844.031010531587526 ], [ 586387.315338675281964, 1028963.372351628844626 ], [ 586403.345839859102853, 1029082.688893178128637 ], [ 586390.053152802633122, 1029221.008695778669789 ], [ 586311.316410935600288, 1029502.664961141650565 ], [ 586268.572954591130838, 1029690.447148313047364 ], [ 586240.266487664892338, 1029770.369831895804964 ], [ 586192.339431440923363, 1030072.668642558390275 ], [ 586179.26288475189358, 1030129.245889671728946 ], [ 586135.500064227264374, 1030195.408546822261997 ], [ 586090.775826194323599, 1030248.660553856636398 ], [ 586066.118997766636312, 1030367.930714629823342 ], [ 586046.457736175856553, 1030508.78198542597238 ], [ 586056.484105059644207, 1030664.409434740198776 ], [ 586148.005301019293256, 1030711.823303211131133 ], [ 586224.0478205276886, 1030747.663141971686855 ], [ 586317.876348560443148, 1030770.845134507748298 ], [ 586404.080504338489845, 1030800.360038934508339 ], [ 586478.888113379944116, 1030819.667638713144697 ], [ 586546.130730897537433, 1030816.065964454784989 ], [ 586650.167419402627274, 1030810.037740697036497 ], [ 586867.237058835453354, 1030740.79618589184247 ], [ 586985.471972978673875, 1030726.077298432937823 ], [ 587050.781914295279421, 1030752.252971613546833 ], [ 587089.205610920209438, 1030758.02569183066953 ], [ 587380.84590158436913, 1030825.060016011469997 ], [ 587586.119585547130555, 1030942.677931283367798 ], [ 587636.844988414784893, 1030951.737947350367904 ], [ 587686.322429507621564, 1030950.622720658313483 ], [ 587732.012153178453445, 1030940.595644432585686 ], [ 587748.519236308871768, 1030933.019274669932202 ], [ 587770.643704262562096, 1030915.915490126586519 ], [ 587810.661191755207255, 1030909.940706020453945 ], [ 587848.66439310379792, 1030921.953385304892436 ], [ 587962.614947421476245, 1031035.941788588650525 ], [ 588002.611257957527414, 1031057.949176143156365 ], [ 588072.637008071062155, 1031053.989113911986351 ], [ 588425.697835592087358, 1031057.211519616190344 ], [ 588735.192479710560292, 1031078.530096433591098 ], [ 588865.942109055235051, 1031036.9855646394426 ], [ 588900.227465145289898, 1031020.56523106014356 ], [ 588942.129500685376115, 1031001.626066305441782 ], [ 588967.519297173945233, 1030992.806177837424912 ], [ 588991.645644178497605, 1030981.439473054837435 ], [ 589010.695059160236269, 1030971.328181450604461 ], [ 589032.263661634293385, 1030970.124736545025371 ], [ 589052.540543062495999, 1030980.359961260692216 ], [ 589460.70060697500594, 1031143.115862722159363 ], [ 589534.227595845470205, 1031168.775824545067735 ], [ 589961.553581062937155, 1031264.206498611485586 ], [ 590029.970424909493886, 1031307.650169854867272 ], [ 590069.24040681833867, 1031335.745042353053577 ], [ 590093.294955782592297, 1031359.977756806183606 ], [ 590104.575934823951684, 1031370.71087478287518 ], [ 590117.357207440305501, 1031380.396235723863356 ], [ 590138.902799808420241, 1031390.635426554712467 ], [ 590160.456092323292978, 1031397.060378151130863 ], [ 590189.336715156212449, 1031401.370821071788669 ], [ 590209.941579926409759, 1031392.130460843793117 ], [ 590384.036687306244858, 1031245.193525347975083 ], [ 590512.17662033776287, 1031176.109318092348985 ], [ 589688.952693934552372, 1029933.447336361394264 ], [ 589672.655930697917938, 1029836.768745187204331 ], [ 589666.461699934094213, 1029763.007384929223917 ], [ 589665.303350091562606, 1029708.333057054551318 ], [ 589662.8610283191083, 1029661.283167084911838 ], [ 589687.028232393669896, 1029629.573923818301409 ], [ 589704.839688363717869, 1029604.20173931971658 ], [ 589718.842821752419695, 1029580.088985455688089 ], [ 589735.4087491533719, 1029543.270187822869048 ], [ 589753.253504311083816, 1029501.369772787555121 ], [ 589762.177159727551043, 1029479.783865103265271 ], [ 589766.052097370615229, 1029445.467978550703265 ], [ 589769.924469255842268, 1029412.423497864045203 ], [ 589766.205829132231884, 1029369.183870266540907 ], [ 589759.973076058202423, 1029314.493659675470553 ], [ 589749.883330441312864, 1029285.21951588022057 ], [ 589738.527564023272134, 1029254.669986021704972 ], [ 589733.524962542462163, 1029219.054804586223327 ], [ 589739.913990971399471, 1029196.189538140548393 ], [ 589747.592093282495625, 1029163.157057738862932 ], [ 589755.267629855661653, 1029131.395980724715628 ], [ 589755.31373579625506, 1029108.510774955619127 ], [ 589745.352050130837597, 1029015.666663661599159 ], [ 589668.511510569951497, 1028745.886782921268605 ], [ 589567.585909624584019, 1028467.131713167298585 ], [ 589459.056602104916237, 1028184.53892658452969 ], [ 589418.628556021489203, 1028101.770676818443462 ], [ 589390.842764253844507, 1028040.656033723731525 ], [ 589382.029296244378202, 1028007.571883055963553 ], [ 589382.129141772631556, 1027957.987536855158396 ], [ 589475.341720651136711, 1027656.958503806148656 ], [ 589472.860863185487688, 1027628.979907027911395 ], [ 589466.640804972266778, 1027567.933171254699118 ], [ 589445.174828908289783, 1027518.28114220732823 ], [ 589403.467968429205939, 1027440.594750665943138 ], [ 589360.456732189864852, 1027380.703869034536183 ], [ 589333.872991502052173, 1027352.649575921823271 ], [ 589316.164147188654169, 1027327.165969304507598 ], [ 589295.902808893937618, 1027309.302732478245161 ], [ 589282.027552539599128, 1027283.987380634876899 ], [ 589278.275847602402791, 1027243.134666615864262 ], [ 589274.780152013059705, 1027213.61345836869441 ], [ 589282.235072050243616, 1027166.86327064211946 ], [ 589300.130658858804964, 1027099.535459233215079 ], [ 589292.647132646059617, 1027035.942117570899427 ], [ 589272.506031526601873, 1026958.323673084261827 ], [ 589219.484422172070481, 1026829.746150005608797 ], [ 589157.590528477798216, 1026697.326657304423861 ], [ 589076.555607149959542, 1026620.788441235199571 ], [ 589027.158190246438608, 1026582.491443802719004 ], [ 588967.607133650919423, 1026546.705335093429312 ], [ 588899.176128630759194, 1026510.891324796015397 ], [ 588870.022111475584097, 1026499.357185105443932 ], [ 588730.50790787639562, 1026484.933450628770515 ], [ 588696.836869923630729, 1026487.502832386875525 ], [ 588660.736749902600423, 1026484.714168233214878 ], [ 588630.316754967207089, 1026471.904638352920301 ], [ 588613.853552061715163, 1026457.867584264604375 ], [ 588593.231721474090591, 1026436.624143608030863 ], [ 588575.904086956288666, 1026404.349864180665463 ], [ 588572.26221516483929, 1026322.969394342158921 ], [ 588572.331324750673957, 1026288.642063152394257 ], [ 588578.461919014691375, 1026258.052627115626819 ], [ 588575.09307622385677, 1026233.655066115199588 ], [ 588572.387497526477091, 1026228.232365878298879 ], [ 588565.625571069773287, 1026211.964972504763864 ], [ 588553.525524989119731, 1026177.972004540613852 ], [ 588488.995110304444097, 1026095.1288681991864 ], [ 588404.211234290152788, 1025990.608502492657863 ], [ 588378.932119958102703, 1025944.759066840168089 ], [ 588324.453036177554168, 1025910.260356414597481 ], [ 588261.073556039948016, 1025885.904771266272292 ], [ 588130.619073085137643, 1025782.512324421666563 ], [ 588084.844236401142552, 1025781.30778169282712 ], [ 588059.595008950913325, 1025774.66072021110449 ], [ 588052.182112157461233, 1025748.972315676277503 ], [ 588052.075829820358194, 1025728.867170469951816 ], [ 588123.509491594741121, 1025533.298299591057003 ], [ 588152.850182744674385, 1025452.021859286003746 ], [ 588156.69681168498937, 1025431.691787545685656 ], [ 588149.162233795854263, 1025393.52656112308614 ], [ 588136.584129250608385, 1025340.08887717872858 ], [ 588121.476584125543013, 1025282.829105645650998 ], [ 588120.274561200523749, 1025249.769342782907188 ], [ 588126.653179536573589, 1025231.990012595895678 ], [ 588139.38482361997012, 1025209.145111483871005 ], [ 588148.326141746598296, 1025178.659998166607693 ], [ 588150.90931374009233, 1025155.783209978486411 ], [ 588149.707278243498877, 1025122.723462636116892 ], [ 588134.457530747400597, 1025082.341186130070128 ], [ 588112.85021155863069, 1025069.527455368544906 ], [ 588077.519743466284126, 1025062.741626040195115 ], [ 588033.109998480416834, 1025067.687604071688838 ], [ 588000.150540195289068, 1025056.141582850832492 ], [ 587976.070986749487929, 1025044.623466261895373 ], [ 587943.157605422427878, 1025010.192704970599152 ], [ 587922.991220717201941, 1024945.288843786809593 ], [ 587905.392659749486484, 1024865.13649650325533 ], [ 587899.144564552232623, 1024818.07575546449516 ], [ 587905.558992297854275, 1024782.497243649791926 ], [ 587942.434096637065522, 1024739.38616551423911 ], [ 587970.811884765280411, 1024703.48880532302428 ], [ 587984.7385183586739, 1024693.710685325087979 ], [ 587995.58346091164276, 1024668.48037847946398 ], [ 587994.631615800317377, 1024646.739379988750443 ], [ 587982.053501189337112, 1024593.301889472873881 ], [ 587963.119824584107846, 1024546.201345376786776 ], [ 587929.24485398537945, 1024359.202163808629848 ], [ 587916.896895627607591, 1024191.341434253146872 ], [ 587917.014521168428473, 1024132.858427787316032 ], [ 587942.482723994296975, 1024084.626074821571819 ], [ 587976.86145292443689, 1024021.165180694777519 ], [ 588008.677493996103294, 1023970.410011087777093 ], [ 588015.114822981879115, 1023923.389281149953604 ], [ 588008.876856682822108, 1023871.243252574815415 ], [ 588003.886992541723885, 1023829.272165056201629 ], [ 587995.119586335960776, 1023773.304089090437628 ], [ 587977.449326116126031, 1023728.750455209286883 ], [ 587963.582163112820126, 1023685.480147933121771 ], [ 587954.791755838436075, 1023640.954414790612645 ], [ 587953.617755254846998, 1023593.909854395664297 ], [ 587956.239177382318303, 1023551.962717750808224 ], [ 587958.863149862037972, 1023508.744221453904174 ], [ 587986.888752163155004, 1023450.348984215874225 ], [ 588002.164985536481254, 1023423.698081211303361 ], [ 588013.712200878653675, 1023358.894256555475295 ], [ 588017.678762284340337, 1023278.810171017656103 ], [ 588003.824344844324514, 1023229.183130709454417 ], [ 587974.749913572217338, 1023178.236960141337477 ], [ 587926.639623096561991, 1023131.045172356185503 ], [ 587878.478264821111225, 1023109.280674422509037 ], [ 587855.682741100201383, 1023090.138540590531193 ], [ 587855.708285299246199, 1023077.424901679623872 ], [ 587859.588000671938062, 1023040.567297907895409 ], [ 587871.089205248979852, 1022998.648134748800658 ], [ 587867.424038681201637, 1022928.711208966560662 ], [ 587858.625944012892433, 1022887.999723726185039 ], [ 587844.781759747886099, 1022833.287333077401854 ], [ 587824.61528110166546, 1022768.384153936291113 ], [ 587801.829997513443232, 1022744.156613149796613 ], [ 587749.911614406155422, 1022698.224355895305052 ], [ 587665.08263076574076, 1022616.590476420824416 ], [ 587636.018515128875151, 1022560.559027806855738 ], [ 587620.939027881599031, 1022489.315071092220023 ], [ 587613.437592792091891, 1022434.622704146313481 ], [ 587630.058885801583529, 1022369.83511768549215 ], [ 587650.432165807811543, 1022331.75803060317412 ], [ 587651.807948709931225, 1022278.364923875546083 ], [ 587657.124659161665477, 1022157.601762335980311 ], [ 587655.942915583727881, 1022114.371598129044287 ], [ 587652.196007046964951, 1022085.118419932667166 ], [ 587659.871068098582327, 1022053.358350914670154 ], [ 587668.78914054564666, 1022034.315842904848978 ], [ 587692.901620659511536, 1022029.306029805215076 ], [ 587700.538387267035432, 1022016.61633001791779 ], [ 587703.123961173114367, 1021992.468491667532362 ], [ 587704.433336651301943, 1021972.130748643889092 ], [ 587621.189512576209381, 1021732.853009463753551 ], [ 587602.281373264966533, 1021673.039589867577888 ], [ 587599.85657624702435, 1021617.091984928585589 ], [ 587603.759153389255516, 1021568.79241991834715 ], [ 587613.943177737528458, 1021551.025279509834945 ], [ 587718.141847100690939, 1021462.356667296262458 ], [ 587743.555959469638765, 1021440.823194542201236 ], [ 587763.872964281821623, 1021430.716001496533863 ], [ 587769.980186747852713, 1021421.16366809385363 ], [ 587772.798632582649589, 1021407.859458319260739 ], [ 587772.064821681007743, 1021395.983974447008222 ], [ 587764.636794383986853, 1021382.770573708461598 ], [ 587750.598325304570608, 1021368.315376320970245 ], [ 587732.422885231208056, 1021360.462841205531731 ], [ 587714.545380399329588, 1021358.093650162220001 ], [ 587768.573528712964617, 1020984.482772765681148 ], [ 587841.239377734484151, 1020805.448755047516897 ], [ 587870.517591878306121, 1020754.686124248895794 ], [ 587892.128535651834682, 1020731.869375986978412 ], [ 587915.008009315934032, 1020709.056600850424729 ], [ 588010.242321770987473, 1020662.314699017209932 ], [ 588102.837688393308781, 1020666.418867386877537 ], [ 588165.059533760766499, 1020634.829784439876676 ], [ 588219.736347699305043, 1020570.161698612966575 ], [ 588259.312884407117963, 1020444.42107394465711 ], [ 588315.535478695295751, 1020241.179752939846367 ], [ 588370.496992083615623, 1020034.120524547528476 ], [ 588506.354500666260719, 1019972.249236579868011 ], [ 588539.282871330156922, 1019921.247394224395975 ], [ 588547.209346125717275, 1019841.427325578639284 ], [ 588532.139476365759037, 1019765.098792307311669 ], [ 588522.21497964952141, 1019727.206526695517823 ], [ 588492.998026460641995, 1019673.438704246655107 ], [ 588471.488929527113214, 1019645.401585521758534 ], [ 588310.616994951153174, 1019529.20491271559149 ], [ 588266.409154552849941, 1019433.715028013335541 ], [ 588176.536880992818624, 1019336.810936805675738 ], [ 588137.273548599681817, 1019306.175595910637639 ], [ 588096.744243272347376, 1019274.264943233458325 ], [ 588087.966258464963175, 1019223.383386116242036 ], [ 588074.195523603237234, 1019131.80296670133248 ], [ 588050.235900131287053, 1019060.532317801495083 ], [ 588027.473623247235082, 1019024.863260343088768 ], [ 587999.67538579099346, 1018970.108193353749812 ], [ 587978.125713550718501, 1018962.412652068771422 ], [ 587950.241046628216282, 1018950.883233288535848 ], [ 587914.732521815341897, 1018945.68670253502205 ], [ 587881.720364207401872, 1018960.839579758001491 ], [ 587835.675168343586847, 1018973.145680113113485 ], [ 587795.425081167370081, 1018978.368363391957246 ], [ 587742.177574811736122, 1018962.945479074493051 ], [ 587723.180234647821635, 1018947.629812277038582 ], [ 587700.407850346760824, 1018917.046136249322444 ], [ 587678.891275803092867, 1018892.823141759959981 ], [ 587670.080292437341996, 1018858.469135626102798 ], [ 587639.752744124038145, 1018799.89215332607273 ], [ 587568.847740801400505, 1018733.560066055855714 ], [ 587477.651513710152358, 1018664.621770517784171 ], [ 587378.780602270155214, 1018627.443123816745356 ], [ 587314.103821323253214, 1018618.341163411503658 ], [ 587243.079357875743881, 1018611.76200073165819 ], [ 587196.264097077539191, 1018609.557011939235963 ], [ 587177.061851565958932, 1018625.523412220529281 ], [ 587150.441681859898381, 1018629.270698396023363 ], [ 587128.287734402692877, 1018623.102062612073496 ], [ 587116.222170315915719, 1018613.907356580137275 ], [ 587101.050843913573772, 1018588.432914332370274 ], [ 587073.640760611509904, 1018560.527299675391987 ], [ 587052.920906257466413, 1018551.413121973047964 ], [ 587017.440536110196263, 1018532.231794014805928 ], [ 587010.505505028530024, 1018514.96286392386537 ], [ 587008.629648557398468, 1018497.877871329663321 ], [ 587023.989381184685044, 1018429.273358304519206 ], [ 587032.965765164233744, 1018380.99037781462539 ], [ 587015.308332482702099, 1018330.081294151605107 ], [ 587009.034475577296689, 1018295.735351413255557 ], [ 586996.435845469823107, 1018252.47019765956793 ], [ 586968.586993820383213, 1018223.142065844265744 ], [ 586910.298808764433488, 1018191.175905091222376 ], [ 586864.028812316828407, 1018172.223583888378926 ], [ 586829.174781612236984, 1018160.409548722323962 ], [ 586808.8496477403678, 1018148.563211362692527 ], [ 586781.027142410166562, 1018132.289175331010483 ], [ 586756.953328313771635, 1018118.228988360613585 ], [ 586687.312239354127087, 1018054.44369825173635 ], [ 586643.105184895219281, 1017958.954579989425838 ], [ 586598.972008202923462, 1017826.596867644460872 ], [ 586520.576229113270529, 1017700.48860159155447 ], [ 586461.185292971553281, 1017585.882010040921159 ], [ 586383.176436833105981, 1017456.228954834514298 ], [ 586381.536396112293005, 1017452.141951330588199 ], [ 586335.918342896620743, 1017427.843607910675928 ], [ 586301.678701893426478, 1017422.650975296855904 ], [ 586262.387943891342729, 1017406.000475817476399 ], [ 586253.536382351769134, 1017391.988030908512883 ], [ 586240.188963444903493, 1017089.368183277198114 ], [ 586244.060706306016073, 1017056.325594593770802 ], [ 586260.56406914582476, 1017050.020619936287403 ], [ 586292.317561058094725, 1017029.778728965902701 ], [ 586313.560754611156881, 1017001.19591391691938 ], [ 586329.224012859398499, 1016970.141585592646152 ], [ 586330.999731968506239, 1016942.666083374409936 ], [ 586328.27786178723909, 1016908.821989940595813 ], [ 586317.31378285435494, 1016877.717694668914191 ], [ 586301.782571222516708, 1016831.97639573959168 ], [ 586292.783467028406449, 1016797.125958928372711 ], [ 586361.682504364987835, 1016597.742371467524208 ], [ 586368.142094609560445, 1016539.281285026692785 ], [ 586392.360776086570695, 1016480.875815451610833 ], [ 586419.098645930411294, 1016431.377564858295955 ], [ 586445.80088916735258, 1016399.677854583715089 ], [ 586463.603228224790655, 1016378.120938367559575 ], [ 586509.493276465917006, 1016266.387379953404889 ], [ 586559.109959630994126, 1016194.076776354224421 ], [ 586626.597532220184803, 1016065.883527944679372 ], [ 586626.729701710864902, 1015999.774746997281909 ], [ 586654.75118206453044, 1015942.652554846717976 ], [ 586691.60389812674839, 1015909.713266415987164 ], [ 586745.010683498112485, 1015845.042505242163315 ], [ 586809.821277209557593, 1015786.764051913865842 ], [ 586845.400363717228174, 1015756.363414196763188 ], [ 586889.846275778836571, 1015732.347147653577849 ], [ 586925.506597991567105, 1015661.264204289065674 ], [ 586916.804798294557258, 1015572.243953067576513 ], [ 586910.718691998394206, 1015443.820740121765994 ], [ 586890.549573282478377, 1015380.191281843814068 ], [ 586874.208810143754818, 1015305.131867605843581 ], [ 586855.285353122279048, 1015252.948292210930958 ], [ 586843.424982023774646, 1015201.306086362223141 ], [ 586822.499762984691188, 1015154.953639670857228 ], [ 586817.003717386513017, 1015125.051720931311138 ], [ 586741.262379543157294, 1015181.397503847023472 ], [ 586685.344227939844131, 1015233.347035097074695 ], [ 586619.275501413969323, 1015286.536133499233983 ], [ 586612.894897696911357, 1015305.586076972424053 ], [ 586611.552739742328413, 1015342.450354364817031 ], [ 586595.008877276442945, 1015369.096475023310632 ], [ 586564.519110910478048, 1015391.884993442217819 ], [ 586513.723147677956149, 1015419.695294393692166 ], [ 586468.044379851664416, 1015425.909032188239507 ], [ 586409.72125789988786, 1015411.741972653195262 ], [ 586372.942340505542234, 1015407.812922502402216 ], [ 586337.406512171262875, 1015416.601021335111 ], [ 586295.528177356463857, 1015425.369267140049487 ], [ 586235.890826622024179, 1015434.081929262261838 ], [ 586176.28653211821802, 1015426.267437403206713 ], [ 586092.618880222202279, 1015399.307727975770831 ], [ 586030.551369376596995, 1015354.617058889241889 ], [ 585991.316882139304653, 1015309.997867017402314 ], [ 585948.322690876200795, 1015242.483073276816867 ], [ 585923.034093704307452, 1015201.721533629694022 ], [ 585871.05615982064046, 1015186.302933464176022 ], [ 585820.660147305112332, 1015172.024006808642298 ], [ 585765.788580498192459, 1015177.074105439474806 ], [ 585712.488748140633106, 1015188.349133707815781 ], [ 585648.987487707287073, 1015226.2899967598496 ], [ 585566.407825416885316, 1015289.597559843095951 ], [ 585459.72664974804502, 1015352.829589405911975 ], [ 585408.930683045648038, 1015380.639582185889594 ], [ 585370.913928248453885, 1015361.450621611438692 ], [ 585354.387792379013263, 1015379.197375124087557 ], [ 585342.912724535446614, 1015408.401867658831179 ], [ 585295.929878849070519, 1015432.409805751871318 ], [ 585223.577055305591784, 1015456.338227696833201 ], [ 585196.986998205655254, 1015432.099748185137287 ], [ 585120.241369117284194, 1015366.199512501945719 ], [ 585050.29228935285937, 1015206.615883420105092 ], [ 584990.921608158503659, 1014950.083911159890704 ], [ 584983.579247009707615, 1014948.328620767220855 ], [ 584960.743787636049092, 1014949.528377470676787 ], [ 584908.661592648830265, 1014986.233436230919324 ], [ 584840.053263239795342, 1015040.685164383728988 ], [ 584789.236980754882097, 1015078.665480451891199 ], [ 584714.347319258144125, 1015102.58578094211407 ], [ 584666.170002146041952, 1015089.721521766972728 ], [ 584574.874073724611662, 1015071.63676578970626 ], [ 584515.293086974183097, 1015052.380124924937263 ], [ 584473.491442403756082, 1015023.008680237689987 ], [ 584457.041832772782072, 1015002.615981818758883 ], [ 584441.891330238082446, 1014966.971531288931146 ], [ 584440.722317500505596, 1014917.386429599369876 ], [ 584434.441067502018996, 1014886.855083918431774 ], [ 584412.914943337673321, 1014867.717798833386041 ], [ 584358.415659269783646, 1014844.663148229126818 ], [ 584288.694480087026022, 1014821.560748014599085 ], [ 584239.307472913409583, 1014779.452357418369502 ], [ 584167.197355290642008, 1014682.60606784094125 ], [ 584105.207146809902042, 1014599.776046922779642 ], [ 584005.101020139292814, 1014547.338057643035427 ], [ 583912.656942530767992, 1014469.497799651813693 ], [ 583822.71417178644333, 1014409.463808182859793 ], [ 583788.602824589237571, 1014340.705815704772249 ], [ 583760.833931138156913, 1014271.967749417643063 ], [ 583735.589257789659314, 1014209.594193159718998 ], [ 583722.950330938445404, 1014186.670903769205324 ], [ 583633.117501119035296, 1014071.970912560354918 ], [ 583573.562460447312333, 1014040.001235761563294 ], [ 583509.004993572831154, 1013972.419144243001938 ], [ 583448.20194822573103, 1013930.275066924630664 ], [ 583405.127075099153444, 1013903.44235661579296 ], [ 583369.640138648799621, 1013888.075253689312376 ], [ 583336.754029823932797, 1013840.933562641846947 ], [ 583305.136416498338804, 1013793.795864379266277 ], [ 583282.357336221495643, 1013767.026868 ], [ 583232.998847944429144, 1013710.93433867697604 ], [ 583201.450232631294057, 1013629.471559472964145 ], [ 583182.491950841620564, 1013595.086729510338046 ], [ 583167.349337794352323, 1013555.62865122128278 ], [ 583169.985913584940135, 1013506.055925635388121 ], [ 583172.67100687592756, 1013432.328524686978199 ], [ 583182.969530275790021, 1013357.353733948431909 ], [ 583185.662255397997797, 1013279.812482945853844 ], [ 583168.074594481382519, 1013194.579780518193729 ], [ 583131.454624578822404, 1013111.830000693560578 ], [ 583113.782715087989345, 1013068.55016927048564 ], [ 583094.83722324250266, 1013027.808960647904314 ], [ 583056.859440329368226, 1012989.550643689348362 ], [ 583044.205289006233215, 1012974.255280114826746 ], [ 582994.880158598418348, 1012901.636155760730617 ], [ 582936.839130308129825, 1012747.626313555985689 ], [ 582920.438291495665908, 1012703.079252794501372 ], [ 582906.571856345166452, 1012659.811458131531253 ], [ 582897.728264134260826, 1012641.985475584398955 ], [ 582887.807686136802658, 1012528.808489248389378 ], [ 582879.058557821204886, 1012463.944672956364229 ], [ 582877.874328001285903, 1012421.988027159008197 ], [ 582865.289133741054684, 1012372.367812835494988 ], [ 582852.663096119416878, 1012343.088286568177864 ], [ 582837.48989930562675, 1012318.885972850956023 ], [ 582798.231003280961886, 1012286.980285718105733 ], [ 582756.363682685419917, 1012290.662805935600773 ], [ 582686.589926974498667, 1012294.257738108746707 ], [ 582649.799063575803302, 1012296.684869768680073 ], [ 582588.932733953464776, 1012286.323434215621091 ], [ 582549.232092656195164, 1012299.589095505420119 ], [ 582521.012979635735974, 1012323.452537278644741 ], [ 582425.327709701028652, 1012271.825562953832559 ], [ 582368.26684424164705, 1012261.476024216623046 ], [ 582320.072524970513768, 1012257.510806505684741 ], [ 582278.210354454466142, 1012258.650656429235823 ], [ 582226.197846760624088, 1012261.029921210603788 ], [ 582171.635615775827318, 1012269.757656491710804 ], [ 582119.615445470786653, 1012275.950765280984342 ], [ 582043.514753806055523, 1012271.897837747237645 ], [ 581937.00143279414624, 1012252.493772701127455 ], [ 581789.833092836546712, 1012264.744350029504858 ], [ 581674.343301090528257, 1012293.621247807517648 ], [ 581527.203157896758057, 1012291.88746394298505 ], [ 581344.456233768491074, 1012334.536999448784627 ], [ 580876.005991563899443, 1012523.757889637141488 ], [ 580832.919010962825269, 1012503.281560755800456 ], [ 580792.343335448997095, 1012495.52609108958859 ], [ 580750.494065571459942, 1012490.309198814560659 ], [ 580709.923531859065406, 1012480.011142104980536 ], [ 580668.053750615101308, 1012484.964536596089602 ], [ 580602.075340685201809, 1012493.655917145195417 ], [ 580525.956872473005205, 1012498.501466913498007 ], [ 580448.534009471768513, 1012521.141014638007618 ], [ 580399.048283349839039, 1012528.612964199972339 ], [ 580343.243315549101681, 1012524.623346593114547 ], [ 580286.172453792532906, 1012519.358434629160911 ], [ 580260.828741454984993, 1012506.565668805735186 ], [ 580186.0044631321216, 1012498.702231359668076 ], [ 580127.639475858188234, 1012506.146151133347303 ], [ 580079.417105442145839, 1012516.164595477748662 ], [ 580019.786222497466952, 1012522.333202445297502 ], [ 579976.627451604930684, 1012537.452751758508384 ], [ 579916.965735329198651, 1012558.876759863691404 ], [ 579887.739555342355743, 1012584.210544638684951 ], [ 579849.680350611801259, 1012586.633194116875529 ], [ 579815.426553979516029, 1012589.067830101354048 ], [ 579782.464362659724429, 1012580.064886441570707 ], [ 579558.030342767713591, 1012537.404742939979769 ], [ 579342.655857982928865, 1012405.782548849354498 ], [ 579303.353980007581413, 1012395.48828011401929 ], [ 579255.18313712044619, 1012380.080871099140495 ], [ 579224.783693893114105, 1012358.373047093162313 ], [ 579176.664336444111541, 1012317.539972687372938 ], [ 579133.740350804757327, 1012249.113599164527841 ], [ 579091.015996285481378, 1012208.176440012874082 ], [ 579048.804136242019013, 1012191.278946648701094 ], [ 579014.54529833572451, 1012196.25604373565875 ], [ 578972.051787209114991, 1012198.8143169922987 ], [ 578925.765661468263716, 1012189.619534629979171 ], [ 578879.135100537445396, 1012159.710125966696069 ], [ 578846.009476190200076, 1012111.819271595915779 ], [ 578811.876822155434638, 1012054.50359114841558 ], [ 578792.960586114437319, 1011999.778511639451608 ], [ 578782.951911740354262, 1011931.097384544438682 ], [ 578785.692212505731732, 1011830.674317958997563 ], [ 578780.729056051699445, 1011775.993317875196226 ], [ 578769.408145462162793, 1011728.919995758798905 ], [ 578749.171970954281278, 1011699.616570183541626 ], [ 578703.574306757305749, 1011666.419283546274528 ], [ 578361.48670977842994, 1011469.561993126175366 ], [ 578332.317308902041987, 1011466.927368930075318 ], [ 578286.637338623055257, 1011474.410903469775803 ], [ 578209.248481409391388, 1011480.52305557706859 ], [ 578129.325291655026376, 1011485.355895212269388 ], [ 578096.378879539319314, 1011468.725198067957535 ], [ 578057.115957745583728, 1011439.361724538495764 ], [ 578023.771326624555513, 1011423.278333073598333 ], [ 578014.00643318425864, 1011430.32663607923314 ], [ 578020.325523838750087, 1011441.788135478738695 ], [ 578031.617919841432013, 1011502.845390082569793 ], [ 578044.127217714907601, 1011589.332185122533701 ], [ 578038.986357788089663, 1011622.369340291363187 ], [ 578028.794860388268717, 1011643.948992147343233 ], [ 578005.916191247408278, 1011666.759866028558463 ], [ 577988.142294477438554, 1011674.331445194547996 ], [ 577969.105094942846335, 1011679.356464432901703 ], [ 577945.726162112434395, 1011676.919437140924856 ], [ 577908.262902961228974, 1011657.552486752625555 ], [ 577872.722847498720512, 1011668.881797424866818 ], [ 577755.993698755744845, 1011683.76849731488619 ], [ 577731.41858501418028, 1011702.646254432620481 ], [ 577719.128424213151447, 1011723.061840457376093 ], [ 577717.04065769596491, 1011748.215430336073041 ], [ 577720.284611041890457, 1011769.052335707936436 ], [ 577722.804798990022391, 1011786.637664997484535 ], [ 577727.778010023175739, 1011836.233473575673997 ], [ 577727.690281555987895, 1011879.456879464094527 ], [ 577709.841531655285507, 1011923.895461806561798 ], [ 577693.24832806258928, 1011974.694442415377125 ], [ 577685.567885964876041, 1012008.994880930287763 ], [ 577649.996798591688275, 1012035.579474462778307 ], [ 577606.822686227504164, 1012058.326177184935659 ], [ 577552.260824583237991, 1012067.052737070480362 ], [ 577463.419554586522281, 1012090.926353789749555 ], [ 577431.648654713877477, 1012120.065489623113535 ], [ 577410.004767526057549, 1012159.406922031077556 ], [ 577398.832733218790963, 1012196.87412773212418 ], [ 576649.571508273947984, 1011846.730194461648352 ], [ 576625.462146790116094, 1011845.461015395121649 ], [ 576564.387387416209094, 1011938.071353385457769 ], [ 576522.398941241903231, 1012001.502596826176159 ], [ 576503.304806478205137, 1012034.495515452465042 ], [ 576458.864803536329418, 1012055.966660761041567 ], [ 576429.68510576011613, 1012058.416860212921165 ], [ 576406.870989085990004, 1012049.445661911275238 ], [ 576351.136520394240506, 1012011.130748934694566 ], [ 576320.753088125027716, 1011981.795069542829879 ], [ 576299.220386174274608, 1011966.471515162731521 ], [ 576273.877140709431842, 1011953.678460620110855 ], [ 576248.528721673064865, 1011943.427952271304093 ], [ 576182.491319874534383, 1011981.357313987100497 ], [ 576108.716263298410922, 1012081.554968550452031 ], [ 576081.96729797415901, 1012136.135392357595265 ], [ 576052.69176265085116, 1012185.6226874392014 ], [ 576057.687878666445613, 1012223.77699491661042 ], [ 576094.385075641446747, 1012267.116852862760425 ], [ 576114.638956284266897, 1012287.521536200889386 ], [ 576112.003605546313338, 1012335.821961804758757 ], [ 576109.331981124239974, 1012401.920257424004376 ], [ 576114.322915049619041, 1012442.617158041219227 ], [ 576118.060933253029361, 1012475.682391151902266 ], [ 576097.674907286767848, 1012520.11277189955581 ], [ 576076.061869730940089, 1012544.19871275650803 ], [ 576035.432302528643049, 1012563.139266189537011 ], [ 575884.254942515399307, 1012675.804595662630163 ], [ 575852.48900643165689, 1012702.400910408818163 ], [ 575848.631771100102924, 1012727.814388417638838 ], [ 575851.132390688173473, 1012745.620307170785964 ], [ 575870.11521184805315, 1012767.292321058805101 ], [ 575890.400202216696925, 1012772.441751154139638 ], [ 575906.021920906961896, 1012772.760929335374385 ], [ 575920.739442462334409, 1012786.960498514701612 ], [ 575920.725966501282528, 1012804.426964152953587 ], [ 575902.165102446684614, 1012822.429098122403957 ], [ 575891.55717277340591, 1012827.110702946432866 ], [ 575869.426316306577064, 1012833.873533428064547 ], [ 575842.063879667315632, 1012838.395410417462699 ], [ 575817.968319443520159, 1012835.776465879171155 ], [ 575797.652207573875785, 1012845.882355914916843 ], [ 575786.223097313893959, 1012852.202556865871884 ], [ 575777.294597187894396, 1012876.328685124171898 ], [ 575791.185416793683544, 1012906.883580592344515 ], [ 575786.054513788199984, 1012934.835610970621929 ], [ 575765.735797155532055, 1012946.212776202359237 ], [ 575737.785562031320296, 1012967.736035874229856 ], [ 575704.75369572150521, 1012993.057040078216232 ], [ 575686.935571529902518, 1013022.240135060739703 ], [ 575679.272914919070899, 1013047.641570327105001 ], [ 575658.707674879929982, 1013179.790202629868872 ], [ 575643.348590113339014, 1013247.119732422870584 ], [ 575646.998258840758353, 1013323.408576225163415 ], [ 575644.352324044681154, 1013376.794289154349826 ], [ 575637.903588859480806, 1013428.896664734231308 ], [ 575628.917918799910694, 1013480.991004467010498 ], [ 575694.722286727163009, 1013557.477059597615153 ], [ 575737.751436398830265, 1013605.922531996504404 ], [ 575770.609525783802383, 1013665.777370191295631 ], [ 575779.423891928745434, 1013697.587582634412684 ], [ 575771.743020045920275, 1013731.888067279476672 ], [ 575756.477310032234527, 1013753.451592258759774 ], [ 575739.945727210259065, 1013773.739811261883005 ], [ 575635.83031398023013, 1013822.989897910039872 ], [ 575541.904150739545003, 1013851.931604517158121 ], [ 575494.929376884363592, 1013872.123212149715982 ], [ 575472.076220774441026, 1013882.221024200436659 ], [ 575449.241248125210404, 1013883.419856183230877 ], [ 575428.948402524460107, 1013882.084171412279829 ], [ 575421.826008495292626, 1013880.526186661445536 ], [ 575398.523425437510014, 1013873.08858845429495 ], [ 575395.591267065145075, 1013871.635958006372675 ], [ 575389.31093021389097, 1013867.934262972557917 ], [ 575380.725941946264356, 1013892.10146723780781 ], [ 575295.439916315721348, 1014038.029236210742965 ], [ 575243.326249116915278, 1014089.986753466888331 ], [ 575207.75201234803535, 1014117.842230942798778 ], [ 575205.100689800339751, 1014173.770643592928536 ], [ 575201.261492399964482, 1014190.285247982246801 ], [ 575187.243362067849375, 1014222.023039090330712 ], [ 575168.159160524257459, 1014249.930870560579933 ], [ 575168.127957489690743, 1014265.1862769293366 ], [ 575165.518214949406683, 1014300.774173740879633 ], [ 575152.786737825954333, 1014323.617011263500899 ], [ 575142.594792382558808, 1014345.196620751637965 ], [ 575129.884114976972342, 1014357.869184570619836 ], [ 575121.360030226176605, 1014362.216744200442918 ], [ 575086.709417658508755, 1014380.615346529870294 ], [ 575076.533068966818973, 1014394.56724819727242 ], [ 575070.220828183926642, 1014404.559052044758573 ], [ 575078.989368705078959, 1014433.985124971135519 ], [ 575113.146953930146992, 1014478.588859300245531 ], [ 575124.544956456753425, 1014487.524109233752824 ], [ 575128.200260309618898, 1014495.144711137283593 ], [ 575128.667584028793499, 1014502.46832471434027 ], [ 575124.166333722416312, 1014512.151556674041785 ], [ 575114.702023927122355, 1014517.107291992520913 ], [ 575100.379038419690914, 1014519.229696602327749 ], [ 575094.013287207693793, 1014530.651120411697775 ], [ 575074.835380982956849, 1014604.325241503072903 ], [ 575059.595549385529011, 1014613.175893496721983 ], [ 575034.205368266790174, 1014623.265597134130076 ], [ 575013.917680960497819, 1014619.387273669359274 ], [ 575000.658469071844593, 1014620.727152575855143 ], [ 574985.967143317568116, 1014640.910482237581164 ], [ 574988.478058368316852, 1014653.631397023797035 ], [ 574998.607590709696524, 1014662.562632136745378 ], [ 575012.532121251802891, 1014676.591098789824173 ], [ 575016.306301830452867, 1014691.858617211924866 ], [ 575015.014413921046071, 1014703.296161213656887 ], [ 575003.577377633424476, 1014713.430183839285746 ], [ 574992.148147301515564, 1014719.75034788553603 ], [ 574964.231425024336204, 1014724.746839093393646 ], [ 574948.99158235208597, 1014733.597483221441507 ], [ 574938.830819255788811, 1014739.921673992183059 ], [ 574932.462448378209956, 1014752.614384327665903 ], [ 574933.707492668414488, 1014764.059988995664753 ], [ 574941.358699896722101, 1014769.378304281970486 ], [ 574976.817218860494904, 1014773.096009025815874 ], [ 574997.076289623277262, 1014790.958493860205635 ], [ 574998.295311820693314, 1014815.116966593195684 ], [ 574989.29110065009445, 1014876.11051896691788 ], [ 575001.673871912877075, 1015023.620144119835459 ], [ 575016.786193612962961, 1015077.062597578973509 ], [ 575038.246079138480127, 1015127.982640251284465 ], [ 575033.117529931245372, 1015154.663575819460675 ], [ 575024.175754424999468, 1015185.146288273623213 ], [ 575045.718943789950572, 1015195.385115617420524 ], [ 575065.941602458595298, 1015231.045690296217799 ], [ 575078.532608735142276, 1015276.852403045864776 ], [ 575074.61265021469444, 1015332.777046020142734 ], [ 575072.693691744701937, 1015367.946124103851616 ], [ 575079.590216332464479, 1015379.83088756504003 ], [ 575101.151647772057913, 1015381.170697700930759 ], [ 575140.492523147026077, 1015372.396611537784338 ], [ 575176.03318558447063, 1015361.067847552709281 ], [ 575221.674782675807364, 1015372.654537175199948 ], [ 575249.547355316346511, 1015389.269965749466792 ], [ 575277.409523400710896, 1015410.970555744250305 ], [ 575315.432495834422298, 1015426.346929465071298 ], [ 575390.246414624154568, 1015439.297565313056111 ], [ 575413.076339424820617, 1015440.641378944157623 ], [ 575443.498897430836223, 1015450.908400921733119 ], [ 575506.813340482418425, 1015504.50407228874974 ], [ 575537.209903021692298, 1015527.484007130260579 ], [ 575589.167941566323861, 1015551.803716480615549 ], [ 575636.059897289262153, 1015572.293432515347376 ], [ 575681.654782837955281, 1015606.763333727954887 ], [ 575772.407709315186366, 1015889.280481981346384 ], [ 575797.704431065823883, 1015924.957286249031313 ], [ 575828.090673529077321, 1015953.022439778898843 ], [ 575887.693518162239343, 1015960.839514105580747 ], [ 575958.746473593870178, 1015952.165984246297739 ], [ 576017.093856933526695, 1015953.622523754253052 ], [ 576053.864122807979584, 1015961.367072664666921 ], [ 576091.882077814661898, 1015979.286007623188198 ], [ 576148.859643579344265, 1016030.319027391728014 ], [ 576217.162587384111248, 1016125.883668317343108 ], [ 576276.695366642787121, 1016168.025690023670904 ], [ 576308.363186208996922, 1016189.738388955127448 ], [ 576312.10625987034291, 1016220.261601482867263 ], [ 576291.732614619657397, 1016258.336108712945133 ], [ 576259.893253592425026, 1016320.529037157190032 ], [ 576184.800734522286803, 1016443.607366207637824 ], [ 576142.719843524275348, 1016551.534837580285966 ], [ 576102.00880684168078, 1016609.885696282028221 ], [ 576091.790731309680268, 1016644.178546920767985 ], [ 576081.528433539788239, 1016700.083490361110307 ], [ 576083.961354674887843, 1016750.943530448363163 ], [ 576109.255574300768785, 1016787.89179444371257 ], [ 576120.562673059292138, 1016841.322656312258914 ], [ 576116.380020788870752, 1017025.649186547962017 ], [ 576069.006184182828292, 1018017.201831024256535 ] ] ] ] } },
{ "type": "Feature", "properties": { "FID_1": 21, "AREA_HA": 13182.764, "RESERVA": "RESERVA INDIGENA BRUNKA DE BORUCA", "are_ha": 13181.76, "RI": "RESERVA INDIGENA" }, "geometry": { "type": "MultiPolygon", "coordinates": [ [ [ [ 566615.199969733366743, 1000350.179057394037955 ], [ 567989.278756071813405, 1000300.996230125078 ], [ 568929.013752167695202, 999801.93035124510061 ], [ 569913.055342715815641, 1000152.190201029763557 ], [ 570084.841994825867005, 1000218.056174167431891 ], [ 570354.055220974842086, 1000240.368749301298521 ], [ 570540.986979756387882, 1000229.054163916734979 ], [ 570880.53885004890617, 1000206.170435588923283 ], [ 571095.638118070550263, 1000173.475516360485926 ], [ 571313.229688028688543, 1000145.878427384071983 ], [ 571451.994254503515549, 1000121.507409228011966 ], [ 571577.407560883904807, 1000062.053653297945857 ], [ 571637.418300729244947, 1000028.99130778410472 ], [ 571733.673039407352917, 1000077.898197489208542 ], [ 571849.621383007965051, 1000138.418945924961008 ], [ 572036.875100515782833, 1000224.888180018751882 ], [ 572171.32201575813815, 1000252.550922710681334 ], [ 572375.059612905606627, 1000342.95166693686042 ], [ 572519.451368596754037, 1000393.546174724237062 ], [ 572585.911653036950156, 1000428.311782782315277 ], [ 572682.227596813463606, 1000514.121638548211195 ], [ 572729.099766184110194, 1000529.707231153617613 ], [ 572935.598954992834479, 1000628.454423223389313 ], [ 573235.734968923963606, 1000178.979412351269275 ], [ 574285.879570796038024, 999030.471424207556993 ], [ 574915.481105457991362, 998980.844592194189318 ], [ 575575.155671973479912, 998806.332847923738882 ], [ 575689.531098608858883, 998642.905180607456714 ], [ 575829.599047237308696, 998483.930542050860822 ], [ 575853.818189750541933, 998476.489790070452727 ], [ 575879.172840322018601, 998483.026368168881163 ], [ 575910.881531921681017, 998489.609819503966719 ], [ 575959.012333163875155, 998506.473657798487693 ], [ 576004.589230532408692, 998524.588555261027068 ], [ 576023.725147466175258, 998517.110283377114683 ], [ 576099.29316464823205, 998456.712244829745032 ], [ 576184.015051151160151, 998369.713686494156718 ], [ 576188.147215105476789, 998336.726631962344982 ], [ 576197.448687619296834, 998294.888375115231611 ], [ 576206.590287111699581, 998269.557705079438165 ], [ 576227.193740475806408, 998241.771762682590634 ], [ 576238.852351595414802, 998218.999467700603418 ], [ 576236.69194696797058, 998179.616501950891688 ], [ 576237.90933630883228, 998053.905006905552 ], [ 576266.334331926773302, 998005.858310244162567 ], [ 576354.376507782726549, 997969.680378590011969 ], [ 576354.128814042313024, 997950.430234845727682 ], [ 576335.391929383389652, 997932.635826166719198 ], [ 576387.638775457278825, 997947.0674008828355 ], [ 576418.150405554915778, 997946.022487541195005 ], [ 576455.052951076882891, 997941.214984470396303 ], [ 576488.192259677103721, 997931.300113234319724 ], [ 576517.703570029931143, 997902.309937925660051 ], [ 576554.8642941248836, 997870.836352830170654 ], [ 576595.009201925713569, 997793.66826291626785 ], [ 576943.217460810206831, 997664.165290191886015 ], [ 577023.597761758603156, 997631.740269799251109 ], [ 577058.106155346147716, 997611.676162946387194 ], [ 577073.908891302067786, 997554.647018412477337 ], [ 577119.026149294571951, 997488.944610174978152 ], [ 577284.115123373921961, 997370.790395657299086 ], [ 577491.870634657447226, 997308.82606360479258 ], [ 577528.711677224840969, 997310.367389083956368 ], [ 577572.96867385879159, 997333.551678441581316 ], [ 577616.114604844129644, 997340.219048937316984 ], [ 577652.918803077423945, 997345.56979110382963 ], [ 577739.480984302703291, 997330.968629567185417 ], [ 577999.720324946334586, 997230.023356228135526 ], [ 578216.91598311800044, 997092.691006794571877 ], [ 578234.443958085612394, 997081.246349041117355 ], [ 578238.618339668610133, 997079.161068245302886 ], [ 578259.503691506339237, 997083.995077092666179 ], [ 578265.061555498978123, 996995.775548659497872 ], [ 578278.039798940531909, 996967.933272314141504 ], [ 578302.406149305636063, 996945.254453817731701 ], [ 578314.00304607686121, 996928.831121021299623 ], [ 578317.248351921327412, 996918.998188770143315 ], [ 578314.199548319913447, 996908.514145240653306 ], [ 578306.636131142149679, 996902.108950482099317 ], [ 578281.232333669206128, 996900.652003581868485 ], [ 578263.551613967050798, 996889.092710084514692 ], [ 578257.283566557220183, 996880.15725073183421 ], [ 578251.609983638860285, 996874.818252690020017 ], [ 578229.485548565047793, 996863.443859101738781 ], [ 578197.825998132466339, 996851.781636270927265 ], [ 578154.643248554086313, 996848.923864557407796 ], [ 578129.27631283912342, 996843.657472322578542 ], [ 578121.502860210137442, 996828.424822973669507 ], [ 578133.395778749254532, 996811.940295651322231 ], [ 578211.172683855053037, 996785.845082073006779 ], [ 578238.043770733405836, 996766.994428730802611 ], [ 578245.74227721162606, 996759.431710192351602 ], [ 578250.54044698830694, 996746.456209347234108 ], [ 578242.187777549726889, 996732.737634931690991 ], [ 578230.836522440309636, 996723.76475696626585 ], [ 578221.451050744741224, 996714.686363829881884 ], [ 578214.403763762209564, 996700.569414186640643 ], [ 578219.76774077268783, 996685.586262315977365 ], [ 578231.185530526563525, 996673.23324824613519 ], [ 578249.217259052675217, 996662.944896566681564 ], [ 578272.091702586854808, 996663.113311987603083 ], [ 578296.310634713037871, 996655.672224903013557 ], [ 578339.040975159965456, 996632.18808271700982 ], [ 578360.905884025734849, 996602.761791075346991 ], [ 578378.972622340545058, 996572.383986239088699 ], [ 578385.647635131375864, 996535.353280499577522 ], [ 578377.734295213711448, 996515.312835595919751 ], [ 578363.878276074654423, 996502.511840146500617 ], [ 578352.527021647663787, 996493.538981604739092 ], [ 578339.95408725051675, 996479.47753410867881 ], [ 578332.574881187058054, 996454.025235217181034 ], [ 578336.571486100088805, 996435.006178972893395 ], [ 578353.423459439887665, 996400.842980906250887 ], [ 578375.628780345083214, 996338.78143515822012 ], [ 578388.827964619733393, 996288.082683571381494 ], [ 578435.049121477059089, 996259.879327415139414 ], [ 578160.405195269151591, 996034.92469804675784 ], [ 578090.853622789029032, 995954.446145213907585 ], [ 578066.113091314444318, 995884.419793067499995 ], [ 578052.63781558687333, 995832.254920310224406 ], [ 578038.941497484687716, 995802.946524801314808 ], [ 578052.140669104177505, 995752.247944182832725 ], [ 578076.1447433156427, 995635.594467969727702 ], [ 578116.693659880198538, 995516.523048182716593 ], [ 578124.883262660354376, 995458.168290685745887 ], [ 578129.002617391641252, 995426.451314320787787 ], [ 578131.789781188010238, 995401.073994673904963 ], [ 578109.075106802512892, 995384.39820459310431 ], [ 578054.725654791225679, 995353.520746359485202 ], [ 578030.727920718141831, 995338.105402383720502 ], [ 578013.317463859217241, 995298.610622275271453 ], [ 577965.935984427807853, 995204.28994526329916 ], [ 577933.374267588020302, 995154.52454405638855 ], [ 577891.966137165436521, 995099.614476954680867 ], [ 577863.179985616588965, 995053.686562906834297 ], [ 577761.669044718844816, 994975.496949217631482 ], [ 577776.445083889062516, 994969.125595186720602 ], [ 577783.456739785964601, 994950.129788002814166 ], [ 577761.510707286419347, 994922.139614593004808 ], [ 577757.857972609926946, 994905.604182754294015 ], [ 577763.125329868635163, 994886.594643380027264 ], [ 577782.383658049162477, 994866.418212145217694 ], [ 577805.663100956589915, 994824.683293740497902 ], [ 577818.690259490860626, 994791.762119672377594 ], [ 577831.533227808307856, 994777.887899033376016 ], [ 577833.025038606137969, 994755.040912780445069 ], [ 577835.836753143579699, 994727.124097176943906 ], [ 577846.174972136272117, 994709.421780381118879 ], [ 577866.581275780219585, 994701.95266640058253 ], [ 577890.861339101335034, 994688.162629538332112 ], [ 577898.608859268249944, 994675.520788528956473 ], [ 577903.937581971171312, 994650.162278349860571 ], [ 577898.03792911733035, 994603.133058042149059 ], [ 577871.161051669507287, 994491.185279136756435 ], [ 577849.305941043654457, 994385.623953927657567 ], [ 577886.821769611909986, 994317.32630362524651 ], [ 578011.849449037224986, 994196.365506758913398 ], [ 577937.374412433011457, 993546.867580562713556 ], [ 577984.744675871683285, 993521.83082848333288 ], [ 578003.468490237137303, 993518.28158713679295 ], [ 578026.729599657235667, 993517.060225979192182 ], [ 578063.631394039606676, 993512.252215154003352 ], [ 578146.453203721321188, 993490.003719986416399 ], [ 578258.588924503186718, 993459.081675475114025 ], [ 578351.981972467852756, 993395.004813168663532 ], [ 578496.893460625666194, 993260.193575888173655 ], [ 578619.360142310149968, 993080.771437791408971 ], [ 578695.305525419767946, 992981.009528323891573 ], [ 578723.446742108557373, 992962.168288359185681 ], [ 578820.541369531070814, 992909.54734307678882 ], [ 578858.787475740769878, 992897.129769754828885 ], [ 578861.451716769021004, 992884.450578920543194 ], [ 578850.112833661376499, 992874.208187669981271 ], [ 578841.266440985840745, 992869.063633754383773 ], [ 578808.226145585300401, 992868.820703083532862 ], [ 578776.419827729347162, 992872.39647314872127 ], [ 578728.032021613325924, 992882.199701954610646 ], [ 578681.964932667789981, 992914.877779668546282 ], [ 578656.549322990700603, 992914.690888404962607 ], [ 578647.727475732448511, 992907.006751694250852 ], [ 578636.41314586205408, 992894.224776821676642 ], [ 578634.055625139619224, 992875.159280232619494 ], [ 578639.261438317131251, 992862.49878831836395 ], [ 578649.587178041576408, 992846.066314079682343 ], [ 578654.866603232570924, 992825.787101768190041 ], [ 578661.416806361288764, 992805.51723524578847 ], [ 578659.04701204772573, 992787.721533297677524 ], [ 578652.86487890034914, 992769.89780014869757 ], [ 578637.787290321430191, 992752.008658526930958 ], [ 578617.589780139620416, 992737.891499286750332 ], [ 578588.521357760764658, 992721.169356180820614 ], [ 578572.111653416417539, 992709.619802530272864 ], [ 578549.470750538515858, 992685.325667816447094 ], [ 578545.977416582871228, 992652.283208304550499 ], [ 578560.336324412608519, 992613.022651758044958 ], [ 578593.683283705962822, 992581.520974019542336 ], [ 578623.193361520883627, 992552.530829955707304 ], [ 578659.020516414893791, 992527.396755726193078 ], [ 578719.02924974844791, 992498.630842591868713 ], [ 578980.495569944032468, 992401.502780528971925 ], [ 579051.867661307798699, 992380.439536390011199 ], [ 579101.614042499335483, 992402.238033988396637 ], [ 579124.458489928627387, 992400.944769678753801 ], [ 579139.465505871805362, 992389.972534050000831 ], [ 579151.098749461816624, 992369.740031537017785 ], [ 579155.058261790778488, 992354.53062943869736 ], [ 579146.309991874615662, 992339.227826863294467 ], [ 579136.35226888791658, 992317.566760808113031 ], [ 579148.022546430118382, 992306.376465867622755 ], [ 579163.234840204007924, 992297.446344175026752 ], [ 579192.62216962990351, 992281.153957774629816 ], [ 579224.400551720988005, 992284.889073129859753 ], [ 579237.318870119634084, 992338.522878755466081 ], [ 579277.183822941617109, 991982.099819507100619 ], [ 578978.201546681229956, 991981.157663458609022 ], [ 578785.958768773591146, 992016.570866164984182 ], [ 578528.072251637931913, 992137.852546171983704 ], [ 578352.933171353419311, 992244.503895856090821 ], [ 578161.163422247976996, 992362.461622177157551 ], [ 578109.569768637884408, 992408.801092900335789 ], [ 578064.026610294822603, 992442.079384013777599 ], [ 578026.262217025854625, 992465.371242410270497 ], [ 577985.839950812747702, 992488.159369023400359 ], [ 577937.31727911834605, 992511.93002705287654 ], [ 577564.709948230884038, 992537.125909151975065 ], [ 577296.736005777260289, 992518.645626564393751 ], [ 577256.083496128674597, 992517.076574722887017 ], [ 577229.434063144028187, 992513.070830142707564 ], [ 577204.292524668271653, 992501.498355427524075 ], [ 577156.011533755459823, 992483.323408527998254 ], [ 577082.527645103284158, 992459.924876346834935 ], [ 577012.492518643382937, 992437.95139591593761 ], [ 576941.666707809315994, 992424.635371160693467 ], [ 576849.171941134263761, 992409.952106986776926 ], [ 576804.744010746129788, 992404.545573239331134 ], [ 576773.158887818222865, 992385.265007270616479 ], [ 576756.859879137482494, 992362.287363878334872 ], [ 576736.699438243522309, 992344.360774207278155 ], [ 576662.15368921298068, 992299.366551637882367 ], [ 576555.986066131736152, 992238.901089839288034 ], [ 576487.806545759551227, 992192.683858657954261 ], [ 576459.241994512383826, 992123.900689791189507 ], [ 576459.101053023361601, 992007.071878449176438 ], [ 576479.329225975088775, 991886.583497917861678 ], [ 576487.156663642497733, 991734.257255250471644 ], [ 576508.851968235801905, 991593.461988173075952 ], [ 576527.428566376445815, 991512.327438255655579 ], [ 576547.312739945016801, 991427.392948550754227 ], [ 576552.960616417462006, 991369.02081717911642 ], [ 576543.236515789991245, 991323.234178582788445 ], [ 576502.707090927986428, 991308.967358402092941 ], [ 576175.777204919373617, 991079.255462231230922 ], [ 575971.86050039937254, 990745.051105584367178 ], [ 575844.840087160933763, 990606.971322909113951 ], [ 575813.353575330460444, 990577.532792236772366 ], [ 575796.103322390699759, 990521.532111167325638 ], [ 575815.569971934426576, 990479.770200978615321 ], [ 575810.843083984684199, 990442.909586980356835 ], [ 575794.433757396996953, 990431.360070344409905 ], [ 575741.270705692935735, 990409.381096838507801 ], [ 575698.967258224729449, 990447.165263215778396 ], [ 575567.587920140940696, 990496.992035852745175 ], [ 575465.571091298363172, 990533.066550502437167 ], [ 575414.42140836652834, 990565.706080741947517 ], [ 575387.44068181887269, 990595.983895316487178 ], [ 575220.269608908798546, 990929.994594676070847 ], [ 575173.170785091817379, 991069.331952695851214 ], [ 575151.855692302109674, 991170.763575043412857 ], [ 575130.007017575204372, 991195.999777252436616 ], [ 575066.100343596190214, 991233.624691429082304 ], [ 574975.593679804936983, 991262.164575410424732 ], [ 574898.064963739016093, 991262.863157835090533 ], [ 574773.542687712120824, 991260.67568609456066 ], [ 574647.848002705839463, 991248.320635470096022 ], [ 574602.982721509295516, 991234.11964129738044 ], [ 574565.640474148909561, 991223.130176317994483 ], [ 574493.319192285416648, 991195.117555256350897 ], [ 574401.254353440366685, 991122.057127174688503 ], [ 574353.715294066816568, 991044.245490965200588 ], [ 574324.983433974091895, 990978.832925298716873 ], [ 574316.711067363619804, 990928.415884980116971 ], [ 574315.809048249502666, 990890.313588240533136 ], [ 574318.805335852783173, 990843.351050876430236 ], [ 574345.823088307515718, 990809.264121958636679 ], [ 574376.505613907705992, 990790.442454211879522 ], [ 574406.691666589467786, 990691.616318964282982 ], [ 574436.705616490799002, 990610.566894301678985 ], [ 574476.639787445310503, 990554.987656105658971 ], [ 574544.518263257108629, 990500.884196759434417 ], [ 574647.916413280880079, 990453.391709821415134 ], [ 574725.77654923836235, 990418.409527333220467 ], [ 574797.479482536786236, 990363.064304528874345 ], [ 574834.835137184010819, 990311.275569636025466 ], [ 574872.276774118188769, 990250.598502965294756 ], [ 574898.023590286727995, 990216.502174634719267 ], [ 574907.299734160187654, 990177.205104475957341 ], [ 574900.252641859697178, 990117.470171138993464 ], [ 574881.559908569208346, 990079.236933831241913 ], [ 574858.772345826844685, 990070.180107646388933 ], [ 574834.677174622775055, 990064.923199412529357 ], [ 574802.945199678069912, 990060.87987922411412 ], [ 574738.284225685754791, 990045.165303713525645 ], [ 574696.681121054454707, 990010.572839295258746 ], [ 574628.343083593528718, 989980.862802435876802 ], [ 574549.630168674979359, 989972.663752967608161 ], [ 574441.640825726091862, 989969.328347266186029 ], [ 574304.485667841159739, 989959.428710144828074 ], [ 574180.111807573237456, 989942.004090944770724 ], [ 574038.058103423565626, 989913.020461926120333 ], [ 573971.298296942608431, 989851.575705854338594 ], [ 573904.968722519464791, 989745.689493589452468 ], [ 573870.162093325750902, 989665.432614702614956 ], [ 573830.026666224119253, 989610.533404842950404 ], [ 573763.35305519355461, 989540.200450491858646 ], [ 573609.875349366222508, 989509.862646809197031 ], [ 573425.010166649706662, 989439.928178368601948 ], [ 573316.180889102281071, 989392.141579578397796 ], [ 573147.474746854160912, 989228.357803817954846 ], [ 573103.539676510030404, 989172.16081097337883 ], [ 572999.211422681575641, 989053.29630417143926 ], [ 572871.850092103122734, 988950.769910100614652 ], [ 572813.863223267137073, 988902.088387995609082 ], [ 572457.793474394828081, 988795.335433970554732 ], [ 572322.390072962385602, 988735.924101997748949 ], [ 572261.283906364464201, 988746.901845449930988 ], [ 572194.209209486958571, 988849.263791986973956 ], [ 572163.244061259320006, 988897.289151716046035 ], [ 572112.131562844733708, 988926.118296070955694 ], [ 572055.948394115548581, 988953.640174159198068 ], [ 572015.174008887028322, 988964.767847032169811 ], [ 571961.667620405787602, 988978.341234427993186 ], [ 571937.462055828189477, 988984.511803173692897 ], [ 571919.462567843846045, 989005.966216336819343 ], [ 571898.896991652669385, 989029.941367579740472 ], [ 571865.48833736742381, 989056.40264132770244 ], [ 571824.648910965770483, 989073.652307542040944 ], [ 571777.659984102705494, 989082.379831593600102 ], [ 571748.445266388822347, 989080.89437916688621 ], [ 571674.643923249677755, 989090.50838133902289 ], [ 571477.532943145604804, 989137.57373486738652 ], [ 571344.820965771563351, 989160.454467096016742 ], [ 571223.829974335501902, 989187.497623784583993 ], [ 571149.991711764130741, 989200.92065467487555 ], [ 571067.221350442850962, 989218.087212326820008 ], [ 571002.401341489399783, 989218.878405007650144 ], [ 570951.559468734194525, 989219.772800341481343 ], [ 570905.997494766488671, 989200.388787299860269 ], [ 570874.598289315355942, 989162.061815153923817 ], [ 570812.479815068189055, 989146.365033336915076 ], [ 570748.733642341569066, 989167.481457713758573 ], [ 570652.295731952064671, 989283.594120133668184 ], [ 570469.560850021895021, 989518.433985539944842 ], [ 570318.862465614103712, 989594.780732633313164 ], [ 570142.835395539645106, 989662.051328888977878 ], [ 570019.366514342837036, 989813.519500607973896 ], [ 569926.703140905941837, 989933.469352633575909 ], [ 569790.007117774803191, 990007.379499281872995 ], [ 569622.529889780795202, 990110.268301157862879 ], [ 569444.948186041787267, 990206.733049310394563 ], [ 569188.473639147938229, 990351.20960407005623 ], [ 569155.260574884945527, 990362.160628595738672 ], [ 569133.802285116980784, 990355.546707057626918 ], [ 569118.575581206125207, 990336.190254307119176 ], [ 569108.039932682877406, 990315.764081138302572 ], [ 569105.747689625248313, 990294.416256800759584 ], [ 569119.915560563909821, 990280.927150997333229 ], [ 569143.102521709864959, 990273.204516526777297 ], [ 569159.576363740721717, 990267.283768475637771 ], [ 569171.094151288387366, 990262.373571801115759 ], [ 569194.249683641945012, 990233.961384751484729 ], [ 569204.626270241336897, 990201.173242151970044 ], [ 569203.214296285877936, 990174.194934725412168 ], [ 569194.851088540395722, 990146.236534286290407 ], [ 569185.071471210801974, 990135.496341773541644 ], [ 569166.692948639625683, 990126.160390954930335 ], [ 569137.029687428032048, 990123.182012963108718 ], [ 569088.094333889777772, 990152.413522775983438 ], [ 569039.176687979954295, 990188.471720651956275 ], [ 568995.715090550715104, 990204.349760264856741 ], [ 568971.481396533316001, 990210.356853210949339 ], [ 568895.35183766274713, 990208.079972034320235 ], [ 568854.807869861018844, 990203.744124067015946 ], [ 568784.692632590886205, 990219.268108108313754 ], [ 568735.988241047365591, 990243.93696413107682 ], [ 568696.120984806097113, 990271.254762399825267 ], [ 568690.546385588822886, 990297.762262566713616 ], [ 568708.611540580634028, 990335.540513940504752 ], [ 568704.696589886094444, 990347.020893345004879 ], [ 568698.097460277378559, 990356.789659955305979 ], [ 568683.931447562063113, 990364.844168469076976 ], [ 568670.259502151166089, 990365.325379598769359 ], [ 568656.385288760066032, 990359.332127258996479 ], [ 568636.836187610169873, 990318.567240118514746 ], [ 568104.233522735536098, 990015.298151916591451 ], [ 568068.885054335580207, 990004.702265775413252 ], [ 568019.741127877612598, 989985.062605399871245 ], [ 567942.532205931143835, 989972.644782564486377 ], [ 567586.312519061379135, 990216.005574147566222 ], [ 567533.468515515793115, 990258.340078559122048 ], [ 567512.923944589798339, 990270.724929964984767 ], [ 567459.332281457842328, 990285.202201983309351 ], [ 567403.486684040748514, 990284.460082554607652 ], [ 567344.723310013883747, 990303.931735686259344 ], [ 567308.379084734478965, 990346.485445752041414 ], [ 567301.08461006579455, 990397.019928932189941 ], [ 567290.456667035119608, 990422.194403408560902 ], [ 567263.376296332804486, 990444.618657691753469 ], [ 567034.135781297460198, 990618.781997849349864 ], [ 566908.958515405887738, 990727.241633583325893 ], [ 566796.37846862943843, 990840.931810028734617 ], [ 566692.480775961070322, 990897.776913874899037 ], [ 566629.696109121083282, 990928.586971462820657 ], [ 566583.719593307119794, 990943.165216385270469 ], [ 566521.859817013842985, 990924.6218150339555 ], [ 566483.901793517987244, 990917.788248652825132 ], [ 566436.869506454560906, 990920.960334822535515 ], [ 566362.329804999986663, 990969.335040957434103 ], [ 566266.569091115379706, 990998.440759690594859 ], [ 566209.145860967575572, 991014.132505965419114 ], [ 566152.007244674023241, 991014.638570210081525 ], [ 566058.690074528334662, 991048.839820167748258 ], [ 566033.35311460623052, 991045.971343573648483 ], [ 565808.59468295017723, 991116.398274458013475 ], [ 565664.366335323196836, 991157.517017149715684 ], [ 565173.439376732218079, 991272.503148185322061 ], [ 565025.320333241485059, 991250.280300131882541 ], [ 564884.365864802151918, 991252.202604632591829 ], [ 564631.790921834763139, 991384.281596556073055 ], [ 564477.028978246729821, 991445.51185770414304 ], [ 564450.233001591637731, 991452.750050075468607 ], [ 564415.869169689365663, 991457.355970873730257 ], [ 564309.634472210891545, 991435.689850749797188 ], [ 564171.811745972954668, 991406.008639626903459 ], [ 563985.853747723740526, 991370.623654515016824 ], [ 563890.461199181852862, 991312.393870464409702 ], [ 563805.056313612265512, 991263.157483320799656 ], [ 563736.554754673969001, 991192.627718109404668 ], [ 563674.632124856230803, 991131.291013834881596 ], [ 562624.662274384172633, 992079.868233481538482 ], [ 564088.089297122671269, 992690.177880309056491 ], [ 564126.331970756640658, 992702.277897158404812 ], [ 564142.124052428873256, 992718.237781935138628 ], [ 564198.503485143184662, 992758.227743074297905 ], [ 564256.436972781899385, 992783.048848813283257 ], [ 564286.922151507227682, 992782.18876107793767 ], [ 564309.910636033280753, 992774.899928070837632 ], [ 564327.988343748962507, 992758.685176751692779 ], [ 564337.157728376798332, 992743.617667470593005 ], [ 564352.73288494173903, 992740.993330267607234 ], [ 564366.231280758511275, 992750.333548139664344 ], [ 564394.4029917398002, 992805.13763084821403 ], [ 564391.970853314502165, 992867.129231880302541 ], [ 564381.970805480494164, 992926.488545835483819 ], [ 564376.039497567457147, 992971.978265011217445 ], [ 564382.990335925016552, 993007.513060788274743 ], [ 564412.64489317603875, 993050.944786534528248 ], [ 564449.748704813537188, 993103.336234551970847 ], [ 564487.208527614944614, 993136.745472575770691 ], [ 564496.816506883711554, 993165.986674224142917 ], [ 564492.368026737472974, 993200.104009582195431 ], [ 564453.531664338544942, 993240.092702779686078 ], [ 564418.265640622004867, 993292.786888199509121 ], [ 564393.899432265665382, 993508.914197811274789 ], [ 564435.71178046206478, 993648.708662442862988 ], [ 564453.13633553753607, 993735.015008879825473 ], [ 564453.930880046915263, 993760.341603703214787 ], [ 564519.206577428267337, 993867.537677404121496 ], [ 564517.486391186830588, 993891.565020752605051 ], [ 564494.260423491359688, 993911.508740226272494 ], [ 564393.978455559001304, 993978.527373828692362 ], [ 564331.583586774300784, 994056.176663280231878 ], [ 564295.961288133636117, 994127.85328708239831 ], [ 564298.724599104956724, 994183.58540993987117 ], [ 564296.520316214649938, 994253.839798045926727 ], [ 564293.374025261728093, 994265.7914286586456 ], [ 564264.976098814164288, 994290.729512591147795 ], [ 564240.480822282726876, 994310.656324960873462 ], [ 564229.057696450385265, 994310.504272617981769 ], [ 564218.832595903077163, 994314.165578681626357 ], [ 564204.752312288503163, 994320.307175688329153 ], [ 564190.624553496250883, 994328.97974789084401 ], [ 564181.360102485050447, 994349.109293235349469 ], [ 564192.403432326391339, 994369.509161942871287 ], [ 564202.367425854550675, 994379.768229811568744 ], [ 564195.570233117090538, 994403.728036268614233 ], [ 564162.024114712374285, 994432.394997923402116 ], [ 564150.43481956992764, 994441.101359831984155 ], [ 563996.192500337259844, 994474.490626269136555 ], [ 563903.454319373355247, 994545.406909005017951 ], [ 563825.994406994665042, 994613.994950306601822 ], [ 563738.570471721584909, 994672.323866484453902 ], [ 563630.804011254920624, 994664.560021756333299 ], [ 563558.515901440870948, 994728.153598731150851 ], [ 563493.653234603465535, 994801.972473255475052 ], [ 563476.393380498513579, 994842.248437306843698 ], [ 563396.876739957602695, 994852.931459861225449 ], [ 562222.012851567007601, 995751.487754976609722 ], [ 561597.124911444960162, 996175.762901467038319 ], [ 561621.459474465926178, 996975.101212343783118 ], [ 561753.888019907288253, 997099.198143188026734 ], [ 561785.105657748295926, 997142.415592408855446 ], [ 561791.710954726208001, 997214.372111100354232 ], [ 561795.222443949314766, 997235.849561301758513 ], [ 561790.984547258703969, 997264.80974087654613 ], [ 561788.092693632352166, 997288.739979631500319 ], [ 561796.001261373632587, 997311.475360602606088 ], [ 561813.699298619758338, 997328.082892277860083 ], [ 561831.404507887898944, 997335.838610437465832 ], [ 561851.127311791060492, 997333.563905689865351 ], [ 561886.89160249219276, 997326.385200221906416 ], [ 561915.677219317876734, 997327.08596828870941 ], [ 561936.409111786866561, 997337.011679157614708 ], [ 561952.763621555874124, 997351.061684203683399 ], [ 561986.709734602947719, 997381.697398136602715 ], [ 562044.905039619538002, 997408.812840290251188 ], [ 562148.942974278237671, 997436.425724655156955 ], [ 562221.182111777714454, 997461.17124791117385 ], [ 562280.814312962815166, 997476.951980642159469 ], [ 562316.28811790747568, 997489.948291884968057 ], [ 562363.149960171896964, 997508.112724417238496 ], [ 562378.394527013995685, 997510.800412152195349 ], [ 562428.002923678955995, 997515.122087846160866 ], [ 562518.033537566079758, 997542.582854894339107 ], [ 562582.650502740987577, 997565.984451818279922 ], [ 562754.635713291703723, 997651.085659956908785 ], [ 562890.745193104725331, 997662.651351598440669 ], [ 562923.962747218902223, 997655.444836934446357 ], [ 562953.850233006058261, 997614.151349495979957 ], [ 562966.765858027851209, 997601.680030035786331 ], [ 562979.499943615635857, 997601.818162739975378 ], [ 563337.110037604346871, 997620.830731257796288 ], [ 563377.804685915005393, 997625.055521561997011 ], [ 563414.370537630398758, 997650.674961877055466 ], [ 563435.691782184876502, 997673.606781550333835 ], [ 563447.9357995018363, 997707.790450902306475 ], [ 563455.358446212252602, 997723.004677987890318 ], [ 563464.16341125452891, 997730.667034288751893 ], [ 563495.835311574628577, 997742.360820574685931 ], [ 563522.540630447445437, 997745.172731806291267 ], [ 563585.119255169294775, 997733.239950835239142 ], [ 563628.233715123147704, 997746.318955609342083 ], [ 563661.215345751028508, 997755.504635978722945 ], [ 563690.031899399124086, 997788.606893073068932 ], [ 563715.100826858892106, 997816.623934291186742 ], [ 563718.253924099379219, 997836.934928452363238 ], [ 563725.567876562010497, 997848.967440501670353 ], [ 563738.636502993525937, 997860.480309473234229 ], [ 563754.847587940981612, 997867.288273028796539 ], [ 563778.009118564543314, 997870.274218461359851 ], [ 563807.672888411441818, 997878.824105796287768 ], [ 563849.8131808496546, 997925.282117714639753 ], [ 563896.260893506114371, 998060.728439792175777 ], [ 563918.995525919948705, 998100.283759077312425 ], [ 564024.686903627589345, 998034.992949976702221 ], [ 564033.906731705297716, 998025.603093639947474 ], [ 564047.760789072723128, 998064.893513995921239 ], [ 564070.246674904366955, 998095.404861639020965 ], [ 564082.472661336418241, 998130.849555366672575 ], [ 564088.97824297263287, 998172.840856963070109 ], [ 564081.202272916561924, 998219.116124777588993 ], [ 564073.232185553526506, 998247.071454572491348 ], [ 564073.218668104498647, 998263.954476666403934 ], [ 564079.263873126474209, 998273.51439649774693 ], [ 564096.138976822374389, 998284.991850202670321 ], [ 564118.430817354121245, 998295.198236362310126 ], [ 564132.767297982238233, 998294.25086010794621 ], [ 564142.637734689400531, 998286.623134237481281 ], [ 564175.035702158347704, 998247.878818564000539 ], [ 564202.194815820781514, 998219.166884533478878 ], [ 564225.352201923029497, 998203.023041927488521 ], [ 564254.689371056389064, 998193.236146191135049 ], [ 564284.056314424611628, 998194.831492561497726 ], [ 564313.272267890628427, 998200.192848252132535 ], [ 564349.655840852181427, 998228.352416031295434 ], [ 564370.470746877021156, 998237.350243308697827 ], [ 564385.284769910620525, 998237.883028155658394 ], [ 564399.4108240356436, 998232.655464166309685 ], [ 564420.039520001970232, 998215.223030773806386 ], [ 564454.585048718494363, 998204.247216837713495 ], [ 564480.017061842721887, 998207.045230713207275 ], [ 564512.908109836047515, 998222.535594622488134 ], [ 564542.108277630410157, 998242.503475888748653 ], [ 564557.857468351023272, 998252.621609202236868 ], [ 564566.857134100864641, 998258.242938006180339 ], [ 564578.111425387789495, 998259.372635034960695 ], [ 564587.116472460911609, 998258.254576076986268 ], [ 564602.321286279708147, 998245.34614456188865 ], [ 564636.247971400734968, 998236.484193280222826 ], [ 564665.627261051675305, 998230.496932963491417 ], [ 564680.926396282506175, 998229.401632084161974 ], [ 564696.189242028165609, 998230.828235240885988 ], [ 564726.678645731881261, 998236.203343844041228 ], [ 564739.285793551011011, 998245.16805269534234 ], [ 564770.867173905833624, 998263.166489377385005 ], [ 564799.702139909844846, 998295.007802149746567 ], [ 564824.607998198829591, 998334.373428730294108 ], [ 564840.672522052191198, 998368.59862288821023 ], [ 564868.215757141704671, 998425.673565597855486 ], [ 564896.651775806210935, 998461.26942738739308 ], [ 564949.863164318725467, 998480.76348381000571 ], [ 565024.813393149757758, 998494.187405498698354 ], [ 565062.834507291205227, 998507.211034134728834 ], [ 565127.303711566375569, 998452.41913217259571 ], [ 565157.847605131217279, 998454.011333793518133 ], [ 565202.489813597872853, 998449.450574241345748 ], [ 565262.122772344620898, 998465.230701748165302 ], [ 565390.084969359915704, 998512.018991051241755 ], [ 565787.660473174648359, 998851.794316467945464 ], [ 565976.870456053060479, 998950.977262195781805 ], [ 566063.228422854095697, 999001.542109297821298 ], [ 566099.005299574462697, 999060.497489635716192 ], [ 566103.84697267273441, 999183.121069358312525 ], [ 566104.815762579324655, 999292.852320487610996 ], [ 566097.908171193674207, 999418.893352986313403 ], [ 566084.615272897994146, 999546.126427775830962 ], [ 566086.730439902399667, 999664.698411078075878 ], [ 566146.149856259929948, 999783.891412769211456 ], [ 566205.514903625706211, 999906.867384906392545 ], [ 566280.360692942515016, 1000016.138385250931606 ], [ 566365.584898207569495, 1000085.254438042524271 ], [ 566552.764677149942145, 1000283.91444436146412 ], [ 566615.199969733366743, 1000350.179057394037955 ] ] ] ] } },
{ "type": "Feature", "properties": { "FID_1": 22, "AREA_HA": 9339.426, "RESERVA": "RESERVA INDIGENA DE TERRABA", "are_ha": 9338.94, "RI": "RESERVA INDIGENA" }, "geometry": { "type": "MultiPolygon", "coordinates": [ [ [ [ 566615.199969733366743, 1000350.179057394037955 ], [ 566540.113872628309764, 1000524.993071904988028 ], [ 566891.415164995356463, 1000597.505955015658401 ], [ 566986.831646277103573, 1000600.617794744321145 ], [ 567062.742877421434969, 1000611.7392019322142 ], [ 567101.535516204545274, 1000626.244160331902094 ], [ 567139.211198017466813, 1000663.598442754591815 ], [ 567153.102738518733531, 1000692.226390142226592 ], [ 567162.094868069514632, 1000716.812456765910611 ], [ 567182.590186480316333, 1000792.817413699929602 ], [ 567183.920802152249962, 1000895.931568891857751 ], [ 567203.887952962657437, 1001008.807880593230948 ], [ 567227.793401081580669, 1001119.320685867569409 ], [ 567300.87784330744762, 1001318.606989799882285 ], [ 567481.59689609950874, 1001531.744748433469795 ], [ 567515.892948344931938, 1001560.038061900879256 ], [ 567543.49141435069032, 1001568.93968204036355 ], [ 567588.765371916000731, 1001581.197939646546729 ], [ 567642.815030773635954, 1001596.403922081459314 ], [ 567818.422709286212921, 1001627.372976660495624 ], [ 567829.244794533587992, 1001640.592846610350534 ], [ 567840.066881023813039, 1001653.812717320979573 ], [ 567842.702096974477172, 1001678.106838516308926 ], [ 567843.445391505490988, 1001715.036698404117487 ], [ 567855.569243431091309, 1001753.761706252000295 ], [ 567868.406030383543111, 1001803.969875940936618 ], [ 567904.438314688159153, 1001848.882431447971612 ], [ 567938.644446867285296, 1001881.190539502538741 ], [ 568038.04906145716086, 1001834.981146648409776 ], [ 568100.386168202734552, 1001985.111839654273354 ], [ 568123.332189310225658, 1002037.056796981603839 ], [ 568172.72821123234462, 1002147.469084619544446 ], [ 568189.53376673872117, 1002220.760551704675891 ], [ 568210.061109752976336, 1002270.0499086456839 ], [ 568253.690294329193421, 1002342.029260020819493 ], [ 568340.918347124708816, 1002460.54121504444629 ], [ 568452.614735742448829, 1002521.652867930475622 ], [ 568534.944723520777188, 1002583.959871709928848 ], [ 568589.459521579439752, 1002615.726699350168929 ], [ 568616.717538856901228, 1002605.528546984423883 ], [ 568659.821316143381409, 1002610.053382198442705 ], [ 568697.591268096119165, 1002619.422254118369892 ], [ 568729.965346265234984, 1002634.904589336249046 ], [ 568764.447905184468254, 1002659.389703022316098 ], [ 568821.473976859939285, 1002717.989620200125501 ], [ 568861.505799128906801, 1002811.432487036567181 ], [ 568884.97887408209499, 1002878.669162345933728 ], [ 568941.818880546255969, 1002941.077414586558007 ], [ 569011.807370367459953, 1002995.183808302273974 ], [ 569073.145355607382953, 1002991.64036609698087 ], [ 569148.655014961608686, 1002984.931133770965971 ], [ 569195.63519749045372, 1002988.361704372102395 ], [ 569241.716255382518284, 1002984.117301804362796 ], [ 569314.031071840785444, 1003016.701805454562418 ], [ 569419.401574955671094, 1003102.968221230781637 ], [ 569477.109404353890568, 1003199.767833662568592 ], [ 569516.149892499204725, 1003261.358405321952887 ], [ 569529.327786578098312, 1003330.666834653355181 ], [ 569555.868642923771404, 1003517.638902772334404 ], [ 569570.410482564242557, 1003611.183411070145667 ], [ 569607.68216571980156, 1003735.03463761205785 ], [ 569744.37052305508405, 1003962.691157340770587 ], [ 569944.660630804486573, 1004218.715433853329159 ], [ 570100.823652883409522, 1004465.079123368952423 ], [ 570114.932363440864719, 1004515.346447063726373 ], [ 570397.925977581413463, 1004878.226033510174602 ], [ 570539.489498281036504, 1004823.659238212974742 ], [ 570635.932650466216728, 1004779.742552972515114 ], [ 570873.754781609633937, 1004580.739461557124741 ], [ 571026.202539018820971, 1004538.12288709601853 ], [ 571178.09191758162342, 1004506.9311449136585 ], [ 571313.638876148732379, 1004471.171758542419411 ], [ 571487.8241953876568, 1004479.172578807454556 ], [ 571569.350215643411502, 1004505.818465135293081 ], [ 571636.549035326112062, 1004564.88580063811969 ], [ 571668.644227076671086, 1004612.162447477690876 ], [ 571748.122470187605359, 1004732.863796740537509 ], [ 571800.930141702643596, 1004982.114045826136135 ], [ 571856.747651985497214, 1005091.550494899740443 ], [ 571883.57176442805212, 1005090.237985172192566 ], [ 571917.311362062348053, 1005077.792465794133022 ], [ 571962.493831725674681, 1005065.872526405379176 ], [ 571998.714249949436635, 1005054.813233881839551 ], [ 572053.510449721943587, 1005002.621440442511812 ], [ 572110.724818877060898, 1005005.249331097002141 ], [ 572167.877160044386983, 1005009.146651953808032 ], [ 572244.225041538244113, 1005011.381019807537086 ], [ 572447.250548379961401, 1005055.057819225126877 ], [ 572734.284028940368444, 1005074.60227752267383 ], [ 572817.826822966802865, 1005033.908850107342005 ], [ 572910.610590182594024, 1005012.724226429942064 ], [ 573007.115796745405532, 1004967.536857052939013 ], [ 573056.205794711364433, 1004927.805626253597438 ], [ 573108.490123850409873, 1004848.7799424250843 ], [ 573159.720558414817788, 1004687.006734302267432 ], [ 573200.531607402837835, 1004477.680263003101572 ], [ 573226.890630274778232, 1004459.806394102284685 ], [ 573286.989136700634845, 1004429.486758056096733 ], [ 573352.700458887848072, 1004414.692377812112682 ], [ 573678.372802421217784, 1004425.831339565687813 ], [ 574239.663491992047057, 1004465.601591046550311 ], [ 574852.215409434167668, 1004473.372214229311794 ], [ 575037.038655333220959, 1004498.398506814497523 ], [ 575095.307531133294106, 1004479.444933303981088 ], [ 575202.170113439671695, 1004483.079291927977465 ], [ 575546.046256951405667, 1004356.370901118731126 ], [ 575675.360309894545935, 1004317.777724639745429 ], [ 575702.804620200768113, 1004303.770204772124998 ], [ 575737.350262433988973, 1004274.821158020175062 ], [ 575779.462497028172947, 1004247.491802287520841 ], [ 575833.575753389741294, 1004209.26275781984441 ], [ 575940.003483090666123, 1004117.454486497794278 ], [ 576012.01000760437455, 1004104.22052929806523 ], [ 576133.943803448812105, 1004112.36317727365531 ], [ 576219.409288234659471, 1004136.643661817302927 ], [ 576313.185526496497914, 1004147.310394284664653 ], [ 576376.974637849954888, 1004171.867974203778431 ], [ 576455.028355787857436, 1004165.272971912869252 ], [ 576541.889399877749383, 1004187.072826396324672 ], [ 576660.133651284850203, 1004244.665460008778609 ], [ 576791.495711965020746, 1004320.672465251293033 ], [ 576899.755255262600258, 1004426.154079664498568 ], [ 576899.817261975375004, 1004424.884625998325646 ], [ 576960.381627959315665, 1004463.289383277995512 ], [ 577034.745213830377907, 1004453.980186649248935 ], [ 577116.675439804210328, 1004446.29062063083984 ], [ 577209.025216420996003, 1004433.990137597545981 ], [ 577291.575499966391362, 1004413.605954200727865 ], [ 577371.303520306712016, 1004372.735362953040749 ], [ 577444.240293484297581, 1004340.459094661986455 ], [ 577575.415314293350093, 1004315.945382392848842 ], [ 577656.384120569098741, 1004301.849949368974194 ], [ 577760.084276208188385, 1004318.060855906107463 ], [ 577893.617059896467254, 1004349.636438208865002 ], [ 577980.633986300439574, 1004394.344402553979307 ], [ 578116.493234477820806, 1004456.56194692151621 ], [ 578269.780806997790933, 1004527.213257323135622 ], [ 578364.706059789401479, 1004592.641029581194744 ], [ 578406.974670365802012, 1004640.384162354166619 ], [ 578418.387148162117228, 1004667.62640696298331 ], [ 578439.599198084324598, 1004702.95229525945615 ], [ 578465.680513988714665, 1004769.037026607547887 ], [ 578521.005103300325572, 1004836.464070459129289 ], [ 578584.889340128633194, 1004937.364004135248251 ], [ 578662.666070011327974, 1005014.727816056343727 ], [ 578758.802095273509622, 1005133.648210148210637 ], [ 578850.688891709083691, 1005209.115112676285207 ], [ 578983.602634882670827, 1005253.38509144296404 ], [ 579040.569900514325127, 1005261.089087266009301 ], [ 579095.490247342269868, 1005258.520638594171032 ], [ 579167.590944798081182, 1005269.463830915978178 ], [ 579269.43099348153919, 1005271.593502122908831 ], [ 579391.056329884333536, 1005286.082020025816746 ], [ 579564.563257931033149, 1005308.040928400587291 ], [ 579703.431097135995515, 1005334.771468752529472 ], [ 579817.05592636379879, 1005356.526452442398295 ], [ 579868.689557757228613, 1005369.074711057590321 ], [ 579929.410579822259024, 1005430.387910700403154 ], [ 579977.695441679330543, 1005459.322532841004431 ], [ 580055.223766415845603, 1005489.599282440729439 ], [ 580118.642138910945505, 1005521.773072103271261 ], [ 580244.360542002599686, 1005504.641196911223233 ], [ 580367.847319557913579, 1005533.210138397524133 ], [ 580507.211521270801313, 1005549.784540333668701 ], [ 580596.399407399119809, 1005550.060678054462187 ], [ 580629.053650689544156, 1005533.746853231452405 ], [ 580668.375112382113002, 1005511.377421422163025 ], [ 580712.006839410634711, 1005479.027269042097032 ], [ 580742.800020502181724, 1005448.632554477779195 ], [ 580771.360218226676807, 1005411.773788392893039 ], [ 580794.214711219887249, 1005387.376323304022662 ], [ 580806.959540851064958, 1005361.242597164935432 ], [ 580809.966630658716895, 1005325.755796550423838 ], [ 580802.552675009588711, 1005242.715157379978336 ], [ 580807.047432156396098, 1005176.761125717894174 ], [ 580796.564399915514514, 1005130.476777522824705 ], [ 580775.941461635986343, 1005109.173366450588219 ], [ 580759.784477977314964, 1005100.798030800651759 ], [ 580733.889771244721487, 1005083.069632381550036 ], [ 580736.710889516398311, 1005051.391284684184939 ], [ 580734.818109635147266, 1005011.862743305624463 ], [ 580718.351201903889887, 1005009.834749391884543 ], [ 580687.71234872948844, 1005010.973324555088766 ], [ 580660.515935471281409, 1005019.903745056013577 ], [ 580627.303901793202385, 1005047.642777047003619 ], [ 580589.843588018440641, 1005084.093028975185007 ], [ 580562.771140912780538, 1005090.484499619225971 ], [ 580513.49440069985576, 1005081.861533197225071 ], [ 580451.938444027793594, 1005115.933643573778681 ], [ 580393.824900472536683, 1005157.797589335707016 ], [ 580335.679668457596563, 1005174.21381906978786 ], [ 580270.371303182211705, 1005206.841349206748419 ], [ 580213.311544542666525, 1005227.124293704633601 ], [ 580160.995995288249105, 1005228.540268783806823 ], [ 580089.205073981778696, 1005211.250056339311413 ], [ 579993.28693823737558, 1005166.133975751232356 ], [ 579957.40668455674313, 1005144.130282855359837 ], [ 579907.85167974291835, 1005167.302186387823895 ], [ 579873.274509496521205, 1005170.804508915287443 ], [ 579692.29322160303127, 1005119.239709376823157 ], [ 579557.734633583808318, 1005030.363840782898478 ], [ 579505.851978280465119, 1004970.728691619355232 ], [ 579448.480011278530583, 1004893.029296067077667 ], [ 579423.546976668643765, 1004881.706486120005138 ], [ 579370.206960054812953, 1004825.821408923133276 ], [ 579351.506039034109563, 1004765.164631113759242 ], [ 579330.572194360662252, 1004698.043853109935299 ], [ 579295.682851327816024, 1004603.564149260986596 ], [ 579233.938741538324393, 1004537.114981604274362 ], [ 579202.864933345117606, 1004494.975004639942199 ], [ 579152.099508193670772, 1004464.654302381561138 ], [ 579065.919607725460082, 1004428.891252100933343 ], [ 578978.684730073204264, 1004362.544455798924901 ], [ 578942.182585945818573, 1004248.906342081259936 ], [ 578918.953956870711409, 1004176.59121491597034 ], [ 578952.568315729498863, 1004114.518880643881857 ], [ 578980.476939564337954, 1004064.907700876472518 ], [ 579020.262488360865973, 1004006.93552130414173 ], [ 579101.230123608489521, 1003940.675035588792525 ], [ 579128.766727525740862, 1003898.680592819931917 ], [ 579165.699353485601023, 1003846.938975604483858 ], [ 579214.912439408479258, 1003804.667086869594641 ], [ 579330.426480133435689, 1003761.621169813210145 ], [ 579459.336813172092661, 1003705.194677471765317 ], [ 579532.986840014113113, 1003684.401043752208352 ], [ 579628.251386734074913, 1003664.59934478730429 ], [ 579748.851123069180176, 1003621.786568767856807 ], [ 579839.959702710155398, 1003582.709509491687641 ], [ 579864.829268606030382, 1003543.137177719734609 ], [ 579901.389753745286725, 1003499.012159122736193 ], [ 579945.639426109730266, 1003401.803367406595498 ], [ 579995.874336457112804, 1003312.503065994358622 ], [ 580044.777247172314674, 1003276.578251177561469 ], [ 580095.913100921781734, 1003247.117396255256608 ], [ 580138.582747575477697, 1003208.361912528867833 ], [ 580180.754981980542652, 1003127.597703172126785 ], [ 580211.142527071177028, 1003027.208224548143335 ], [ 580229.993310983642004, 1002902.115696295513771 ], [ 580238.20686886261683, 1002759.995234183617868 ], [ 580205.426017938763835, 1002674.519343387335539 ], [ 580175.900068666553125, 1002548.47937454469502 ], [ 580183.123425879748538, 1002478.834566836827435 ], [ 580223.340537955285981, 1002359.811992982169613 ], [ 580315.624486308195628, 1002244.450971745536663 ], [ 580383.504795752232894, 1002185.22337318782229 ], [ 580438.392643632483669, 1002157.206933426554315 ], [ 580501.622717463062145, 1002141.02392081101425 ], [ 580572.885133632924408, 1002143.021581965265796 ], [ 580704.774540625978261, 1002182.153084090910852 ], [ 580981.641645278199576, 1002305.54683724953793 ], [ 581005.737001299043186, 1002307.924732767278329 ], [ 581022.171831269515678, 1002284.505198186030611 ], [ 581030.854072397574782, 1002263.274536165758036 ], [ 581034.822419205098413, 1002234.193805796909146 ], [ 581110.828908524708822, 1002217.32453203771729 ], [ 581197.190963392844424, 1002144.949342079693452 ], [ 581298.25244697695598, 1002084.699227941920981 ], [ 581383.127015247009695, 1002042.790810792474076 ], [ 581480.931872029555961, 1001970.940518974559382 ], [ 581524.096821735147387, 1001922.02915957744699 ], [ 581503.040138407610357, 1001909.61239739949815 ], [ 581506.264719524770044, 1001895.765097127296031 ], [ 581514.389130926108919, 1001885.95949237619061 ], [ 581519.846720056724735, 1001878.576121283113025 ], [ 581535.47580953175202, 1001871.659428200102411 ], [ 581601.340678716544062, 1001827.606438520830125 ], [ 581717.845107842236757, 1001764.247756461845711 ], [ 581840.396820767084137, 1001707.527920940192416 ], [ 581948.219040319789201, 1001665.39977434638422 ], [ 582066.554637652472593, 1001642.838320468668826 ], [ 582187.898960524704307, 1001636.954662168747745 ], [ 582326.113927874830551, 1001650.929335506749339 ], [ 582380.104146905010566, 1001667.40148009348195 ], [ 582419.084980482701212, 1001678.095855049672537 ], [ 582453.289899938739836, 1001682.209643271286041 ], [ 582494.347754442715086, 1001676.459442926803604 ], [ 582543.096212202566676, 1001669.789750474388711 ], [ 582617.969302761252038, 1001634.378845511819236 ], [ 582702.164155467879027, 1001646.238811647985131 ], [ 582773.156396408332512, 1001674.10211922833696 ], [ 582836.218022561748512, 1001711.820539319887757 ], [ 582918.329161270521581, 1001781.892973050824367 ], [ 583003.046690308488905, 1001885.002573346253484 ], [ 583088.178997456096113, 1001941.244242480839603 ], [ 583223.456298378412612, 1001972.657666922081262 ], [ 583298.013385087368079, 1001971.504193693865091 ], [ 583350.681069572572596, 1001946.765505541930906 ], [ 583351.897147949784994, 1001948.075793733005412 ], [ 583393.891901934752241, 1001903.951547532109544 ], [ 583498.864847575314343, 1001864.598036339157261 ], [ 583611.315439693280496, 1001828.044213858200237 ], [ 583678.311174144269899, 1001791.143244181293994 ], [ 583701.068136017303914, 1001755.205465729348361 ], [ 583730.365326607250609, 1001677.685632855514996 ], [ 583750.43207871413324, 1001575.76314049877692 ], [ 583793.384711669990793, 1001469.584984366316348 ], [ 583831.466116778319702, 1001393.64424280251842 ], [ 583849.184328938485123, 1001322.048807262792252 ], [ 583889.561952666845173, 1001252.525117731303908 ], [ 583925.967439103056677, 1001223.407511967001483 ], [ 583968.421641319524497, 1001131.149805693188682 ], [ 584023.127189970226027, 1001049.46392142935656 ], [ 584122.026023021899164, 1000968.080161695135757 ], [ 584176.323850234271958, 1000897.783650950412266 ], [ 584200.665733949397691, 1000817.553808062919416 ], [ 584226.373642433900386, 1000738.817926287418231 ], [ 584247.480861379066482, 1000532.852539898362011 ], [ 584241.511154805426486, 1000417.335013225791045 ], [ 584223.72952206491027, 1000349.547696521971375 ], [ 584172.291820152895525, 1000304.640166558790952 ], [ 584111.170790620613843, 1000247.984988445183262 ], [ 584012.389912907383405, 1000184.924271420575678 ], [ 583913.072369361761957, 1000101.571037115063518 ], [ 583741.392608785768971, 999852.193844267167151 ], [ 583597.501711689401418, 999638.015048795379698 ], [ 583509.731524501228705, 999479.046834541019052 ], [ 583463.656658054096624, 999425.460283364867792 ], [ 583423.745983702596277, 999411.372276355628856 ], [ 583395.278151847538538, 999395.156408863607794 ], [ 583355.865689242840745, 999367.148147195461206 ], [ 583339.293608283274807, 999336.149656437337399 ], [ 583345.788349104812369, 999295.8335559804691 ], [ 583358.272855047835037, 999264.59973969112616 ], [ 583370.621485138777643, 999237.162354714004323 ], [ 583386.663612019154243, 999212.390288336086087 ], [ 583406.852133659645915, 999177.628777104895562 ], [ 583414.110018585808575, 999151.277720117592253 ], [ 583412.49309091817122, 999125.87862659082748 ], [ 583421.057619951548986, 999098.306886817445047 ], [ 583448.141676267143339, 999047.318139732815325 ], [ 583489.462979257339612, 998986.698251504916698 ], [ 583543.042251368169673, 998901.171942620538175 ], [ 583608.555743912118487, 998835.075613262248226 ], [ 583677.995808844920248, 998729.839132551220246 ], [ 583839.211210645618849, 998565.774108610814437 ], [ 584005.96331728680525, 998423.445937462267466 ], [ 584218.744922046782449, 998335.969182054046541 ], [ 584378.80804951756727, 998309.974667757749557 ], [ 584557.83684278849978, 998283.386225402122363 ], [ 584639.611693929182366, 998221.668089446029626 ], [ 584651.507273528259248, 998206.885404471424408 ], [ 584649.527913597179577, 998191.610162487835623 ], [ 584651.151508495910093, 998181.531150238821283 ], [ 584642.638960863114335, 998172.359389085439034 ], [ 584636.422731116763316, 998169.60455219913274 ], [ 584617.411805184441619, 998171.463829523767345 ], [ 584592.275210950174369, 998168.037320046802051 ], [ 584573.037886196398176, 998176.22396060905885 ], [ 584565.877261142944917, 998164.566029647714458 ], [ 584556.420322247548029, 998146.491176320589148 ], [ 584561.019434860325418, 998123.84699353412725 ], [ 584576.74436105764471, 998107.933181151282042 ], [ 584598.096875511691906, 998111.225354311522096 ], [ 584632.198804572573863, 998111.16888421413023 ], [ 584669.54145667492412, 998126.432422391488217 ], [ 584758.515682087861933, 998110.58473233319819 ], [ 584860.692105122026987, 998078.733605294022709 ], [ 585435.767512468388304, 997925.556925089564174 ], [ 585684.578422885620967, 997890.04057011322584 ], [ 585704.66962429904379, 997893.287854469264857 ], [ 585742.646219228859991, 997890.834550934727304 ], [ 585793.689130203332752, 997876.174191171885468 ], [ 585836.4910549382912, 997844.749249781132676 ], [ 585901.958396064816043, 997779.91755422798451 ], [ 585960.168220710940659, 997741.436967405141331 ], [ 586024.633347611408681, 997739.923746322165243 ], [ 586091.219967486220412, 997714.411244846181944 ], [ 586153.220013882499188, 997640.586830671294592 ], [ 586202.696963248541579, 997563.783786475542001 ], [ 586242.716756553156301, 997468.905972953652963 ], [ 586268.849281195783988, 997444.491818433976732 ], [ 586312.788878814317286, 997345.951899199280888 ], [ 586313.253801695769653, 997262.341129451524466 ], [ 586292.637781486380845, 997167.84560397232417 ], [ 586275.935514903860167, 997105.165986043866724 ], [ 586216.573491996503435, 997034.637014712672681 ], [ 586131.046051590703428, 996918.831753652077168 ], [ 586011.112276561558247, 996740.985830813879147 ], [ 586004.630574758630246, 996710.345980983576737 ], [ 586010.807669022353366, 996678.888323354069144 ], [ 586041.409250967553817, 996600.148643513210118 ], [ 586051.919698144774884, 996518.161806455813348 ], [ 586026.858996597700752, 996336.08086683624424 ], [ 586028.221660696319304, 996286.354816047474742 ], [ 585927.450850659515709, 996255.261485131806694 ], [ 585860.508765427395701, 996255.419871091027744 ], [ 585779.788512921426445, 996217.07708549592644 ], [ 585662.948008105624467, 996129.303652950213291 ], [ 585561.095660902909003, 996116.819331782869995 ], [ 585408.925242380355485, 996098.747883581439964 ], [ 585327.70723264478147, 996074.325108950259164 ], [ 585314.42091731284745, 996057.381642295164056 ], [ 585297.531641350593418, 996035.242021961137652 ], [ 585278.566166837350465, 996035.835964844096452 ], [ 585233.067138785263523, 996036.755235436488874 ], [ 585215.679904124001041, 996028.535702753113583 ], [ 585213.33829112094827, 996023.38431583927013 ], [ 585218.745838373084553, 996013.439689448452555 ], [ 585219.379618666600436, 995995.723215702106245 ], [ 585240.60236998507753, 995967.333873685565777 ], [ 585233.849147652974352, 995944.286946190521121 ], [ 585213.272595530957915, 995884.004413114045747 ], [ 585177.870583537616767, 995849.804139727959409 ], [ 585146.343159056850709, 995813.207253545988351 ], [ 585092.835857886704616, 995755.557173557463102 ], [ 584947.592284945072606, 995543.870252168155275 ], [ 584758.208253050222993, 995295.13909387064632 ], [ 584741.137999489204958, 995278.061388840898871 ], [ 584730.32293809868861, 995297.950543261831626 ], [ 584745.588599361712113, 995330.168965609162115 ], [ 584742.839562119334005, 995336.406712267897092 ], [ 584742.341581273823977, 995350.326740194461308 ], [ 584728.376284619211219, 995352.365191602264531 ], [ 584717.205297659384087, 995346.90043857973069 ], [ 584703.291524824453518, 995312.195868775597773 ], [ 584569.452163451467641, 995064.169394598691724 ], [ 584538.371400301111862, 995050.395606317208149 ], [ 584498.551814552163705, 995033.777518071234226 ], [ 584404.048242843709886, 994992.411363131133839 ], [ 584287.51973415480461, 994931.257514035445638 ], [ 584262.881528880563565, 994913.911204302450642 ], [ 584246.535714216530323, 994876.58627410675399 ], [ 584223.56631032936275, 994847.895665387040935 ], [ 584202.938494383939542, 994824.356412558583543 ], [ 584158.979111884138547, 994782.250180590199307 ], [ 584152.271279374603182, 994757.937966124853119 ], [ 584136.332944336347282, 994709.224004901130684 ], [ 584127.645715848659165, 994669.636842272942886 ], [ 584124.23019192495849, 994623.901517132180743 ], [ 584123.427880193456076, 994575.724842951400205 ], [ 584132.716241381829605, 994527.906345425406471 ], [ 584135.07668165594805, 994426.625563546316698 ], [ 584131.842224750202149, 994375.828495172783732 ], [ 584125.276481653796509, 994312.242638035095297 ], [ 584110.326048674760386, 994211.640062439604662 ], [ 584058.391866607009433, 994215.081307620275766 ], [ 584039.115659641800448, 994264.904965236899443 ], [ 584027.521567948162556, 994288.858910757116973 ], [ 583972.409510862780735, 994391.261389186256565 ], [ 583936.817111496930011, 994421.69889859482646 ], [ 583895.51474064483773, 994436.576817995868623 ], [ 583849.768953089602292, 994466.591332623618655 ], [ 583806.773465751670301, 994491.613173794001341 ], [ 583738.860868687392212, 994626.679426461574621 ], [ 583664.498977561364882, 994733.387192797381431 ], [ 583628.638824537047185, 994800.841022342792712 ], [ 583603.46465821377933, 994825.328465193859302 ], [ 583555.710345181054436, 994842.491132409428246 ], [ 583518.586364400107414, 994848.605362511356361 ], [ 583384.988902985467575, 995034.561155167175457 ], [ 583362.141042185947299, 995064.252742514829151 ], [ 583301.164965531323105, 995093.632607330335304 ], [ 583097.441746796830557, 995314.970997686614282 ], [ 582868.178413299843669, 995508.432015245431103 ], [ 582797.458503260160796, 995680.408917685039341 ], [ 582773.291162737295963, 995680.67875820340123 ], [ 582735.377766921767034, 995644.625037484220229 ], [ 582695.503311843262054, 995655.731730762403458 ], [ 582589.411056095850654, 995761.117175846127793 ], [ 582516.741299898945726, 995857.680723380413838 ], [ 582465.282287297071889, 995902.77866152243223 ], [ 582356.707382083404809, 995976.140183064970188 ], [ 582316.35581884952262, 995998.71824683889281 ], [ 582296.152054628939368, 996025.966303949942812 ], [ 582300.586779136909172, 996102.76004977512639 ], [ 582290.324390491470695, 996135.529637280153111 ], [ 582266.154053357313387, 996166.442865046090446 ], [ 582218.393447617068887, 996244.892107355757616 ], [ 582160.323347011231817, 996296.098589405068196 ], [ 582110.448366027558222, 996364.245182803599164 ], [ 582087.176093682297505, 996404.133549632853828 ], [ 582082.308401828398928, 996429.467056337743998 ], [ 582064.062834473210387, 996440.198091570404358 ], [ 582031.644271897966973, 996455.445780279231258 ], [ 581965.753025562386028, 996450.146319813211448 ], [ 581890.974504893063568, 996475.120101177715696 ], [ 581831.950099316891283, 996549.269443612894975 ], [ 581782.711071606026962, 996602.120663429610431 ], [ 581706.239230099366978, 996637.238344753044657 ], [ 581617.867663923185319, 996683.351443897932768 ], [ 581524.581503546214662, 996694.785596683854237 ], [ 581440.968537137960084, 996748.757831249036826 ], [ 581411.035256132017821, 996765.385802796110511 ], [ 581383.428275889251381, 996787.217992663616315 ], [ 581337.089103505015373, 996923.183173832134344 ], [ 581315.24483395635616, 996959.300538823474199 ], [ 581279.439581938437186, 996994.836058936081827 ], [ 581189.053241022978909, 997089.384134282241575 ], [ 581116.753431974677369, 997177.025069383322261 ], [ 581061.695130889536813, 997247.5091035165824 ], [ 581032.524373822845519, 997260.364296112093143 ], [ 580542.95176022243686, 997135.222826689248905 ], [ 580526.774036047281697, 997141.910882444935851 ], [ 580510.036099187098444, 997122.370762083563022 ], [ 580489.682804246200249, 997061.511974213179201 ], [ 580502.328121730475686, 997002.028603023383766 ], [ 580532.953977360972203, 996938.187407726421952 ], [ 580586.053861506166868, 996884.220651613082737 ], [ 580651.050219536526129, 996849.901976284687407 ], [ 580690.994073908310384, 996684.303839043597691 ], [ 580720.36028303951025, 996528.479466174263507 ], [ 580642.69165337504819, 996378.408686867333017 ], [ 580549.796253144275397, 996197.059893381665461 ], [ 580502.734065887285396, 996167.008531306753866 ], [ 580469.57653773331549, 996169.457003121846355 ], [ 580442.234700876520947, 996184.915984640596434 ], [ 580412.036412569112144, 996207.916782000218518 ], [ 580354.599050141638145, 996274.470704804640263 ], [ 580290.447925300803035, 996319.038970249705017 ], [ 580235.499098933534697, 996356.329892730223946 ], [ 580168.279392481665127, 996413.538350307266228 ], [ 580078.632079464849085, 996520.884515284211375 ], [ 580014.265425372170284, 996601.194502656697296 ], [ 579989.14373055996839, 996624.406846943078563 ], [ 579955.615006333682686, 996635.777438026270829 ], [ 579903.154720993014053, 996643.805280597531237 ], [ 579837.210728130768985, 996639.779745123232715 ], [ 579796.915319006424397, 996630.439232775941491 ], [ 579765.769238853943534, 996615.096019537653774 ], [ 579733.297601495753042, 996631.617886628722772 ], [ 579695.484154470381327, 996654.301150496816263 ], [ 579614.094634292297997, 996685.382496492820792 ], [ 579565.123733615968376, 996701.216578110237606 ], [ 579529.427822470664978, 996703.559058432467282 ], [ 579488.54917373531498, 996708.239118774654344 ], [ 579436.088899083551951, 996716.266832101042382 ], [ 579401.23796685715206, 996728.859018570161425 ], [ 579380.18885601637885, 996745.856970990425907 ], [ 579358.98066657979507, 996766.678730709478259 ], [ 579334.809924033703282, 996797.591502355178818 ], [ 579313.972903773072176, 996809.491035452461801 ], [ 579281.660300267511047, 996822.189010950154625 ], [ 579232.374667211435735, 996815.027237828588113 ], [ 579193.454527235240676, 996803.190299453912303 ], [ 579119.899024654063396, 996768.203707636101171 ], [ 579017.357753471587785, 996788.18853860523086 ], [ 578904.871719004120678, 996833.294997017714195 ], [ 578821.626120276981965, 996908.987069958704524 ], [ 578746.416198290884495, 997005.443129810621031 ], [ 578673.482946263509803, 997077.734628775971942 ], [ 578598.541605829144828, 997137.174250538810156 ], [ 578528.365886288578622, 997143.186330521479249 ], [ 578387.965027855010703, 997125.841639603255317 ], [ 578259.503691506339237, 997083.995077092666179 ], [ 578238.618339668610133, 997079.161068245302886 ], [ 578234.443958085612394, 997081.246349041117355 ], [ 578216.91598311800044, 997092.691006794571877 ], [ 577999.720324946334586, 997230.023356228135526 ], [ 577739.480984302703291, 997330.968629567185417 ], [ 577652.918803077423945, 997345.56979110382963 ], [ 577616.114604844129644, 997340.219048937316984 ], [ 577572.96867385879159, 997333.551678441581316 ], [ 577528.711677224840969, 997310.367389083956368 ], [ 577491.870634657447226, 997308.82606360479258 ], [ 577284.115123373921961, 997370.790395657299086 ], [ 577119.026149294571951, 997488.944610174978152 ], [ 577073.908891302067786, 997554.647018412477337 ], [ 577058.106155346147716, 997611.676162946387194 ], [ 577023.597761758603156, 997631.740269799251109 ], [ 576943.217460810206831, 997664.165290191886015 ], [ 576595.009201925713569, 997793.66826291626785 ], [ 576554.8642941248836, 997870.836352830170654 ], [ 576517.703570029931143, 997902.309937925660051 ], [ 576488.192259677103721, 997931.300113234319724 ], [ 576455.052951076882891, 997941.214984470396303 ], [ 576418.150405554915778, 997946.022487541195005 ], [ 576387.638775457278825, 997947.0674008828355 ], [ 576335.391929383389652, 997932.635826166719198 ], [ 576354.128814042313024, 997950.430234845727682 ], [ 576354.376507782726549, 997969.680378590011969 ], [ 576266.334331926773302, 998005.858310244162567 ], [ 576237.90933630883228, 998053.905006905552 ], [ 576236.69194696797058, 998179.616501950891688 ], [ 576238.852351595414802, 998218.999467700603418 ], [ 576227.193740475806408, 998241.771762682590634 ], [ 576206.590287111699581, 998269.557705079438165 ], [ 576197.448687619296834, 998294.888375115231611 ], [ 576188.147215105476789, 998336.726631962344982 ], [ 576184.015051151160151, 998369.713686494156718 ], [ 576099.29316464823205, 998456.712244829745032 ], [ 576023.725147466175258, 998517.110283377114683 ], [ 576004.589230532408692, 998524.588555261027068 ], [ 575959.012333163875155, 998506.473657798487693 ], [ 575910.881531921681017, 998489.609819503966719 ], [ 575879.172840322018601, 998483.026368168881163 ], [ 575853.818189750541933, 998476.489790070452727 ], [ 575829.599047237308696, 998483.930542050860822 ], [ 575689.531098608858883, 998642.905180607456714 ], [ 575575.155671973479912, 998806.332847923738882 ], [ 574915.481105457991362, 998980.844592194189318 ], [ 574285.879570796038024, 999030.471424207556993 ], [ 573235.734968923963606, 1000178.979412351269275 ], [ 572935.598954992834479, 1000628.454423223389313 ], [ 572729.099766184110194, 1000529.707231153617613 ], [ 572682.227596813463606, 1000514.121638548211195 ], [ 572585.911653036950156, 1000428.311782782315277 ], [ 572519.451368596754037, 1000393.546174724237062 ], [ 572375.059612905606627, 1000342.95166693686042 ], [ 572171.32201575813815, 1000252.550922710681334 ], [ 572036.875100515782833, 1000224.888180018751882 ], [ 571849.621383007965051, 1000138.418945924961008 ], [ 571733.673039407352917, 1000077.898197489208542 ], [ 571637.418300729244947, 1000028.99130778410472 ], [ 571577.407560883904807, 1000062.053653297945857 ], [ 571451.994254503515549, 1000121.507409228011966 ], [ 571313.229688028688543, 1000145.878427384071983 ], [ 571095.638118070550263, 1000173.475516360485926 ], [ 570880.53885004890617, 1000206.170435588923283 ], [ 570540.986979756387882, 1000229.054163916734979 ], [ 570354.055220974842086, 1000240.368749301298521 ], [ 570084.841994825867005, 1000218.056174167431891 ], [ 569913.055342715815641, 1000152.190201029763557 ], [ 568929.013752167695202, 999801.93035124510061 ], [ 567989.278756071813405, 1000300.996230125078 ], [ 566615.199969733366743, 1000350.179057394037955 ] ] ] ] } },
{ "type": "Feature", "properties": { "FID_1": 23, "AREA_HA": 10280.802, "RESERVA": "RESERVA INDIGENA BRUNKA DE CURRE (REY CURRE)", "are_ha": 10280.26, "RI": "RESERVA INDIGENA" }, "geometry": { "type": "MultiPolygon", "coordinates": [ [ [ [ 578259.503691506339237, 997083.995077092666179 ], [ 578387.965027855010703, 997125.841639603255317 ], [ 578528.365886288578622, 997143.186330521479249 ], [ 578598.541605829144828, 997137.174250538810156 ], [ 578673.482946263509803, 997077.734628775971942 ], [ 578746.416198290884495, 997005.443129810621031 ], [ 578821.626120276981965, 996908.987069958704524 ], [ 578904.871719004120678, 996833.294997017714195 ], [ 579017.357753471587785, 996788.18853860523086 ], [ 579119.899024654063396, 996768.203707636101171 ], [ 579193.454527235240676, 996803.190299453912303 ], [ 579232.374667211435735, 996815.027237828588113 ], [ 579281.660300267511047, 996822.189010950154625 ], [ 579313.972903773072176, 996809.491035452461801 ], [ 579334.809924033703282, 996797.591502355178818 ], [ 579358.98066657979507, 996766.678730709478259 ], [ 579380.18885601637885, 996745.856970990425907 ], [ 579401.23796685715206, 996728.859018570161425 ], [ 579436.088899083551951, 996716.266832101042382 ], [ 579488.54917373531498, 996708.239118774654344 ], [ 579529.427822470664978, 996703.559058432467282 ], [ 579565.123733615968376, 996701.216578110237606 ], [ 579614.094634292297997, 996685.382496492820792 ], [ 579695.484154470381327, 996654.301150496816263 ], [ 579733.297601495753042, 996631.617886628722772 ], [ 579765.769238853943534, 996615.096019537653774 ], [ 579796.915319006424397, 996630.439232775941491 ], [ 579837.210728130768985, 996639.779745123232715 ], [ 579903.154720993014053, 996643.805280597531237 ], [ 579955.615006333682686, 996635.777438026270829 ], [ 579989.14373055996839, 996624.406846943078563 ], [ 580014.265425372170284, 996601.194502656697296 ], [ 580078.632079464849085, 996520.884515284211375 ], [ 580168.279392481665127, 996413.538350307266228 ], [ 580235.499098933534697, 996356.329892730223946 ], [ 580290.447925300803035, 996319.038970249705017 ], [ 580354.599050141638145, 996274.470704804640263 ], [ 580412.036412569112144, 996207.916782000218518 ], [ 580442.234700876520947, 996184.915984640596434 ], [ 580469.57653773331549, 996169.457003121846355 ], [ 580502.734065887285396, 996167.008531306753866 ], [ 580549.796253144275397, 996197.059893381665461 ], [ 580642.69165337504819, 996378.408686867333017 ], [ 580720.36028303951025, 996528.479466174263507 ], [ 580690.994073908310384, 996684.303839043597691 ], [ 580651.050219536526129, 996849.901976284687407 ], [ 580586.053861506166868, 996884.220651613082737 ], [ 580532.953977360972203, 996938.187407726421952 ], [ 580502.328121730475686, 997002.028603023383766 ], [ 580489.682804246200249, 997061.511974213179201 ], [ 580510.036099187098444, 997122.370762083563022 ], [ 580526.774036047281697, 997141.910882444935851 ], [ 580542.95176022243686, 997135.222826689248905 ], [ 581032.524373822845519, 997260.364296112093143 ], [ 581061.695130889536813, 997247.5091035165824 ], [ 581116.753431974677369, 997177.025069383322261 ], [ 581189.053241022978909, 997089.384134282241575 ], [ 581279.439581938437186, 996994.836058936081827 ], [ 581315.24483395635616, 996959.300538823474199 ], [ 581337.089103505015373, 996923.183173832134344 ], [ 581383.428275889251381, 996787.217992663616315 ], [ 581411.035256132017821, 996765.385802796110511 ], [ 581440.968537137960084, 996748.757831249036826 ], [ 581524.581503546214662, 996694.785596683854237 ], [ 581617.867663923185319, 996683.351443897932768 ], [ 581706.239230099366978, 996637.238344753044657 ], [ 581782.711071606026962, 996602.120663429610431 ], [ 581831.950099316891283, 996549.269443612894975 ], [ 581890.974504893063568, 996475.120101177715696 ], [ 581965.753025562386028, 996450.146319813211448 ], [ 582031.644271897966973, 996455.445780279231258 ], [ 582064.062834473210387, 996440.198091570404358 ], [ 582082.308401828398928, 996429.467056337743998 ], [ 582087.176093682297505, 996404.133549632853828 ], [ 582110.448366027558222, 996364.245182803599164 ], [ 582160.323347011231817, 996296.098589405068196 ], [ 582218.393447617068887, 996244.892107355757616 ], [ 582266.154053357313387, 996166.442865046090446 ], [ 582290.324390491470695, 996135.529637280153111 ], [ 582300.586779136909172, 996102.76004977512639 ], [ 582296.152054628939368, 996025.966303949942812 ], [ 582316.35581884952262, 995998.71824683889281 ], [ 582356.707382083404809, 995976.140183064970188 ], [ 582465.282287297071889, 995902.77866152243223 ], [ 582516.741299898945726, 995857.680723380413838 ], [ 582589.411056095850654, 995761.117175846127793 ], [ 582695.503311843262054, 995655.731730762403458 ], [ 582735.377766921767034, 995644.625037484220229 ], [ 582773.291162737295963, 995680.67875820340123 ], [ 582797.458503260160796, 995680.408917685039341 ], [ 582868.178413299843669, 995508.432015245431103 ], [ 583097.441746796830557, 995314.970997686614282 ], [ 583301.164965531323105, 995093.632607330335304 ], [ 583362.141042185947299, 995064.252742514829151 ], [ 583384.988902985467575, 995034.561155167175457 ], [ 583518.586364400107414, 994848.605362511356361 ], [ 583555.710345181054436, 994842.491132409428246 ], [ 583603.46465821377933, 994825.328465193859302 ], [ 583628.638824537047185, 994800.841022342792712 ], [ 583664.498977561364882, 994733.387192797381431 ], [ 583738.860868687392212, 994626.679426461574621 ], [ 583806.773465751670301, 994491.613173794001341 ], [ 583849.768953089602292, 994466.591332623618655 ], [ 583895.51474064483773, 994436.576817995868623 ], [ 583936.817111496930011, 994421.69889859482646 ], [ 583972.409510862780735, 994391.261389186256565 ], [ 584027.521567948162556, 994288.858910757116973 ], [ 584039.115659641800448, 994264.904965236899443 ], [ 584058.391866607009433, 994215.081307620275766 ], [ 584110.326048674760386, 994211.640062439604662 ], [ 584153.860938435187563, 994246.879969157744199 ], [ 584202.778295239433646, 994232.319206148386002 ], [ 584263.27715527091641, 994214.410449111601338 ], [ 584432.409996392438188, 994029.934564635623246 ], [ 584577.690742402104661, 993868.724390136078 ], [ 584753.171286408556625, 993653.869382371078245 ], [ 584823.571117640589364, 993511.476118391496129 ], [ 584835.299311970709823, 993423.192703816457652 ], [ 584821.196596044814214, 993333.095235782093368 ], [ 584735.559799469076097, 993007.072765352204442 ], [ 584617.763496729079634, 992690.626842885860242 ], [ 584430.688549322076142, 992419.814227120252326 ], [ 584297.328016133280471, 992324.883636796264909 ], [ 584187.86483262758702, 992297.341854644822888 ], [ 584033.691951436107047, 992291.28079172456637 ], [ 584039.915498369256966, 992054.322189411963336 ], [ 584032.547754360130057, 991996.923727270099334 ], [ 584088.228304133401252, 991918.016960198408924 ], [ 584171.500635491800494, 991870.697846782742999 ], [ 584296.638186145224608, 991821.297685461235233 ], [ 584635.251986006973311, 991648.742316565243527 ], [ 584847.633317935396917, 991548.379734758054838 ], [ 585200.332587592769414, 991240.645117214764468 ], [ 585422.589030523668043, 991119.1196505142143 ], [ 585511.563428453868255, 990979.414594945497811 ], [ 585508.827284927363507, 990942.676770947291516 ], [ 584984.474147570552304, 990542.767553452635184 ], [ 584535.103952414123341, 990092.935128752491437 ], [ 584510.189301244332455, 990114.114648829912767 ], [ 584389.228842901997268, 990035.019027645466849 ], [ 584267.036148212617263, 989907.677214768133126 ], [ 584191.616017828928307, 989832.122227408690378 ], [ 584118.669685828965157, 989741.554225364001468 ], [ 584079.87843666493427, 989653.641722675063647 ], [ 584091.441304133972153, 989588.650834182859398 ], [ 584110.881354605895467, 989493.084588289260864 ], [ 584083.271662503364496, 989503.045125891803764 ], [ 584066.777912398218177, 989495.553215467371047 ], [ 584045.261118469759822, 989466.260434977011755 ], [ 584001.614110067603178, 989426.399138143635355 ], [ 583959.945946509484202, 989398.038200616487302 ], [ 583908.463000835035928, 989389.572922935360111 ], [ 583828.948625086341053, 989385.027536677895114 ], [ 583765.199642407125793, 989368.444226898369379 ], [ 583729.421287666540593, 989349.207267353427596 ], [ 583686.429279453819618, 989322.060505556524731 ], [ 583616.304038556758314, 989306.483162586460821 ], [ 583545.828038771403953, 989271.860018924926408 ], [ 583455.84986560489051, 989273.809555711341091 ], [ 583436.423568072030321, 989317.872695214115083 ], [ 583417.887362887733616, 989316.387540902476758 ], [ 583387.547710001352243, 989326.237554138409905 ], [ 583344.359138138126582, 989329.53275592380669 ], [ 583306.40542261605151, 989329.237415413022973 ], [ 583262.028769741766155, 989304.571034028078429 ], [ 583232.261872800067067, 989291.925522037432529 ], [ 583000.513414175366051, 989057.805506532662548 ], [ 582945.012327536474913, 989027.605659382767044 ], [ 582909.842401297879405, 988995.706192478071898 ], [ 582871.598881188430823, 988975.098823034437373 ], [ 582840.615580360172316, 988987.77819948841352 ], [ 582803.97165613155812, 989012.911798061686568 ], [ 582760.693893207702786, 989070.759537797421217 ], [ 582725.846223709755577, 989111.1921767371241 ], [ 582700.859983771340922, 989157.106244703987613 ], [ 582613.696023879456334, 989285.46417028317228 ], [ 582458.067214797018096, 989442.719164604088292 ], [ 582220.827084955293685, 989691.766920597059652 ], [ 582215.091219520079903, 989732.130658887443133 ], [ 582221.331519971834496, 989760.300474926945753 ], [ 582206.875635582720861, 989797.767302013933659 ], [ 582185.32781433314085, 989824.791779208928347 ], [ 582153.020433280267753, 989838.685219110106118 ], [ 582131.426134585170075, 989840.332666545757093 ], [ 582073.871199429966509, 989826.541586781386286 ], [ 581949.783651255769655, 989827.770703988964669 ], [ 581871.153165812720545, 989857.517287097638473 ], [ 581761.857788076624274, 989866.968524152529426 ], [ 581704.850421328097582, 989841.781122275046073 ], [ 581639.427252038032748, 989807.365534872980788 ], [ 581612.033037960180081, 989745.336162849329412 ], [ 581572.905984382610768, 989690.435703719966114 ], [ 581528.071828777203336, 989622.612485586083494 ], [ 581519.838522672420368, 989609.58558185165748 ], [ 581490.01096795022022, 989598.206064226105809 ], [ 581477.319204121013172, 989598.951658236095682 ], [ 581471.780153699102812, 989608.873355628340505 ], [ 581424.590976492734626, 989669.097065977170132 ], [ 581391.98522645898629, 989710.741075456491672 ], [ 581379.412492305738851, 989715.635999091318808 ], [ 581365.925640008179471, 989712.5664770337753 ], [ 581356.54996197775472, 989698.271552758524194 ], [ 581343.509677770198323, 989670.829828884452581 ], [ 581321.335989998537116, 989631.853232943336479 ], [ 581288.813529486767948, 989614.464435504633002 ], [ 581243.818631784757599, 989617.317962653352879 ], [ 581238.057369272923097, 989642.232169121387415 ], [ 581227.788883108994924, 989550.603234459180385 ], [ 581235.031350783072412, 989505.226730944705196 ], [ 581220.375406314851716, 989467.828812142717652 ], [ 581210.589321302599274, 989434.437895449227653 ], [ 581206.235079005826265, 989367.014632869046181 ], [ 581277.527089391020127, 989226.584616861888207 ], [ 581341.956016432261094, 989097.29048203327693 ], [ 581480.08743853517808, 989040.815512908040546 ], [ 581499.41318373719696, 989007.355888256570324 ], [ 581538.612143353559077, 988929.040475117391907 ], [ 581575.116774664493278, 988827.776559714693576 ], [ 581549.71566725440789, 988750.604728070553392 ], [ 581518.364123792154714, 988665.575184816960245 ], [ 581477.359167981077917, 988412.673408634844236 ], [ 581487.295731547055766, 988390.245568731450476 ], [ 581495.740251380600967, 988346.187576126656495 ], [ 581482.40816466382239, 988307.575731278979219 ], [ 581489.757717194617726, 988286.31001449294854 ], [ 581496.86394368566107, 988270.109245268628001 ], [ 581526.219047215068713, 988264.975469716009684 ], [ 581558.633438989985734, 988275.192712756572291 ], [ 581611.683009535889141, 988277.379264629562385 ], [ 581674.608290919102728, 988258.40419459878467 ], [ 581701.329904865124263, 988229.055708497413434 ], [ 581759.81112262699753, 988197.20999843487516 ], [ 581783.641573905013502, 988175.354803836438805 ], [ 581792.436659436207265, 988150.342424350907095 ], [ 581798.523086371249519, 988129.024638319737278 ], [ 581802.144170605228283, 988106.336499582743272 ], [ 581779.118823400232941, 988085.087597850826569 ], [ 581756.336796176736243, 988058.773753666086122 ], [ 581724.409043042687699, 988038.426677242154256 ], [ 581666.504002724308521, 988005.590232927119359 ], [ 581606.255307793151587, 987968.85096023674123 ], [ 581563.979608368361369, 987953.152340458938852 ], [ 581502.407044125138782, 987917.627234529703856 ], [ 581472.747845522128046, 987929.092189663555473 ], [ 581456.753584057907574, 987919.551762538030744 ], [ 581444.122759755002335, 987919.031156540499069 ], [ 581410.688671123120002, 987903.696941496338695 ], [ 581411.737142394063994, 987855.527992563322186 ], [ 581408.982011104468256, 987833.84583808737807 ], [ 581441.743519083014689, 987757.802988970768638 ], [ 581500.954531888128258, 987710.762593387742527 ], [ 581543.623807112104259, 987665.577875744900666 ], [ 581555.370833716588095, 987631.806062452960759 ], [ 581537.519539189292118, 987608.23298687627539 ], [ 581478.136908829445019, 987527.123625206761062 ], [ 581407.951895554549992, 987512.812205572496168 ], [ 581320.355799249489792, 987439.421173498849384 ], [ 581210.085191987920552, 987363.826836797525175 ], [ 581174.686886715586297, 987310.349593154387549 ], [ 581168.629174634814262, 987278.381490089814179 ], [ 581165.52342808234971, 987237.6539091138402 ], [ 581177.878754440345801, 987191.219916079309769 ], [ 581192.030269045266323, 987160.084795979084447 ], [ 581206.729243077454157, 987117.553620462305844 ], [ 581192.012471840251237, 987081.422445615753531 ], [ 581165.319722587126307, 987057.485019676154479 ], [ 581073.462377951713279, 986967.424967327038758 ], [ 581039.509711970575154, 986910.20122824201826 ], [ 581020.592296238522977, 986856.134684701566584 ], [ 581021.061156357638538, 986767.342674171552062 ], [ 581000.272374785039574, 986725.886370136635378 ], [ 580979.286759894224815, 986714.871543934103101 ], [ 580930.08772220031824, 986711.574965447071008 ], [ 580890.338506750878878, 986695.980549899162725 ], [ 580883.490030649583787, 986680.473485848982818 ], [ 580870.920129799400456, 986678.686653636978008 ], [ 580846.113212314783596, 986615.496308956993744 ], [ 580791.160696596954949, 986573.900619615567848 ], [ 580733.134585813619196, 986543.596823011059314 ], [ 580700.416380867478438, 986539.710780706722289 ], [ 580662.767555254977196, 986533.084040189278312 ], [ 580637.688618283718824, 986528.244135461747646 ], [ 580609.489616005215794, 986509.319587781792507 ], [ 580587.849301716312766, 986485.590458614402451 ], [ 580566.452318884665146, 986456.7964413149748 ], [ 580559.07078160031233, 986426.042666209861636 ], [ 580555.174298528814688, 986401.776193618774414 ], [ 580539.679469694499858, 986368.300057498505339 ], [ 580526.198904741671868, 986372.669818057795055 ], [ 580500.025024321861565, 986390.62190472218208 ], [ 580477.032030293950811, 986421.392396487877704 ], [ 580465.05607555329334, 986433.586055242456496 ], [ 580443.395658860448748, 986445.539796295342967 ], [ 580422.523099326179363, 986449.595094274263829 ], [ 580394.232304811710492, 986444.48221860290505 ], [ 580370.325804456719197, 986429.681336365174502 ], [ 580361.136581849772483, 986408.2701803232776 ], [ 580357.602273661759682, 986378.407708503655158 ], [ 580323.209647215437144, 986356.690395014127716 ], [ 580305.709172594361007, 986352.162844195729122 ], [ 580281.528354068170302, 986354.972301778616384 ], [ 580266.006521963165142, 986361.944865577737801 ], [ 580154.155304514919408, 986319.272481042891741 ], [ 579840.778191234334372, 986335.535426439484581 ], [ 579817.677950424607843, 986342.195551210781559 ], [ 579796.37381145299878, 986364.15444438054692 ], [ 579770.747431194991805, 986370.710429467028007 ], [ 579743.675472765928134, 986381.013003373402171 ], [ 579718.474947967100888, 986378.705442039296031 ], [ 579689.728568527381867, 986371.176797130727209 ], [ 579674.038729169871658, 986355.30528676637914 ], [ 579639.342041402705945, 986339.918984501622617 ], [ 579611.20404666045215, 986319.728141440893523 ], [ 579584.253771181101911, 986327.498252236982808 ], [ 579426.995984732639045, 986386.989295044448227 ], [ 579323.548764510080218, 986485.491631413227879 ], [ 579197.577905271202326, 986525.972630538279191 ], [ 579044.413351009832695, 986579.288440828560852 ], [ 579007.952312935842201, 986600.622368389857002 ], [ 578955.650576352607459, 986661.902508699335158 ], [ 578923.694204756757244, 986694.840686879702844 ], [ 578886.39596825488843, 986707.258981368737295 ], [ 578837.851805590093136, 986716.676166894380003 ], [ 578796.825205505825579, 986727.672001994214952 ], [ 578686.071851056534797, 986767.511293221614324 ], [ 578644.025553402490914, 986773.390140419011004 ], [ 578629.720566701958887, 986755.038172018248588 ], [ 578476.962858931161463, 986615.52374714333564 ], [ 578458.138557696016505, 986612.210177229251713 ], [ 578425.359686631010845, 986609.589989370433614 ], [ 578415.620231767534278, 986601.576076546334662 ], [ 578402.790256964159198, 986526.192268600221723 ], [ 578385.837487036944367, 986510.268603171571158 ], [ 578365.871825802023523, 986504.370521130040288 ], [ 578352.099800540599972, 986501.265251512639225 ], [ 578333.458053062087856, 986494.153026544023305 ], [ 578308.866057888837531, 986479.183120092377067 ], [ 578303.463420790620148, 986459.929492172435857 ], [ 578302.930505225551315, 986444.682819978799671 ], [ 578293.373600543709472, 986432.870264214579947 ], [ 578260.122703533968888, 986413.737178959301673 ], [ 578149.564815279794857, 986317.830691061215475 ], [ 578126.357615564484149, 986300.380435858853161 ], [ 578111.809322307119146, 986287.093364212894812 ], [ 578092.026239380124025, 986277.396628903108649 ], [ 578073.019448290579021, 986277.881686601904221 ], [ 578039.160137927974574, 986271.410741699743085 ], [ 578010.002725867321715, 986246.102810349664651 ], [ 577980.05430836242158, 986237.255663408199325 ], [ 577945.479577652411535, 986219.336704547633417 ], [ 577930.687915709335357, 986211.114487053011544 ], [ 577904.102764083538204, 986211.287063117953949 ], [ 577884.670051605789922, 986220.635600825655274 ], [ 577869.817546045058407, 986213.679593314765953 ], [ 577864.23241018387489, 986198.224638751009479 ], [ 577825.851903201779351, 986101.487988692941144 ], [ 577818.638623238308355, 986093.578242264920846 ], [ 577777.459140435094014, 986055.087412912864238 ], [ 577690.215774079668336, 986000.741344385780394 ], [ 577598.908569634659216, 985899.285063992370851 ], [ 577542.753225138527341, 985751.066911782720126 ], [ 577488.133901984896511, 985544.551212259219028 ], [ 577447.741972377873026, 985278.99274420470465 ], [ 577437.788731110980734, 985222.758876965730451 ], [ 577437.757380694849417, 985170.740271020913497 ], [ 577457.691499034757726, 985124.61974980274681 ], [ 577689.585951482062228, 984855.063918085535988 ], [ 577637.465116164297797, 984807.24129676213488 ], [ 577555.729778721812181, 984690.955917930579744 ], [ 577509.907554073724896, 984564.73292535613291 ], [ 577474.737369005335495, 984427.530821444350295 ], [ 577453.322296487167478, 984214.773422668105923 ], [ 577435.059895433951169, 984119.347834366839379 ], [ 577395.322744006873108, 984131.168085934710689 ], [ 577371.161295361467637, 984107.35184357163962 ], [ 577329.617131924256682, 984076.458689166931435 ], [ 577269.979121285723522, 984027.057616245467216 ], [ 576895.883351865690202, 983674.157540113781579 ], [ 576878.322439423296601, 983670.896062084240839 ], [ 576865.387770176166669, 983676.706258425721899 ], [ 576853.776991183287464, 983681.302336841938086 ], [ 576838.011997134541161, 983693.339349845657125 ], [ 576821.334286472760141, 983724.369287217734382 ], [ 576820.253747684299015, 983744.720434676622972 ], [ 576095.359620611881837, 984368.813183372840285 ], [ 575521.247177713434212, 983744.080965268658474 ], [ 574571.450035379617475, 984467.966395821888 ], [ 574171.136982357362285, 985317.015733412816189 ], [ 573021.773293077596463, 985641.14532171189785 ], [ 572821.501939599402249, 986215.537406851653941 ], [ 572197.049902866361663, 986115.303461128496565 ], [ 571527.298835126915947, 986464.648477143724449 ], [ 571097.32672057452146, 986864.072839665343054 ], [ 570397.988717751577497, 986688.859216415672563 ], [ 569973.067201003665105, 987013.349174265284091 ], [ 569273.352905969484709, 987337.691843295237049 ], [ 568623.542049692478031, 987736.992847956484184 ], [ 568388.476217619143426, 988056.585843385662884 ], [ 567378.949129624990746, 988435.705839059199207 ], [ 566474.03478801692836, 989209.532461518305354 ], [ 565579.593213552609086, 989358.906772951711901 ], [ 564974.615924669196829, 989913.085073663969524 ], [ 564499.938274778774939, 989957.779772573965602 ], [ 564200.046324772876687, 990107.480189463938586 ], [ 563674.632125124917366, 991131.291013753390871 ], [ 563806.480300068389624, 991187.229387937113643 ], [ 563841.519960651290603, 991214.277160803205334 ], [ 563901.754101864760742, 991251.786492142477073 ], [ 563987.111555703449994, 991303.553780085523613 ], [ 564065.42331625171937, 991324.84845350519754 ], [ 564180.281375660910271, 991360.553052927134559 ], [ 564248.724222979857586, 991366.526922219782136 ], [ 564294.392344859312288, 991368.400372800300829 ], [ 564729.675629113218747, 991174.197569189127535 ], [ 564773.766078235930763, 991192.505123308044858 ], [ 564827.14442038058769, 991189.417869808385149 ], [ 564872.931182259577326, 991184.963826326420531 ], [ 564968.502171447500587, 991165.982594574335963 ], [ 565059.565686657791957, 991116.562494017765857 ], [ 565204.17357059486676, 991055.196695799357258 ], [ 565336.836522512952797, 991021.519200132810511 ], [ 565419.976223396137357, 990988.448749472969212 ], [ 565523.530239689163864, 991017.673268197104335 ], [ 565565.177236556774005, 991030.885005672345869 ], [ 565767.362582122441381, 991013.321222755359486 ], [ 565993.034321716986597, 990961.893285677419044 ], [ 566290.541260055499151, 990870.914987957105041 ], [ 566456.061543807503767, 990845.268260638578795 ], [ 566504.363033645786345, 990842.113038641167805 ], [ 566563.684344265144318, 990860.622682898771018 ], [ 566619.482589716091752, 990863.896031917072833 ], [ 566671.994901967700571, 990839.278363148448989 ], [ 566758.705001321388409, 990818.912634457694367 ], [ 566822.035031735431403, 990758.996681493008509 ], [ 566879.635463018203154, 990666.094101860304363 ], [ 566951.458074437920004, 990559.456920910044573 ], [ 567109.979361028177664, 990500.806122728739865 ], [ 567138.328970240196213, 990478.398759523290209 ], [ 567142.539709708886221, 990456.936362805194221 ], [ 567148.327904623001814, 990419.039719993714243 ], [ 567146.21625937288627, 990396.227516531711444 ], [ 567148.457609736709855, 990344.36010909860488 ], [ 567162.074492011452094, 990295.175466705812141 ], [ 567195.108983465353958, 990225.996339652803726 ], [ 567312.84905656799674, 990175.663886847672984 ], [ 567982.22062406456098, 989887.098744051181711 ], [ 568013.879933811957017, 989891.316699654445983 ], [ 568038.908713840995915, 989910.635972977848724 ], [ 568072.798316395375878, 989931.338747248169966 ], [ 568150.873508283635601, 989965.286362505867146 ], [ 568291.935590189183131, 990025.386398386093788 ], [ 568515.93669819040224, 990130.890606561442837 ], [ 568655.432362862746231, 990139.072434914414771 ], [ 568777.01678849500604, 990154.610999454045668 ], [ 568825.294560331269167, 990152.720639645471238 ], [ 568882.693871073308401, 990138.29354104376398 ], [ 568974.551721060066484, 990114.197767632082105 ], [ 569159.252247246913612, 990081.208610235713422 ], [ 569194.837821473833174, 990079.149604208418168 ], [ 569221.444063616567291, 990082.034500826965086 ], [ 569240.150619486346841, 990100.003943850286305 ], [ 569246.188664502697065, 990116.539368598721921 ], [ 569259.842037440510467, 990133.175922550610267 ], [ 569274.835724344011396, 990146.032911712653004 ], [ 569288.654978749807924, 990153.811152381589636 ], [ 569313.944621205562726, 990159.210134578868747 ], [ 569348.237299314234406, 990158.399724359624088 ], [ 569372.850130116334185, 990132.145002592587844 ], [ 569406.702942296862602, 990087.026152148493566 ], [ 569450.571430199663155, 990020.108256447245367 ], [ 569969.645310823456384, 989698.866611956385896 ], [ 570410.079756651539356, 989361.804601200739853 ], [ 570558.039471065858379, 989305.754956586984918 ], [ 570591.201787214144133, 989293.30154931533616 ], [ 570609.139858052018099, 989278.196010788204148 ], [ 570624.62262310879305, 989254.183480656938627 ], [ 570631.185594071750529, 989232.64473988302052 ], [ 570636.539376562112011, 989204.747889108490199 ], [ 570641.843915039906278, 989181.930021428852342 ], [ 570690.648982178303413, 989128.957388554699719 ], [ 570745.684617262799293, 989088.729119395138696 ], [ 570825.938044556416571, 989069.004437903058715 ], [ 570947.645802037091926, 989099.10943808068987 ], [ 571078.273406386375427, 989126.740571281639859 ], [ 571204.076557863736525, 989127.66944111220073 ], [ 571314.27007214887999, 989119.166145114228129 ], [ 571398.708858126308769, 989107.51912596647162 ], [ 571491.743543707882054, 989080.2694869665429 ], [ 571594.833397507434711, 989064.522553426795639 ], [ 571744.125094340997748, 989002.132574253133498 ], [ 571842.648666647379287, 988933.018639264046215 ], [ 571978.048216261668131, 988861.637089789728634 ], [ 572009.82899651909247, 988860.601757235592231 ], [ 572031.44386423972901, 988859.49140939838253 ], [ 572058.215493284980766, 988850.800086734932847 ], [ 572078.719528173911385, 988833.17365760228131 ], [ 572221.382811596500687, 988667.877626317786053 ], [ 572302.906857860507444, 988648.16166029847227 ], [ 572337.204500998836011, 988649.684503603959456 ], [ 572396.388104231911711, 988705.993884274968877 ], [ 572445.88544284843374, 988712.708181011606939 ], [ 572507.721258029690944, 988757.60859134583734 ], [ 572573.812023479491472, 988756.826232865802012 ], [ 572672.966630145907402, 988753.748033581534401 ], [ 572719.947125626727939, 988757.904033617000096 ], [ 572760.118972133030184, 988808.993818460265175 ], [ 572854.785156530095264, 988875.723557732882909 ], [ 573014.025650183553807, 988967.056423856178299 ], [ 573096.960263450513594, 989064.175818941323087 ], [ 573186.174905931111425, 989168.960608778405003 ], [ 573281.915473819011822, 989256.015771893202327 ], [ 573328.515044796164148, 989299.533992578857578 ], [ 573352.376449298113585, 989328.916302508208901 ], [ 573400.615598193602636, 989334.351330264122225 ], [ 573450.223843332962133, 989329.637696594698355 ], [ 573559.495674622594379, 989331.713106222334318 ], [ 573621.725344938458875, 989335.981375573785044 ], [ 573657.207898771506734, 989346.401682818075642 ], [ 573709.271616598358378, 989350.59499003412202 ], [ 573739.499120101565495, 989378.754365112166852 ], [ 573789.812759409076534, 989432.458682813332416 ], [ 573822.26221573993098, 989493.650407926761545 ], [ 573852.145609133178368, 989557.362930238130502 ], [ 573864.582687546964735, 989585.391202023834921 ], [ 573888.063193027861416, 989654.135946609429084 ], [ 573904.2264879377326, 989691.080622880952433 ], [ 573968.223498582607135, 989775.362207225873135 ], [ 574054.204312775284052, 989820.440579639747739 ], [ 574151.671088794828393, 989860.524197962484322 ], [ 574295.06928928301204, 989881.898549091652967 ], [ 574352.16706485778559, 989891.208246801281348 ], [ 574433.482856270158663, 989893.07729107781779 ], [ 574470.273207218153402, 989899.697623765445314 ], [ 574512.035980243352242, 989917.783230534405448 ], [ 574545.014087735791691, 989924.375463468721136 ], [ 574666.018117923056707, 989896.060454172082245 ], [ 574761.299948416068219, 989899.302110444405116 ], [ 574782.7307320733089, 989917.237884301110171 ], [ 574848.318431615014561, 989968.515051924739964 ], [ 574916.349390757153742, 990029.969027309212834 ], [ 574939.953149778419174, 990086.016344933304936 ], [ 574949.529479573131539, 990147.039754543802701 ], [ 574954.170217344420962, 990192.78860289498698 ], [ 574949.694526644656435, 990261.327645341283642 ], [ 574927.329961700132117, 990339.893746742163785 ], [ 574896.524676549248397, 990371.413123581092805 ], [ 574851.66735012549907, 990410.448088399367407 ], [ 574811.905317371129058, 990448.250731964479201 ], [ 574770.909376392373815, 990482.234718081192113 ], [ 574581.062954831519164, 990532.899822029285133 ], [ 574552.909707116545178, 990553.010009807767347 ], [ 574546.45761628926266, 990563.121289181988686 ], [ 574542.202941360417753, 990608.804658477194607 ], [ 574507.081423163879663, 990692.356180622358806 ], [ 574466.864547661854886, 990777.140022411826067 ], [ 574419.293474661535583, 990833.93287118524313 ], [ 574410.04174814815633, 990870.690471456502564 ], [ 574415.879329007584602, 990924.067410491406918 ], [ 574431.833809803822078, 990982.598354354035109 ], [ 574494.068928839173168, 991117.661811174359173 ], [ 574533.327269354951568, 991131.919585077906959 ], [ 574594.323721095104702, 991132.369139353977516 ], [ 574655.418497465900145, 991122.660543411388062 ], [ 574744.826370193157345, 991076.334720425191335 ], [ 574901.407319775549695, 990917.486573812551796 ], [ 574925.822063140687533, 990889.729624665575102 ], [ 574973.024446005467325, 990871.029559912276454 ], [ 575066.293587800231762, 990819.652609322452918 ], [ 575076.557947675115429, 990809.569379256339744 ], [ 575104.809504076489247, 990779.300963691785 ], [ 575145.80549289775081, 990745.316861741710454 ], [ 575185.420142138260417, 990722.751278122072108 ], [ 575253.028322307858616, 990696.582320515997708 ], [ 575337.893405463197269, 990594.349112054565921 ], [ 575426.668936036410742, 990481.985849106917158 ], [ 575465.025037756771781, 990458.141086159390397 ], [ 575655.104822638677433, 990383.349540929775685 ], [ 575714.854983643162996, 990381.249787293374538 ], [ 575754.457243821234442, 990359.953846790827811 ], [ 575796.195748887490481, 990380.578836886794306 ], [ 575844.189810149604455, 990411.408722489490174 ], [ 575912.159894588519819, 990479.211493794224225 ], [ 575974.703145185252652, 990582.530312973307446 ], [ 576010.351721186307259, 990707.238763896399178 ], [ 576058.063452004105784, 990767.273343556676991 ], [ 576146.973544737673365, 990903.802770965150557 ], [ 576331.107122055487707, 991104.550398901803419 ], [ 576383.556147544994019, 991145.54796273750253 ], [ 576422.802483961218968, 991161.075196385616437 ], [ 576483.602707861806266, 991181.840527430991642 ], [ 576535.630379481590353, 991189.842657494125888 ], [ 576588.572766879107803, 991234.677509497269057 ], [ 576603.514999882318079, 991266.534048428758979 ], [ 576606.836178116383962, 991317.352998121525161 ], [ 576597.449695254210383, 991368.078425478306599 ], [ 576583.833437919500284, 991461.948087648604997 ], [ 576561.198995016166009, 991568.450045715901069 ], [ 576539.086233266862109, 991752.417659371159971 ], [ 576528.962887581670657, 991879.329705904703587 ], [ 576538.183484614710324, 991977.177302189404145 ], [ 576568.73700118646957, 992103.119089295272715 ], [ 576652.466438046190888, 992249.770347819430754 ], [ 576745.889554588124156, 992313.951563237118535 ], [ 576797.856137824244797, 992328.302681224653497 ], [ 576964.143152670236304, 992348.574773777276278 ], [ 577021.180594461387955, 992364.233041565865278 ], [ 577116.365803935797885, 992377.632326639373787 ], [ 577278.81611429748591, 992400.415698622935452 ], [ 577498.525012100231834, 992416.00105398951564 ], [ 577603.180014789104462, 992409.107378142536618 ], [ 577718.57770113623701, 992396.032292994786985 ], [ 577950.361950792022981, 992345.672637034207582 ], [ 578103.198588408413343, 992311.240385493263602 ], [ 578163.109094389830716, 992292.632929883780889 ], [ 578204.043858115794137, 992264.996791489887983 ], [ 578236.070915713207796, 992238.565007725381292 ], [ 578256.636449755867943, 992214.588675230857916 ], [ 578276.066171166603453, 992176.635395359597169 ], [ 578294.458229480078444, 992114.546922479872592 ], [ 578327.989138787728734, 992063.998628666158766 ], [ 578340.856380327022634, 992047.584917158586904 ], [ 578370.243684749817476, 992031.292680764803663 ], [ 578390.563804652309045, 992032.711968383169733 ], [ 578435.102250007563271, 992026.690099862171337 ], [ 578494.926794401486404, 992016.97099794622045 ], [ 578549.582368030911312, 992016.102975337416865 ], [ 578576.305438155424781, 992012.489833009312861 ], [ 578591.567001687246375, 992011.332165415282361 ], [ 578619.58538178994786, 992005.188796379021369 ], [ 578859.607254629721865, 991891.394910793052986 ], [ 578890.142642066464759, 991887.809743341174908 ], [ 578902.850388942984864, 991887.903149180230685 ], [ 578949.81999578117393, 991893.327871060580947 ], [ 578954.841771104722284, 991899.714141252683476 ], [ 578977.691190532641485, 991902.421828324673697 ], [ 578997.974532251013443, 991907.650397161720321 ], [ 579023.390034214244224, 991907.837195624830201 ], [ 579058.934946508146822, 991911.908054741797969 ], [ 579089.445817418396473, 991910.862421432277188 ], [ 579139.018320923205465, 991909.956871307455003 ], [ 579212.735564933856949, 991909.228745147353038 ], [ 579272.396533417399041, 991907.116181563236751 ], [ 579277.183822941617109, 991982.099819507100619 ], [ 579237.318870119634084, 992338.522878755466081 ], [ 579224.400551720988005, 992284.889073129859753 ], [ 579192.62216962990351, 992281.153957774629816 ], [ 579163.234840204007924, 992297.446344175026752 ], [ 579148.022546430118382, 992306.376465867622755 ], [ 579136.35226888791658, 992317.566760808113031 ], [ 579146.309991874615662, 992339.227826863294467 ], [ 579155.058261790778488, 992354.53062943869736 ], [ 579151.098749461816624, 992369.740031537017785 ], [ 579139.465505871805362, 992389.972534050000831 ], [ 579124.458489928627387, 992400.944769678753801 ], [ 579101.614042499335483, 992402.238033988396637 ], [ 579051.867661307798699, 992380.439536390011199 ], [ 578980.495569944032468, 992401.502780528971925 ], [ 578719.02924974844791, 992498.630842591868713 ], [ 578659.020516414893791, 992527.396755726193078 ], [ 578623.193361520883627, 992552.530829955707304 ], [ 578593.683283705962822, 992581.520974019542336 ], [ 578560.336324412608519, 992613.022651758044958 ], [ 578545.977416582871228, 992652.283208304550499 ], [ 578549.470750538515858, 992685.325667816447094 ], [ 578572.111653416417539, 992709.619802530272864 ], [ 578588.521357760764658, 992721.169356180820614 ], [ 578617.589780139620416, 992737.891499286750332 ], [ 578637.787290321430191, 992752.008658526930958 ], [ 578652.86487890034914, 992769.89780014869757 ], [ 578659.04701204772573, 992787.721533297677524 ], [ 578661.416806361288764, 992805.51723524578847 ], [ 578654.866603232570924, 992825.787101768190041 ], [ 578649.587178041576408, 992846.066314079682343 ], [ 578639.261438317131251, 992862.49878831836395 ], [ 578634.055625139619224, 992875.159280232619494 ], [ 578636.41314586205408, 992894.224776821676642 ], [ 578647.727475732448511, 992907.006751694250852 ], [ 578656.549322990700603, 992914.690888404962607 ], [ 578681.964932667789981, 992914.877779668546282 ], [ 578728.032021613325924, 992882.199701954610646 ], [ 578776.419827729347162, 992872.39647314872127 ], [ 578808.226145585300401, 992868.820703083532862 ], [ 578841.266440985840745, 992869.063633754383773 ], [ 578850.112833661376499, 992874.208187669981271 ], [ 578861.451716769021004, 992884.450578920543194 ], [ 578858.787475740769878, 992897.129769754828885 ], [ 578820.541369531070814, 992909.54734307678882 ], [ 578723.446742108557373, 992962.168288359185681 ], [ 578695.305525419767946, 992981.009528323891573 ], [ 578619.360142310149968, 993080.771437791408971 ], [ 578496.893460625666194, 993260.193575888173655 ], [ 578351.981972467852756, 993395.004813168663532 ], [ 578258.588924503186718, 993459.081675475114025 ], [ 578146.453203721321188, 993490.003719986416399 ], [ 578063.631394039606676, 993512.252215154003352 ], [ 578026.729599657235667, 993517.060225979192182 ], [ 578003.468490237137303, 993518.28158713679295 ], [ 577984.744675871683285, 993521.83082848333288 ], [ 577937.374412433011457, 993546.867580562713556 ], [ 578011.849449037224986, 994196.365506758913398 ], [ 577886.821769611909986, 994317.32630362524651 ], [ 577849.305941043654457, 994385.623953927657567 ], [ 577871.161051669507287, 994491.185279136756435 ], [ 577898.03792911733035, 994603.133058042149059 ], [ 577903.937581971171312, 994650.162278349860571 ], [ 577898.608859268249944, 994675.520788528956473 ], [ 577890.861339101335034, 994688.162629538332112 ], [ 577866.581275780219585, 994701.95266640058253 ], [ 577846.174972136272117, 994709.421780381118879 ], [ 577835.836753143579699, 994727.124097176943906 ], [ 577833.025038606137969, 994755.040912780445069 ], [ 577831.533227808307856, 994777.887899033376016 ], [ 577818.690259490860626, 994791.762119672377594 ], [ 577805.663100956589915, 994824.683293740497902 ], [ 577782.383658049162477, 994866.418212145217694 ], [ 577763.125329868635163, 994886.594643380027264 ], [ 577757.857972609926946, 994905.604182754294015 ], [ 577761.510707286419347, 994922.139614593004808 ], [ 577783.456739785964601, 994950.129788002814166 ], [ 577776.445083889062516, 994969.125595186720602 ], [ 577761.669044718844816, 994975.496949217631482 ], [ 577863.179985616588965, 995053.686562906834297 ], [ 577891.966137165436521, 995099.614476954680867 ], [ 577933.374267588020302, 995154.52454405638855 ], [ 577965.935984427807853, 995204.28994526329916 ], [ 578013.317463859217241, 995298.610622275271453 ], [ 578030.727920718141831, 995338.105402383720502 ], [ 578054.725654791225679, 995353.520746359485202 ], [ 578109.075106802512892, 995384.39820459310431 ], [ 578131.789781188010238, 995401.073994673904963 ], [ 578129.002617391641252, 995426.451314320787787 ], [ 578124.883262660354376, 995458.168290685745887 ], [ 578116.693659880198538, 995516.523048182716593 ], [ 578076.1447433156427, 995635.594467969727702 ], [ 578052.140669104177505, 995752.247944182832725 ], [ 578038.941497484687716, 995802.946524801314808 ], [ 578052.63781558687333, 995832.254920310224406 ], [ 578066.113091314444318, 995884.419793067499995 ], [ 578090.853622789029032, 995954.446145213907585 ], [ 578160.405195269151591, 996034.92469804675784 ], [ 578435.049121477059089, 996259.879327415139414 ], [ 578388.827964619733393, 996288.082683571381494 ], [ 578375.628780345083214, 996338.78143515822012 ], [ 578353.423459439887665, 996400.842980906250887 ], [ 578336.571486100088805, 996435.006178972893395 ], [ 578332.574881187058054, 996454.025235217181034 ], [ 578339.95408725051675, 996479.47753410867881 ], [ 578352.527021647663787, 996493.538981604739092 ], [ 578363.878276074654423, 996502.511840146500617 ], [ 578377.734295213711448, 996515.312835595919751 ], [ 578385.647635131375864, 996535.353280499577522 ], [ 578378.972622340545058, 996572.383986239088699 ], [ 578360.905884025734849, 996602.761791075346991 ], [ 578339.040975159965456, 996632.18808271700982 ], [ 578296.310634713037871, 996655.672224903013557 ], [ 578272.091702586854808, 996663.113311987603083 ], [ 578249.217259052675217, 996662.944896566681564 ], [ 578231.185530526563525, 996673.23324824613519 ], [ 578219.76774077268783, 996685.586262315977365 ], [ 578214.403763762209564, 996700.569414186640643 ], [ 578221.451050744741224, 996714.686363829881884 ], [ 578230.836522440309636, 996723.76475696626585 ], [ 578242.187777549726889, 996732.737634931690991 ], [ 578250.54044698830694, 996746.456209347234108 ], [ 578245.74227721162606, 996759.431710192351602 ], [ 578238.043770733405836, 996766.994428730802611 ], [ 578211.172683855053037, 996785.845082073006779 ], [ 578133.395778749254532, 996811.940295651322231 ], [ 578121.502860210137442, 996828.424822973669507 ], [ 578129.27631283912342, 996843.657472322578542 ], [ 578154.643248554086313, 996848.923864557407796 ], [ 578197.825998132466339, 996851.781636270927265 ], [ 578229.485548565047793, 996863.443859101738781 ], [ 578251.609983638860285, 996874.818252690020017 ], [ 578257.283566557220183, 996880.15725073183421 ], [ 578263.551613967050798, 996889.092710084514692 ], [ 578281.232333669206128, 996900.652003581868485 ], [ 578306.636131142149679, 996902.108950482099317 ], [ 578314.199548319913447, 996908.514145240653306 ], [ 578317.248351921327412, 996918.998188770143315 ], [ 578314.00304607686121, 996928.831121021299623 ], [ 578302.406149305636063, 996945.254453817731701 ], [ 578278.039798940531909, 996967.933272314141504 ], [ 578265.061555498978123, 996995.775548659497872 ], [ 578259.503691506339237, 997083.995077092666179 ] ] ] ] } },
{ "type": "Feature", "properties": { "FID_1": 24, "AREA_HA": 45364.199, "RESERVA": "RESERVA INDIGENA BRIBRI DE TALAMANCA", "are_ha": 45369.12, "RI": "RESERVA INDIGENA" }, "geometry": { "type": "MultiPolygon", "coordinates": [ [ [ [ 617714.935355614637956, 1065211.2241194115486 ], [ 618204.8477267625276, 1065486.325342059135437 ], [ 618464.300487981061451, 1066111.17964006587863 ], [ 618923.984501370810904, 1066336.316711533814669 ], [ 619023.822767003905028, 1066511.290589672047645 ], [ 619638.66129529371392, 1066461.629194408422336 ], [ 619661.146900094579905, 1066617.716401405632496 ], [ 619700.063631347031333, 1066717.915622652275488 ], [ 619759.697261340683326, 1066810.251537561416626 ], [ 619794.164000975666568, 1066875.788318478502333 ], [ 619817.682846486801282, 1066956.066863088868558 ], [ 619836.731048958492465, 1067071.825185356894508 ], [ 619854.082450386486016, 1067172.192401533946395 ], [ 619867.00007959571667, 1067260.853930943878368 ], [ 619889.393109274096787, 1067338.524119395297021 ], [ 619923.027671223506331, 1067419.322360984049737 ], [ 619959.052479648846202, 1067502.794068615883589 ], [ 619988.461333609651774, 1067568.071306851692498 ], [ 620015.255691177328117, 1067611.533559502102435 ], [ 620037.617911344976164, 1067701.290391614194959 ], [ 620422.237508621183224, 1068051.336533020017669 ], [ 621287.444873552303761, 1067402.063110546441749 ], [ 622222.255077303154394, 1067262.600273465272039 ], [ 622352.525135375675745, 1066837.849848648533225 ], [ 622612.407518001971766, 1066887.95982267591171 ], [ 622887.776710027945228, 1066263.368614035658538 ], [ 623552.931399462861009, 1065763.918154507409781 ], [ 623588.227475963300094, 1065339.119550825562328 ], [ 623488.421205911203288, 1065114.167392650153488 ], [ 623563.786586377304047, 1064574.439615797018632 ], [ 623764.053823367925361, 1064114.739253422711045 ], [ 623315.628224623505957, 1062115.399095556465909 ], [ 623765.766882768715732, 1061715.796311137266457 ], [ 624041.180631575989537, 1061006.24557910580188 ], [ 623991.472196420421824, 1061032.181935542728752 ], [ 623945.337105908314697, 1061057.090268691536039 ], [ 623901.917195800226182, 1061068.043002223130316 ], [ 623830.291655581328087, 1061095.20626033958979 ], [ 623788.098582673585042, 1061109.987267333548516 ], [ 623762.377380134654231, 1061131.311774847563356 ], [ 623741.578884391346946, 1061166.678163688862696 ], [ 623680.444894092157483, 1061168.530343907419592 ], [ 623607.854063533828594, 1061170.253052472369745 ], [ 623264.998982209945098, 1060990.914977095555514 ], [ 623227.148025504895486, 1060962.514783593360335 ], [ 623195.096727028023452, 1060875.692270301515236 ], [ 623195.53147699998226, 1060734.563473956193775 ], [ 623222.394940083147958, 1060513.630509413545951 ], [ 623264.976267568301409, 1060361.534798834938556 ], [ 623282.986342790070921, 1060240.94833739916794 ], [ 623293.158528370200656, 1060136.802502072183415 ], [ 623254.976597460568883, 1059925.306803565705195 ], [ 623232.866476044757292, 1059753.408437883248553 ], [ 623183.504458601702936, 1059518.900335676269606 ], [ 623122.147313122171909, 1059328.758376150159165 ], [ 622909.567845867481083, 1059115.293516073841602 ], [ 622731.681847875937819, 1058875.520048649283126 ], [ 622537.751457051490434, 1058699.138865393353626 ], [ 622489.154962506960146, 1058506.599014982813969 ], [ 622387.324484015465714, 1058294.386139760026708 ], [ 622327.548045045812614, 1058078.834110161289573 ], [ 622325.236158190178685, 1057954.204924948513508 ], [ 622300.97628476168029, 1057854.757098632864654 ], [ 622248.880332897300832, 1057741.00890019419603 ], [ 622237.180936816381291, 1057655.689066466409713 ], [ 622251.906230573309585, 1057596.096840203972533 ], [ 622268.670023711631075, 1057578.485747619066387 ], [ 622317.546798492316157, 1057642.610628525028005 ], [ 622333.695548160583712, 1057675.850919610820711 ], [ 622356.255249706329778, 1057705.349241343326867 ], [ 622394.505687605938874, 1057700.695376789430156 ], [ 622436.728781519341283, 1057683.371779836714268 ], [ 622464.980015640263446, 1057663.347474338952452 ], [ 622499.488441939349286, 1057652.294037661515176 ], [ 622550.376283190911636, 1057655.411611100891605 ], [ 622596.218398303491995, 1057654.657820455962792 ], [ 622658.547568895854056, 1057659.176035996992141 ], [ 622735.079244241467677, 1057647.325634714681655 ], [ 622777.379223468364216, 1057623.645536937983707 ], [ 622794.43512323522009, 1057581.879946966655552 ], [ 622824.466647920780815, 1057519.91751253255643 ], [ 622818.289333870401606, 1057399.05911528156139 ], [ 622770.749818643089384, 1057224.332515738205984 ], [ 622780.216918918071315, 1057073.135902531445026 ], [ 622779.054462462547235, 1056958.691610173787922 ], [ 622755.544520934461616, 1056902.482083541341126 ], [ 622808.381582543253899, 1056849.677394149824977 ], [ 622869.929544690530747, 1056813.499963710783049 ], [ 622920.020835126750171, 1056777.193181761773303 ], [ 622972.811742604360916, 1056728.202289530308917 ], [ 623079.958484912989661, 1056606.080438466044143 ], [ 623162.181162852328271, 1056544.707129146903753 ], [ 623238.804822271922603, 1056525.228666240349412 ], [ 623317.636324827210046, 1056533.747156832600012 ], [ 623373.539139383006841, 1056543.278306713560596 ], [ 623429.226822755648755, 1056570.607433165889233 ], [ 623519.161620053346269, 1056608.494747219374403 ], [ 623617.530836048070341, 1056685.892482903087512 ], [ 623774.625578062376007, 1056749.966958754695952 ], [ 623886.554401891538873, 1056758.858898908831179 ], [ 624074.110750963096507, 1056725.374571657041088 ], [ 624149.049117506132461, 1056634.67500761593692 ], [ 624178.05307851859834, 1056552.357327623991296 ], [ 624183.913150825421326, 1056488.850417258916423 ], [ 624154.053337216028012, 1056431.297776661580428 ], [ 624142.153321609017439, 1056362.504663015715778 ], [ 624119.365054301568307, 1056246.544719193596393 ], [ 624125.501606156234629, 1056160.154738934477791 ], [ 624138.095129697117954, 1056066.208879452897236 ], [ 624182.620257926639169, 1055963.723087584832683 ], [ 624270.013361287303269, 1055790.519258421612903 ], [ 624298.26629428495653, 1055664.963666735216975 ], [ 624269.925110145821236, 1055587.085069336462766 ], [ 624215.909633753122762, 1055526.717277388088405 ], [ 624145.990791046759114, 1055412.768960582558066 ], [ 624005.339125201106071, 1055252.250455952715129 ], [ 623945.143262336612679, 1055176.555620998842642 ], [ 623895.820385673781857, 1055149.298708241665736 ], [ 623649.864751000306569, 1055063.879703073529527 ], [ 623584.546485638595186, 1054990.670076964655891 ], [ 623556.251534140552394, 1054908.977981053059921 ], [ 623574.382068507838994, 1054778.22303831577301 ], [ 623637.878195540863089, 1054686.123374723363668 ], [ 623714.380288304993883, 1054571.284279946004972 ], [ 623796.895573359215632, 1054380.225967344362289 ], [ 623812.679498604964465, 1054232.91581308352761 ], [ 623802.912108470220119, 1054092.946256483439356 ], [ 623775.737912379554473, 1053918.451378912199289 ], [ 623702.186084658955224, 1053683.675645523937419 ], [ 623738.447246499243192, 1053316.636660664109513 ], [ 623825.147452525212429, 1053200.641262779245153 ], [ 623986.369546853238717, 1053028.270957205910236 ], [ 624051.919440056895837, 1052976.880692157428712 ], [ 624138.005385198513977, 1052911.736006686929613 ], [ 624251.773891663411632, 1052873.603669378673658 ], [ 624351.67807506932877, 1052823.871981831500307 ], [ 624408.393980381428264, 1052766.024775056634098 ], [ 624455.064381930744275, 1052696.621318172896281 ], [ 624527.132391978986561, 1052632.589878827566281 ], [ 624584.56868382403627, 1052620.522761277388781 ], [ 624741.969679963774979, 1052659.168624204117805 ], [ 625345.241684895707294, 1052780.39724980876781 ], [ 625616.120453449781053, 1052805.064115039538592 ], [ 625676.210247728042305, 1052784.126510336762294 ], [ 625709.721378521062434, 1052750.174923714483157 ], [ 625769.044508224586025, 1052687.270788451191038 ], [ 625823.429201790480874, 1052611.596493135206401 ], [ 625871.234299656120129, 1052553.648358648410067 ], [ 625889.715356566128321, 1052499.184210940496996 ], [ 625885.267847780836746, 1052445.733217273838818 ], [ 625847.892230010824278, 1052377.92534813284874 ], [ 625790.011271710391156, 1052321.329545663902536 ], [ 625665.062609811197035, 1052230.920567253837362 ], [ 625419.720452418085188, 1052094.65467460360378 ], [ 625416.346492187352851, 1052057.744724048301578 ], [ 625412.19048904068768, 1051980.139701401814818 ], [ 625436.806122610694729, 1051944.816527845570818 ], [ 625533.88798283948563, 1051917.938363875728101 ], [ 625625.816682797507383, 1051896.087890598224476 ], [ 625739.124828476225957, 1051896.09279152401723 ], [ 625820.271720812655985, 1051923.707222801633179 ], [ 625919.193986911443062, 1051955.33620839798823 ], [ 626016.720639967359602, 1051997.121048515662551 ], [ 626105.029893899685703, 1052064.231043108738959 ], [ 626260.177012544707395, 1052184.223318286472932 ], [ 626378.025163727579638, 1052230.051422816701233 ], [ 626454.448611392872408, 1052227.097821008646861 ], [ 626503.143076842068695, 1052200.945780004840344 ], [ 626493.34284484188538, 1052169.049132695887238 ], [ 626466.150647691683844, 1052101.356001481646672 ], [ 626434.23470582079608, 1052003.094897174509242 ], [ 626420.109467539470643, 1051907.577098231529817 ], [ 626425.891338219749741, 1051744.896737329894677 ], [ 626464.555251396028325, 1051600.387014083564281 ], [ 626529.797765980474651, 1051468.891081447945908 ], [ 626600.300945205264725, 1051428.998612263705581 ], [ 626636.066341495956294, 1051419.229736297158524 ], [ 626703.808939655311406, 1051397.106416577938944 ], [ 626769.128291468718089, 1051364.784203078132123 ], [ 626857.529483487363905, 1051318.735902001615614 ], [ 626925.548050600802526, 1051273.729533943114802 ], [ 626997.492787798168138, 1051219.867197758052498 ], [ 627046.769600613391958, 1051145.406472069909796 ], [ 627065.204186792369001, 1051094.756059821229428 ], [ 627067.45826685836073, 1051013.4087539894972 ], [ 627047.182389498804696, 1050900.021672069793567 ], [ 626954.363480052910745, 1050784.546625152695924 ], [ 626886.743077479070053, 1050690.969885167200118 ], [ 626857.925055452389643, 1050652.502125374041498 ], [ 626846.974354179110378, 1050610.421160967089236 ], [ 626846.007986289914697, 1050584.981378432363272 ], [ 626875.607788613066077, 1050558.6142114601098 ], [ 626897.293957294430584, 1050555.043977102031931 ], [ 626948.196709714015014, 1050556.888381436001509 ], [ 627023.300894849700853, 1050557.73373453412205 ], [ 627074.341621091356501, 1050548.136657109716907 ], [ 627092.270253405673429, 1050539.438328808173537 ], [ 627092.392876455676742, 1050529.268141607986763 ], [ 627093.911074101109989, 1050508.942095598205924 ], [ 627092.837382054771297, 1050492.401215909980237 ], [ 627084.049337009666488, 1050482.130739443004131 ], [ 627080.383756951196119, 1050469.375026592286304 ], [ 627083.082937818951905, 1050456.690950537100434 ], [ 627085.797445384785533, 1050442.735601841472089 ], [ 627099.937866976251826, 1050431.451742754783481 ], [ 627131.960928053362295, 1050415.283366362331435 ], [ 627184.274590882356279, 1050405.700575010618195 ], [ 627222.433332949178293, 1050322.611035203794017 ], [ 616977.899017594987527, 1047869.162377712316811 ], [ 616984.673477837117389, 1037874.450176767772064 ], [ 615066.000891333562322, 1037124.015139260212891 ], [ 615022.306293703382835, 1037128.965237035532482 ], [ 614954.707533401437104, 1037139.646168277482502 ], [ 614849.352751126163639, 1037114.304493499104865 ], [ 614759.318141372525133, 1037085.321287679485977 ], [ 614676.0004430556437, 1037027.172956223599613 ], [ 614573.31415791506879, 1036991.690591401653364 ], [ 614473.434279004461132, 1036934.627107907435857 ], [ 614388.629221700015478, 1036894.260741385980509 ], [ 614273.16868559026625, 1036862.448497871402651 ], [ 614160.146550886332989, 1036839.563025670708157 ], [ 614070.909720082650892, 1036850.000064349267632 ], [ 614046.648061614949256, 1036823.727447939687409 ], [ 613826.73138428630773, 1036843.617695928434841 ], [ 610789.253750892938115, 1035123.220339096500538 ], [ 609189.985262208152562, 1035122.487002804875374 ], [ 609188.368015006184578, 1037471.136054789414629 ], [ 607238.217928353929892, 1038944.371897311881185 ], [ 603339.544261806644499, 1039567.113568761502393 ], [ 598491.609921434312128, 1039814.520916015142575 ], [ 599603.709914360078983, 1045100.893956781132147 ], [ 599630.086628139601089, 1045214.339265236398205 ], [ 599729.666162664769217, 1045292.113309377455153 ], [ 601035.637726631131954, 1046312.108939475612715 ], [ 601134.942075264290906, 1047186.673373656347394 ], [ 603257.855688101612031, 1048761.912890579318628 ], [ 602857.206051242654212, 1049861.106773423962295 ], [ 602872.332930426578969, 1049968.700881630182266 ], [ 602851.581132194260135, 1050037.591277804458514 ], [ 602832.868579102912918, 1050093.852293005445972 ], [ 602796.739639217732474, 1050142.694234015420079 ], [ 602768.128743418492377, 1050214.939322010148317 ], [ 602751.080571999307722, 1050307.004403867293149 ], [ 602743.887776044895872, 1050362.680371028138325 ], [ 602753.838080724701285, 1050409.18204899225384 ], [ 602749.145251357811503, 1050444.605296411784366 ], [ 602725.961067355936393, 1050490.397234048228711 ], [ 602703.434051753836684, 1050546.429791469825432 ], [ 602675.821219714707695, 1050602.157685496844351 ], [ 602645.861938203917816, 1050675.597211324842647 ], [ 602601.72021184512414, 1050730.334933218779042 ], [ 602317.404823440359905, 1051021.890593217685819 ], [ 602267.639655322302133, 1051085.217469240073115 ], [ 602254.507270476780832, 1051112.48420418612659 ], [ 602242.108817710890435, 1051148.721012889407575 ], [ 602222.50843464396894, 1051198.553106416016817 ], [ 602223.328048944706097, 1051248.333375817863271 ], [ 602230.658491929178126, 1051295.953391678864136 ], [ 602229.131603298825212, 1051363.445326428860426 ], [ 602247.128341111936606, 1051382.3757120417431 ], [ 602298.959606180433184, 1051432.661742674419656 ], [ 602350.287322336109355, 1051470.166021067881957 ], [ 602390.479131367057562, 1051501.902528693899512 ], [ 602429.629862557048909, 1051529.751190182985738 ], [ 602467.969879613723606, 1051549.900323156733066 ], [ 602525.688862710027024, 1051566.109773409552872 ], [ 602570.112958124838769, 1051570.04629887570627 ], [ 602597.42779345670715, 1051561.481390031287447 ], [ 602644.0108672818169, 1051571.923048669472337 ], [ 602659.891535349190235, 1051604.753452033968642 ], [ 602672.418567554908805, 1051629.731983506353572 ], [ 602684.408086382085457, 1051663.604447301942855 ], [ 602693.351119489991106, 1051684.542791134444997 ], [ 602711.467550308909267, 1051722.607800271362066 ], [ 602730.701862408663146, 1051763.290110868401825 ], [ 602761.532852097414434, 1051802.116838936693966 ], [ 602797.680035769240931, 1051837.43656898336485 ], [ 602843.572087096050382, 1051859.313307307427749 ], [ 602884.301536541664973, 1051882.155927642947063 ], [ 602932.890097269322723, 1051901.643879306036979 ], [ 602974.891023049829528, 1051924.562669917941093 ], [ 603020.509895698982291, 1051929.845909805502743 ], [ 603068.825263644917868, 1051932.740355386631563 ], [ 603103.154608191573061, 1051934.796930729411542 ], [ 603154.823639549780637, 1051945.543256185250357 ], [ 603212.355334341526031, 1051985.969572104280815 ], [ 603244.798947546631098, 1051998.114484544843435 ], [ 603267.454833306372166, 1052003.297220378182828 ], [ 603299.010928699746728, 1052009.013137122383341 ], [ 603323.168636536225677, 1052010.460344023769721 ], [ 603352.412179894512519, 1052012.212223674869165 ], [ 603393.175639170221984, 1052013.379051757976413 ], [ 603428.622910361620598, 1052018.052897348301485 ], [ 603454.052086363662966, 1052019.576262852875516 ], [ 603490.617252168129198, 1052026.867401817347854 ], [ 603543.907854404649697, 1052053.01281155901961 ], [ 603588.801859103492461, 1052091.406876216642559 ], [ 603646.674724103766493, 1052105.075127029558644 ], [ 603692.447282777051441, 1052107.817161819664761 ], [ 603728.813532170373946, 1052107.683749122079462 ], [ 603781.560163299902342, 1052090.202504811342806 ], [ 603810.453705715597607, 1052076.631375976605341 ], [ 603852.368988542817533, 1052058.739642205880955 ], [ 603887.159126212354749, 1052053.172738460358232 ], [ 603951.039292978704907, 1052051.898789778118953 ], [ 603991.726038710330613, 1052054.336107898503542 ], [ 604030.757410322315991, 1052063.050093313446268 ], [ 604070.599548411788419, 1052079.463648681761697 ], [ 604050.956284737214446, 1052108.890955404378474 ], [ 604034.897048494312912, 1052142.358463588170707 ], [ 604020.920025023631752, 1052183.601713654352352 ], [ 604025.050594004103914, 1052220.829025149112567 ], [ 604021.398820771486498, 1052260.140478942077607 ], [ 604014.163010140298866, 1052295.41173080727458 ], [ 603996.951974552473985, 1052347.93777823401615 ], [ 603977.889066678821109, 1052388.876374781830236 ], [ 603957.060089966398664, 1052459.038059198530391 ], [ 603926.946925036842003, 1052535.019421635428444 ], [ 603886.004855173174292, 1052600.150717178825289 ], [ 603825.069378868560307, 1052679.386308242566884 ], [ 603776.959197052172385, 1052736.437155501218513 ], [ 603754.269307832582854, 1052752.93024865956977 ], [ 603729.736520129139535, 1052799.917010115925223 ], [ 603723.772080944967456, 1052835.26445340225473 ], [ 603723.730684906360693, 1052871.016792808659375 ], [ 603739.590682711219415, 1052902.778707315213978 ], [ 603764.659798305248842, 1052916.997474900679663 ], [ 603851.141702841618098, 1052986.989088875707239 ], [ 603863.97599646775052, 1053006.885522826341912 ], [ 603870.299393686233088, 1053028.942251011030748 ], [ 603868.840427654678933, 1053053.083103272598237 ], [ 603865.649268061155453, 1053084.771215036977082 ], [ 603854.325731684919447, 1053103.220422910992056 ], [ 603848.088052371051162, 1053121.974312301492319 ], [ 603836.994876651209779, 1053136.61180556868203 ], [ 603816.771081034443341, 1053154.527817998547107 ], [ 603796.777648316463456, 1053168.632113927975297 ], [ 603770.196524682454765, 1053186.167267102282494 ], [ 603733.759732861304656, 1053240.091961281606928 ], [ 603700.173010746948421, 1053289.086707710754126 ], [ 603688.235136265400797, 1053317.700481571257114 ], [ 603674.718634226708673, 1053351.320371051551774 ], [ 603655.578737415722571, 1053393.529575794702396 ], [ 603619.90978244447615, 1053434.74853926920332 ], [ 603594.916100771748461, 1053489.358771812170744 ], [ 603563.411494791856967, 1053546.129284284077585 ], [ 603504.122961475513875, 1053609.443841942120343 ], [ 603278.66689110326115, 1054333.94246006407775 ], [ 603876.548696148907766, 1056807.974636626662686 ], [ 603972.36857541964855, 1056766.233539728680626 ], [ 604050.978504663449712, 1056816.850358408875763 ], [ 604095.719285050756298, 1056857.786732724169269 ], [ 604115.687534975586459, 1056907.440348416799679 ], [ 604149.104479630943388, 1056966.826102387625724 ], [ 604190.884201529435813, 1057035.639273408800364 ], [ 604255.286090973298997, 1057131.311724168481305 ], [ 604298.200809610076249, 1057286.905970655148849 ], [ 604327.956940693431534, 1057343.522108690580353 ], [ 604358.822422270663083, 1057360.673774871975183 ], [ 604427.525227367295884, 1057385.193298425991088 ], [ 604476.848585379077122, 1057413.652437272714451 ], [ 604522.784181731753051, 1057455.935716860229149 ], [ 604553.274244314525276, 1057521.522234986536205 ], [ 604574.010559022193775, 1057558.470101828686893 ], [ 604590.616669475799426, 1057558.189889759756625 ], [ 604608.340664766030386, 1057560.52704386622645 ], [ 604657.31419811421074, 1057573.662914447486401 ], [ 604714.72734131582547, 1057594.955615068087354 ], [ 604781.040903741493821, 1057616.781590168131515 ], [ 604862.88541392958723, 1057656.115642468212172 ], [ 604934.17406231793575, 1057701.193206305382773 ], [ 604987.508314208942465, 1057747.74541587731801 ], [ 605045.348244883352891, 1057783.090831538196653 ], [ 605119.794341173372231, 1057818.156020483467728 ], [ 605186.108038220438175, 1057839.9819844099693 ], [ 605263.361656510038301, 1057849.711439016507939 ], [ 605321.926951022818685, 1057851.945182094583288 ], [ 605400.096062562661245, 1057933.21619742596522 ], [ 605774.590545269893482, 1058408.176043441984802 ], [ 606423.848023667116649, 1059058.196248134132475 ], [ 606760.568785609444603, 1058709.636243114247918 ], [ 606801.871081303572282, 1058701.909118280047551 ], [ 606858.354558718507178, 1058696.366728415945545 ], [ 606915.375610604300164, 1058681.930093426490203 ], [ 606982.065104161156341, 1058655.320638015400618 ], [ 607066.478779077180661, 1058631.048245091922581 ], [ 607116.715584404068068, 1058602.177839346462861 ], [ 607156.276838399353437, 1058559.915780993876979 ], [ 607169.093816437758505, 1058495.64815970743075 ], [ 607176.790794178494252, 1058452.752299640327692 ], [ 607200.599283314775676, 1058438.876208345405757 ], [ 607228.145472686970606, 1058426.499245927203447 ], [ 607270.676452296087518, 1058398.442346158903092 ], [ 607341.794732055277564, 1058361.896448249928653 ], [ 607379.009329637163319, 1058337.346639123046771 ], [ 607410.173599594389088, 1058307.333529849071056 ], [ 607422.418971964740194, 1058273.636590740643442 ], [ 607461.937304119579494, 1058210.96861782297492 ], [ 607516.849386620800942, 1058062.508914800360799 ], [ 607548.9011493899161, 1058038.924980117473751 ], [ 607579.758200983866118, 1058013.99426263011992 ], [ 607686.896198292728513, 1057951.551586049608886 ], [ 607977.845968671725132, 1057824.883267256198451 ], [ 608016.835595383658074, 1057813.191722466843203 ], [ 608092.818372889305465, 1057822.844355505192652 ], [ 608178.008814968634397, 1057827.947738553397357 ], [ 608280.727005072403699, 1057817.52342061442323 ], [ 608368.792460673488677, 1057753.937835620716214 ], [ 608443.264387548551895, 1057725.243674502708018 ], [ 608517.93281516013667, 1057714.414147696690634 ], [ 608576.421824382035993, 1057717.917869423981756 ], [ 608619.499267395352945, 1057723.048784506041557 ], [ 608656.953218393144198, 1057736.769275849917904 ], [ 608676.22223873436451, 1057755.776458976091817 ], [ 608695.107335859094746, 1057781.136682007927448 ], [ 608713.421091358293779, 1057837.067664268193766 ], [ 608735.617048528743908, 1057849.874153180746362 ], [ 608767.558155652601272, 1057849.237125474726781 ], [ 608797.263402107753791, 1057843.365326675120741 ], [ 608849.81273463263642, 1057818.458632013527676 ], [ 608889.723830738454126, 1057791.519647354958579 ], [ 608943.732053317828104, 1057742.471367730991915 ], [ 608964.95452858414501, 1057708.03682855470106 ], [ 609229.341030493145809, 1057683.067463270621374 ], [ 609247.833109911996871, 1057672.698290260508657 ], [ 609264.396443089004606, 1057652.011912209680304 ], [ 609273.177193630603142, 1057633.409763189498335 ], [ 609295.560559360776097, 1057621.998470014659688 ], [ 609321.604868030408397, 1057613.356885924935341 ], [ 609904.592301734606735, 1057574.315739726880565 ], [ 609928.333245160756633, 1057603.792428122833371 ], [ 609964.985833579557948, 1057651.89546695840545 ], [ 609978.170845434884541, 1057687.11593137239106 ], [ 609991.048738275421783, 1057727.418850412126631 ], [ 610004.276777170132846, 1057783.045288034249097 ], [ 610016.693987588281743, 1057830.971900713862851 ], [ 610025.109358274959959, 1057902.887844124576077 ], [ 610054.440050129313022, 1057945.451531362719834 ], [ 610095.828552575781941, 1057978.535784770734608 ], [ 610135.868778197327629, 1058012.814494721591473 ], [ 610196.713815590366721, 1058040.688127039698884 ], [ 612172.416113009909168, 1058086.692938720807433 ], [ 612771.64280353684444, 1058836.635309746023268 ], [ 612785.316486263182014, 1058853.748826435534284 ], [ 612807.469744454370812, 1058846.149076912319288 ], [ 612849.607536216033623, 1058782.361121703870595 ], [ 612870.215789533336647, 1058758.090903058182448 ], [ 612894.134800703963265, 1058721.266721682855859 ], [ 612912.890950984903611, 1058685.408548028441146 ], [ 612935.999056181055494, 1058640.884448216063902 ], [ 612967.00976390868891, 1058613.411570739233866 ], [ 613002.031751288799569, 1058604.032077495241538 ], [ 613056.553585226647556, 1058609.847929874202237 ], [ 613164.709615998901427, 1058615.05032048560679 ], [ 613207.643863210454583, 1058664.805052139330655 ], [ 613226.112129546701908, 1058718.195402750978246 ], [ 613239.767807682161219, 1058787.875477321911603 ], [ 613269.766138659324497, 1058882.763670912478119 ], [ 613286.65579153818544, 1058941.1604395119939 ], [ 613300.882445638533682, 1058980.269319495651871 ], [ 613318.803718149662018, 1059000.471069775754586 ], [ 613346.820406679529697, 1059022.55268252431415 ], [ 613366.397065069759265, 1059036.477441612398252 ], [ 613391.213362247450277, 1059048.165556301362813 ], [ 613415.952891372377053, 1059061.124301281990483 ], [ 613419.153291895287111, 1059071.517804339062423 ], [ 613417.344368652789854, 1059080.336062719346955 ], [ 613409.988721655565314, 1059096.473488158779219 ], [ 613386.02649307786487, 1059112.891542799538001 ], [ 613358.446409936295822, 1059146.946110411081463 ], [ 613358.412811584537849, 1059168.622981285909191 ], [ 613380.729239349951968, 1059200.565045987255871 ], [ 613397.609313235618174, 1059216.878774929093197 ], [ 613430.361855967203155, 1059223.941309244604781 ], [ 613471.075086424010806, 1059261.788719431264326 ], [ 613470.596082033007406, 1059911.475985552649945 ], [ 614419.79550504591316, 1060536.665258093038574 ], [ 614465.462242242298089, 1060636.408445286564529 ], [ 614494.102886291220784, 1060690.408597002737224 ], [ 614524.135001464863308, 1060763.620691271033138 ], [ 614522.44598365353886, 1060791.574796038214117 ], [ 614509.927341192262247, 1060808.678368646185845 ], [ 614485.811337923281826, 1060827.637817084556445 ], [ 614455.961375696002506, 1060878.134823009371758 ], [ 614442.247963856905699, 1060893.89159351028502 ], [ 614438.322956279967912, 1060916.610823533497751 ], [ 614436.941016257973388, 1060939.48236835654825 ], [ 614438.486017163493671, 1060956.15302101476118 ], [ 614441.225777907646261, 1060974.170473212609068 ], [ 614458.609762076870538, 1061003.266944403294474 ], [ 614464.626704875845462, 1061030.407364718848839 ], [ 614461.742898941622116, 1061057.014687948161736 ], [ 614447.799146601231769, 1061076.583387033082545 ], [ 614427.267389448708855, 1061099.583223839523271 ], [ 614386.357416264014319, 1061143.041606498416513 ], [ 614369.156523153884336, 1061210.905573262367398 ], [ 614379.874603911302984, 1061271.452631396939978 ], [ 614415.103197201970033, 1061322.021802640985698 ], [ 614459.342985752387904, 1061350.176362422527745 ], [ 614527.247677010949701, 1061409.078890778357163 ], [ 614595.041967199649662, 1061490.929190173512325 ], [ 614633.480477912351489, 1061593.975645454134792 ], [ 614665.254188940045424, 1061701.723938875831664 ], [ 614677.100817168364301, 1061780.223375180037692 ], [ 614676.539149684947915, 1061852.878658360568807 ], [ 614657.297684300690889, 1061960.121972993947566 ], [ 614607.241502488730475, 1062112.703701933380216 ], [ 614535.381762986304238, 1062288.209161557490006 ], [ 614529.085845430963673, 1062392.402228288818151 ], [ 614551.574660231242888, 1062505.970948202302679 ], [ 614585.69461656967178, 1062596.006704385159537 ], [ 614585.713276494992897, 1062680.174156026681885 ], [ 614526.534801017609425, 1062878.118638227693737 ], [ 614436.335400989511982, 1063061.452547782100737 ], [ 614367.869742877082899, 1063160.402278512949124 ], [ 614717.674086858751252, 1063260.537634609267116 ], [ 615592.001902463729493, 1063760.759782137349248 ], [ 616341.542828170233406, 1064036.021321836160496 ], [ 616765.992162771290168, 1064585.989423695020378 ], [ 617714.935355614637956, 1065211.2241194115486 ] ] ] ] } }
]
}
