{
"type": "FeatureCollection",
"name": "territorios",
"crs": { "type": "name", "properties": { "name": "urn:ogc:def:crs:OGC:1.3:CRS84" } },
"features": [
{ "type": "Feature", "properties": { "Id": 2, "TERRITORIO": "CURRE", "DECRETO": "22203", "AÑO": "1993", "CLASIF": "CREF y PAFT", "AE_2018": 2692.47, "AE_2019": 2692.47, "AE_2020": 2714.97, "AE_2021": 3177.58, "AE_2023": 3998.72, "AE_2024": 1971.08, "AE_2017": 33.86, "AE_2022": 3886.23, "PRIMER DESEMBOLSO": 2024, "SEGUNDO DESEMBOLSO": null, "BLOQUE": "PACIFICO SUR" }, "geometry": { "type": "MultiPolygon", "coordinates": [ [ [ [ -83.389843185934907, 8.95756549570199 ], [ -83.389751222882197, 8.957481083832114 ], [ -83.389331524262801, 8.957095846350668 ], [ -83.388734057008833, 8.956547434543696 ], [ -83.38841766339759, 8.956257017622631 ], [ -83.388138587334254, 8.956000853802379 ], [ -83.38810124005488, 8.955966572706188 ], [ -83.387840554732293, 8.955727289176487 ], [ -83.38777360031375, 8.955670893690659 ], [ -83.387294745280386, 8.955267554845959 ], [ -83.386799199979436, 8.954850156281424 ], [ -83.38618474700516, 8.954446915169775 ], [ -83.386104948255621, 8.95442286851508 ], [ -83.38610496428069, 8.954422842668858 ], [ -83.386103888364701, 8.954422518445353 ], [ -83.385233356864219, 8.954160185643067 ], [ -83.385189989739715, 8.954140911410443 ], [ -83.384209045315373, 8.953854806175185 ], [ -83.383470760383432, 8.953382205985706 ], [ -83.382819351047502, 8.953439954875414 ], [ -83.382373951326258, 8.953704601268571 ], [ -83.381913263111244, 8.953731092083569 ], [ -83.381179469319349, 8.953773286009413 ], [ -83.380305879633724, 8.953823516431433 ], [ -83.379243702668319, 8.953884587602593 ], [ -83.378548665784351, 8.954302451205034 ], [ -83.378258260944619, 8.954477045004429 ], [ -83.377788543881891, 8.954759441934602 ], [ -83.377727524533796, 8.954770030684454 ], [ -83.377298617581928, 8.954844459041418 ], [ -83.377092333356131, 8.954880255417276 ], [ -83.376656323777624, 8.955008134567422 ], [ -83.375918758150831, 8.955224457005238 ], [ -83.375636027532764, 8.955768484991342 ], [ -83.375635347073356, 8.955857831882348 ], [ -83.375631316363965, 8.956387074292889 ], [ -83.375619480745371, 8.95639199288197 ], [ -83.375126921062687, 8.956596687983289 ], [ -83.374654673171051, 8.956608746018812 ], [ -83.374403074116927, 8.956615169919921 ], [ -83.374171092658486, 8.956588621387178 ], [ -83.373539921023522, 8.956516387791835 ], [ -83.373074151700706, 8.956463082740186 ], [ -83.372555296602457, 8.956403701574549 ], [ -83.372544608916883, 8.956402478398257 ], [ -83.371848135897267, 8.956322768292377 ], [ -83.370871805461874, 8.956087444578966 ], [ -83.370869280890005, 8.956093160349791 ], [ -83.370871714125045, 8.956087408956574 ], [ -83.369889986215455, 8.955850781437356 ], [ -83.369022860439927, 8.955748508572622 ], [ -83.368547339340694, 8.955120685773913 ], [ -83.368377710595865, 8.954980675738021 ], [ -83.367945241486552, 8.95462371882922 ], [ -83.36689109884999, 8.953753632182663 ], [ -83.365852449867958, 8.953208662680735 ], [ -83.365852392603713, 8.953208664116874 ], [ -83.363835584610115, 8.951497725700852 ], [ -83.363268850355155, 8.951016937817295 ], [ -83.363150647911056, 8.95091666064064 ], [ -83.362375035157328, 8.950258666820973 ], [ -83.362373950429955, 8.950257746585972 ], [ -83.361467548704667, 8.949488794874627 ], [ -83.361467400852803, 8.94948866747127 ], [ -83.361467382212098, 8.949488693006392 ], [ -83.360905934686841, 8.949138188713791 ], [ -83.359679804808607, 8.948372726854014 ], [ -83.359576051987517, 8.94830795457751 ], [ -83.359165416456506, 8.948051596734182 ], [ -83.358231755323388, 8.947468713513096 ], [ -83.357592302470479, 8.947069501717872 ], [ -83.357550071982899, 8.947043870389203 ], [ -83.35671397695107, 8.946536410052804 ], [ -83.355948688213545, 8.94607192215768 ], [ -83.35554177458711, 8.945824947024507 ], [ -83.354410013807865, 8.945567994198973 ], [ -83.353847850738603, 8.945355746757258 ], [ -83.353699894887072, 8.945299885116517 ], [ -83.352992637513793, 8.945076050341743 ], [ -83.352625703163369, 8.944971333446853 ], [ -83.35159499169896, 8.944878410088416 ], [ -83.351562724697715, 8.944874539314762 ], [ -83.35155323695048, 8.944873401156899 ], [ -83.351553236950465, 8.944873401156897 ], [ -83.351277805790986, 8.944840360104207 ], [ -83.351123724718803, 8.944821876262566 ], [ -83.351123724718775, 8.944821876262566 ], [ -83.350854694758908, 8.944803189592545 ], [ -83.350639352708654, 8.944798358944235 ], [ -83.350276343809384, 8.944713656938669 ], [ -83.350048485743812, 8.944675564785321 ], [ -83.34977118389493, 8.944639358470264 ], [ -83.349432212367603, 8.944602869542027 ], [ -83.349268455855793, 8.944584857312979 ], [ -83.349262147071101, 8.944584163383178 ], [ -83.34882666619724, 8.944536262746903 ], [ -83.348822682344931, 8.944535502560154 ], [ -83.348660791792682, 8.94450461105097 ], [ -83.348418850104935, 8.944443910118959 ], [ -83.34810947425008, 8.944356538896223 ], [ -83.347992989518403, 8.944332568029985 ], [ -83.347704288438507, 8.944273157371073 ], [ -83.3474702305802, 8.94423355710393 ], [ -83.347134113051737, 8.94419457262034 ], [ -83.346927891792703, 8.944162411946419 ], [ -83.346916633574224, 8.944160083028589 ], [ -83.346765095668403, 8.944128735285986 ], [ -83.346608507414985, 8.944077039910296 ], [ -83.346419752945806, 8.94398020802862 ], [ -83.346369495762033, 8.943947197631706 ], [ -83.346288682041063, 8.943894116776288 ], [ -83.346165409761014, 8.943803871910683 ], [ -83.34614738869449, 8.94379067908597 ], [ -83.346134581103257, 8.943781302930306 ], [ -83.345854135759438, 8.943556348442048 ], [ -83.345667875879741, 8.943429246569281 ], [ -83.345590831864925, 8.943376672455281 ], [ -83.345408466396336, 8.943280800159107 ], [ -83.345297793763166, 8.943222617808935 ], [ -83.345132004846249, 8.94315897987342 ], [ -83.345041983440495, 8.943124425193494 ], [ -83.344834115167629, 8.943071436570792 ], [ -83.344741220564387, 8.943057514751686 ], [ -83.344548745540749, 8.943028669054833 ], [ -83.344273539977209, 8.943009626277805 ], [ -83.344159069175049, 8.943009150654747 ], [ -83.34407023338089, 8.943008781520026 ], [ -83.344061465658271, 8.942636881881928 ], [ -83.343765112653216, 8.942248927237584 ], [ -83.343739851801729, 8.942213053779465 ], [ -83.34337979251508, 8.941701728105208 ], [ -83.342936627644676, 8.941475460243113 ], [ -83.342284567460084, 8.941289875229989 ], [ -83.342104676218099, 8.941293820457144 ], [ -83.341296173508695, 8.941311555389293 ], [ -83.34064058138101, 8.9413259342769 ], [ -83.340445114210453, 8.941330221492027 ], [ -83.339398853688095, 8.94198270416703 ], [ -83.339105525175881, 8.942033397893903 ], [ -83.338683488319077, 8.942018767385122 ], [ -83.338356713672738, 8.942097484462279 ], [ -83.338157059881723, 8.942101707178743 ], [ -83.338023583044233, 8.942141297122863 ], [ -83.337819998848857, 8.942201683093645 ], [ -83.337059764129577, 8.942918986314025 ], [ -83.336397605067091, 8.943567126665485 ], [ -83.335904403239255, 8.943867467049765 ], [ -83.335730110655561, 8.943973604076493 ], [ -83.335164506743396, 8.944391880213004 ], [ -83.335146755090918, 8.945015120598194 ], [ -83.335027437649629, 8.94513384246912 ], [ -83.335013426272127, 8.94514778390109 ], [ -83.334578110069401, 8.945600173496997 ], [ -83.334532985374679, 8.945647067913956 ], [ -83.334233306144768, 8.945951725835315 ], [ -83.334049696629251, 8.94613838533863 ], [ -83.333792860134025, 8.946393444425262 ], [ -83.333579895127613, 8.946584414907029 ], [ -83.333395548381674, 8.94671193224063 ], [ -83.333188062095687, 8.946826570855096 ], [ -83.333032806744583, 8.946897843635144 ], [ -83.332983599232065, 8.946920433214766 ], [ -83.332714262140485, 8.947029920240634 ], [ -83.332579142195414, 8.947081157652658 ], [ -83.332428560752987, 8.947138257979303 ], [ -83.332134389454055, 8.947235457331715 ], [ -83.33167800739902, 8.947374329427715 ], [ -83.331463524454193, 8.947439594019547 ], [ -83.331141946685491, 8.947538933061653 ], [ -83.330884416371305, 8.947618486868771 ], [ -83.330525263509941, 8.947741580554872 ], [ -83.330253194299786, 8.947848409394009 ], [ -83.329971488438687, 8.947969320726655 ], [ -83.329880701136204, 8.94801078079516 ], [ -83.32969837082625, 8.948094045943222 ], [ -83.329567306499911, 8.948161309445675 ], [ -83.329364190015795, 8.94826555067934 ], [ -83.329117707036175, 8.948409872542189 ], [ -83.328949911384655, 8.948534989287461 ], [ -83.328827532511156, 8.948646062546761 ], [ -83.328685479317116, 8.948809997843023 ], [ -83.328513219856475, 8.949126805658443 ], [ -83.328487366717354, 8.949206869025128 ], [ -83.328441720874579, 8.949348227380371 ], [ -83.328414583498059, 8.94952167917203 ], [ -83.328366954699632, 8.949856761061074 ], [ -83.328333144726841, 8.949968538020007 ], [ -83.328244851082317, 8.95010969536367 ], [ -83.328178815110704, 8.950195817102285 ], [ -83.328130978594132, 8.950258203731369 ], [ -83.327928381887375, 8.950464197940887 ], [ -83.327893266408864, 8.950497642011488 ], [ -83.327606605889216, 8.950770657843156 ], [ -83.327339394097635, 8.951040008171764 ], [ -83.32705966657339, 8.951281606471206 ], [ -83.32702612032395, 8.951310580045957 ], [ -83.326840120892356, 8.951483473376463 ], [ -83.326621676028168, 8.95169747048738 ], [ -83.326610009938591, 8.951708899032752 ], [ -83.326368370310874, 8.951980315153957 ], [ -83.326277629530878, 8.952082160021506 ], [ -83.326277629530821, 8.952082160021513 ], [ -83.326115663733489, 8.952108551785205 ], [ -83.324938488778244, 8.952300360518565 ], [ -83.323892130086207, 8.952111610835548 ], [ -83.323364748709793, 8.952016474505637 ], [ -83.32244787781184, 8.951915132996842 ], [ -83.321614135606097, 8.951992940121427 ], [ -83.320944499989949, 8.952080894642426 ], [ -83.319940637310495, 8.952521894818359 ], [ -83.31977101737624, 8.952743497695669 ], [ -83.319709754802091, 8.953460630486497 ], [ -83.320503046738523, 8.9545233076998 ], [ -83.321112795392608, 8.954965845823809 ], [ -83.321115026208076, 8.955012821169998 ], [ -83.32111966676851, 8.955110539654484 ], [ -83.321120168735703, 8.955121109814884 ], [ -83.32114639896615, 8.955213836469706 ], [ -83.321198995105519, 8.955399769288196 ], [ -83.321313193514172, 8.955638993734167 ], [ -83.32143036841353, 8.955801781185174 ], [ -83.321525757847951, 8.955914308823949 ], [ -83.321666296313097, 8.956064057448144 ], [ -83.321845196662551, 8.956256524842251 ], [ -83.322192267680677, 8.956612215240314 ], [ -83.322413142623887, 8.956813509439179 ], [ -83.322807318788492, 8.957149326826254 ], [ -83.322878579836328, 8.957219548279413 ], [ -83.322945097564556, 8.957291543154668 ], [ -83.322958880754229, 8.957307814327168 ], [ -83.323048561960803, 8.957413683707809 ], [ -83.323114043590252, 8.957493903413656 ], [ -83.323256992904561, 8.957716349548814 ], [ -83.323491090825215, 8.958077412826864 ], [ -83.323775628898829, 8.958541501058225 ], [ -83.323917764766605, 8.95879471637897 ], [ -83.324099572955618, 8.959118607464976 ], [ -83.324214025410981, 8.959347813600587 ], [ -83.324259652122421, 8.95949508290022 ], [ -83.32429938097242, 8.959719181287774 ], [ -83.324308638737392, 8.959904440453046 ], [ -83.324286023056757, 8.960117717034867 ], [ -83.324244581225813, 8.960248828053295 ], [ -83.324167718083075, 8.960462373175892 ], [ -83.324100722477965, 8.960583074603003 ], [ -83.323946600620729, 8.960811787817185 ], [ -83.323742604449649, 8.961041054142759 ], [ -83.322873142695101, 8.962238452401731 ], [ -83.322711550287664, 8.962411291137576 ], [ -83.322647972823034, 8.962479360073994 ], [ -83.322547080492299, 8.962533597560595 ], [ -83.322467575578585, 8.96255331604597 ], [ -83.322310374392941, 8.962566203870958 ], [ -83.322020500715851, 8.962583870495143 ], [ -83.321806232620531, 8.962609736517219 ], [ -83.321595993392393, 8.962652744454486 ], [ -83.321338733622866, 8.962736007587857 ], [ -83.321151950894162, 8.962834581731064 ], [ -83.321028774200329, 8.962917532154291 ], [ -83.320653304817213, 8.963182389535692 ], [ -83.320402146798585, 8.963330425739025 ], [ -83.320318540107323, 8.963363365345989 ], [ -83.320174785943422, 8.963388073403616 ], [ -83.320032484974718, 8.963379970871694 ], [ -83.319781224531368, 8.96335802900585 ], [ -83.319594171230861, 8.963341694056886 ], [ -83.319321000461287, 8.963324837845169 ], [ -83.319138733410497, 8.963355578000678 ], [ -83.318802810090176, 8.963416011791416 ], [ -83.318494596614102, 8.963504849961341 ], [ -83.318461398497334, 8.963510131803162 ], [ -83.318269790515245, 8.963540616695415 ], [ -83.31805583192272, 8.963543060297463 ], [ -83.317824768830079, 8.963515288431228 ], [ -83.317506878854275, 8.963455282856309 ], [ -83.31678095128386, 8.963306810735927 ], [ -83.316456520684099, 8.962693569094643 ], [ -83.316160737967479, 8.96216139291527 ], [ -83.315823148985061, 8.961511879119259 ], [ -83.315648259165314, 8.961214709524734 ], [ -83.315545164304467, 8.961039532360314 ], [ -83.314963953275736, 8.960051942619076 ], [ -83.314754529000524, 8.959594512862498 ], [ -83.314711686739415, 8.959500936114807 ], [ -83.314538559134803, 8.959351828458827 ], [ -83.314123260054302, 8.958944897743415 ], [ -83.313769025641108, 8.957980467222127 ], [ -83.313749446127687, 8.957927159481789 ], [ -83.313189118580155, 8.957406208853557 ], [ -83.312601812399492, 8.957399538757739 ], [ -83.311053403971172, 8.957381948490513 ], [ -83.310140546427746, 8.957973721701528 ], [ -83.310137232300704, 8.957975870176984 ], [ -83.309373462144464, 8.9586624164992 ], [ -83.308544922650938, 8.959517188611525 ], [ -83.308308943089116, 8.959795756516936 ], [ -83.307882620456851, 8.960299020435235 ], [ -83.307622106333582, 8.960590886654551 ], [ -83.307207441462751, 8.96099588116509 ], [ -83.307002218957066, 8.961168580521825 ], [ -83.306700493310288, 8.961342121520456 ], [ -83.306576337961516, 8.96138244924734 ], [ -83.306202102401272, 8.961707484201694 ], [ -83.305302608152914, 8.962856310964401 ], [ -83.304816035843345, 8.963372715448173 ], [ -83.304581153373448, 8.963606180495773 ], [ -83.304004670187581, 8.963990632880675 ], [ -83.303926169511314, 8.964486275305848 ], [ -83.304018323705193, 8.965311279233486 ], [ -83.304074837708853, 8.965736037941559 ], [ -83.304270365466181, 8.966403354675048 ], [ -83.304270504604474, 8.966403353128529 ], [ -83.304326604340588, 8.966832388682198 ], [ -83.304373467434232, 8.967190781703094 ], [ -83.304526547498838, 8.967585058749474 ], [ -83.304868689976956, 8.968113204590802 ], [ -83.304742312192232, 8.969117130602903 ], [ -83.304654575939509, 8.969896165821273 ], [ -83.304604364179085, 8.970126567859889 ], [ -83.30454270295931, 8.970245222193167 ], [ -83.304425045219304, 8.970525148210049 ], [ -83.304348268176994, 8.970775504479363 ], [ -83.304314947884336, 8.971008516920946 ], [ -83.304303755171233, 8.971286101251973 ], [ -83.304293335251785, 8.971472485427189 ], [ -83.30427247299049, 8.971845653881985 ], [ -83.304260191563216, 8.972028625136872 ], [ -83.30423448039204, 8.972192164230279 ], [ -83.304178872217634, 8.972365015327647 ], [ -83.304086710911861, 8.972538395893149 ], [ -83.303979246031773, 8.972675384035826 ], [ -83.303889944348057, 8.972757213182991 ], [ -83.303752938094107, 8.972851168291928 ], [ -83.303616496391768, 8.972918336696351 ], [ -83.30351797158805, 8.972951422826885 ], [ -83.303507513593004, 8.972954934778961 ], [ -83.303341533808066, 8.97299203086907 ], [ -83.303072884731009, 8.973044405101797 ], [ -83.302872121022915, 8.973095183333205 ], [ -83.302693113639236, 8.973164274757362 ], [ -83.302532107271261, 8.973247648667547 ], [ -83.302333550848957, 8.973378352604341 ], [ -83.30220541003041, 8.973482375037312 ], [ -83.301962306724533, 8.973679721669683 ], [ -83.301676849687325, 8.973863217032806 ], [ -83.301581956355548, 8.973905744294592 ], [ -83.301423556919346, 8.973976732283766 ], [ -83.301174629710857, 8.974052693477002 ], [ -83.300877845133073, 8.974113851863693 ], [ -83.30042536443932, 8.974214023360622 ], [ -83.299491372603029, 8.974406339183512 ], [ -83.299430557066088, 8.974419705214425 ], [ -83.298996089668776, 8.974515192077867 ], [ -83.298620212595836, 8.974582818344718 ], [ -83.298555973781319, 8.974594375888342 ], [ -83.298292083863657, 8.974628315496084 ], [ -83.298112159802912, 8.974640991676637 ], [ -83.297870387458929, 8.974634003166631 ], [ -83.297608328745568, 8.974601187075933 ], [ -83.297229357859408, 8.974553768137397 ], [ -83.29693611939949, 8.97452609613593 ], [ -83.296717451764891, 8.974522559080146 ], [ -83.296497323812403, 8.974518998272494 ], [ -83.296227522244962, 8.974539025230655 ], [ -83.296182779600969, 8.974542346389295 ], [ -83.295223475576051, 8.974669075346613 ], [ -83.294814613911726, 8.974711101045928 ], [ -83.294558492100904, 8.974728948111146 ], [ -83.294267082733853, 8.974709558827463 ], [ -83.293960797307136, 8.974675720274311 ], [ -83.293914033084818, 8.974668674997142 ], [ -83.293199708011713, 8.974561057390686 ], [ -83.293136639648353, 8.974551555672742 ], [ -83.292835675508385, 8.97451946298524 ], [ -83.29197017919185, 8.974452003844686 ], [ -83.291734761091192, 8.974418918809027 ], [ -83.291511922758943, 8.974375626752243 ], [ -83.291293128267696, 8.974317535544838 ], [ -83.29123192759009, 8.974295697305079 ], [ -83.291042637571422, 8.974228152862809 ], [ -83.290702971266739, 8.974075331803723 ], [ -83.290418447117943, 8.973941508734192 ], [ -83.290386267089602, 8.973926373162383 ], [ -83.290029459457628, 8.973785181448338 ], [ -83.289828791300508, 8.973728812480992 ], [ -83.289482856509551, 8.973643437960243 ], [ -83.289315977681383, 8.973596071824415 ], [ -83.289187585318857, 8.973537709547561 ], [ -83.289043754272569, 8.973455953711284 ], [ -83.288673314924296, 8.973218113391663 ], [ -83.288366245443314, 8.973030721352741 ], [ -83.288226898442517, 8.972950229923807 ], [ -83.288186751780614, 8.972927039870383 ], [ -83.287946029210531, 8.972807620817006 ], [ -83.287826460242997, 8.972753433286471 ], [ -83.287700640652105, 8.97269641297483 ], [ -83.287378800369837, 8.97256408730037 ], [ -83.286532725460816, 8.972223397051133 ], [ -83.285666782147757, 8.971901397491918 ], [ -83.285630380280125, 8.971885923884818 ], [ -83.285420487636756, 8.971796703196343 ], [ -83.285192387500118, 8.971678454009361 ], [ -83.284965569289497, 8.971541178739553 ], [ -83.284911464832973, 8.971508222203337 ], [ -83.284345919473751, 8.971163731920859 ], [ -83.284347406961061, 8.97116123186143 ], [ -83.284029920740721, 8.970972554668791 ], [ -83.283750319909004, 8.970833572198977 ], [ -83.283540193246878, 8.970738880172997 ], [ -83.28332211519178, 8.97064911454024 ], [ -83.283059662041751, 8.970550585297287 ], [ -83.283008341484759, 8.970534034269532 ], [ -83.282774193244961, 8.97045852067926 ], [ -83.282506541444278, 8.970414755494682 ], [ -83.282285710014833, 8.970387029851114 ], [ -83.282103688811887, 8.970374404456452 ], [ -83.282065235049942, 8.970371737206735 ], [ -83.28087382271049, 8.970343654683614 ], [ -83.280663011305634, 8.9703581067456 ], [ -83.280453483955043, 8.970406267199056 ], [ -83.28020605894892, 8.97051074579791 ], [ -83.279960885228945, 8.970649853445028 ], [ -83.279759374594676, 8.970835387319156 ], [ -83.2796346662643, 8.971024191856131 ], [ -83.278968171771709, 8.972048359000901 ], [ -83.278773788960876, 8.972283948444638 ], [ -83.278533379854295, 8.972479483332291 ], [ -83.278290365426088, 8.972650062025304 ], [ -83.278068023058353, 8.972767622435381 ], [ -83.278016342576791, 8.972794947734327 ], [ -83.277977867436761, 8.972815290894422 ], [ -83.277956868853124, 8.972826393581592 ], [ -83.277897412301982, 8.972876261006499 ], [ -83.277891183775466, 8.972880718156066 ], [ -83.277687495677895, 8.973026477758069 ], [ -83.277404550242821, 8.973137030753296 ], [ -83.277296666045117, 8.973150426406017 ], [ -83.277148463815024, 8.973168828172529 ], [ -83.276874394248665, 8.973181981514157 ], [ -83.276599663102743, 8.973155495692229 ], [ -83.276420851642143, 8.973110023514074 ], [ -83.276276812766923, 8.973073394016978 ], [ -83.275826266983046, 8.972893505496813 ], [ -83.275586818185147, 8.97279197005755 ], [ -83.275252854328798, 8.972714374573746 ], [ -83.274963558787363, 8.972703226024317 ], [ -83.274897409360378, 8.972700676799555 ], [ -83.274544964777078, 8.972782517706756 ], [ -83.274234631726785, 8.972924530386555 ], [ -83.273898201194953, 8.973208469707952 ], [ -83.273731142403136, 8.973437257322262 ], [ -83.273542776858932, 8.973868717006194 ], [ -83.273449085561509, 8.974390576294862 ], [ -83.273421428088881, 8.974778329277804 ], [ -83.273414972782973, 8.974868831364416 ], [ -83.273422178782965, 8.975163940889155 ], [ -83.273422772139597, 8.975188240819282 ], [ -83.27342655488583, 8.975343156918264 ], [ -83.273448402941796, 8.975563476189263 ], [ -83.273561690464291, 8.976102965362545 ], [ -83.273626284376761, 8.976410568956778 ], [ -83.273762423812116, 8.976770358933706 ], [ -83.274001946173996, 8.977242824447222 ], [ -83.274188088749426, 8.977607537430718 ], [ -83.274456615114318, 8.978270111035272 ], [ -83.274634654707114, 8.978726448171091 ], [ -83.274850374182336, 8.979279361951036 ], [ -83.274954817471681, 8.979587356055355 ], [ -83.274993272719655, 8.979796259447852 ], [ -83.275017061980677, 8.980240370129987 ], [ -83.275073612628958, 8.980647365679228 ], [ -83.27526930823025, 8.981277710732622 ], [ -83.275326163966284, 8.981696450833395 ], [ -83.275328962051432, 8.982045202310189 ], [ -83.275344438371164, 8.982285372135642 ], [ -83.275422872098616, 8.982659019374848 ], [ -83.275470383447683, 8.982793623548332 ], [ -83.275576873481157, 8.983095319607045 ], [ -83.275629927150476, 8.983245625355748 ], [ -83.275688507053772, 8.983522246692251 ], [ -83.275685293208227, 8.983815960357203 ], [ -83.27565650382428, 8.98388886200774 ], [ -83.275627571470679, 8.983974516645382 ], [ -83.275584414436352, 8.984072857794956 ], [ -83.275549152559904, 8.98414278067445 ], [ -83.275504350375186, 8.984208306553466 ], [ -83.275447070016668, 8.984277292009317 ], [ -83.275384458634775, 8.984339480560665 ], [ -83.275324142626459, 8.984389653984216 ], [ -83.275258101139002, 8.984435655192611 ], [ -83.275189630772203, 8.984473020354537 ], [ -83.275106522107293, 8.984508262220062 ], [ -83.274997163437973, 8.984540571276462 ], [ -83.274917609490458, 8.984553672203363 ], [ -83.274757318397434, 8.984558040372837 ], [ -83.274644496266447, 8.984540298838565 ], [ -83.274554174641878, 8.984515073904332 ], [ -83.274398279171919, 8.984450990444101 ], [ -83.274276325532043, 8.984379358824887 ], [ -83.274014007439789, 8.984216249705003 ], [ -83.273827484145343, 8.984114495765883 ], [ -83.273649958265779, 8.984036753325313 ], [ -83.27339389711203, 8.983965956849683 ], [ -83.273170109932281, 8.983936838421299 ], [ -83.272900002835243, 8.983936306314293 ], [ -83.272637380681374, 8.983976454271524 ], [ -83.272284980009516, 8.984033047124139 ], [ -83.271858570544438, 8.9841015247433 ], [ -83.271603522293802, 8.984115170920822 ], [ -83.271349444782828, 8.984114669309015 ], [ -83.271290495957544, 8.984112600370722 ], [ -83.271113998215, 8.984106405738558 ], [ -83.270820866314054, 8.984078287219557 ], [ -83.270406235885446, 8.984018242893651 ], [ -83.270059134018439, 8.983967993669136 ], [ -83.269706334312389, 8.983869504067467 ], [ -83.26938726347646, 8.983758382979975 ], [ -83.269321348434502, 8.983728976550141 ], [ -83.269061323338235, 8.983612972374466 ], [ -83.268673957161027, 8.983393972568583 ], [ -83.268469938637352, 8.983250574599102 ], [ -83.26835446034157, 8.983162759119603 ], [ -83.268244194671837, 8.983078907511706 ], [ -83.268089633764319, 8.982961672154113 ], [ -83.267663545786206, 8.982575948630538 ], [ -83.26684033003761, 8.98181394514283 ], [ -83.266482014946646, 8.981489440984555 ], [ -83.266409625773221, 8.981423882411079 ], [ -83.26635770937655, 8.981376864792793 ], [ -83.266341085089266, 8.981361809152432 ], [ -83.266332940082208, 8.981354432697348 ], [ -83.26586379694065, 8.980925951948819 ], [ -83.265714294786349, 8.980789407384366 ], [ -83.265704964359855, 8.980780885635674 ], [ -83.265449540731936, 8.980548687785552 ], [ -83.265217396199489, 8.980337651861536 ], [ -83.265121866267251, 8.980254678993237 ], [ -83.264797531972306, 8.980027075514956 ], [ -83.264678204171119, 8.979967013384382 ], [ -83.264614818546875, 8.979935109014011 ], [ -83.264393879728331, 8.9798543659817 ], [ -83.26411771809002, 8.979791508024304 ], [ -83.264098557697636, 8.979787146862948 ], [ -83.2640365259346, 8.979783962006568 ], [ -83.263822015283409, 8.979772948445039 ], [ -83.263587699941823, 8.979792484907973 ], [ -83.263429154488264, 8.979833471543756 ], [ -83.26325467572363, 8.97987857711399 ], [ -83.262947268215768, 8.980022609547831 ], [ -83.262778173412698, 8.98012989719996 ], [ -83.262768980494016, 8.980135729939585 ], [ -83.262718751939261, 8.980167599035635 ], [ -83.26236415049469, 8.980541224184114 ], [ -83.262214828846155, 8.980775490508497 ], [ -83.262177870231966, 8.980833473726216 ], [ -83.262081744995982, 8.981050887444727 ], [ -83.261889172354756, 8.981574842588802 ], [ -83.26166996308973, 8.982176951106227 ], [ -83.261553640663791, 8.982427602700827 ], [ -83.261435496210282, 8.982592092169895 ], [ -83.261155343370348, 8.982911234526709 ], [ -83.260914653157968, 8.98328979262978 ], [ -83.260873402419847, 8.983371347515156 ], [ -83.260784615635515, 8.983546883518308 ], [ -83.260688515089612, 8.983876287762728 ], [ -83.260687952493839, 8.983879407416792 ], [ -83.260635611722464, 8.984169642280845 ], [ -83.260346336164858, 8.986391714506794 ], [ -83.260278946296225, 8.986692476824897 ], [ -83.260178780256766, 8.986967260499899 ], [ -83.260023396597319, 8.98717394154229 ], [ -83.259854099814362, 8.987310958667518 ], [ -83.259671989488112, 8.987406889514292 ], [ -83.25943857768749, 8.987470949829611 ], [ -83.259304838642862, 8.987481546708615 ], [ -83.259218105808031, 8.987478818299595 ], [ -83.259132523145723, 8.987468202217162 ], [ -83.259004823219769, 8.987438607882211 ], [ -83.258719563647446, 8.987303865715544 ], [ -83.25847989191675, 8.987077286079174 ], [ -83.258386196871726, 8.986931692487488 ], [ -83.258308083415187, 8.986712793943035 ], [ -83.258272801407372, 8.986413588409597 ], [ -83.258300534577884, 8.98617122504422 ], [ -83.258373668837862, 8.9857370317358 ], [ -83.258384767568899, 8.985368042206414 ], [ -83.258350146795394, 8.98514746826932 ], [ -83.258288269974159, 8.984959843426578 ], [ -83.258200930030014, 8.984770597473061 ], [ -83.2580521493622, 8.984557695754564 ], [ -83.257779987389952, 8.984326917711737 ], [ -83.257557212761469, 8.984178411560023 ], [ -83.257338169968705, 8.984034505457419 ], [ -83.257156670778102, 8.983875705766691 ], [ -83.25709751206189, 8.983789458045596 ], [ -83.257047827129597, 8.983717022154147 ], [ -83.256816745959497, 8.983344844096214 ], [ -83.256639596813869, 8.98312833343304 ], [ -83.256421904021167, 8.982954319628549 ], [ -83.256391799368686, 8.982937958267689 ], [ -83.256215693029731, 8.9828422474249 ], [ -83.255871482403606, 8.982674965871176 ], [ -83.255658958122041, 8.98255507604102 ], [ -83.255457152353372, 8.982376544846495 ], [ -83.255265760446292, 8.982161712458991 ], [ -83.255097973263659, 8.981948238509847 ], [ -83.254848934856852, 8.981718379491522 ], [ -83.254614284569527, 8.981565527505044 ], [ -83.254350026639528, 8.981456728696777 ], [ -83.254069802783164, 8.981379121327221 ], [ -83.253744781971434, 8.981339063972813 ], [ -83.253122880150187, 8.981306780528991 ], [ -83.252767086056949, 8.98127494233743 ], [ -83.252589582341841, 8.98124741164084 ], [ -83.252367546493602, 8.981212973918593 ], [ -83.252038473652917, 8.981143468464657 ], [ -83.252016280542662, 8.981136902459451 ], [ -83.251548002874372, 8.980998358492675 ], [ -83.251122085028385, 8.980841458798299 ], [ -83.25033549479673, 8.980478634598727 ], [ -83.249069018100272, 8.979892203384672 ], [ -83.248176827109532, 8.979479996088827 ], [ -83.248151391303423, 8.979468263830494 ], [ -83.247612376917601, 8.979219643025681 ], [ -83.247391020659634, 8.979117579538066 ], [ -83.247380063591905, 8.979112527421433 ], [ -83.246487365413842, 8.978696416992458 ], [ -83.245632923651883, 8.978299272183039 ], [ -83.245159384795443, 8.978096230221333 ], [ -83.244789920695894, 8.977992355024631 ], [ -83.244444714387797, 8.977953020986591 ], [ -83.244105241295202, 8.977958132339841 ], [ -83.243921975199456, 8.977961530161403 ], [ -83.243699360938592, 8.977965657389953 ], [ -83.243404813544046, 8.977937051304782 ], [ -83.243085669726739, 8.977870602493628 ], [ -83.242688966374899, 8.977720303067619 ], [ -83.242649077620797, 8.977698139583737 ], [ -83.242407503730291, 8.977563913160441 ], [ -83.242121910876634, 8.977346167663301 ], [ -83.241783766467833, 8.977025404974562 ], [ -83.241507963335835, 8.976761473988365 ], [ -83.241188515569007, 8.976518670597418 ], [ -83.240885272664357, 8.976346793821067 ], [ -83.240583941398825, 8.97620543938096 ], [ -83.240192848206817, 8.97603590278262 ], [ -83.240145523131574, 8.976015387603043 ], [ -83.239257799319148, 8.975628855395126 ], [ -83.238429012823232, 8.975263493765317 ], [ -83.238215695373142, 8.975169454650299 ], [ -83.237809224354919, 8.975009093627333 ], [ -83.237344059958687, 8.974921547220093 ], [ -83.237036171667626, 8.974913326164502 ], [ -83.236594681955921, 8.974982853632763 ], [ -83.236565402968225, 8.974993167174572 ], [ -83.236196829448602, 8.975122997172564 ], [ -83.235814833244191, 8.975350451722134 ], [ -83.235501791063356, 8.97562977665603 ], [ -83.235309429622689, 8.975873373225546 ], [ -83.235251068185804, 8.97594727903765 ], [ -83.235056200314261, 8.976337973049004 ], [ -83.234935475274028, 8.976757812792854 ], [ -83.234847192374943, 8.977222169149561 ], [ -83.234743385390829, 8.977648953728258 ], [ -83.23467277516265, 8.977830942030874 ], [ -83.234612497675855, 8.977986298917903 ], [ -83.234452933716057, 8.978275860138481 ], [ -83.234437048409703, 8.978304687222304 ], [ -83.234072787965076, 8.978832177779843 ], [ -83.233681345091753, 8.979407877301618 ], [ -83.233439140966041, 8.979807580434064 ], [ -83.233162136008062, 8.980335962379433 ], [ -83.233034487130936, 8.980608018789512 ], [ -83.232917635075935, 8.980895378858339 ], [ -83.232885377074325, 8.981004202808096 ], [ -83.232799775038742, 8.981292985091299 ], [ -83.232756890057715, 8.981762786231906 ], [ -83.23275954207196, 8.98179375816536 ], [ -83.232788536109709, 8.982132369064349 ], [ -83.232840172849279, 8.982455341851512 ], [ -83.2329412320572, 8.983043000497888 ], [ -83.23299643040761, 8.983426657366447 ], [ -83.233023439927393, 8.983855560077217 ], [ -83.233013453378192, 8.98424761143961 ], [ -83.233000387991794, 8.98433931532721 ], [ -83.232949552952206, 8.984696117875611 ], [ -83.232880731436339, 8.985181455532834 ], [ -83.232864886699417, 8.98529319429276 ], [ -83.232815346500757, 8.985776023031557 ], [ -83.23281848153745, 8.986158147057299 ], [ -83.232848205988191, 8.986401137250917 ], [ -83.232887496184389, 8.986722324767472 ], [ -83.232997162417092, 8.987138432247068 ], [ -83.233113861291841, 8.987446485206872 ], [ -83.233322242828777, 8.987888432993074 ], [ -83.233591115497049, 8.988298550284089 ], [ -83.233608257329777, 8.988324697056552 ], [ -83.233833787226047, 8.988602821999253 ], [ -83.234140652371039, 8.988932994929653 ], [ -83.234492191787751, 8.989265995168248 ], [ -83.23451656271385, 8.989289080808383 ], [ -83.234665701717006, 8.989425082679277 ], [ -83.234286657093264, 8.989178049938477 ], [ -83.234025984797228, 8.988860927579182 ], [ -83.233587048155229, 8.988326934296293 ], [ -83.233016957443795, 8.987558412516538 ], [ -83.232091670982186, 8.985923682894281 ], [ -83.229549856908719, 8.983917838020441 ], [ -83.229308912911449, 8.983321794443921 ], [ -83.229799284046791, 8.981032360414265 ], [ -83.230567776670512, 8.979011038531567 ], [ -83.230720650429632, 8.978191994934415 ], [ -83.230850539015748, 8.977496099731372 ], [ -83.230969468819239, 8.977135190349793 ], [ -83.231482604410701, 8.976095347845979 ], [ -83.232091533236925, 8.975416362510892 ], [ -83.233108631179888, 8.974500207649706 ], [ -83.233271786547135, 8.974353244885817 ], [ -83.234384355442188, 8.973520586325632 ], [ -83.235418738136673, 8.973170834168956 ], [ -83.235322576559057, 8.971907955889698 ], [ -83.235429088609806, 8.971405811263036 ], [ -83.235358660953182, 8.971032083895187 ], [ -83.235290600262871, 8.970924347783521 ], [ -83.23491228234036, 8.970325465227988 ], [ -83.234887425684121, 8.970015297984506 ], [ -83.234879331001451, 8.969914274585379 ], [ -83.234460439606693, 8.969940645911009 ], [ -83.234227422402739, 8.96959241891912 ], [ -83.233890615517595, 8.969781309165223 ], [ -83.233579861176779, 8.969673614838747 ], [ -83.233569746781612, 8.969386349836007 ], [ -83.233265107440076, 8.969412163805632 ], [ -83.233161566940964, 8.969280860027798 ], [ -83.232938163553399, 8.969301665945576 ], [ -83.232805628098475, 8.969314008434424 ], [ -83.231581721427844, 8.96863309084449 ], [ -83.231073533603791, 8.96833116985403 ], [ -83.23002173857725, 8.967706283795563 ], [ -83.229977760131959, 8.967673671325201 ], [ -83.229335492491714, 8.967197407915789 ], [ -83.228543528015322, 8.966610135672578 ], [ -83.228075851541902, 8.96621309550685 ], [ -83.226374091880473, 8.965122010832744 ], [ -83.225188600575336, 8.964361926481336 ], [ -83.223442731394783, 8.963242536469714 ], [ -83.222742460164596, 8.96279354432478 ], [ -83.222801766704791, 8.96251710726038 ], [ -83.222634182971703, 8.962346187146654 ], [ -83.22239518474062, 8.962354148609322 ], [ -83.222222003327857, 8.961995097089128 ], [ -83.221961271403373, 8.961819450090896 ], [ -83.222207414807912, 8.961050941899748 ], [ -83.222007930174669, 8.960693614404828 ], [ -83.226349873814968, 8.957298988052498 ], [ -83.229590178582029, 8.953957238818658 ], [ -83.230372545545251, 8.953150363710074 ], [ -83.233690753762289, 8.949182991626877 ], [ -83.234103040535146, 8.948690037666339 ], [ -83.23464558657048, 8.948041334455034 ], [ -83.234949070254672, 8.947961617409662 ], [ -83.235171664431121, 8.94768887061392 ], [ -83.235512294064648, 8.947807987415381 ], [ -83.235742130030076, 8.947298817409985 ], [ -83.236022189430287, 8.947310801055085 ], [ -83.236091837573284, 8.947181480248387 ], [ -83.236132365894861, 8.947063354410638 ], [ -83.236274098853741, 8.946959137986692 ], [ -83.236278224621799, 8.946957741421771 ], [ -83.236552336950268, 8.946864971390607 ], [ -83.23675493574514, 8.946910096979497 ], [ -83.2370412563629, 8.946911679480806 ], [ -83.237200173163316, 8.946998813632112 ], [ -83.237288797526716, 8.946966400090465 ], [ -83.237336691515296, 8.946948882865993 ], [ -83.237678107308056, 8.947018042453477 ], [ -83.238034181301487, 8.947043147576231 ], [ -83.238477611592472, 8.947090309073776 ], [ -83.238619897852601, 8.94701316440381 ], [ -83.238705935283818, 8.946914160766418 ], [ -83.238684318380137, 8.94674247622115 ], [ -83.238728268399697, 8.94639380703504 ], [ -83.238881954031712, 8.946343128832497 ], [ -83.239029530274948, 8.946294465150661 ], [ -83.23922478504889, 8.946027182049132 ], [ -83.239469906843738, 8.946012471790354 ], [ -83.239533421634931, 8.945795718521754 ], [ -83.239992691099417, 8.945534728078322 ], [ -83.240012849409666, 8.945538837257525 ], [ -83.240461709669091, 8.945630311439247 ], [ -83.240602166262391, 8.945713325824556 ], [ -83.240703404977012, 8.945801592560592 ], [ -83.240844162369129, 8.94580796418629 ], [ -83.240866388413963, 8.94580772491018 ], [ -83.24108126140969, 8.945805408266903 ], [ -83.241046515875979, 8.945936886680393 ], [ -83.24104846325082, 8.94601125095045 ], [ -83.241208158220928, 8.946184440675136 ], [ -83.241417418832285, 8.946198078999828 ], [ -83.242081228136655, 8.946212140046429 ], [ -83.242269794291701, 8.946170070671279 ], [ -83.242590915975299, 8.945716531888211 ], [ -83.242642769027526, 8.945623672570116 ], [ -83.242703936116911, 8.945514133260289 ], [ -83.242818200609904, 8.945427189918389 ], [ -83.243425855597863, 8.944941066354367 ], [ -83.243478687331944, 8.944893283313755 ], [ -83.243684103451869, 8.944707498889986 ], [ -83.244025369638905, 8.944390635297259 ], [ -83.244171013317057, 8.94426696230024 ], [ -83.244878368382516, 8.943462575175285 ], [ -83.24523150944249, 8.943382530831576 ], [ -83.245395674933945, 8.943363554845179 ], [ -83.245857621242962, 8.94330437801008 ], [ -83.246155539030383, 8.943401794868937 ], [ -83.246438271630211, 8.943586682147295 ], [ -83.246733493345772, 8.944027980700991 ], [ -83.246903658819519, 8.944227980747479 ], [ -83.24696248309192, 8.944297120661926 ], [ -83.247122189049477, 8.944406794024294 ], [ -83.248214705642525, 8.944910684678288 ], [ -83.248487343817303, 8.945036430288985 ], [ -83.249032093448918, 8.945387694594498 ], [ -83.250467633910318, 8.946607698271404 ], [ -83.250603277618126, 8.946765410588071 ], [ -83.250827288552472, 8.947643786392634 ], [ -83.2508270105712, 8.947791250812774 ], [ -83.250826978928188, 8.947808054677035 ], [ -83.250806818044211, 8.947989993620778 ], [ -83.251161496655243, 8.94862425006299 ], [ -83.251606412486936, 8.949445070695425 ], [ -83.252130054641327, 8.949723155887012 ], [ -83.252709272270295, 8.949885399518474 ], [ -83.253521764749905, 8.950085132717359 ], [ -83.255083108613348, 8.950468947755976 ], [ -83.2556288968849, 8.950669938371533 ], [ -83.255825633236171, 8.950659479221898 ], [ -83.256101051754953, 8.950644837114689 ], [ -83.256343274584879, 8.950480443277744 ], [ -83.256624027782379, 8.95028989761682 ], [ -83.256885367001118, 8.950112528978282 ], [ -83.257430593838237, 8.949887609625064 ], [ -83.257617602237019, 8.94951180656207 ], [ -83.257646861676307, 8.949248537290035 ], [ -83.257681337887206, 8.949105940514995 ], [ -83.257684232477885, 8.948925501615545 ], [ -83.257615939092346, 8.948408749679844 ], [ -83.25805333056752, 8.948254205914408 ], [ -83.258585590758955, 8.948357123354274 ], [ -83.25864090898159, 8.948367818253853 ], [ -83.258848992732098, 8.948694723266602 ], [ -83.259043373026017, 8.949222631617847 ], [ -83.259062494828015, 8.949274563670771 ], [ -83.259210796312658, 8.949503950183017 ], [ -83.259278855948978, 8.949661359947308 ], [ -83.259438580865705, 8.949708580331478 ], [ -83.259584334979522, 8.949518731569464 ], [ -83.260056763038207, 8.948537753809308 ], [ -83.260294448688853, 8.948348710381188 ], [ -83.260578228582247, 8.948280498678656 ], [ -83.260603311046324, 8.948067664179474 ], [ -83.260589281212162, 8.947866683916505 ], [ -83.260626138928842, 8.947411277373355 ], [ -83.260780659726805, 8.947143650863874 ], [ -83.26093506354249, 8.946933436907248 ], [ -83.261099223810277, 8.946656258831752 ], [ -83.261157603466032, 8.9463405944883 ], [ -83.26092765945755, 8.945832971652941 ], [ -83.260812813168812, 8.945516961808837 ], [ -83.260650002320418, 8.945124303032751 ], [ -83.260496566734844, 8.944856059280077 ], [ -83.26025656144482, 8.944565316962882 ], [ -83.259974543648184, 8.944229834666778 ], [ -83.259782652682873, 8.943942377168483 ], [ -83.259686731471788, 8.943786688554122 ], [ -83.259434244555024, 8.943720395955372 ], [ -83.259007354867791, 8.943641794215722 ], [ -83.258766972815522, 8.943539640763127 ], [ -83.258580338385045, 8.943379232455598 ], [ -83.25851035559684, 8.9431487168046 ], [ -83.258323068020474, 8.942952643988701 ], [ -83.258100958297021, 8.942736893611571 ], [ -83.257999047246997, 8.942569229598833 ], [ -83.257903319997766, 8.942317847482517 ], [ -83.257885799127322, 8.942060642662675 ], [ -83.257976659701995, 8.941743848617609 ], [ -83.25803154322206, 8.94137315379654 ], [ -83.25808026627881, 8.941074215855744 ], [ -83.258134941949862, 8.940805194259527 ], [ -83.258123856857324, 8.940338675664428 ], [ -83.258124486231665, 8.940027680212692 ], [ -83.258221374913248, 8.939704917006878 ], [ -83.25833605169538, 8.93950778279927 ], [ -83.258450683597047, 8.939334571837842 ], [ -83.258577595790086, 8.939035790105221 ], [ -83.258702120736558, 8.938529274518174 ], [ -83.258686208125624, 8.938142838303664 ], [ -83.25854435016042, 8.938026577961427 ], [ -83.258366614966263, 8.93787790192426 ], [ -83.258299649137456, 8.937681599686124 ], [ -83.258328858033025, 8.937514199832604 ], [ -83.258430244148158, 8.937346942489432 ], [ -83.258599126265381, 8.937112836546913 ], [ -83.258729466592442, 8.936902575964076 ], [ -83.258874022163099, 8.936802389142978 ], [ -83.258898321114458, 8.936682823464745 ], [ -83.258869799077047, 8.936510521511146 ], [ -83.258773788095027, 8.936400285144293 ], [ -83.258643998379597, 8.936337826212544 ], [ -83.258504421203696, 8.93635668483873 ], [ -83.258364852782435, 8.936370759474737 ], [ -83.258158027562331, 8.93633206882439 ], [ -83.258052228334307, 8.936303151680203 ], [ -83.257963197253119, 8.936231204332852 ], [ -83.257754019436803, 8.936166193852008 ], [ -83.257559223465449, 8.936127527856751 ], [ -83.257467762527455, 8.936146482400085 ], [ -83.25734021262582, 8.93616536556976 ], [ -83.257253521869529, 8.936205859657763 ], [ -83.257186066603154, 8.936251178910506 ], [ -83.257106570761067, 8.936301258891444 ], [ -83.257024646494884, 8.936363294322746 ], [ -83.256904217539955, 8.936430036547348 ], [ -83.256783857325686, 8.936463286680031 ], [ -83.256670720825454, 8.936494160628802 ], [ -83.25651671244465, 8.936510596240502 ], [ -83.256327769048497, 8.936552481880501 ], [ -83.256027146420479, 8.936498052100516 ], [ -83.255789317806091, 8.936414679992854 ], [ -83.255504736022189, 8.936072374213753 ], [ -83.255451212862965, 8.935773232320575 ], [ -83.255493775326698, 8.935546049779491 ], [ -83.255590845913304, 8.935133577927463 ], [ -83.25576586520647, 8.934840872046584 ], [ -83.255940929996626, 8.934524247292011 ], [ -83.256163943331501, 8.934291446314774 ], [ -83.256513405602064, 8.933987131169598 ], [ -83.25688070706552, 8.933784523261442 ], [ -83.257223888769587, 8.933611770221853 ], [ -83.257506839750292, 8.933480761107271 ], [ -83.257753497980062, 8.933451351068065 ], [ -83.258036134197624, 8.93347583794616 ], [ -83.258445100092715, 8.933488618587395 ], [ -83.258679729345701, 8.933459182981196 ], [ -83.258953234672276, 8.933239639363741 ], [ -83.259235209788571, 8.932996189029746 ], [ -83.25944498101569, 8.932766949838776 ], [ -83.25950308095122, 8.932587644379355 ], [ -83.259467314645477, 8.932429679849063 ], [ -83.259366601750457, 8.932264412023839 ], [ -83.259172107045202, 8.932077425096692 ], [ -83.258905596703968, 8.931811351317647 ], [ -83.258631798189285, 8.93158114474064 ], [ -83.258394057684924, 8.931365363716482 ], [ -83.258033620857844, 8.93114933728325 ], [ -83.257903911385029, 8.931048603137889 ], [ -83.257745520123052, 8.9308545113644 ], [ -83.257760361388662, 8.930653588725697 ], [ -83.257818651296461, 8.930380984602124 ], [ -83.25793444993819, 8.930223325730688 ], [ -83.258292798063152, 8.930083495336156 ], [ -83.258513507466063, 8.929798059016399 ], [ -83.258706357264842, 8.929607061557252 ], [ -83.258887166869059, 8.929422020112693 ], [ -83.259158192003781, 8.929237160432985 ], [ -83.259392963300087, 8.929135956038207 ], [ -83.259603760381026, 8.928992837939647 ], [ -83.259730355615432, 8.928849553614349 ], [ -83.259863132617554, 8.928622551908495 ], [ -83.259972007684439, 8.928317753010482 ], [ -83.260128650854497, 8.928186489659941 ], [ -83.260375352716053, 8.928133154250286 ], [ -83.260809436237651, 8.927978895034846 ], [ -83.261079612350258, 8.927853463123867 ], [ -83.261254283810217, 8.927728216207726 ], [ -83.261417143872094, 8.927495291698742 ], [ -83.26145959575733, 8.927321936595721 ], [ -83.261448120434807, 8.927046799481635 ], [ -83.261376295005007, 8.926873216148534 ], [ -83.261280725012583, 8.926544086540874 ], [ -83.261101074417951, 8.926154983341783 ], [ -83.260987581650653, 8.925766011744367 ], [ -83.261108173304294, 8.925616732862197 ], [ -83.261500162944671, 8.925431927336845 ], [ -83.261758465315765, 8.925253202899514 ], [ -83.261999474748023, 8.925038374768631 ], [ -83.262385371420649, 8.924491334037025 ], [ -83.262579771045367, 8.9241894688369 ], [ -83.262730503847962, 8.924004367193064 ], [ -83.262887202362123, 8.923843197122642 ], [ -83.262905665900448, 8.923633909439321 ], [ -83.262894285396172, 8.923310928287714 ], [ -83.262883036005903, 8.922922158194828 ], [ -83.262865496704123, 8.922670934189368 ], [ -83.262866000783433, 8.922419745081791 ], [ -83.263052879371116, 8.922204808622643 ], [ -83.263191462497787, 8.922079489804476 ], [ -83.263239865686415, 8.921936048840925 ], [ -83.263234125911666, 8.921798479770251 ], [ -83.263252494009805, 8.921637037790571 ], [ -83.263421195813876, 8.921487853347694 ], [ -83.263577569185188, 8.921488163344282 ], [ -83.263751843873408, 8.921560278145973 ], [ -83.264022300316014, 8.921656505048682 ], [ -83.264202609350789, 8.9217166685319 ], [ -83.264281097806503, 8.92156730860636 ], [ -83.264317507850393, 8.921405899550054 ], [ -83.264384084640284, 8.921196706056399 ], [ -83.264462761754132, 8.920951652698191 ], [ -83.264655437010617, 8.920844381779986 ], [ -83.264865939142183, 8.920844798338331 ], [ -83.265256860520935, 8.9208515508862 ], [ -83.26557565927979, 8.920834238832059 ], [ -83.265876593072079, 8.920727182128253 ], [ -83.266105401320161, 8.920596057455105 ], [ -83.266394532215998, 8.920375343550466 ], [ -83.266689631576909, 8.920178561907241 ], [ -83.266882520650796, 8.91996363599522 ], [ -83.267111590530135, 8.919700935323851 ], [ -83.267220217969282, 8.919515746635062 ], [ -83.267208464673104, 8.919378166539522 ], [ -83.267112425533099, 8.919282286040632 ], [ -83.266962365048968, 8.919132470967844 ], [ -83.266974610124564, 8.919024842749977 ], [ -83.267083093352213, 8.918911423256155 ], [ -83.267269742025888, 8.918810118221499 ], [ -83.267492450438027, 8.918720848150912 ], [ -83.267715051496381, 8.918685402113914 ], [ -83.267895470731446, 8.918691738670359 ], [ -83.268015709007045, 8.918715897168164 ], [ -83.268111785816984, 8.918793836053586 ], [ -83.268117572390338, 8.918907480940231 ], [ -83.268093277133815, 8.919027047671493 ], [ -83.268068921384426, 8.91917651882876 ], [ -83.268074672202403, 8.919308106010265 ], [ -83.268176573311322, 8.919481746577995 ], [ -83.268380905307552, 8.919559897687991 ], [ -83.268579391159179, 8.919554309143063 ], [ -83.268850012506604, 8.919566802994142 ], [ -83.269036517434643, 8.919537266264181 ], [ -83.269114917478873, 8.919429766248555 ], [ -83.269205454866068, 8.91926846477458 ], [ -83.269185310450297, 8.91900137007854 ], [ -83.269422635493981, 8.918755849716408 ], [ -83.269763648560954, 8.918845975039822 ], [ -83.270717431022248, 8.918904543151385 ], [ -83.27073924416915, 8.918905883443536 ], [ -83.271242075081403, 8.918748231141072 ], [ -83.27183212503283, 8.919069690559061 ], [ -83.271904594667802, 8.919109170350019 ], [ -83.272758589752399, 8.918731962040439 ], [ -83.27318689220229, 8.918686193494217 ], [ -83.273291569812315, 8.918675008347819 ], [ -83.273491966090972, 8.918730834943776 ], [ -83.273932000542629, 8.919109423643036 ], [ -83.274314346637738, 8.919329377969616 ], [ -83.274377113310337, 8.919365484779568 ], [ -83.275375956616259, 8.918991807226222 ], [ -83.275598915675729, 8.91863995194079 ], [ -83.276058257617578, 8.918605069823782 ], [ -83.276702084315701, 8.918713347635236 ], [ -83.277134174939846, 8.919000666423104 ], [ -83.27893693278682, 8.920211175468557 ], [ -83.280003491057428, 8.920709848122836 ], [ -83.280550700317761, 8.920666217543419 ], [ -83.281400013677995, 8.921284312975997 ], [ -83.282016148241965, 8.921901612500104 ], [ -83.282607218580495, 8.922023316865992 ], [ -83.283138103553256, 8.922004097223953 ], [ -83.283308262397995, 8.922277463380016 ], [ -83.283663664519054, 8.922613071097029 ], [ -83.283942453719732, 8.922757146186868 ], [ -83.284259958872042, 8.92278646651226 ], [ -83.284423775889266, 8.922671950229301 ], [ -83.284664668936827, 8.922509738836998 ], [ -83.284847990213734, 8.922261292968329 ], [ -83.284848679503455, 8.921907233329216 ], [ -83.285048806804255, 8.921707588106379 ], [ -83.285566429599228, 8.921367733743446 ], [ -83.285588791541386, 8.921353053172613 ], [ -83.285867300166302, 8.921084805655569 ], [ -83.286078527795752, 8.920881361895905 ], [ -83.286078601465277, 8.920881352091428 ], [ -83.28651135427684, 8.920823790892454 ], [ -83.287638223900018, 8.919908722278661 ], [ -83.287819351370501, 8.919761637470206 ], [ -83.288097944732712, 8.919729328072034 ], [ -83.288259172382155, 8.91952187203456 ], [ -83.289069615167122, 8.918698831286015 ], [ -83.289202588145017, 8.918337770090336 ], [ -83.289300482023918, 8.918071963488407 ], [ -83.289305710687003, 8.917963598166203 ], [ -83.289404686375036, 8.917984663912813 ], [ -83.289666750521448, 8.918040438904919 ], [ -83.289876332167026, 8.918234651153245 ], [ -83.289911788888617, 8.918267508810255 ], [ -83.290252058828273, 8.918159396461744 ], [ -83.290553058277155, 8.918018955990382 ], [ -83.290617312243498, 8.917934014733262 ], [ -83.290725207303041, 8.917958192149255 ], [ -83.29113779905785, 8.917843073068095 ], [ -83.291472831628013, 8.917704917365887 ], [ -83.291707762420941, 8.917448563035478 ], [ -83.291701312631744, 8.917160027441184 ], [ -83.291865242362178, 8.916677315653589 ], [ -83.291936467802216, 8.916266282917865 ], [ -83.292687372209144, 8.916284228143144 ], [ -83.293272939257875, 8.915914118020416 ], [ -83.293641976178563, 8.915459478228399 ], [ -83.293682717893745, 8.915110738114965 ], [ -83.294754917244404, 8.91395365767908 ], [ -83.294925964995329, 8.913182778482511 ], [ -83.294914909958564, 8.912577425049397 ], [ -83.294914549615427, 8.912557654551172 ], [ -83.295091589744956, 8.91159614905291 ], [ -83.295574555532838, 8.910253033756291 ], [ -83.29541553204767, 8.91002711068912 ], [ -83.295375847349902, 8.909340719411661 ], [ -83.29555217859037, 8.908745295916559 ], [ -83.295680088749933, 8.908100487616364 ], [ -83.295409986632308, 8.907426347431317 ], [ -83.294852977945325, 8.907134805640586 ], [ -83.294834943933949, 8.907068533298142 ], [ -83.294722484834992, 8.906655215456075 ], [ -83.294276095110547, 8.906117483607078 ], [ -83.293774860129744, 8.906043645259468 ], [ -83.293525541190689, 8.905575191137306 ], [ -83.293221471192126, 8.905400191850939 ], [ -83.293560907053845, 8.904542233090755 ], [ -83.293591623106153, 8.904265250816902 ], [ -83.293921991757429, 8.903968150412819 ], [ -83.295129645844213, 8.902121864237097 ], [ -83.295345212628604, 8.9017922974635 ], [ -83.295377555636307, 8.901720425072547 ], [ -83.295892345504299, 8.900576481175397 ], [ -83.295823051746851, 8.899679028531313 ], [ -83.295376087515308, 8.898653879798879 ], [ -83.298668251732593, 8.895686183481438 ], [ -83.300937038664998, 8.895213811716511 ], [ -83.304016698533303, 8.895698417713522 ], [ -83.304014738994198, 8.89617454737224 ], [ -83.304109500711633, 8.896333615734518 ], [ -83.304279973146166, 8.896506180200529 ], [ -83.304488931527786, 8.896681207104182 ], [ -83.304707384901789, 8.896923238622536 ], [ -83.304857513429042, 8.897117958862092 ], [ -83.304984152278237, 8.897319148928647 ], [ -83.305146746817513, 8.897587870441569 ], [ -83.305230174246802, 8.897740177676685 ], [ -83.305330820214706, 8.897947059796559 ], [ -83.305392561632786, 8.898119421030668 ], [ -83.305411119274467, 8.898228544827916 ], [ -83.305419675728075, 8.898283107187485 ], [ -83.305474463365684, 8.898316221832328 ], [ -83.305621618578584, 8.898352381262063 ], [ -83.305737033196877, 8.898381305002815 ], [ -83.305872681193762, 8.898397345699893 ], [ -83.306014118914206, 8.898404785735075 ], [ -83.306178677614227, 8.898397915850259 ], [ -83.306416849565025, 8.898389748050102 ], [ -83.306601606442143, 8.898387221291063 ], [ -83.306745970549684, 8.898373136182542 ], [ -83.306836942098627, 8.898353209211777 ], [ -83.306965503366342, 8.898298903839692 ], [ -83.307094048423167, 8.898254647438399 ], [ -83.307187920170705, 8.898227548398424 ], [ -83.307307711368324, 8.898232076905002 ], [ -83.307440381799225, 8.8982954814484 ], [ -83.307603319478019, 8.898383342399988 ], [ -83.307839740142398, 8.898538803389124 ], [ -83.307926179752954, 8.8986265247514 ], [ -83.308081845547008, 8.898743080598893 ], [ -83.308224490096848, 8.898876835915786 ], [ -83.308295090934848, 8.898942994750012 ], [ -83.30836852015635, 8.899040737292131 ], [ -83.308426083532993, 8.899132708820719 ], [ -83.308528279702884, 8.899283613543458 ], [ -83.308607488813536, 8.899377062883717 ], [ -83.308672323521137, 8.899440339277824 ], [ -83.308760290857066, 8.899482128278171 ], [ -83.308858429641461, 8.899488051963885 ], [ -83.308991183433704, 8.899508392800236 ], [ -83.309118189753448, 8.899514370885619 ], [ -83.309240878961006, 8.899513162638709 ], [ -83.309296710630477, 8.899432027465814 ], [ -83.30937117420298, 8.89935220172848 ], [ -83.309494099291484, 8.899225638366643 ], [ -83.309621737193879, 8.899151714183652 ], [ -83.309807064293125, 8.899101818751751 ], [ -83.310028489612577, 8.899044812723576 ], [ -83.310341260784071, 8.899023860811074 ], [ -83.310591505134511, 8.898993224862611 ], [ -83.31075520966742, 8.898928935060678 ], [ -83.311027278626142, 8.8988050377777 ], [ -83.311197727303863, 8.89865337486664 ], [ -83.311236180496024, 8.898591259193958 ], [ -83.311392267554524, 8.898339135110794 ], [ -83.311513131667013, 8.898031934617272 ], [ -83.311631765110036, 8.897592473710048 ], [ -83.311700340102149, 8.897427303648286 ], [ -83.311713390480094, 8.897246517957313 ], [ -83.311730574084066, 8.897062340182833 ], [ -83.311716381766473, 8.896933130124941 ], [ -83.311728646554002, 8.89680635869831 ], [ -83.311760094845695, 8.896713118066604 ], [ -83.31181795725945, 8.896643847218686 ], [ -83.311907118693725, 8.896562674581972 ], [ -83.311974756903624, 8.896412083517347 ], [ -83.3120086233492, 8.896311668130641 ], [ -83.312030483318566, 8.896199269166219 ], [ -83.312093252727934, 8.896079770165997 ], [ -83.312189673166472, 8.895974686237913 ], [ -83.312295685315547, 8.895886367213473 ], [ -83.312425717441585, 8.895817229462541 ], [ -83.312485937146079, 8.895774278103234 ], [ -83.312519773954619, 8.895690609825724 ], [ -83.312493435635488, 8.895623576830173 ], [ -83.31250797373778, 8.895568580665712 ], [ -83.312637885217143, 8.895564034539985 ], [ -83.312883235311361, 8.895576449421188 ], [ -83.313106932734172, 8.895588823317844 ], [ -83.313301782593712, 8.895591574969481 ], [ -83.313453352982307, 8.895582284460094 ], [ -83.313578351368989, 8.895632754668206 ], [ -83.31377302750866, 8.89572880543737 ], [ -83.31409991421917, 8.895877729185621 ], [ -83.31436178531861, 8.89606242085139 ], [ -83.314664552693671, 8.896244793316431 ], [ -83.314859122697229, 8.896398259746142 ], [ -83.314993504435151, 8.896577929787961 ], [ -83.315248054211708, 8.896817631353317 ], [ -83.315368007052243, 8.896994882295008 ], [ -83.31550236075725, 8.897188906905059 ], [ -83.315648778991033, 8.897363815748669 ], [ -83.315800012435673, 8.897536340021533 ], [ -83.315924909669818, 8.897641831442892 ], [ -83.316059535750099, 8.897689925203919 ], [ -83.316247126054336, 8.897716584887096 ], [ -83.316393816582305, 8.89774556188009 ], [ -83.316595830882306, 8.897777031885195 ], [ -83.316778699399336, 8.89775583609584 ], [ -83.31701359836849, 8.897673932157922 ], [ -83.317085557176085, 8.897787698861988 ], [ -83.317181504497057, 8.89793739557474 ], [ -83.317301565049874, 8.898057231579525 ], [ -83.317553801183919, 8.898249078228684 ], [ -83.317874390962189, 8.898472140187165 ], [ -83.318020215215597, 8.898591615385548 ], [ -83.318968984354711, 8.899695705862621 ], [ -83.318987869776691, 8.899759112660423 ], [ -83.318989579412701, 8.899764848296568 ], [ -83.319020977122719, 8.899870261826317 ], [ -83.319259282858184, 8.900179486317137 ], [ -83.321425474276552, 8.901805756265199 ], [ -83.321553232684252, 8.901901669600257 ], [ -83.322013422978586, 8.902673959391501 ], [ -83.323854730103534, 8.906081784821621 ], [ -83.324602127348811, 8.907831329078121 ], [ -83.325330046083778, 8.909535261566914 ], [ -83.325699335851937, 8.910399698050245 ], [ -83.328675893459874, 8.910890576511274 ], [ -83.332341886830747, 8.912243863716295 ], [ -83.332439122403414, 8.912270828311833 ], [ -83.33623576352494, 8.913323660685327 ], [ -83.337046831995536, 8.914445318148324 ], [ -83.337155193650347, 8.914595175476149 ], [ -83.337615852621511, 8.91550392187361 ], [ -83.337847887659294, 8.91650452899075 ], [ -83.337794190922097, 8.917524099539165 ], [ -83.337761579112907, 8.918143306067423 ], [ -83.338083242142005, 8.918551946290107 ], [ -83.339502772655422, 8.918775043045843 ], [ -83.342408431229742, 8.917996184682899 ], [ -83.343801213821308, 8.917622840914932 ], [ -83.34508405798762, 8.918028250760429 ], [ -83.345405357246392, 8.91830029746837 ], [ -83.346284594610822, 8.918782218774497 ], [ -83.349944911121241, 8.920788453399568 ], [ -83.35140067066051, 8.921568865106254 ], [ -83.352054147760683, 8.921919181243686 ], [ -83.352517007771141, 8.923419561921198 ], [ -83.353406046435808, 8.924063335066828 ], [ -83.353893457896262, 8.924416278831872 ], [ -83.355808841922737, 8.923807648842919 ], [ -83.358236864381809, 8.923036105593786 ], [ -83.359294798068433, 8.922915837642822 ], [ -83.360033828918063, 8.922831823214086 ], [ -83.360295729760892, 8.922802048243357 ], [ -83.360524577620041, 8.922801295760058 ], [ -83.36167034570326, 8.923252649475614 ], [ -83.363049380333408, 8.925068745203463 ], [ -83.36419583322251, 8.925747723163843 ], [ -83.365253685436983, 8.926059523795264 ], [ -83.365720262934204, 8.92619704786094 ], [ -83.366486616794191, 8.926422926627341 ], [ -83.368776579372977, 8.926870779475639 ], [ -83.369394101117152, 8.92748077365351 ], [ -83.370453359117562, 8.928527107424191 ], [ -83.370613450122406, 8.92868524572909 ], [ -83.374830408265353, 8.930491951578585 ], [ -83.375868512576673, 8.931571232308272 ], [ -83.376575860981831, 8.932306631405684 ], [ -83.377472643387819, 8.933512122600192 ], [ -83.378737260703659, 8.935212054137278 ], [ -83.379562354615913, 8.935573482563818 ], [ -83.379837223895095, 8.935768857537388 ], [ -83.380709459282059, 8.936388840502211 ], [ -83.382358864979423, 8.936838279722316 ], [ -83.385060154789997, 8.937057116519382 ], [ -83.385280420849142, 8.937274674628267 ], [ -83.385519404632305, 8.937510716361176 ], [ -83.385980689238139, 8.938555983640912 ], [ -83.387419423356576, 8.938616125497267 ], [ -83.387994986164799, 8.938640183331128 ], [ -83.392818997436621, 8.943201146302487 ], [ -83.394470237300794, 8.944762307551102 ], [ -83.394620424845698, 8.944836349457345 ], [ -83.396304245139078, 8.945666471978656 ], [ -83.399650352536383, 8.946212640854126 ], [ -83.402503815653063, 8.946678369082704 ], [ -83.402881162486381, 8.946739955294916 ], [ -83.404502171739651, 8.947004518080069 ], [ -83.408649051760761, 8.950761418758695 ], [ -83.409680606607125, 8.951695948602369 ], [ -83.410058008685155, 8.95203784894794 ], [ -83.412197977166045, 8.952232252282345 ], [ -83.414407917851619, 8.952432999326946 ], [ -83.416285805744224, 8.95274500378865 ], [ -83.417159236396643, 8.953788699669866 ], [ -83.418621455677624, 8.956433461481447 ], [ -83.419302562863891, 8.957665381017943 ], [ -83.421806875805501, 8.962194874024837 ], [ -83.422630835652967, 8.962572175302357 ], [ -83.421085090908406, 8.962569759210654 ], [ -83.420812036763763, 8.962569331739333 ], [ -83.419826562142958, 8.963118288378674 ], [ -83.417703625095086, 8.964300848735752 ], [ -83.417170912034564, 8.964597588130649 ], [ -83.415854531724591, 8.964994641459173 ], [ -83.415452335254869, 8.965115953670891 ], [ -83.414125520782662, 8.965516147694837 ], [ -83.414072682126161, 8.965501901998815 ], [ -83.413809260287366, 8.96542128881396 ], [ -83.413516405794624, 8.965318836133955 ], [ -83.413279200905322, 8.965230328743587 ], [ -83.412901991601331, 8.965087349417221 ], [ -83.412419379211002, 8.964900930250773 ], [ -83.412104216804082, 8.964794243447676 ], [ -83.411848268386024, 8.964719056364915 ], [ -83.411374033369754, 8.964590302040193 ], [ -83.410963412525604, 8.964478818342583 ], [ -83.410432107933445, 8.96432911461223 ], [ -83.410005585515833, 8.96420893433667 ], [ -83.409775600667004, 8.964157812264219 ], [ -83.409484458842215, 8.964119771287868 ], [ -83.408727657726601, 8.964050760214436 ], [ -83.408530479558678, 8.964017254819051 ], [ -83.40838437865753, 8.963981063451691 ], [ -83.408253441667782, 8.963933361172828 ], [ -83.408074085446543, 8.963850745912199 ], [ -83.407842904874713, 8.963729322655206 ], [ -83.407612797527918, 8.963613018731948 ], [ -83.407335946799762, 8.963502642510976 ], [ -83.407056413321627, 8.963435850456664 ], [ -83.406669004052375, 8.963350920457883 ], [ -83.406191000565642, 8.963274083274966 ], [ -83.406170401653128, 8.963270772066231 ], [ -83.405869398981451, 8.963242491024582 ], [ -83.405408605705603, 8.963215360004728 ], [ -83.404523227293311, 8.96316322824531 ], [ -83.404320757700233, 8.963155976602792 ], [ -83.403928416489634, 8.963112787537414 ], [ -83.403615340033909, 8.963078000415431 ], [ -83.403360529507964, 8.963035460168548 ], [ -83.403163118472236, 8.962994504586286 ], [ -83.402945109790394, 8.962941379594145 ], [ -83.402608746417584, 8.962847125549782 ], [ -83.402312400524011, 8.962761021382621 ], [ -83.402103447490191, 8.9626869072811 ], [ -83.401858001832849, 8.962589643604034 ], [ -83.401542532597929, 8.962466315461796 ], [ -83.400686799412483, 8.962131777191873 ], [ -83.399874454612743, 8.961836686857938 ], [ -83.399600852797448, 8.961740305434994 ], [ -83.399337616326406, 8.96166535927328 ], [ -83.398970836672589, 8.961579614916044 ], [ -83.398771038771955, 8.961535985694411 ], [ -83.398421981991831, 8.961459763013599 ], [ -83.398083543231095, 8.96138585862349 ], [ -83.397583573403139, 8.961272275697699 ], [ -83.397107892371409, 8.961157302224915 ], [ -83.396810981580671, 8.961081518982269 ], [ -83.396569074760208, 8.961006775857392 ], [ -83.396389995506652, 8.960940578905115 ], [ -83.396343373828515, 8.960923345104312 ], [ -83.396123862329105, 8.960830311373256 ], [ -83.395720970812263, 8.960659230099653 ], [ -83.395580035312122, 8.960599384013152 ], [ -83.395391709219595, 8.960533276080191 ], [ -83.395066284958133, 8.960456706779063 ], [ -83.394809837160579, 8.960440162148954 ], [ -83.394576352173132, 8.960445846372428 ], [ -83.394101199733342, 8.960456965950335 ], [ -83.393802401492934, 8.960434249918489 ], [ -83.39373213637505, 8.960420974603805 ], [ -83.393671301029116, 8.96040948086141 ], [ -83.393409503040502, 8.960337311341901 ], [ -83.393285621549438, 8.960301058936318 ], [ -83.393146305683075, 8.960260289792101 ], [ -83.392934277523594, 8.960185052745208 ], [ -83.392748604568695, 8.960091199858178 ], [ -83.392525944154187, 8.959960573097936 ], [ -83.392334097542559, 8.959836071991662 ], [ -83.392231058978439, 8.959769203834417 ], [ -83.391783982801172, 8.959456978662857 ], [ -83.391659441765597, 8.959365466004288 ], [ -83.391560819997466, 8.95929299874353 ], [ -83.391391297883658, 8.959156494474584 ], [ -83.391242248730634, 8.959028492930322 ], [ -83.391085189193575, 8.958885021914508 ], [ -83.391044603720374, 8.958847947798615 ], [ -83.391028716255121, 8.958833434875428 ], [ -83.390775485466449, 8.95858934236151 ], [ -83.390774080784453, 8.958587964683808 ], [ -83.390666985455226, 8.958234613733634 ], [ -83.389919872038632, 8.957635884983688 ], [ -83.389843185934907, 8.95756549570199 ] ] ], [ [ [ -83.237113144555082, 8.992731966777816 ], [ -83.236792172368752, 8.992273942440505 ], [ -83.23606436499783, 8.990806688661024 ], [ -83.235337497585832, 8.989981278903096 ], [ -83.234665701717006, 8.989425082679224 ], [ -83.235173147809334, 8.989836454981157 ], [ -83.235438324537185, 8.990041466627696 ], [ -83.235777356561286, 8.990281842782757 ], [ -83.236235251118316, 8.990635773897999 ], [ -83.236432902778532, 8.99082230296141 ], [ -83.236469156125068, 8.990856516166115 ], [ -83.23652420436008, 8.990908466566607 ], [ -83.236787624871511, 8.991217774332499 ], [ -83.236951027747693, 8.991482610845011 ], [ -83.237191717969068, 8.991925043572182 ], [ -83.237196907635791, 8.991936495053421 ], [ -83.237308358324057, 8.992182421164371 ], [ -83.23738206830113, 8.992461201344931 ], [ -83.237442819324286, 8.992717010147111 ], [ -83.237446723585037, 8.992744576349985 ], [ -83.237279694349979, 8.992753407272966 ], [ -83.237113144555082, 8.992731966777816 ] ] ], [ [ [ -83.290207780581241, 8.990334445969749 ], [ -83.290352965438728, 8.990411839482977 ], [ -83.290554171987324, 8.990573706280129 ], [ -83.290698051172683, 8.99082816563763 ], [ -83.290851162531652, 8.990974987491311 ], [ -83.291019364816677, 8.991094925631279 ], [ -83.291316879595513, 8.991227073545554 ], [ -83.291753936374079, 8.991456649800728 ], [ -83.291308800633743, 8.992056500064731 ], [ -83.291702466609593, 8.992892676996894 ], [ -83.291669882096542, 8.99309198971112 ], [ -83.291643571838961, 8.993252924241796 ], [ -83.29154808671241, 8.993836978600813 ], [ -83.291437914849467, 8.993948538755154 ], [ -83.291353568724915, 8.994014164153326 ], [ -83.291260209783204, 8.994073792913445 ], [ -83.291142830361196, 8.994112442073286 ], [ -83.291066948429645, 8.994163086179539 ], [ -83.290998264008081, 8.994210845338035 ], [ -83.290895824159662, 8.994300360198935 ], [ -83.290853504594892, 8.994407932172701 ], [ -83.290841258186475, 8.994518551189911 ], [ -83.290841258186461, 8.994518551189929 ], [ -83.290859177173999, 8.994584374095744 ], [ -83.290916185242807, 8.994656253295597 ], [ -83.290979314983659, 8.994674316213393 ], [ -83.291021371777759, 8.994701310683793 ], [ -83.291069334009563, 8.994785131941983 ], [ -83.291102310020108, 8.994842012607885 ], [ -83.291156380455547, 8.994878001361297 ], [ -83.291243636376336, 8.994863217773004 ], [ -83.291349136202442, 8.994746796035603 ], [ -83.29146675425217, 8.994585542500756 ], [ -83.291605206735682, 8.994537962555368 ], [ -83.291743484792065, 8.994580093240915 ], [ -83.291913900909051, 8.99459373006194 ], [ -83.292490877011318, 8.996201089409766 ], [ -83.292319959415664, 8.996613222724015 ], [ -83.29187695338149, 8.996737126638042 ], [ -83.292000500301143, 8.997317172273309 ], [ -83.292067867387104, 8.997633453478999 ], [ -83.291971810922732, 8.998010315742208 ], [ -83.291568725542703, 8.997638158809604 ], [ -83.290883862272707, 8.998230193139921 ], [ -83.290347776616912, 8.999157092161665 ], [ -83.290288363908346, 8.999361673958242 ], [ -83.29012319199083, 8.999930425740285 ], [ -83.290023014180022, 9.000275378341643 ], [ -83.289146740967638, 9.000557697594122 ], [ -83.289247764749859, 9.00177933352645 ], [ -83.289260136948684, 9.001928957914007 ], [ -83.289139262678191, 9.002070863023208 ], [ -83.28925210073055, 9.00233568732888 ], [ -83.289437097441038, 9.002374375722439 ], [ -83.289540789704603, 9.00276944351431 ], [ -83.289753610335566, 9.003580284186381 ], [ -83.289533320552209, 9.004070592585617 ], [ -83.289859303897671, 9.004420538820566 ], [ -83.289977247447922, 9.004932681654847 ], [ -83.290006102544751, 9.00505797853921 ], [ -83.290156196756342, 9.005396832141539 ], [ -83.287910977217621, 9.007289151216316 ], [ -83.287981519110801, 9.007405686548601 ], [ -83.287992537041802, 9.007415734918967 ], [ -83.288089831310117, 9.0075237474872 ], [ -83.28817313439707, 9.007618717066164 ], [ -83.288190341063483, 9.007635568085737 ], [ -83.288261756865282, 9.00769106441988 ], [ -83.288352691676096, 9.007757702383595 ], [ -83.288399486965915, 9.007794395339353 ], [ -83.288548146887436, 9.007910583574247 ], [ -83.288569741454623, 9.007928446862401 ], [ -83.288651231729261, 9.008016710502444 ], [ -83.288845190686885, 9.008287458411766 ], [ -83.288872236650548, 9.008327340794258 ], [ -83.288944000631545, 9.0084765057195 ], [ -83.289003474071521, 9.008608282403484 ], [ -83.289110543418971, 9.008838021647374 ], [ -83.289111861220192, 9.008840732952358 ], [ -83.289259314490835, 9.009130766450818 ], [ -83.289347510472297, 9.009299141615188 ], [ -83.289349674593737, 9.009303255763307 ], [ -83.289369175253299, 9.009330251969457 ], [ -83.289560397358983, 9.009454204167959 ], [ -83.289569331547284, 9.009459502229936 ], [ -83.28990332613435, 9.009622528737133 ], [ -83.289958667709641, 9.009646387048807 ], [ -83.29017108399222, 9.009740110456685 ], [ -83.290229113329019, 9.009764343816215 ], [ -83.290272272088373, 9.009787002988823 ], [ -83.290384717508388, 9.009846011740816 ], [ -83.290516404603224, 9.009938686435842 ], [ -83.290531516327007, 9.009955327278492 ], [ -83.29074808067756, 9.010223463772421 ], [ -83.290965751832914, 9.010500371178161 ], [ -83.291014927854903, 9.010563386550357 ], [ -83.291266318065567, 9.010877002934393 ], [ -83.291342296822478, 9.010975333603263 ], [ -83.291466172226038, 9.011133455781332 ], [ -83.291547906464288, 9.011229200308444 ], [ -83.291627680377616, 9.011307451143495 ], [ -83.291676742817842, 9.011349451956384 ], [ -83.291818562337994, 9.011463003057855 ], [ -83.291853786405071, 9.011489343673475 ], [ -83.291973077774273, 9.011564029541578 ], [ -83.292044508069452, 9.011599504734322 ], [ -83.292162191728764, 9.011645029048376 ], [ -83.29216881022603, 9.011647440818313 ], [ -83.29225815375689, 9.011665700409544 ], [ -83.292338072452893, 9.011672910582094 ], [ -83.292387903338437, 9.011660633146645 ], [ -83.292497458692807, 9.011631351754263 ], [ -83.2925875410494, 9.011608150522028 ], [ -83.29278455025792, 9.011557125011333 ], [ -83.292803251295226, 9.011553316825244 ], [ -83.292906925543761, 9.011549944617729 ], [ -83.292989972398402, 9.01155897685593 ], [ -83.293015464846107, 9.011566399114626 ], [ -83.293084930776956, 9.011590799786752 ], [ -83.293207934658724, 9.011646417888064 ], [ -83.293294960218518, 9.011716692307431 ], [ -83.293425149919941, 9.011837992265281 ], [ -83.293511435183191, 9.011931167393291 ], [ -83.293520472924143, 9.01194297076586 ], [ -83.293592953597496, 9.012034259210099 ], [ -83.293860064279698, 9.012417039897086 ], [ -83.293989223162242, 9.012593363436125 ], [ -83.293995429650849, 9.012606662927025 ], [ -83.294016482128029, 9.012659455183709 ], [ -83.294038859035922, 9.012722699608526 ], [ -83.29403540714388, 9.012745488536856 ], [ -83.294019132100559, 9.012856360628177 ], [ -83.294007156741628, 9.012928034021749 ], [ -83.293989350117386, 9.013037940544434 ], [ -83.293966145514744, 9.013200601060078 ], [ -83.293951857014619, 9.013326768076757 ], [ -83.29394863497717, 9.013349566819729 ], [ -83.29392417647172, 9.013522632091869 ], [ -83.293891076684403, 9.013445216947879 ], [ -83.293896447911322, 9.013319028800836 ], [ -83.291460850991996, 9.014369754127802 ], [ -83.290999997716355, 9.014076797404186 ], [ -83.289939270404119, 9.014952051592342 ], [ -83.288946968334301, 9.01601159297145 ], [ -83.287973872258945, 9.015969424062089 ], [ -83.285851380593215, 9.016432274920254 ], [ -83.284896704443369, 9.017035448168787 ], [ -83.284560508229831, 9.016173158151636 ], [ -83.283606481015639, 9.015493382816185 ], [ -83.283245138834857, 9.01510162649903 ], [ -83.282989570487103, 9.014824544813726 ], [ -83.282268765452656, 9.014043065267765 ], [ -83.28217891864638, 9.013253301696473 ], [ -83.280479482364228, 9.013032452150442 ], [ -83.279981680225305, 9.012967758676107 ], [ -83.279878511903618, 9.012990250464568 ], [ -83.278819445960721, 9.013221140207255 ], [ -83.277695398116833, 9.012382693116473 ], [ -83.27708566461358, 9.011927877936799 ], [ -83.275652763944535, 9.011885228321155 ], [ -83.274313986192922, 9.011020402934115 ], [ -83.275135058651017, 9.01013370175245 ], [ -83.275177036221052, 9.009510615630267 ], [ -83.274526596567227, 9.009593086120024 ], [ -83.27462398500964, 9.008669103721864 ], [ -83.273651627012484, 9.007918862455988 ], [ -83.273809408546285, 9.00599665806739 ], [ -83.27255592407684, 9.005909184375176 ], [ -83.271700980111945, 9.006618625361501 ], [ -83.269530746471432, 9.005135821462181 ], [ -83.266527213161979, 9.004420810070149 ], [ -83.267401356865179, 9.005108772147498 ], [ -83.267283863850423, 9.006024882272492 ], [ -83.267405113048767, 9.008004950882761 ], [ -83.266187747229395, 9.009596533862945 ], [ -83.266274330410525, 9.011581112557078 ], [ -83.266283744111064, 9.012653121512173 ], [ -83.266251449313501, 9.013604310308935 ], [ -83.266916458188476, 9.013575828566282 ], [ -83.266965696300574, 9.014346652379462 ], [ -83.267537885949224, 9.014081393248601 ], [ -83.267944348328712, 9.01494727529089 ], [ -83.267281882930178, 9.015423138849501 ], [ -83.266991859307254, 9.016401437405891 ], [ -83.262370036086438, 9.017621579243723 ], [ -83.261454984826443, 9.015768729280429 ], [ -83.26128721567251, 9.015634386035437 ], [ -83.259926121272045, 9.014544479176518 ], [ -83.259870990957936, 9.014473691494205 ], [ -83.25945710832265, 9.013942269277162 ], [ -83.259555812232094, 9.013426293904525 ], [ -83.259096301185266, 9.012802488738897 ], [ -83.25836101254005, 9.012355693440769 ], [ -83.257772330250887, 9.012340696942172 ], [ -83.257074679447442, 9.012171822172984 ], [ -83.25673695139109, 9.012090069946117 ], [ -83.256485669854754, 9.011964877059858 ], [ -83.256001321222726, 9.011723562051721 ], [ -83.2551664400969, 9.010925259157478 ], [ -83.254811261975618, 9.010528229585775 ], [ -83.254705910637341, 9.010410463153869 ], [ -83.253733336037172, 9.009443517805511 ], [ -83.25351958259607, 9.009231000019298 ], [ -83.252584313120508, 9.008107651367411 ], [ -83.25197471762651, 9.007416552481455 ], [ -83.251670165500528, 9.007418479574083 ], [ -83.25134167300493, 9.007420559351161 ], [ -83.251222037092205, 9.006925701554522 ], [ -83.251804225542159, 9.00648534430708 ], [ -83.25124809004042, 9.00598514970787 ], [ -83.251109760165718, 9.005860735742278 ], [ -83.250648976629108, 9.005875247570097 ], [ -83.250582085864664, 9.005368835995704 ], [ -83.250113930124215, 9.005452980795765 ], [ -83.249283556392911, 9.004390539740902 ], [ -83.249076826778534, 9.004126033850048 ], [ -83.248336464425947, 9.003974019905156 ], [ -83.247833242400873, 9.00350225528782 ], [ -83.24698954837767, 9.002711297287307 ], [ -83.246206317780775, 9.003096093398568 ], [ -83.246119686238956, 9.002877790453827 ], [ -83.246383018256594, 9.002486274551993 ], [ -83.24566874633345, 9.001641910335529 ], [ -83.245535039812125, 9.001483849260779 ], [ -83.244715432554443, 9.000642424134266 ], [ -83.244376237290737, 9.000854210255561 ], [ -83.243984989290297, 9.000483757881183 ], [ -83.244329216446744, 9.000247848527215 ], [ -83.24410952619354, 8.99990998068821 ], [ -83.24354448290326, 8.999040977891624 ], [ -83.24319338411523, 8.998992729547808 ], [ -83.24291004439155, 8.998702858919307 ], [ -83.2419618692673, 8.997732816733702 ], [ -83.241478450532085, 8.997692710571991 ], [ -83.240767551971203, 8.996808829759191 ], [ -83.240749067395882, 8.996753035632674 ], [ -83.240533538580451, 8.99610244222187 ], [ -83.240024405630066, 8.996338435835138 ], [ -83.239469217131742, 8.995585089541207 ], [ -83.239206907098193, 8.99574655040445 ], [ -83.239229683121252, 8.995104661688304 ], [ -83.239229949785667, 8.99509716312247 ], [ -83.239776598964426, 8.994795127431814 ], [ -83.239077300023652, 8.994705813501099 ], [ -83.238940613946269, 8.994401966289653 ], [ -83.238800566995153, 8.994448003631437 ], [ -83.238800566995138, 8.994448003631437 ], [ -83.238773477131403, 8.994456907928015 ], [ -83.238571981717143, 8.994523143821905 ], [ -83.238234448883745, 8.993838537798831 ], [ -83.238285510221459, 8.993804128758114 ], [ -83.238756875668685, 8.993486491299572 ], [ -83.238545498603344, 8.993389222660609 ], [ -83.238403541232273, 8.993323898499716 ], [ -83.238075472922745, 8.992622471042672 ], [ -83.237921040410399, 8.992834553840057 ], [ -83.23791762830102, 8.992833651193438 ], [ -83.237916115970279, 8.992816525341189 ], [ -83.237890175507303, 8.992633373232534 ], [ -83.237823299551835, 8.992351775205453 ], [ -83.237738500348911, 8.992031055684066 ], [ -83.237599522676831, 8.991724389580641 ], [ -83.237345100342509, 8.991256715711813 ], [ -83.237157078088813, 8.990951977688368 ], [ -83.236855221793476, 8.990597539160687 ], [ -83.236532042291145, 8.990292546572135 ], [ -83.236418761756795, 8.990204986196193 ], [ -83.236049027148013, 8.98991919870782 ], [ -83.235812421334302, 8.989751443662261 ], [ -83.235710013346818, 8.989678835648446 ], [ -83.235451739669386, 8.989479160984073 ], [ -83.235254625309906, 8.989327709614855 ], [ -83.235044941053403, 8.989157469438299 ], [ -83.234827102061615, 8.988958819356712 ], [ -83.234464793625477, 8.988615618393139 ], [ -83.234178158185998, 8.988307212048573 ], [ -83.23408467130588, 8.988191923623502 ], [ -83.233976658012864, 8.988058721049763 ], [ -83.233859970889696, 8.987880736098633 ], [ -83.233720495799275, 8.987667991996691 ], [ -83.23353312278239, 8.987270601291709 ], [ -83.233431026283526, 8.987001095453376 ], [ -83.233335160240173, 8.986637351852325 ], [ -83.233272964237798, 8.986128920071996 ], [ -83.233270242168317, 8.985797182340781 ], [ -83.233316359389846, 8.985347709211101 ], [ -83.233399785204611, 8.984759375432715 ], [ -83.233467347758079, 8.984285161032684 ], [ -83.233478504687412, 8.983847141590605 ], [ -83.23344911497999, 8.983380451515437 ], [ -83.233427244265329, 8.983228440221799 ], [ -83.233411015305919, 8.983115641603417 ], [ -83.23339047607881, 8.982972884599988 ], [ -83.233288819947091, 8.982381759139768 ], [ -83.233240196718143, 8.982077637366313 ], [ -83.233213345169801, 8.981764052404396 ], [ -83.233248572820372, 8.981378131436916 ], [ -83.233305762852638, 8.981185197564537 ], [ -83.233347510981048, 8.981044357689823 ], [ -83.233402164095693, 8.980909955606387 ], [ -83.233451582496201, 8.98078842654656 ], [ -83.233569975075241, 8.980536097388427 ], [ -83.233835864519151, 8.98002891708712 ], [ -83.234064693447394, 8.979651286076324 ], [ -83.234308395508194, 8.979292870425327 ], [ -83.234448567466131, 8.979086717359975 ], [ -83.234598606361601, 8.978869443924511 ], [ -83.234824836492663, 8.978541836235696 ], [ -83.235025822321575, 8.978177105971177 ], [ -83.235178337891384, 8.977784016813247 ], [ -83.235231293622704, 8.977566297558139 ], [ -83.235291846130409, 8.977317344948892 ], [ -83.235363042052967, 8.976942861600884 ], [ -83.235378386801287, 8.976862149650861 ], [ -83.235481981010807, 8.976501883548618 ], [ -83.235637621413318, 8.976189836723847 ], [ -83.235772073476255, 8.976019573502896 ], [ -83.235834967436205, 8.97593992772976 ], [ -83.236085977057371, 8.975715953808432 ], [ -83.236391482826406, 8.975534044441662 ], [ -83.23666738476075, 8.975436858024938 ], [ -83.236707113855658, 8.975422863435142 ], [ -83.236816513375615, 8.975405634835974 ], [ -83.237065886017859, 8.975366362676402 ], [ -83.237295360154064, 8.975372489984222 ], [ -83.237370071457434, 8.975386551090097 ], [ -83.237681934922804, 8.975445245452594 ], [ -83.238039623206731, 8.975586360744151 ], [ -83.239074445162387, 8.976042551489455 ], [ -83.239644360900911, 8.976290704326855 ], [ -83.23996345796921, 8.976429645127009 ], [ -83.240396026296352, 8.976617161079822 ], [ -83.24067535420906, 8.976748193817786 ], [ -83.24093670649998, 8.976896327260162 ], [ -83.241211272934635, 8.977105017743353 ], [ -83.241469167160986, 8.977351810943899 ], [ -83.241515462470588, 8.977395726615345 ], [ -83.241825766646244, 8.977690080356753 ], [ -83.242156940060411, 8.977942578167825 ], [ -83.242496080985305, 8.978131016124836 ], [ -83.242957318275501, 8.978305765667507 ], [ -83.243335906733293, 8.978384591472146 ], [ -83.243681436828879, 8.978418148969746 ], [ -83.243755145874161, 8.978416782444951 ], [ -83.244112922622904, 8.978410149253234 ], [ -83.2442260214752, 8.978408446400858 ], [ -83.244422177371476, 8.978405492933065 ], [ -83.2447015968025, 8.978437331010886 ], [ -83.245006830541925, 8.978523147813881 ], [ -83.24544656755657, 8.978711696434557 ], [ -83.245886144808523, 8.978916012513723 ], [ -83.246294574712493, 8.979105850610884 ], [ -83.246486155252654, 8.979195151705621 ], [ -83.247187905276476, 8.979522256003998 ], [ -83.247421048959808, 8.979629754521808 ], [ -83.24768374874634, 8.979750925195177 ], [ -83.247985339417653, 8.979890034027996 ], [ -83.248659226831975, 8.980201381807889 ], [ -83.248877224590473, 8.980302100221872 ], [ -83.249857865135652, 8.980756178186196 ], [ -83.250143829664026, 8.980888591150423 ], [ -83.250473605220975, 8.981040704444204 ], [ -83.250947137665833, 8.98125912676938 ], [ -83.251404014211658, 8.981427431109839 ], [ -83.251828962693281, 8.981553155867854 ], [ -83.251926206163262, 8.981581926127168 ], [ -83.252285197798201, 8.981657750952071 ], [ -83.252626266706528, 8.981710650671868 ], [ -83.252711604461453, 8.981723886489567 ], [ -83.253090634148379, 8.981757803956508 ], [ -83.253704908682693, 8.981789691543545 ], [ -83.253980335765291, 8.981823636728214 ], [ -83.254201493004899, 8.981884885755781 ], [ -83.254400835713355, 8.981966958070419 ], [ -83.254567671457821, 8.982075635500422 ], [ -83.254713785285517, 8.98221049669748 ], [ -83.254762025450418, 8.982255021720736 ], [ -83.254916097019375, 8.982451045673315 ], [ -83.255134694726152, 8.982696416133704 ], [ -83.255392675210203, 8.982924643510634 ], [ -83.255659242829552, 8.983075020526217 ], [ -83.256006691873992, 8.983243876000929 ], [ -83.256168417819609, 8.983331771384918 ], [ -83.256221427017877, 8.983374144596748 ], [ -83.256317206175339, 8.983450706182659 ], [ -83.256445353453813, 8.983607327242096 ], [ -83.256466426337568, 8.983641267203774 ], [ -83.256666334841142, 8.983963239255029 ], [ -83.256813275419859, 8.984177464861029 ], [ -83.257061320541055, 8.984394488005664 ], [ -83.257305256112062, 8.984554748208936 ], [ -83.257504924455802, 8.98468785132898 ], [ -83.257712305069006, 8.984863698584514 ], [ -83.257759270307531, 8.984930904878659 ], [ -83.257804480724957, 8.984995600032407 ], [ -83.257864232248082, 8.985125068428236 ], [ -83.257906567954493, 8.985253440565511 ], [ -83.257929002951556, 8.98539637830236 ], [ -83.257922845500687, 8.985601081180645 ], [ -83.25792008851198, 8.985692736388177 ], [ -83.257850092298469, 8.986108296268693 ], [ -83.257815068787195, 8.986414367431864 ], [ -83.257832818212421, 8.986564891320127 ], [ -83.257862426680958, 8.986815985565894 ], [ -83.257956487928695, 8.987079575780871 ], [ -83.257975084556747, 8.987131689539694 ], [ -83.258126592293706, 8.987367119212315 ], [ -83.258458849249038, 8.98768122687585 ], [ -83.258853916450931, 8.98786783670525 ], [ -83.259052542803744, 8.987913868200948 ], [ -83.259182691855372, 8.987930012525036 ], [ -83.259315744364059, 8.987934198053447 ], [ -83.259517850231276, 8.987918184111169 ], [ -83.259702669585067, 8.987867460140563 ], [ -83.259840929120188, 8.987829514516198 ], [ -83.259847534615119, 8.987826034921868 ], [ -83.260080402701703, 8.987703366248704 ], [ -83.260105767627024, 8.987690004670744 ], [ -83.260106492481071, 8.987689622836589 ], [ -83.260353999345583, 8.987489307772934 ], [ -83.260468644125126, 8.987336814788986 ], [ -83.260583327095731, 8.987184270830474 ], [ -83.260716416350249, 8.986819168408735 ], [ -83.26072107602667, 8.986798372093268 ], [ -83.260794643067186, 8.986470039172932 ], [ -83.260822257280154, 8.986257920003869 ], [ -83.260901596087351, 8.985648475419701 ], [ -83.260968591845327, 8.985133842397953 ], [ -83.261085136645363, 8.984238590006155 ], [ -83.261131872569791, 8.983979432856845 ], [ -83.261209659303034, 8.983712801895413 ], [ -83.261310891714885, 8.983512659768182 ], [ -83.261389946136717, 8.983388322703544 ], [ -83.261520969050139, 8.983182249175183 ], [ -83.26179265402385, 8.982872752838643 ], [ -83.261948572298408, 8.982655671564713 ], [ -83.262045978877126, 8.982445779439265 ], [ -83.26209093958407, 8.982348897810038 ], [ -83.262267546947555, 8.981863803924318 ], [ -83.262316493775884, 8.981729359611405 ], [ -83.262503847093328, 8.981219603755161 ], [ -83.262580318592285, 8.981046641965253 ], [ -83.262724842135285, 8.980819902955664 ], [ -83.26291666720148, 8.980617786764116 ], [ -83.262951172479788, 8.980581430293102 ], [ -83.262971630226033, 8.980559874992743 ], [ -83.263010823234765, 8.980518579275746 ], [ -83.263136508805445, 8.980438834015585 ], [ -83.263167385464328, 8.980419243311944 ], [ -83.263253971740767, 8.98037867428679 ], [ -83.263357130994692, 8.980330340139767 ], [ -83.263396704012408, 8.98031179862112 ], [ -83.263410146764102, 8.980305500160556 ], [ -83.263445341352153, 8.980296401799082 ], [ -83.263461153320691, 8.980292314152196 ], [ -83.263504170881887, 8.980281193420126 ], [ -83.263521819886563, 8.980276630866632 ], [ -83.263664469306647, 8.980239753645664 ], [ -83.263829322777468, 8.980226008705928 ], [ -83.264035625098444, 8.980236600834747 ], [ -83.264115701046336, 8.980254827182746 ], [ -83.264264183200879, 8.980288623640702 ], [ -83.264410037934169, 8.980341926901888 ], [ -83.264433078035651, 8.980350347002911 ], [ -83.26456249078872, 8.980415485314998 ], [ -83.264657892471774, 8.980482434088479 ], [ -83.264689100084681, 8.980504334230728 ], [ -83.264840436653714, 8.98061053556531 ], [ -83.264914366807574, 8.980674747918952 ], [ -83.265397743221712, 8.981114171488167 ], [ -83.265541275057089, 8.981245263320654 ], [ -83.266026033450515, 8.981688006310977 ], [ -83.266229395867541, 8.981872179750583 ], [ -83.266532300413346, 8.982146502142491 ], [ -83.266969778027999, 8.982551450979397 ], [ -83.267355549402623, 8.982908537085562 ], [ -83.267405807053834, 8.982954033801125 ], [ -83.267798116810454, 8.983309179235517 ], [ -83.267968169384957, 8.983438165214052 ], [ -83.268200476152089, 8.983614823109148 ], [ -83.268429740790751, 8.983775965849222 ], [ -83.2685457836171, 8.983841571473787 ], [ -83.268855396521204, 8.98401661301286 ], [ -83.268859562106627, 8.984018471395437 ], [ -83.269207803834405, 8.984173831411361 ], [ -83.269218722012425, 8.984178702297406 ], [ -83.269392948094591, 8.984239379157467 ], [ -83.269569575105663, 8.98430089207514 ], [ -83.269825236550801, 8.984372264079848 ], [ -83.26996451945611, 8.984411147058601 ], [ -83.270237093507561, 8.984450607122064 ], [ -83.270340706976711, 8.984465607006429 ], [ -83.270766230577209, 8.984527228853015 ], [ -83.271084115472476, 8.984557721819455 ], [ -83.271340970036022, 8.984566736783002 ], [ -83.271615297373927, 8.984567278398091 ], [ -83.271824960923837, 8.984556060538203 ], [ -83.271907178584613, 8.984551661523275 ], [ -83.272708187506282, 8.984423026218673 ], [ -83.272888745738712, 8.984395423695345 ], [ -83.272934309021679, 8.984388458273459 ], [ -83.273140033308607, 8.984388863565812 ], [ -83.27330302951313, 8.984410072095539 ], [ -83.273416877238745, 8.984441549048331 ], [ -83.273496609640389, 8.984463593672741 ], [ -83.273626091040541, 8.984520296414026 ], [ -83.273783898358005, 8.984606384985701 ], [ -83.274040089808182, 8.984765684648202 ], [ -83.274194749057813, 8.984856526525375 ], [ -83.274405301718332, 8.984943077784061 ], [ -83.274547160764868, 8.984982696055878 ], [ -83.274727779485573, 8.98501109877099 ], [ -83.274938868569379, 8.985005346311565 ], [ -83.274961194407595, 8.985004737895601 ], [ -83.275099474108885, 8.984981966038074 ], [ -83.275260982407943, 8.984934249845958 ], [ -83.27538870713397, 8.984880088739359 ], [ -83.275498666404786, 8.984820082541077 ], [ -83.275600995797106, 8.984748804966369 ], [ -83.275691633202186, 8.984673408876684 ], [ -83.275783856501718, 8.984581808318174 ], [ -83.275868492903868, 8.984479876576595 ], [ -83.275942133031492, 8.984372173327595 ], [ -83.275996329950758, 8.98426470280287 ], [ -83.276008746894192, 8.984236408477908 ], [ -83.276027841737275, 8.984192897300856 ], [ -83.276052291093393, 8.984137184844387 ], [ -83.276083925083668, 8.98404353166538 ], [ -83.27609762537061, 8.984008839144675 ], [ -83.276133863930369, 8.98391707409554 ], [ -83.276139066801292, 8.983903899127331 ], [ -83.276139598617092, 8.983855291147371 ], [ -83.276139999453036, 8.983818654694877 ], [ -83.276141010087343, 8.983726282446311 ], [ -83.276141935381318, 8.98364171013039 ], [ -83.276142975760123, 8.98354661879277 ], [ -83.276143730840801, 8.98347760375303 ], [ -83.276131617485916, 8.983420403413454 ], [ -83.276096687354212, 8.983255460139453 ], [ -83.276068782066318, 8.983123688730116 ], [ -83.276010036361484, 8.982957257527884 ], [ -83.275861859868854, 8.982537461232766 ], [ -83.275832374208846, 8.982396996584175 ], [ -83.275796150597088, 8.982224433360972 ], [ -83.27578355255352, 8.982028933957034 ], [ -83.275780626418666, 8.981664279293186 ], [ -83.275714889987569, 8.981180137689021 ], [ -83.275518984813246, 8.980549120184113 ], [ -83.275470105652403, 8.980197339548921 ], [ -83.275445785446422, 8.979743327477843 ], [ -83.275396180335363, 8.979473855647031 ], [ -83.275277988554137, 8.979125319711429 ], [ -83.275066321952323, 8.978582795621417 ], [ -83.27487947062599, 8.978103874434531 ], [ -83.274602479972273, 8.97742041766347 ], [ -83.274407706310811, 8.977038794503654 ], [ -83.274179425147395, 8.976588503673188 ], [ -83.274064216083445, 8.976284029561503 ], [ -83.274021995049637, 8.976082969376678 ], [ -83.273898505651303, 8.975494901211036 ], [ -83.273880710413877, 8.975315453464809 ], [ -83.273870061293451, 8.974879358911544 ], [ -83.273881025764737, 8.974725636505193 ], [ -83.273900939559624, 8.974446443637245 ], [ -83.273981051678206, 8.974000217238768 ], [ -83.274128386532126, 8.973662739334861 ], [ -83.274234076948645, 8.97351799575252 ], [ -83.274481362487919, 8.973309292571379 ], [ -83.274632871348359, 8.973239960044374 ], [ -83.274693230163038, 8.973212338999593 ], [ -83.274941090453254, 8.973154783565285 ], [ -83.275191759735293, 8.973164443619748 ], [ -83.275395447936376, 8.973211769988414 ], [ -83.275444828438694, 8.973223243387924 ], [ -83.27565233776987, 8.973311235296004 ], [ -83.27613514481807, 8.973504004769829 ], [ -83.276159998232743, 8.973510325073631 ], [ -83.27648428475122, 8.973592792014658 ], [ -83.276520921566203, 8.973602108836106 ], [ -83.276863356208594, 8.973635121737994 ], [ -83.27718765499273, 8.973619557798996 ], [ -83.27734362626579, 8.973600191398079 ], [ -83.277517636769204, 8.973578585048818 ], [ -83.277788462745633, 8.973472767462814 ], [ -83.277906850297256, 8.973426510793239 ], [ -83.277984552457582, 8.973380801437067 ], [ -83.278026789960322, 8.973406091888306 ], [ -83.278662271086432, 8.973178204210322 ], [ -83.278733246772688, 8.973147628966801 ], [ -83.278831920094959, 8.973135860320882 ], [ -83.278956938404988, 8.973186342756314 ], [ -83.279198807180677, 8.973359997726368 ], [ -83.279495371476216, 8.973457721204028 ], [ -83.279685406065525, 8.973482015223107 ], [ -83.279812981843719, 8.973455948963995 ], [ -83.279950265682174, 8.973386839552635 ], [ -83.280000831887008, 8.973367800429269 ], [ -83.28003211128825, 8.973367861387992 ], [ -83.280044108606717, 8.973384630007775 ], [ -83.280034418498815, 8.973418103411388 ], [ -83.279976625017824, 8.973441914228147 ], [ -83.279901974552928, 8.973472867676131 ], [ -83.279808023100529, 8.973530100270487 ], [ -83.279723639998693, 8.973616058004316 ], [ -83.279648800727188, 8.973742703010712 ], [ -83.279573904767233, 8.973898056204 ], [ -83.27956402491148, 8.974027220294875 ], [ -83.279592647988508, 8.974154067037851 ], [ -83.279662227479974, 8.97425467957266 ], [ -83.279760773699238, 8.974307501680814 ], [ -83.279902780752622, 8.974283855985634 ], [ -83.280042415465203, 8.974243458563611 ], [ -83.280336092218221, 8.974177047138678 ], [ -83.280550302010653, 8.974143972099599 ], [ -83.280935321272196, 8.974123191634712 ], [ -83.281101319192672, 8.974135475990291 ], [ -83.281437943095895, 8.974253353062139 ], [ -83.281901889202075, 8.97447434580163 ], [ -83.282286542095719, 8.974640161522048 ], [ -83.282570265778119, 8.974741188683652 ], [ -83.282856438175941, 8.97482069027124 ], [ -83.283084915793339, 8.974873763773086 ], [ -83.283443271687588, 8.974953405013624 ], [ -83.283695749277072, 8.975037624580406 ], [ -83.283962597975105, 8.9751553641541 ], [ -83.284275172494063, 8.975268408183412 ], [ -83.284556500434434, 8.975364644377537 ], [ -83.284784908424527, 8.97545360149082 ], [ -83.284948411931381, 8.9755113338484 ], [ -83.285039760204228, 8.975554571847242 ], [ -83.285114214030145, 8.975624092132136 ], [ -83.285195768684062, 8.975753433472377 ], [ -83.285229168906341, 8.975899427769509 ], [ -83.285218818793567, 8.976270212974057 ], [ -83.285215995669972, 8.976483121801175 ], [ -83.285184486448387, 8.976600283025151 ], [ -83.285131345082988, 8.976705441087889 ], [ -83.285049406096931, 8.976772267103323 ], [ -83.28479899109989, 8.976862688523074 ], [ -83.284572679100492, 8.976931627235043 ], [ -83.284416144424682, 8.977000700111041 ], [ -83.284273981675312, 8.97710329308101 ], [ -83.284208865795762, 8.977179720338391 ], [ -83.284179818747845, 8.977268178779775 ], [ -83.284119182274949, 8.9775144668733 ], [ -83.284063606940663, 8.977633973742389 ], [ -83.284056045584947, 8.9778085970291 ], [ -83.284077260138375, 8.9780335127589 ], [ -83.284137141394893, 8.978172382054566 ], [ -83.284331724115972, 8.978333042569545 ], [ -83.284475843432887, 8.978460113801424 ], [ -83.284595929960318, 8.978572783797947 ], [ -83.284634344295384, 8.978615919379612 ], [ -83.284634292719488, 8.97864223427894 ], [ -83.284610160445254, 8.978678072270512 ], [ -83.284566831285204, 8.978687557160816 ], [ -83.284480247993699, 8.978668251696204 ], [ -83.284396074780688, 8.978646557541857 ], [ -83.28423495753313, 8.978598399222108 ], [ -83.283994446893573, 8.978545302917986 ], [ -83.28373708008769, 8.978499350170104 ], [ -83.283559082374921, 8.978470297409146 ], [ -83.283431613000971, 8.978441342626182 ], [ -83.28327050070024, 8.978390791474782 ], [ -83.282914627720558, 8.978270485944721 ], [ -83.282712638827718, 8.97820550236691 ], [ -83.282611637813702, 8.97817659872781 ], [ -83.282532240708349, 8.978174052028423 ], [ -83.2824528144792, 8.978185858967411 ], [ -83.282366179720668, 8.978192867007348 ], [ -83.282265116682936, 8.978195063013967 ], [ -83.282154383295136, 8.978221162743472 ], [ -83.282096523267654, 8.978278466002349 ], [ -83.282002434350616, 8.978405074017271 ], [ -83.281970909785144, 8.978529412140917 ], [ -83.28198996619011, 8.978627532734361 ], [ -83.282040362743487, 8.978694614412541 ], [ -83.282095619845208, 8.978737783890463 ], [ -83.282160528511454, 8.978766617510646 ], [ -83.282235085849621, 8.97878350860201 ], [ -83.282316904387116, 8.978778882774293 ], [ -83.282418004305541, 8.978757548254189 ], [ -83.282521515199875, 8.978733826858758 ], [ -83.282605772926829, 8.97871245955756 ], [ -83.282668345875976, 8.978705404724682 ], [ -83.28275973221281, 8.978729504809898 ], [ -83.282913565523899, 8.978811141914598 ], [ -83.283317186202368, 8.979122923320817 ], [ -83.283600660041813, 8.97935313290032 ], [ -83.283771237438657, 8.979485039719396 ], [ -83.283949123013869, 8.979571507963959 ], [ -83.284185045936141, 8.979714754870892 ], [ -83.28440133560369, 8.97984974014841 ], [ -83.284593481337268, 8.980026544361047 ], [ -83.284896577581378, 8.980374014157052 ], [ -83.285187667243775, 8.980709498307302 ], [ -83.285424771552258, 8.980967128979259 ], [ -83.285655954106005, 8.981176902028809 ], [ -83.285869178349955, 8.981341784268908 ], [ -83.286214466410442, 8.981647468914305 ], [ -83.286625889797506, 8.981971224385996 ], [ -83.286926280218864, 8.982166178202922 ], [ -83.287172520022253, 8.982367008312984 ], [ -83.287370649176864, 8.982561764291004 ], [ -83.287499764644949, 8.982672657045788 ], [ -83.287634848353534, 8.982807484756639 ], [ -83.287769979777124, 8.982918389040085 ], [ -83.287974235325962, 8.983056340220957 ], [ -83.288187584286121, 8.983158424073341 ], [ -83.288443006201192, 8.983278531316987 ], [ -83.28892392003111, 8.983443928004158 ], [ -83.289185463104005, 8.983510220305995 ], [ -83.289904590791977, 8.983675078125273 ], [ -83.290152291384985, 8.98374493088523 ], [ -83.290455092788093, 8.98393928904412 ], [ -83.290840121376533, 8.984198998820544 ], [ -83.290834930455532, 8.98424734970521 ], [ -83.290207780581241, 8.990334445969749 ] ] ] ] } },
{ "type": "Feature", "properties": { "Id": 17, "TERRITORIO": "MATAMBU", "DECRETO": "37372", "AÑO": "2012", "CLASIF": "CREF y PAFT", "AE_2018": 230.04, "AE_2019": 230.04, "AE_2020": 230.04, "AE_2021": 230.04, "AE_2023": 230.04, "AE_2024": 230.04, "AE_2017": 230.04, "AE_2022": 230.04, "PRIMER DESEMBOLSO": 2026, "SEGUNDO DESEMBOLSO": null, "BLOQUE": "CENTRO NORTE" }, "geometry": { "type": "MultiPolygon", "coordinates": [ [ [ [ -85.402430943707074, 10.097268023780165 ], [ -85.402271190341608, 10.097669612001091 ], [ -85.402083167291835, 10.09796637562364 ], [ -85.401841746327662, 10.098159110225 ], [ -85.401750480080977, 10.098297138935585 ], [ -85.401600569513064, 10.098513024341639 ], [ -85.401288288792273, 10.098935032255593 ], [ -85.401168525332253, 10.099146004915076 ], [ -85.401065677764223, 10.099361689229122 ], [ -85.400938830252414, 10.099608567838338 ], [ -85.400886365594033, 10.099754679819696 ], [ -85.400872184021992, 10.099824099178569 ], [ -85.40087751842492, 10.09994126590518 ], [ -85.400902410254247, 10.100115750579238 ], [ -85.400905744190311, 10.100328592734169 ], [ -85.400884603025546, 10.100462614477518 ], [ -85.400856023387902, 10.100551226605937 ], [ -85.400803351584372, 10.100649506456911 ], [ -85.40072661682342, 10.100764631065044 ], [ -85.400613741475908, 10.100894259952808 ], [ -85.400445594164921, 10.101079131132918 ], [ -85.400306089500077, 10.101189739695519 ], [ -85.399983974920914, 10.101490063320551 ], [ -85.399811000572598, 10.101674952953362 ], [ -85.399642944576698, 10.101881347717836 ], [ -85.399508843917474, 10.102125865930415 ], [ -85.399446559204051, 10.102233754516362 ], [ -85.399345667417379, 10.102344197906314 ], [ -85.399237732932079, 10.102500112427116 ], [ -85.39914914613901, 10.102665511934813 ], [ -85.399010239129041, 10.102914833101849 ], [ -85.398412181596981, 10.103589421451867 ], [ -85.398133486233675, 10.103884776828513 ], [ -85.397895665737138, 10.104144083606798 ], [ -85.39731668396368, 10.104560468897697 ], [ -85.39755208802849, 10.104670133704035 ], [ -85.397620063639323, 10.10476168518964 ], [ -85.397697907930748, 10.104902939659739 ], [ -85.397691608623248, 10.105053799122825 ], [ -85.398200688731833, 10.10543121669242 ], [ -85.398598438963774, 10.105616606797623 ], [ -85.399007453889354, 10.105793837602048 ], [ -85.399324682528288, 10.106154358902236 ], [ -85.399648178923485, 10.106533250761915 ], [ -85.399803739524771, 10.106722724180347 ], [ -85.400033201665096, 10.106826015957189 ], [ -85.400268401846233, 10.106825017204233 ], [ -85.400462691951475, 10.106663473415518 ], [ -85.401181862282797, 10.107480546341206 ], [ -85.403915206253842, 10.10634126247408 ], [ -85.406661589497347, 10.109044389990629 ], [ -85.409630725588997, 10.110164580644964 ], [ -85.418980438180853, 10.106966678812421 ], [ -85.42332447016328, 10.112378397820937 ], [ -85.426905216847047, 10.112193416016972 ], [ -85.427531995943099, 10.112333532164232 ], [ -85.427945100278464, 10.112438049332143 ], [ -85.428342384090456, 10.112698012967721 ], [ -85.428773295599186, 10.113096851227214 ], [ -85.429212892927211, 10.113593781794535 ], [ -85.429834885614468, 10.114278009440868 ], [ -85.430241729464612, 10.114832324389038 ], [ -85.430391725718096, 10.115158780907434 ], [ -85.430526413106506, 10.1157551663376 ], [ -85.430619075141053, 10.116180004292699 ], [ -85.430860035222949, 10.116546952647839 ], [ -85.431183777419804, 10.116970784690073 ], [ -85.431441315970304, 10.11735401755414 ], [ -85.43157524401721, 10.117778672767997 ], [ -85.431647701249275, 10.118196676759009 ], [ -85.431748281389574, 10.118545154994797 ], [ -85.431860107508399, 10.118948100118569 ], [ -85.431944615313313, 10.119385034565473 ], [ -85.432308155125043, 10.119175806326142 ], [ -85.432499651642175, 10.119089107314252 ], [ -85.432833919730129, 10.119093784041075 ], [ -85.433063940871122, 10.119319714060978 ], [ -85.433250936637464, 10.119613295698057 ], [ -85.433407120817051, 10.119937679350359 ], [ -85.433525511895894, 10.120115028158988 ], [ -85.433606004399479, 10.120120810481776 ], [ -85.43377863509356, 10.119966725806481 ], [ -85.434234435979363, 10.119461812527813 ], [ -85.43478839701406, 10.118760206221257 ], [ -85.435028864582435, 10.118550626075862 ], [ -85.43520811997746, 10.1184946451203 ], [ -85.435338346977431, 10.118549276278458 ], [ -85.435425191033062, 10.118591830547663 ], [ -85.435450468173812, 10.118708252563316 ], [ -85.435426254674411, 10.118831023511557 ], [ -85.435377363484463, 10.11897230123061 ], [ -85.435310123862436, 10.119162725114814 ], [ -85.435292291357683, 10.119328401316301 ], [ -85.435317674807962, 10.119469355936696 ], [ -85.435405283983954, 10.119683636474324 ], [ -85.435579328923652, 10.119848475528375 ], [ -85.435771779653706, 10.119976435008557 ], [ -85.435994963156816, 10.120055192299439 ], [ -85.436137350714105, 10.120060705655849 ], [ -85.436366613751389, 10.120114902180156 ], [ -85.436639010941434, 10.120125978933196 ], [ -85.436930187586583, 10.120135443119258 ], [ -85.438613622275696, 10.120095374010699 ], [ -85.438988363526278, 10.120109182149182 ], [ -85.439252416559142, 10.120099849485161 ], [ -85.439368430175904, 10.12020565172914 ], [ -85.439525927713134, 10.120360337552421 ], [ -85.43975795356063, 10.120571941749452 ], [ -85.439973111251902, 10.120701843756947 ], [ -85.440138168544053, 10.120701121272974 ], [ -85.440303116425909, 10.120675864365246 ], [ -85.44041818245617, 10.12056905268938 ], [ -85.440696473548414, 10.120376383403356 ], [ -85.44112912708944, 10.115933672545657 ], [ -85.439977503251797, 10.112773310060216 ], [ -85.440390929591203, 10.100566452146795 ], [ -85.443108908433004, 10.095132370578506 ], [ -85.438083857447793, 10.093115547035286 ], [ -85.427076934260086, 10.076201449355985 ], [ -85.408787341063231, 10.07128368705305 ], [ -85.408560098631085, 10.071477100906067 ], [ -85.408478660367123, 10.071581921666775 ], [ -85.408435479642463, 10.071678529951384 ], [ -85.408373481826885, 10.071850990746977 ], [ -85.408345435574617, 10.07202450637846 ], [ -85.408274221935045, 10.07233452491657 ], [ -85.408095640490686, 10.072706388202441 ], [ -85.407760481454389, 10.073329640792243 ], [ -85.407442536714228, 10.073749532734698 ], [ -85.407147921794959, 10.073983971824601 ], [ -85.406828654732564, 10.074098933684231 ], [ -85.406358402856867, 10.074178663817593 ], [ -85.405773467464684, 10.074246923189312 ], [ -85.405212613273847, 10.074303120224867 ], [ -85.404452895590808, 10.07441397408056 ], [ -85.403699132234124, 10.074506863462439 ], [ -85.403107599442635, 10.074593882859734 ], [ -85.402639534440041, 10.075031544256477 ], [ -85.402434896081758, 10.075146015584707 ], [ -85.402091183989285, 10.075189328746367 ], [ -85.401421714670818, 10.075097296376956 ], [ -85.39789768832317, 10.080594363675356 ], [ -85.406839642066174, 10.094352078086528 ], [ -85.402430943707074, 10.097268023780165 ] ] ] ] } },
{ "type": "Feature", "properties": { "Id": 19, "TERRITORIO": "QUITIRRISI", "DECRETO": "29452", "AÑO": "2001", "CLASIF": "Solo PAFT", "AE_2018": 394.78, "AE_2019": 394.78, "AE_2020": 394.78, "AE_2021": 394.78, "AE_2023": 394.78, "AE_2024": 394.78, "AE_2017": null, "AE_2022": 394.78, "PRIMER DESEMBOLSO": null, "SEGUNDO DESEMBOLSO": null, "BLOQUE": "CENTRO NORTE" }, "geometry": { "type": "MultiPolygon", "coordinates": [ [ [ [ -84.246979848127864, 9.860900800346778 ], [ -84.246149009198803, 9.861080067414147 ], [ -84.242502064580393, 9.861983147525391 ], [ -84.242224224377878, 9.861446173939742 ], [ -84.242175027375225, 9.861282504597515 ], [ -84.242148070207762, 9.861025903331219 ], [ -84.242179156964568, 9.860826779279597 ], [ -84.242170058080262, 9.860587863723131 ], [ -84.242098418093263, 9.860238382170776 ], [ -84.241906254490942, 9.859809344515796 ], [ -84.241790036851313, 9.859512988630597 ], [ -84.241566721300785, 9.85919016067489 ], [ -84.240917447576805, 9.858699508963245 ], [ -84.240330191480666, 9.858275177238138 ], [ -84.239782572529066, 9.857819354220757 ], [ -84.239312530068219, 9.857461848925364 ], [ -84.231563551195634, 9.857007484940976 ], [ -84.231662632167598, 9.857194126086466 ], [ -84.231743033513808, 9.857326805502147 ], [ -84.231827909491599, 9.857477180373593 ], [ -84.232037792604714, 9.857746928632581 ], [ -84.232319090200519, 9.858056449782509 ], [ -84.232595854781522, 9.85826420940686 ], [ -84.232720888970121, 9.858418979630024 ], [ -84.23277004674766, 9.858533983580703 ], [ -84.232756770531523, 9.858688849163487 ], [ -84.232694429564546, 9.858861447131693 ], [ -84.232645557138383, 9.859153496935578 ], [ -84.232556680149784, 9.859662372928248 ], [ -84.232485509261494, 9.859967711527938 ], [ -84.232409753315821, 9.860100498306519 ], [ -84.232316127208918, 9.860197900278315 ], [ -84.232110989268392, 9.860335201144032 ], [ -84.231785403690566, 9.860499131575876 ], [ -84.231281384270986, 9.860707427726378 ], [ -84.230857646067648, 9.860875847830961 ], [ -84.230349110990574, 9.861008930030419 ], [ -84.229943176168177, 9.861115394634949 ], [ -84.229537242312816, 9.861226283845014 ], [ -84.22924287141025, 9.861368066981987 ], [ -84.229010909611034, 9.861430166741753 ], [ -84.228774476310406, 9.861478997723687 ], [ -84.22862725401923, 9.861496794273078 ], [ -84.228372942934413, 9.861501391618107 ], [ -84.227810756601912, 9.861475224806204 ], [ -84.227583218451485, 9.861484226756774 ], [ -84.227235223573558, 9.861502159894508 ], [ -84.226958627180224, 9.861542166481128 ], [ -84.226552660312151, 9.861604381583852 ], [ -84.226017267914784, 9.861613590895976 ], [ -84.225704944331838, 9.861600524732753 ], [ -84.22553981595199, 9.861577712227358 ], [ -84.225258736289717, 9.861538880750015 ], [ -84.225115924971874, 9.861481458941604 ], [ -84.224941857533182, 9.861388660804002 ], [ -84.224736620974682, 9.861388797590374 ], [ -84.224607278630387, 9.861455249244518 ], [ -84.224496644986559, 9.861525581829287 ], [ -84.223585126689031, 9.861073234702843 ], [ -84.209226293906568, 9.861068059729972 ], [ -84.20905991788041, 9.861196152470541 ], [ -84.209023834641698, 9.861357657352864 ], [ -84.208981749153807, 9.861567011952104 ], [ -84.208873316652443, 9.861770427333369 ], [ -84.208788994771652, 9.861949904756548 ], [ -84.208728808087201, 9.862147309928242 ], [ -84.208692749107612, 9.862350680460096 ], [ -84.208614423685759, 9.862476326020289 ], [ -84.208530048854854, 9.862572072003486 ], [ -84.208409468222129, 9.862637937038903 ], [ -84.208276792634365, 9.862649979583317 ], [ -84.208029536839419, 9.862680037271693 ], [ -84.207854653114339, 9.862710048382379 ], [ -84.207541151126804, 9.862895646946271 ], [ -84.207215669862094, 9.863212831806321 ], [ -84.206998704372623, 9.863458178963759 ], [ -84.206872243656193, 9.863769260999304 ], [ -84.206806013751176, 9.863948726839562 ], [ -84.206564925234531, 9.864200068812274 ], [ -84.20642028273798, 9.864367621998502 ], [ -84.206384177461899, 9.864499221506362 ], [ -84.206348094487083, 9.86466670821034 ], [ -84.206064802159474, 9.864941998654032 ], [ -84.205721197887272, 9.865217327470868 ], [ -84.205323367667049, 9.865582400672141 ], [ -84.204853119393391, 9.865875748411547 ], [ -84.204407016696379, 9.866204964468475 ], [ -84.203991088278613, 9.866564066800915 ], [ -84.203581198782899, 9.866941107687392 ], [ -84.203273755831816, 9.86718052681538 ], [ -84.202857715174588, 9.867360202616913 ], [ -84.202634656453796, 9.867515838978855 ], [ -84.20246592446648, 9.867749191880471 ], [ -84.202375603489259, 9.867988479746511 ], [ -84.202225059732768, 9.868377325642355 ], [ -84.202128800744404, 9.868772117414352 ], [ -84.202038533936914, 9.869101118666949 ], [ -84.201924082301588, 9.869334438761575 ], [ -84.201773433676834, 9.869549839591999 ], [ -84.201550431166709, 9.869801169031708 ], [ -84.201321386730086, 9.870034557424555 ], [ -84.201225017289758, 9.870249925590263 ], [ -84.201176878803324, 9.87043535983771 ], [ -84.201122783973915, 9.870740414439164 ], [ -84.201068676342445, 9.871027528142699 ], [ -84.20099048747106, 9.871386425193725 ], [ -84.200857976603032, 9.871679564095192 ], [ -84.200695337234066, 9.872014588395583 ], [ -84.200496438924077, 9.872235997688604 ], [ -84.200243247427764, 9.872439496431399 ], [ -84.19996594528223, 9.872666934102613 ], [ -84.199767109213326, 9.872990017036495 ], [ -84.199598440921704, 9.873337004984066 ], [ -84.199452751859525, 9.873780868381191 ], [ -84.199214257524645, 9.874355170457907 ], [ -84.199069814971594, 9.874872000887228 ], [ -84.198903644272619, 9.87536013431092 ], [ -84.19882951443924, 9.875653957670421 ], [ -84.198670521137487, 9.876045197607716 ], [ -84.198547610234897, 9.876256991024844 ], [ -84.198464465267662, 9.876404169426229 ], [ -84.198189607081389, 9.876691410812978 ], [ -84.197799025804159, 9.877111496285661 ], [ -84.197339703370787, 9.877560327742794 ], [ -84.197043092361994, 9.877782987601908 ], [ -84.196873062667194, 9.877876388339619 ], [ -84.196713861093201, 9.877919544197139 ], [ -84.196565494717476, 9.877930396075259 ], [ -84.196478664320068, 9.877966332137085 ], [ -84.196366544025196, 9.878074051910158 ], [ -84.196142292590906, 9.878271550462042 ], [ -84.195809488987933, 9.878487054695546 ], [ -84.195411539512307, 9.878695418969745 ], [ -84.195255991456634, 9.878799575758389 ], [ -84.195198162384344, 9.878925206368145 ], [ -84.195075233406925, 9.879111880222217 ], [ -84.194872783860461, 9.879463670357069 ], [ -84.194670259763285, 9.879686273704836 ], [ -84.194482251722533, 9.879977051529076 ], [ -84.194225506833604, 9.880307342117412 ], [ -84.193957903008979, 9.880634049143392 ], [ -84.19368299961755, 9.880856695399894 ], [ -84.193234399173903, 9.881093794238428 ], [ -84.192612151338864, 9.88143146881518 ], [ -84.192329979003873, 9.88160387967068 ], [ -84.191939307505706, 9.881891182186234 ], [ -84.191895070694613, 9.882306820861245 ], [ -84.188474832654876, 9.885017554681745 ], [ -84.193716057645617, 9.887958124519956 ], [ -84.198500733021277, 9.892706584640129 ], [ -84.206934732076462, 9.892257952563543 ], [ -84.206995709111254, 9.892153738313324 ], [ -84.207080127330613, 9.892114811763955 ], [ -84.207173611808329, 9.892105782858611 ], [ -84.207242960729474, 9.89208181717502 ], [ -84.207279132167699, 9.89205188982846 ], [ -84.207351484400135, 9.892006988550996 ], [ -84.207408737405842, 9.891932193320388 ], [ -84.207439396529651, 9.8918658469238 ], [ -84.207458497826181, 9.891545263123716 ], [ -84.207463041292073, 9.891095501770195 ], [ -84.207472438527844, 9.890693585144879 ], [ -84.207491564937101, 9.890416062278756 ], [ -84.207554181516642, 9.89023420623948 ], [ -84.207708450723928, 9.890014015786374 ], [ -84.207954392833201, 9.889779415555559 ], [ -84.208340245720137, 9.889511235664239 ], [ -84.208735791362571, 9.889310035067458 ], [ -84.209266433908809, 9.889094396956683 ], [ -84.209570365109656, 9.888998514120907 ], [ -84.209830849761545, 9.888873950196396 ], [ -84.210057540774059, 9.888720699257458 ], [ -84.210288979265954, 9.888447828585184 ], [ -84.210564052062665, 9.888121342947223 ], [ -84.210783474948755, 9.887922642631393 ], [ -84.21101736472562, 9.88771197071835 ], [ -84.211227146691726, 9.887530021695607 ], [ -84.211374244500632, 9.887417490141846 ], [ -84.211622645026281, 9.887264224532268 ], [ -84.211878300752616, 9.887134877135768 ], [ -84.212124311360796, 9.887015105535864 ], [ -84.212389646628509, 9.886933599385104 ], [ -84.212589850072547, 9.886866487232576 ], [ -84.212888969624444, 9.886796921732254 ], [ -84.213203781094421, 9.886742894413871 ], [ -84.213478803171142, 9.886717599959244 ], [ -84.213818982307714, 9.886717383989334 ], [ -84.214115749831905, 9.886742315400383 ], [ -84.21442335530223, 9.886738531731979 ], [ -84.214595284926745, 9.886724266200268 ], [ -84.214764155549304, 9.886706215801571 ], [ -84.214902834430688, 9.886634358398053 ], [ -84.215017369995437, 9.886535600551404 ], [ -84.215192191744833, 9.88639494030355 ], [ -84.215312748391483, 9.886281226886032 ], [ -84.215466448739605, 9.886119646293391 ], [ -84.215632626564584, 9.885918683947351 ], [ -84.21572602518458, 9.885781064827128 ], [ -84.215849537481944, 9.885577637784353 ], [ -84.215994146946329, 9.885350274200723 ], [ -84.216199092890989, 9.885158755336557 ], [ -84.216395008850668, 9.884994156161433 ], [ -84.216560797377127, 9.884874432935808 ], [ -84.21677179519456, 9.884715805937443 ], [ -84.216949653045617, 9.884605046085959 ], [ -84.217263199443721, 9.884467284581657 ], [ -84.217570724461936, 9.884344480111992 ], [ -84.217896328144576, 9.884197738897909 ], [ -84.218426971922042, 9.884003018473418 ], [ -84.218671188563405, 9.883916137616568 ], [ -84.218900372314138, 9.883898045987907 ], [ -84.219042110991893, 9.883894962738117 ], [ -84.219198937818362, 9.883906823032969 ], [ -84.219301486706627, 9.883927688146215 ], [ -84.21939197587659, 9.883954543183092 ], [ -84.21953375622293, 9.884014259036014 ], [ -84.219747955043587, 9.88413672689494 ], [ -84.220016459831768, 9.884292053407918 ], [ -84.220248749681687, 9.884408527018547 ], [ -84.220426725832354, 9.884480181180383 ], [ -84.22056246783427, 9.88453092921074 ], [ -84.220803759484667, 9.884578616914613 ], [ -84.221160902362911, 9.884668902300897 ], [ -84.221614603927264, 9.884543177026565 ], [ -84.222437370055147, 9.884578926520673 ], [ -84.222903689374263, 9.884589007125683 ], [ -84.223274362969292, 9.884736367969884 ], [ -84.223679867045021, 9.885012414285463 ], [ -84.224157790084064, 9.885349413662365 ], [ -84.224642901187252, 9.885611050894322 ], [ -84.224849219117786, 9.885671916717266 ], [ -84.225012074647466, 9.885678985301901 ], [ -84.225174920414688, 9.885671698963153 ], [ -84.225297943863865, 9.885642908738026 ], [ -84.22543904733881, 9.885592575890394 ], [ -84.225576530733179, 9.885542245410726 ], [ -84.225735719037147, 9.885477545468088 ], [ -84.225873204785088, 9.885430802675737 ], [ -84.225981770563919, 9.885427141989922 ], [ -84.226212695186518, 9.88548452561292 ], [ -84.226396561806524, 9.88558009193901 ], [ -84.226713953250453, 9.885775450001091 ], [ -84.227018547800355, 9.886018119754368 ], [ -84.227313134809748, 9.886160610420216 ], [ -84.22757758723067, 9.886276574316108 ], [ -84.22780907649917, 9.886344951335028 ], [ -84.22799171712137, 9.886412023095074 ], [ -84.228204447378616, 9.886439877914242 ], [ -84.228289158486547, 9.886445420984826 ], [ -84.228371969500827, 9.886424830748814 ], [ -84.228441604270571, 9.886404251245432 ], [ -84.228499917789179, 9.886344482978242 ], [ -84.22853000654446, 9.88630153001662 ], [ -84.228565723950965, 9.886230576033128 ], [ -84.228599538118942, 9.886131624333753 ], [ -84.228644651589903, 9.886040131717445 ], [ -84.228691678585221, 9.885991568517616 ], [ -84.228789517294416, 9.885924304769501 ], [ -84.228879931128674, 9.885908966176711 ], [ -84.229062868638096, 9.885904416631933 ], [ -84.229214585756537, 9.885917586777039 ], [ -84.229326146306704, 9.885935209301977 ], [ -84.229473440745423, 9.88600590119043 ], [ -84.229656470412266, 9.886134085666528 ], [ -84.229875206532441, 9.886275519091654 ], [ -84.23003587181293, 9.88632407798732 ], [ -84.230218824913464, 9.886341651404589 ], [ -84.230383900499376, 9.886314991558537 ], [ -84.230465911373429, 9.88629008116119 ], [ -84.230544498051842, 9.88626621290291 ], [ -84.230691703434545, 9.88620859318651 ], [ -84.230910240611479, 9.88606686055968 ], [ -84.231070794706653, 9.88595613776287 ], [ -84.231186762303423, 9.885894116005691 ], [ -84.231293843615916, 9.885885192265908 ], [ -84.231392026324613, 9.885911673462642 ], [ -84.231490231984083, 9.885973548041273 ], [ -84.231557213046045, 9.886044294240444 ], [ -84.231597437176006, 9.88614160390923 ], [ -84.231597496069512, 9.886225750961394 ], [ -84.231597536268296, 9.886283186586601 ], [ -84.23161106959904, 9.886491129019108 ], [ -84.231633434675132, 9.886570752449384 ], [ -84.231691501265942, 9.886659203272522 ], [ -84.231807582394197, 9.886756462483229 ], [ -84.231986132145366, 9.886858101867327 ], [ -84.232169134012253, 9.886942041370567 ], [ -84.232261362918678, 9.886961028908004 ], [ -84.232276235547886, 9.886964089255356 ], [ -84.232396696932923, 9.886946307566857 ], [ -84.232521608468502, 9.886910826049496 ], [ -84.232633118446273, 9.886853230149608 ], [ -84.232753533085813, 9.886769082988183 ], [ -84.232958702436449, 9.886653903358901 ], [ -84.233137179477197, 9.886649354679371 ], [ -84.233211379325482, 9.886632248528 ], [ -84.233377617449023, 9.886630234495732 ], [ -84.233400529470615, 9.886634032458327 ], [ -84.233473888983653, 9.886658861127673 ], [ -84.23355789277602, 9.886721480945972 ], [ -84.233729300802281, 9.886881648631823 ], [ -84.233866905265742, 9.887001169476722 ], [ -84.234074552244152, 9.887230688097496 ], [ -84.234354578602563, 9.88746254865317 ], [ -84.234663561912484, 9.887699173717701 ], [ -84.234767410538794, 9.887847425584377 ], [ -84.234839932356778, 9.888050722549938 ], [ -84.235018644574382, 9.888301792996728 ], [ -84.235211780957357, 9.888478690204286 ], [ -84.235363863120554, 9.888600592750642 ], [ -84.235523193807097, 9.888739235654112 ], [ -84.235699391995283, 9.888844375656257 ], [ -84.235757351021263, 9.888925673706179 ], [ -84.23578876821999, 9.888997420455119 ], [ -84.23578883813218, 9.889095506373696 ], [ -84.235738268878862, 9.889231905536654 ], [ -84.235692515028177, 9.889351554007662 ], [ -84.235639546552918, 9.88950709100315 ], [ -84.235658951027517, 9.889650616745978 ], [ -84.235709741866813, 9.889827613309313 ], [ -84.235717085903346, 9.889975934248978 ], [ -84.235695474983572, 9.890119488720511 ], [ -84.235642463788565, 9.890215219346008 ], [ -84.235531569983934, 9.890337304078949 ], [ -84.235454441329907, 9.890442621451815 ], [ -84.23534837453056, 9.890569487693082 ], [ -84.235268861908551, 9.890715476922308 ], [ -84.235237585993744, 9.89083990014888 ], [ -84.235237669367407, 9.890957124025263 ], [ -84.23524500812313, 9.891098265746466 ], [ -84.235249896660903, 9.891186778395525 ], [ -84.235283757158257, 9.891306371117677 ], [ -84.235327250241909, 9.891397249231682 ], [ -84.235380368854905, 9.891454627793875 ], [ -84.235450359996435, 9.891488071618381 ], [ -84.23555412658645, 9.89152148996863 ], [ -84.2356578899075, 9.891547732679008 ], [ -84.235768879564489, 9.891559617264413 ], [ -84.235877456436612, 9.891571503504981 ], [ -84.235966736215829, 9.891588186385043 ], [ -84.236024658474832, 9.891612068663859 ], [ -84.236109169049854, 9.891707702830193 ], [ -84.23615022388006, 9.891765089733628 ], [ -84.236172012482925, 9.891867945329588 ], [ -84.23614071460284, 9.891961266499116 ], [ -84.236078072683114, 9.89208331933721 ], [ -84.236017812782478, 9.892162309603844 ], [ -84.235938259128559, 9.892250881476416 ], [ -84.235873212814113, 9.892384896517971 ], [ -84.235846736989458, 9.892473431141923 ], [ -84.235854024749315, 9.892545196589474 ], [ -84.235895101945829, 9.892631291365406 ], [ -84.235972365814206, 9.892714968275786 ], [ -84.236064072371377, 9.89275078919853 ], [ -84.236189575131036, 9.892812901751499 ], [ -84.236249946200729, 9.892889413040402 ], [ -84.236262083707729, 9.892992275400678 ], [ -84.236223569562839, 9.893116701975037 ], [ -84.236160915505664, 9.893222009334975 ], [ -84.23611754163916, 9.893296202815627 ], [ -84.236098317778087, 9.893406262805694 ], [ -84.236127327703045, 9.893487581071952 ], [ -84.236199762919043, 9.893564085701854 ], [ -84.236260103362881, 9.893597534311441 ], [ -84.236375946703944, 9.893647693016755 ], [ -84.236470056104508, 9.893669157297737 ], [ -84.236573809788212, 9.893683439159494 ], [ -84.236716176848077, 9.893712045027847 ], [ -84.236882685720872, 9.893759775416433 ], [ -84.237034753805219, 9.893857752389456 ], [ -84.237107189309654, 9.893934256815452 ], [ -84.23713621486398, 9.894039497886762 ], [ -84.237126642657458, 9.894147160454175 ], [ -84.237078450132728, 9.894230925530213 ], [ -84.236972375930037, 9.89434822419393 ], [ -84.236863894091101, 9.894470309465092 ], [ -84.236724067859953, 9.894623517097717 ], [ -84.236680731622428, 9.89475034138786 ], [ -84.23667355140465, 9.894831685065705 ], [ -84.236685677139121, 9.894917800098469 ], [ -84.236717086351902, 9.89498237111585 ], [ -84.236758131536291, 9.895023010625261 ], [ -84.236837783302946, 9.895070802163305 ], [ -84.236915006953581, 9.895094670673146 ], [ -84.237013933858933, 9.895104169035944 ], [ -84.237169543695444, 9.895094491235058 ], [ -84.237336001699745, 9.89507284334611 ], [ -84.237480738416124, 9.895040443689249 ], [ -84.23757122222996, 9.895051144991129 ], [ -84.237640013910578, 9.895094159065419 ], [ -84.237683512456968, 9.895191017099943 ], [ -84.237759635543881, 9.895363210400424 ], [ -84.237842954043089, 9.895477984693702 ], [ -84.2379443283413, 9.895535326865867 ], [ -84.238045682005051, 9.895563964785818 ], [ -84.23821577401074, 9.895563844321764 ], [ -84.238461838654999, 9.89552419502164 ], [ -84.23852696044375, 9.895495440979081 ], [ -84.238642740020566, 9.895455885755753 ], [ -84.238707913602511, 9.895498902173342 ], [ -84.238802119579475, 9.895653139749925 ], [ -84.238881929098454, 9.895918631121781 ], [ -84.238892975201551, 9.896180583530635 ], [ -84.23887509775075, 9.896482027743968 ], [ -84.238842742529599, 9.89677989624292 ], [ -84.238853718632868, 9.89694495992854 ], [ -84.238897197037545, 9.897013108139866 ], [ -84.238987715931017, 9.897074049110707 ], [ -84.239126495039173, 9.897142371850727 ], [ -84.23925922640845, 9.897187730750257 ], [ -84.239326794100364, 9.897206820617418 ], [ -84.239387100869791, 9.897192424660533 ], [ -84.239476330330788, 9.897137337888656 ], [ -84.239596926480843, 9.897084619403071 ], [ -84.239662069285032, 9.897084572969836 ], [ -84.239705531393298, 9.897129997127951 ], [ -84.239765917957769, 9.89722564748803 ], [ -84.239942174041346, 9.897404946219936 ], [ -84.240041165903847, 9.897505352103375 ], [ -84.240115998363493, 9.89755793121665 ], [ -84.240183571477885, 9.897581805846574 ], [ -84.240236644985032, 9.897574590509585 ], [ -84.240275239825223, 9.89756260057106 ], [ -84.240345189170284, 9.897538627665794 ], [ -84.240386182917732, 9.897507498039648 ], [ -84.240446472287658, 9.897469179003274 ], [ -84.240506751196776, 9.897416503329261 ], [ -84.240588748989339, 9.897370991323442 ], [ -84.240661111184906, 9.897344624155817 ], [ -84.24072143359605, 9.897351758379907 ], [ -84.240816185367564, 9.897427047025463 ], [ -84.240879601880494, 9.897540637632636 ], [ -84.240946085433862, 9.897725994730255 ], [ -84.241007179491362, 9.897963389656034 ], [ -84.241045898228251, 9.898121255928784 ], [ -84.241103896955678, 9.898250398716797 ], [ -84.241214943149032, 9.898336442572941 ], [ -84.241408093918139, 9.898522905780762 ], [ -84.241567458256981, 9.898695038329471 ], [ -84.241702762633196, 9.898958096557427 ], [ -84.241760891283946, 9.899264272903451 ], [ -84.241785227979577, 9.899551335586525 ], [ -84.241852969707352, 9.89980487244409 ], [ -84.241911168721387, 9.900206740274337 ], [ -84.242036924608641, 9.900773392139206 ], [ -84.242091353967865, 9.900970719977648 ], [ -84.242175938859432, 9.901162043993462 ], [ -84.242262988930378, 9.90126539636157 ], [ -84.242356743319348, 9.900958566339062 ], [ -84.242435038201009, 9.900797028071946 ], [ -84.242591657598908, 9.900514621648105 ], [ -84.242721821447688, 9.900349456260814 ], [ -84.242774833878599, 9.90025611705571 ], [ -84.242825414022391, 9.900138856705597 ], [ -84.242868750365162, 9.900012033509872 ], [ -84.242933821553947, 9.89991629309559 ], [ -84.243049523799186, 9.899770277799778 ], [ -84.243141159120498, 9.899705618440617 ], [ -84.243230420295745, 9.899693591504089 ], [ -84.243403155662008, 9.899728780254403 ], [ -84.243593600991389, 9.899649171761709 ], [ -84.243825181121338, 9.899596371305973 ], [ -84.244056764708901, 9.899548357438336 ], [ -84.244307647473306, 9.899495542636412 ], [ -84.244717742369176, 9.899409122609876 ], [ -84.244963770842958, 9.89931803495355 ], [ -84.24526770508092, 9.899228579418264 ], [ -84.245943099808144, 9.899012776264126 ], [ -84.246419474527812, 9.898833002972555 ], [ -84.246805380644261, 9.898665257803655 ], [ -84.247360129485315, 9.898437578057546 ], [ -84.247975210139913, 9.898227797336267 ], [ -84.248300851362487, 9.898131863594376 ], [ -84.248541949622776, 9.897904415274246 ], [ -84.248873333306094, 9.897425705116182 ], [ -84.249078158897234, 9.897090627566248 ], [ -84.249288989996515, 9.89671966201379 ], [ -84.249747069918911, 9.896282722556208 ], [ -84.250018436468636, 9.896204770127024 ], [ -84.250211322805725, 9.896037164615739 ], [ -84.250373985299618, 9.89577986841628 ], [ -84.250470350332677, 9.895594392004892 ], [ -84.250765690070679, 9.895313073872604 ], [ -84.250970739471157, 9.895277035651535 ], [ -84.25115771633493, 9.895270915771079 ], [ -84.251314508442306, 9.895228931306269 ], [ -84.251519498571497, 9.895115143868489 ], [ -84.251688368289805, 9.895091094622529 ], [ -84.251893417438495, 9.895055055844185 ], [ -84.252122556370097, 9.894971153108846 ], [ -84.252267279571655, 9.894923196985077 ], [ -84.252454205957136, 9.894851288040417 ], [ -84.252683286995634, 9.894689632431275 ], [ -84.25299672650263, 9.894420261134417 ], [ -84.253177653385208, 9.894390221810063 ], [ -84.253817032520331, 9.89441964296916 ], [ -84.25408835054678, 9.894281879230993 ], [ -84.254293375898229, 9.894215935872282 ], [ -84.254679401452307, 9.894215643738129 ], [ -84.255041259219027, 9.89416154165116 ], [ -84.255340284525175, 9.894103998553305 ], [ -84.255563427748925, 9.894067945628322 ], [ -84.255741325651428, 9.894019962815285 ], [ -84.255934265625058, 9.893927113739011 ], [ -84.256127214261326, 9.893843235853693 ], [ -84.256280963050202, 9.893768359041319 ], [ -84.25637440691554, 9.893708479712819 ], [ -84.256492549993538, 9.893609108498781 ], [ -84.256579953593871, 9.893403558952631 ], [ -84.256678541359804, 9.89362939932499 ], [ -84.256817459796451, 9.89387450775096 ], [ -84.257028752522189, 9.894113578725227 ], [ -84.257233955778048, 9.894274903505602 ], [ -84.258229588932451, 9.894800450917616 ], [ -84.258452881873993, 9.894955780763482 ], [ -84.259478584355733, 9.89536168507464 ], [ -84.259707867090953, 9.895463181618389 ], [ -84.260860223223759, 9.895851041167214 ], [ -84.261137735818423, 9.895922596157643 ], [ -84.262338316501356, 9.896268547621139 ], [ -84.262573638418743, 9.896376019527789 ], [ -84.263665710697254, 9.8967998015516 ], [ -84.263985486385806, 9.896919166727315 ], [ -84.264275099919942, 9.897032575040811 ], [ -84.264462177828989, 9.897152044038732 ], [ -84.264649337280687, 9.897373186375262 ], [ -84.265096047848772, 9.897827374152836 ], [ -84.265331376536054, 9.897940824325675 ], [ -84.265536666001253, 9.898203817272938 ], [ -84.265778189811385, 9.898520609217492 ], [ -84.265971326171012, 9.898669975657018 ], [ -84.266236830950518, 9.898807324143412 ], [ -84.2663906072451, 9.898916053193897 ], [ -84.266453485855536, 9.899097819940398 ], [ -84.266472879356826, 9.899212635711972 ], [ -84.266492315315844, 9.899380082087463 ], [ -84.266516596281662, 9.899571449279595 ], [ -84.266598768318289, 9.899743630822629 ], [ -84.266690543668261, 9.899858389151941 ], [ -84.266840318547494, 9.900092717478703 ], [ -84.266990089558135, 9.900317477677579 ], [ -84.267101146850365, 9.900408297713444 ], [ -84.267226658092198, 9.900470396626911 ], [ -84.267496958468115, 9.900565874800058 ], [ -84.26779143998543, 9.900728318908737 ], [ -84.267965278621119, 9.900881289106577 ], [ -84.268090871727765, 9.901043865755062 ], [ -84.268230951926739, 9.901220785582494 ], [ -84.268264796135597, 9.901302096972376 ], [ -84.268371133327335, 9.901522106240838 ], [ -84.268583720501837, 9.901852076740955 ], [ -84.268916947869542, 9.902186735492663 ], [ -84.269168023096256, 9.902373134096743 ], [ -84.269935817866866, 9.903047153537113 ], [ -84.270133809070629, 9.903228809092957 ], [ -84.270766393904921, 9.903778534253851 ], [ -84.27101749100278, 9.903988856029764 ], [ -84.271336206407199, 9.904275676443763 ], [ -84.271712833598585, 9.904567234630422 ], [ -84.271862612089961, 9.904796775575038 ], [ -84.271993071963436, 9.905007194180184 ], [ -84.272123307750704, 9.905385919066878 ], [ -84.274722333341927, 9.903216589243929 ], [ -84.274814045985707, 9.903148422144787 ], [ -84.274913469784522, 9.90302573561249 ], [ -84.275067091310532, 9.902798338450406 ], [ -84.275193599161355, 9.902606850390015 ], [ -84.275359247233638, 9.902334588615378 ], [ -84.275479730979043, 9.902152074867692 ], [ -84.275639375473006, 9.901915703035217 ], [ -84.27576586269231, 9.901700290142475 ], [ -84.275856165540091, 9.901490888974012 ], [ -84.275904256032902, 9.901293482954387 ], [ -84.275928172978624, 9.901042269044547 ], [ -84.275927968195845, 9.900797057001252 ], [ -84.275927753428746, 9.900539882641219 ], [ -84.275879071423702, 9.900317038246422 ], [ -84.275875135401904, 9.900227091690674 ], [ -84.275844167229039, 9.900123767351921 ], [ -84.275801637315311, 9.900043420516804 ], [ -84.275759115181884, 9.899974556774723 ], [ -84.275704993203973, 9.899880823082555 ], [ -84.275674023297057, 9.899777500533535 ], [ -84.27566426996539, 9.899653107615837 ], [ -84.275675775842359, 9.899563146578654 ], [ -84.27569693445237, 9.899477005927913 ], [ -84.275731619701332, 9.899408078838359 ], [ -84.275795251042624, 9.899329558136992 ], [ -84.275872403759777, 9.899266337737238 ], [ -84.275922549938201, 9.899220364150638 ], [ -84.275961119769335, 9.899182054862779 ], [ -84.275991157258062, 9.899147202933706 ], [ -84.275997125333561, 9.899069447459024 ], [ -84.276006043824779, 9.898916930019112 ], [ -84.275993841603949, 9.898749478373633 ], [ -84.276008750636009, 9.898546119305408 ], [ -84.276026766064334, 9.898450411355396 ], [ -84.27610507869602, 9.898330731044719 ], [ -84.276201524093224, 9.898255892267631 ], [ -84.276334175788648, 9.898201955506059 ], [ -84.276475904447366, 9.89818090716245 ], [ -84.276614632285487, 9.898180793032651 ], [ -84.276765428611213, 9.898183658133599 ], [ -84.276967504460742, 9.898198443241258 ], [ -84.277091128394048, 9.898168438266802 ], [ -84.277175559513594, 9.898153417112608 ], [ -84.277262982032994, 9.898108488569695 ], [ -84.277383568643017, 9.898051572126732 ], [ -84.277513187803351, 9.897976703797992 ], [ -84.27765183948982, 9.897883887190266 ], [ -84.277830606615666, 9.897773892284693 ], [ -84.27812231524922, 9.897505711344449 ], [ -84.278409245930078, 9.897292558985983 ], [ -84.27861662727031, 9.897163201341719 ], [ -84.278763735890607, 9.897086525960713 ], [ -84.278901231498693, 9.897055309886632 ], [ -84.279079731138708, 9.897009708552295 ], [ -84.279289587516899, 9.896954511219509 ], [ -84.279477720128142, 9.896887369496737 ], [ -84.279627243262979, 9.896813084202069 ], [ -84.279751445575286, 9.896751975752936 ], [ -84.279928687963476, 9.896647762363886 ], [ -84.280105913817422, 9.896522018529527 ], [ -84.280272265726097, 9.896378341093415 ], [ -84.280373476888386, 9.896234717906104 ], [ -84.280485536811966, 9.896083908247055 ], [ -84.280593937502857, 9.895882861669547 ], [ -84.280698638712224, 9.895588519282141 ], [ -84.280835946529479, 9.89533721217483 ], [ -84.280953943195613, 9.895157497960039 ], [ -84.281100526391199, 9.895032974551992 ], [ -84.281341681907477, 9.894902630415482 ], [ -84.281573189264307, 9.894776122493413 ], [ -84.281795035623887, 9.894636226160396 ], [ -84.281941667228679, 9.894569117874408 ], [ -84.282026157460095, 9.894567037932035 ], [ -84.282089851499435, 9.89456698450582 ], [ -84.282209539298918, 9.894589850286531 ], [ -84.282315741186963, 9.894643348352691 ], [ -84.282394917698454, 9.894691129338188 ], [ -84.282572555057072, 9.894767533527272 ], [ -84.282728944158549, 9.894824817584604 ], [ -84.282846692749516, 9.894836201662333 ], [ -84.282916052561333, 9.894833273440888 ], [ -84.282964294074119, 9.894818279498171 ], [ -84.283033630000716, 9.894785327028504 ], [ -84.283108976531153, 9.894728446655616 ], [ -84.283193357791745, 9.894656605307373 ], [ -84.283238549500837, 9.89460274133252 ], [ -84.283383188212653, 9.894462069915038 ], [ -84.283458534608656, 9.894405189466461 ], [ -84.283561056985832, 9.894387160456622 ], [ -84.283775187759645, 9.894395951109237 ], [ -84.283938057364736, 9.894413756198997 ], [ -84.28404962983889, 9.894398708622276 ], [ -84.284160579601931, 9.894359382460404 ], [ -84.284281168025771, 9.894307604772166 ], [ -84.284340971528906, 9.894273106713426 ], [ -84.284413342896997, 9.894262519033495 ], [ -84.284478969669152, 9.894266290016594 ], [ -84.284555713818492, 9.894291106343267 ], [ -84.284620897848271, 9.89433985345469 ], [ -84.284765752090721, 9.894450256119734 ], [ -84.28488163975905, 9.894543458609121 ], [ -84.285118219651707, 9.894705218642752 ], [ -84.285231667870036, 9.89476732285903 ], [ -84.285329410848064, 9.89480073080345 ], [ -84.285403007198127, 9.894812630662015 ], [ -84.285459703581395, 9.894812582535474 ], [ -84.285530867503354, 9.894801756934349 ], [ -84.285582727696294, 9.894787358114396 ], [ -84.285633381362331, 9.894771766792372 ], [ -84.285705738354821, 9.89474658536197 ], [ -84.28579087077155, 9.894706799575626 ], [ -84.285879632635243, 9.894679931430426 ], [ -84.285960689668272, 9.894668379408667 ], [ -84.286012801314669, 9.894666420032861 ], [ -84.286113186941762, 9.894689300832841 ], [ -84.286174982943876, 9.89472561260143 ], [ -84.286273488799466, 9.894805910449687 ], [ -84.286343039533733, 9.894882404623246 ], [ -84.286377831491336, 9.894939790490177 ], [ -84.286435781636101, 9.894993330132355 ], [ -84.286499498951443, 9.895020068541088 ], [ -84.286553545307498, 9.895021937542468 ], [ -84.286623028121952, 9.895019963266542 ], [ -84.286671270663803, 9.895008439041849 ], [ -84.286713603092878, 9.894991337436183 ], [ -84.2867297072182, 9.894972983296521 ], [ -84.286756693042278, 9.894930856190985 ], [ -84.286770163458669, 9.894884912307608 ], [ -84.286781694395401, 9.894827486978846 ], [ -84.286777785397717, 9.894771988064926 ], [ -84.28676228736775, 9.894706930990415 ], [ -84.286729425047312, 9.894647628462824 ], [ -84.286684985164797, 9.894594079160145 ], [ -84.286615220019584, 9.894547965722445 ], [ -84.286463129217353, 9.894440441716613 ], [ -84.286356893649298, 9.894350819354164 ], [ -84.286313359126396, 9.894226457381981 ], [ -84.286313267973441, 9.89412119450564 ], [ -84.286308276646963, 9.893929814359252 ], [ -84.286235780333527, 9.893795905366639 ], [ -84.286134334158703, 9.89366202279713 ], [ -84.286018382314452, 9.893494658044499 ], [ -84.285858931784645, 9.893245993702253 ], [ -84.285647762712557, 9.892940753377939 ], [ -84.285502859704408, 9.892773414822807 ], [ -84.285377311016248, 9.892668258405457 ], [ -84.285135912480527, 9.892512963862881 ], [ -84.284826972105037, 9.892372077509426 ], [ -84.284636283986728, 9.892266977767685 ], [ -84.284496248750884, 9.892149872754052 ], [ -84.284356186638959, 9.891999275015765 ], [ -84.284331926910994, 9.891843794414815 ], [ -84.284334140186317, 9.89161173801282 ], [ -84.284358099580004, 9.891417939031106 ], [ -84.284394133370682, 9.891238486430003 ], [ -84.28438915329609, 9.891056674229098 ], [ -84.284384343512485, 9.89096261087917 ], [ -84.284345655326533, 9.890863123953594 ], [ -84.284250972457627, 9.89073688983042 ], [ -84.284198759453645, 9.890620189656572 ], [ -84.284169717531583, 9.890514951196032 ], [ -84.284152226622339, 9.890375255470142 ], [ -84.284105797427713, 9.890250893782799 ], [ -84.284047789154499, 9.890130368360175 ], [ -84.283935720969978, 9.889986924155284 ], [ -84.283812093664423, 9.889868370927619 ], [ -84.283574596669155, 9.889759479893142 ], [ -84.283408554041088, 9.889694549482549 ], [ -84.283254101684179, 9.88964300558375 ], [ -84.283022437880462, 9.889583871774818 ], [ -84.282707792406327, 9.889536288842992 ], [ -84.282576516049986, 9.889501949811592 ], [ -84.282462577869353, 9.889429320355124 ], [ -84.282425859335959, 9.889373848895925 ], [ -84.282389127555419, 9.889304981088152 ], [ -84.282383294802898, 9.889255225251333 ], [ -84.282398700198144, 9.889213108198394 ], [ -84.282429527124776, 9.889149923425542 ], [ -84.28247387569661, 9.889098214021281 ], [ -84.282564515354508, 9.889010099551314 ], [ -84.282678306225662, 9.888910484308946 ], [ -84.282757378143671, 9.888839604167799 ], [ -84.282810410374609, 9.888784894581624 ], [ -84.282857368777343, 9.888684378826825 ], [ -84.282864539561444, 9.88860542689094 ], [ -84.282821018403524, 9.888494220200066 ], [ -84.282632674607413, 9.888307777066734 ], [ -84.282306678213502, 9.887963557512583 ], [ -84.282187167436092, 9.88786317966162 ], [ -84.282002572863647, 9.887827449252937 ], [ -84.281785449828817, 9.88784198593938 ], [ -84.281644356400122, 9.887892342214329 ], [ -84.281535821423418, 9.887931906002702 ], [ -84.281438126423154, 9.887949930313502 ], [ -84.281304211368578, 9.887932099711799 ], [ -84.281148543699786, 9.8878676386847 ], [ -84.281007308128821, 9.887752923764257 ], [ -84.280761078532876, 9.88758447045651 ], [ -84.280551081258665, 9.887466226715697 ], [ -84.280377304006237, 9.887383836024489 ], [ -84.280214410665138, 9.887333733555382 ], [ -84.280047902191555, 9.887287221808446 ], [ -84.279888618053491, 9.887226350984912 ], [ -84.279591767737529, 9.887108177048141 ], [ -84.279222447919523, 9.886882409265347 ], [ -84.27885085631948, 9.886630727277542 ], [ -84.278773584317477, 9.886550409513434 ], [ -84.278742650503602, 9.886487278020429 ], [ -84.278744533216823, 9.88643177414948 ], [ -84.27875601693377, 9.886316933515491 ], [ -84.278750147709829, 9.886223158421149 ], [ -84.278721138562631, 9.886154283773649 ], [ -84.278655471533327, 9.886100750896984 ], [ -84.278541548255191, 9.886043429642648 ], [ -84.278392883702836, 9.885986137088484 ], [ -84.2780166796054, 9.885949127054538 ], [ -84.277487819394665, 9.885924684045753 ], [ -84.27712495709315, 9.885915413169885 ], [ -84.276978239912708, 9.885879171357603 ], [ -84.276868160124749, 9.885800793384085 ], [ -84.276769640010301, 9.885697526388215 ], [ -84.276674980707213, 9.885594256187412 ], [ -84.276620799923961, 9.885429708809244 ], [ -84.276578145452206, 9.88519816650755 ], [ -84.276545176949938, 9.885010637256835 ], [ -84.2764619943989, 9.884782954727628 ], [ -84.276407934162776, 9.884618329442315 ], [ -84.276332957132809, 9.884393511815652 ], [ -84.276294219442093, 9.884230866743483 ], [ -84.276255487780759, 9.884075397250626 ], [ -84.276202227708168, 9.883855346691327 ], [ -84.27618039520857, 9.883711825650686 ], [ -84.276161015375024, 9.883616148310651 ], [ -84.276115111537621, 9.88353963245898 ], [ -84.276066804800337, 9.883472686629029 ], [ -84.276008849178467, 9.883408141169483 ], [ -84.275909877094023, 9.883341236852704 ], [ -84.27583020684196, 9.883274318498994 ], [ -84.275765011137352, 9.883207386460052 ], [ -84.27556697561225, 9.882963531479716 ], [ -84.275368954145662, 9.882734031161593 ], [ -84.275277208613701, 9.88265276774314 ], [ -84.275161389464216, 9.882633724499348 ], [ -84.275079366450953, 9.882638574655433 ], [ -84.274978071489627, 9.882679327538158 ], [ -84.274912985347598, 9.882743973686059 ], [ -84.274811702085699, 9.88279668703694 ], [ -84.274686267758341, 9.882820712268963 ], [ -84.274611483013913, 9.882827950681715 ], [ -84.274536686199866, 9.882818441818459 ], [ -84.274469111843715, 9.882792181589018 ], [ -84.274382201865052, 9.882722876314608 ], [ -84.274324254628112, 9.882667898603321 ], [ -84.274251815239992, 9.88259379656717 ], [ -84.274201120076114, 9.882555560195328 ], [ -84.274131137042644, 9.882534086791672 ], [ -84.273945362535315, 9.882524668142155 ], [ -84.273805424223227, 9.882515213922716 ], [ -84.273747492944253, 9.882479375833 ], [ -84.273624372495377, 9.882383782656989 ], [ -84.27347953355661, 9.882281029674527 ], [ -84.273076410349944, 9.882008633693752 ], [ -84.272907428820318, 9.881886762103518 ], [ -84.272815727486645, 9.88185812862092 ], [ -84.272745764245741, 9.881858185305502 ], [ -84.272523817147814, 9.88187032556143 ], [ -84.272306689556316, 9.881875286179046 ], [ -84.272186061129162, 9.881875383721532 ], [ -84.272128143898087, 9.881856292606447 ], [ -84.272041234642543, 9.881786984895689 ], [ -84.27195187537184, 9.881672225870782 ], [ -84.271860030765055, 9.881468952945358 ], [ -84.271811628943865, 9.881284782855689 ], [ -84.271722207062538, 9.881093470266316 ], [ -84.271671433893417, 9.880959540270835 ], [ -84.271582041618913, 9.88080411101393 ], [ -84.271480627095713, 9.880698931440941 ], [ -84.271338225780298, 9.880624883332407 ], [ -84.271188639319377, 9.880615435775969 ], [ -84.270916008265658, 9.880601300428705 ], [ -84.270735048694576, 9.880579915570076 ], [ -84.270597484862165, 9.880522610529422 ], [ -84.270505735098823, 9.880431775884405 ], [ -84.270397090729176, 9.880336169843149 ], [ -84.27027399350861, 9.880266890707295 ], [ -84.270172636040456, 9.880228696170168 ], [ -84.269962710496586, 9.880188194382294 ], [ -84.269644246140672, 9.88018127214116 ], [ -84.269516397599105, 9.880200514239613 ], [ -84.269337891886124, 9.880229364877151 ], [ -84.269091853537276, 9.880282192270476 ], [ -84.268985727264521, 9.880315769811901 ], [ -84.268855467863517, 9.880337404247511 ], [ -84.268727607675572, 9.880344683715887 ], [ -84.268578027205123, 9.880342410586735 ], [ -84.268474261186327, 9.880311393052411 ], [ -84.26834634271448, 9.880244509513634 ], [ -84.268252213992412, 9.880196738757398 ], [ -84.268191838058172, 9.880120233278506 ], [ -84.268174865710478, 9.880014983600981 ], [ -84.268182010924718, 9.879902539117833 ], [ -84.268189194773029, 9.879835547890982 ], [ -84.268227736079695, 9.879761354282429 ], [ -84.268283104356428, 9.879612987969084 ], [ -84.268299878997226, 9.879474218654799 ], [ -84.268290125363933, 9.879345042157491 ], [ -84.268270738511802, 9.879239794403301 ], [ -84.268236877326373, 9.879134559984459 ], [ -84.268180101206482, 9.879032931608441 ], [ -84.267995321217242, 9.878760353531021 ], [ -84.267872170886832, 9.878624088012977 ], [ -84.267698353079226, 9.878484276732152 ], [ -84.267481176236259, 9.878423444038319 ], [ -84.267122895336499, 9.878402197981078 ], [ -84.266804454747671, 9.87842039301076 ], [ -84.266616316286459, 9.878470780234913 ], [ -84.266442688558584, 9.878564218512405 ], [ -84.266182246779934, 9.87870437576465 ], [ -84.26594354601292, 9.878880399073916 ], [ -84.265802492276649, 9.878980988712561 ], [ -84.265722898981423, 9.879006171545543 ], [ -84.265650513146369, 9.878995461636091 ], [ -84.265578115806207, 9.878970400521183 ], [ -84.265512926733422, 9.878905858868567 ], [ -84.265444115910057, 9.878841320057065 ], [ -84.265346339190501, 9.878755273638046 ], [ -84.265194288297224, 9.878680035138292 ], [ -84.265053122395344, 9.878640673234207 ], [ -84.264966856675784, 9.878618373424512 ], [ -84.264904067175593, 9.878539474943386 ], [ -84.264841277706964, 9.87846057825778 ], [ -84.264778476791506, 9.878367326751363 ], [ -84.264698821414029, 9.878314758652078 ], [ -84.264578163628229, 9.878276575754704 ], [ -84.264462321697067, 9.878226428492351 ], [ -84.264353696861946, 9.878149960167303 ], [ -84.264257141329011, 9.878083050406383 ], [ -84.264150959888426, 9.878047248463266 ], [ -84.264056876159913, 9.878052107177684 ], [ -84.263950740509017, 9.878073720790526 ], [ -84.263847036509972, 9.878116864692636 ], [ -84.263743345899087, 9.878179144693867 ], [ -84.263627587913433, 9.87823426031736 ], [ -84.263572111122514, 9.878248656746884 ], [ -84.263458716369144, 9.87824396052866 ], [ -84.263371855498235, 9.878232067923223 ], [ -84.263301866340953, 9.878198629877689 ], [ -84.263248747162123, 9.878146040681749 ], [ -84.263193203825992, 9.878076706082433 ], [ -84.263125579890001, 9.877983458020978 ], [ -84.263019296000934, 9.877818471465151 ], [ -84.262908220954671, 9.877694156983459 ], [ -84.26278032173316, 9.877651194142111 ], [ -84.262712764493557, 9.877644071240789 ], [ -84.262637991890287, 9.877663267505271 ], [ -84.262546349442928, 9.87770640160363 ], [ -84.262469188775654, 9.877756699994309 ], [ -84.262348635658327, 9.877850094821365 ], [ -84.262305231851542, 9.877878836458313 ], [ -84.262223215424513, 9.87789086086365 ], [ -84.262184606673998, 9.877881321040016 ], [ -84.262112212591887, 9.877857454493952 ], [ -84.262047043400727, 9.877819229298977 ], [ -84.261969791867145, 9.877757088787714 ], [ -84.261878084985824, 9.877718882390013 ], [ -84.261832236248253, 9.87770456502234 ], [ -84.261685065842229, 9.877697501985908 ], [ -84.261593377903694, 9.877683218387965 ], [ -84.261537861435357, 9.877647376256506 ], [ -84.261489547214282, 9.877568467677257 ], [ -84.261385712756265, 9.877446539524183 ], [ -84.261330158598398, 9.877362851597228 ], [ -84.261255316212655, 9.877295924104679 ], [ -84.261156360108856, 9.877240977642975 ], [ -84.26103809321161, 9.877176476235778 ], [ -84.26076298654597, 9.877076212800826 ], [ -84.260598897541655, 9.877030884660456 ], [ -84.260458892125115, 9.876930516421469 ], [ -84.260398507284492, 9.876839654653999 ], [ -84.260386383703235, 9.876763110394625 ], [ -84.260371760886613, 9.876574127375919 ], [ -84.260354796923679, 9.876478447090637 ], [ -84.260292014558729, 9.876406725108209 ], [ -84.260214778660114, 9.876361331454959 ], [ -84.260125488793392, 9.876327907636425 ], [ -84.260033803169833, 9.876316016070515 ], [ -84.259662304773514, 9.876356972829498 ], [ -84.259469299652821, 9.876352336606594 ], [ -84.259416211297975, 9.876335632007114 ], [ -84.259365516941287, 9.876297393318987 ], [ -84.259312389270193, 9.876230448654962 ], [ -84.259235117969979, 9.87613960147088 ], [ -84.259078175964859, 9.875977043232041 ], [ -84.258856108679609, 9.875831282259412 ], [ -84.25862921806727, 9.875685524837245 ], [ -84.258440967800965, 9.875592368361721 ], [ -84.25835891445783, 9.875556546041247 ], [ -84.258240689677763, 9.875542283668974 ], [ -84.257997364565966, 9.875548284005156 ], [ -84.257773000747207, 9.875038722858145 ], [ -84.257401074980237, 9.87452704909879 ], [ -84.257032111824245, 9.874101018764675 ], [ -84.256554176668786, 9.873768849359564 ], [ -84.256130730257212, 9.873391423190565 ], [ -84.255966332259305, 9.872941791442214 ], [ -84.255946640212855, 9.872434633102378 ], [ -84.255801654022321, 9.872128525765348 ], [ -84.255357311055675, 9.871554703806343 ], [ -84.254749105051147, 9.871220238769173 ], [ -84.254681349784761, 9.870952349350041 ], [ -84.254758276585633, 9.87059822700226 ], [ -84.254680739477365, 9.870158097797011 ], [ -84.254496971550324, 9.86961278541134 ], [ -84.254458040755864, 9.86918219595284 ], [ -84.254525179169448, 9.868646264843418 ], [ -84.254331814227783, 9.868167945159755 ], [ -84.253983787733517, 9.867345246575422 ], [ -84.253440926626681, 9.866958444249621 ], [ -84.252301542652546, 9.866054083039318 ], [ -84.252058519588473, 9.865760042987313 ], [ -84.251415913861905, 9.865601241473161 ], [ -84.251174945242852, 9.865552750571018 ], [ -84.250933946559343, 9.865464441013682 ], [ -84.250728597474762, 9.865318585944046 ], [ -84.249634748419538, 9.864341588048971 ], [ -84.249563334252926, 9.864306245665897 ], [ -84.24940272366986, 9.864319637916124 ], [ -84.249273352109753, 9.864341855359214 ], [ -84.249055452597659, 9.864438617690841 ], [ -84.248889880717684, 9.864528335642797 ], [ -84.24872429759094, 9.864605610125414 ], [ -84.248596347230645, 9.864662946629409 ], [ -84.248390573351728, 9.864692963491487 ], [ -84.248242491272464, 9.864678139001327 ], [ -84.247999019286055, 9.86463849780875 ], [ -84.247720410587533, 9.864593905613786 ], [ -84.247396615332718, 9.864534412811654 ], [ -84.247125515971902, 9.864464926004825 ], [ -84.247005018958234, 9.864422705635292 ], [ -84.24691964756019, 9.864368014298421 ], [ -84.246854331507549, 9.86428095469712 ], [ -84.246821633674088, 9.864183917938764 ], [ -84.246821572553856, 9.864101789011491 ], [ -84.246829020628084, 9.863994765979628 ], [ -84.246856549923208, 9.863890216568063 ], [ -84.246906636339816, 9.863745832122355 ], [ -84.24696927998103, 9.863613881874638 ], [ -84.246991775906935, 9.863489425973105 ], [ -84.247006738616918, 9.863362489076403 ], [ -84.247006627415089, 9.863213162926662 ], [ -84.246999007081868, 9.863091217394313 ], [ -84.246958748314768, 9.86295187572127 ], [ -84.246916011848356, 9.862854846311734 ], [ -84.246885828933202, 9.862765272663111 ], [ -84.246875706840726, 9.862653285845457 ], [ -84.246898199041553, 9.862523853309428 ], [ -84.246943305731193, 9.8624342245471 ], [ -84.247046096615065, 9.862292289805504 ], [ -84.24711878422309, 9.86216779712624 ], [ -84.247226532158948, 9.861941239592685 ], [ -84.24728913824454, 9.861759513896294 ], [ -84.247299069350547, 9.861615158819502 ], [ -84.247281349011203, 9.861408603386513 ], [ -84.24724861985753, 9.861271746339968 ], [ -84.247190804155878, 9.861144860945693 ], [ -84.247130492290722, 9.861037887534662 ], [ -84.247067608345134, 9.860973779817263 ], [ -84.246979848127864, 9.860900800346778 ] ] ] ] } },
{ "type": "Feature", "properties": { "Id": 13, "TERRITORIO": "NAIRI AWARI", "DECRETO": "16059", "AÑO": "1984", "CLASIF": "CREF y PAFT", "AE_2018": 629.35, "AE_2019": 601.62, "AE_2020": 592.85, "AE_2021": 592.85, "AE_2023": 804.43, "AE_2024": 804.43, "AE_2017": null, "AE_2022": 947.88, "PRIMER DESEMBOLSO": 2025, "SEGUNDO DESEMBOLSO": null, "BLOQUE": "TALAMANCA CARIBE" }, "geometry": { "type": "MultiPolygon", "coordinates": [ [ [ [ -83.482595142264074, 9.945526438424221 ], [ -83.493792812599466, 9.945425431657515 ], [ -83.500413801160263, 9.941826423484548 ], [ -83.512662617605329, 9.937666776618389 ], [ -83.512963721957689, 9.937564515803556 ], [ -83.513646459013714, 9.938018319765826 ], [ -83.513324931964931, 9.938921586173114 ], [ -83.514163298371599, 9.939574421652354 ], [ -83.514781015683965, 9.940055434863037 ], [ -83.51518340006794, 9.941120949303871 ], [ -83.515952906026968, 9.943158582862313 ], [ -83.516354887521459, 9.944223010232461 ], [ -83.51659233300326, 9.944851751014966 ], [ -83.516589956879415, 9.945763912246651 ], [ -83.516588329275081, 9.946388697223835 ], [ -83.517106765583421, 9.946922562823293 ], [ -83.519316807479896, 9.949198350514063 ], [ -83.520905415799987, 9.952005077184708 ], [ -83.522364393682992, 9.952053999718798 ], [ -83.523585434748469, 9.95519585382479 ], [ -83.52360446280278, 9.955244814325461 ], [ -83.523771505949568, 9.9556746272682 ], [ -83.523859165881532, 9.955900181550527 ], [ -83.524873186786948, 9.956483582319386 ], [ -83.525042947139724, 9.956581250738928 ], [ -83.526067849770584, 9.957810663175765 ], [ -83.526354312860065, 9.958154285170144 ], [ -83.527009321410546, 9.958939986168685 ], [ -83.527321710991885, 9.959314704445346 ], [ -83.52749765424754, 9.959525751817491 ], [ -83.528639454949982, 9.958805366044649 ], [ -83.530007386244435, 9.958808811698566 ], [ -83.531145478138896, 9.959534949657501 ], [ -83.531643265183945, 9.959850748928288 ], [ -83.532638928726342, 9.960482400246271 ], [ -83.536153192807078, 9.962711815380192 ], [ -83.538774688306233, 9.966849655424571 ], [ -83.538878208933596, 9.967013052731579 ], [ -83.538926721415834, 9.967072518728886 ], [ -83.541267129053892, 9.969941328265332 ], [ -83.542045043705727, 9.970894861051141 ], [ -83.543500459711424, 9.972678825301548 ], [ -83.544483481203599, 9.973883741670425 ], [ -83.544606046238371, 9.974033972189275 ], [ -83.545384090201082, 9.9743868828148 ], [ -83.546610175038438, 9.974943013807742 ], [ -83.546362951438056, 9.975040683003702 ], [ -83.546363213222179, 9.975040801743992 ], [ -83.546216679589151, 9.975098655896566 ], [ -83.545457050080401, 9.975398570106428 ], [ -83.545421757725023, 9.975401765799987 ], [ -83.545046690002977, 9.975435727636002 ], [ -83.544431427249435, 9.975329073281765 ], [ -83.544377510560594, 9.975312837938256 ], [ -83.544034660609071, 9.975209599038893 ], [ -83.543675459040216, 9.975109706295102 ], [ -83.542506169421756, 9.974932873042277 ], [ -83.542466514111226, 9.975083645009367 ], [ -83.541972856858223, 9.976960547528581 ], [ -83.541733582416171, 9.977870268724089 ], [ -83.541511172302862, 9.978715866613875 ], [ -83.54066445448079, 9.981935022001764 ], [ -83.540180701070724, 9.98236444130546 ], [ -83.540099435512843, 9.982436579111353 ], [ -83.539462626597526, 9.983001859767485 ], [ -83.539408442500203, 9.983049957595689 ], [ -83.538793704249727, 9.983595643253539 ], [ -83.538748122005401, 9.983636105193639 ], [ -83.53812469761003, 9.984189497948577 ], [ -83.538063581895486, 9.984243748132766 ], [ -83.537455279159644, 9.984783714575441 ], [ -83.537366123335602, 9.98486285444705 ], [ -83.536785546974428, 9.985378206070088 ], [ -83.536702566576139, 9.985451863829267 ], [ -83.536152372023281, 9.985940244000414 ], [ -83.536064839472303, 9.986017942040029 ], [ -83.535602338865843, 9.986428478464212 ], [ -83.535448098769081, 9.986565388555031 ], [ -83.53520344098574, 9.986782556848066 ], [ -83.535071918222968, 9.986899301652086 ], [ -83.534843280533138, 9.987102249172171 ], [ -83.534679591775927, 9.987247545286943 ], [ -83.534350982614328, 9.987539230117767 ], [ -83.534204924100479, 9.987668876414375 ], [ -83.533808731888044, 9.988020548665128 ], [ -83.533780117492171, 9.988020476938141 ], [ -83.533085196472442, 9.988018734242894 ], [ -83.531793550033484, 9.988015491253726 ], [ -83.530577307922371, 9.988012433009025 ], [ -83.529042381845784, 9.988008567096854 ], [ -83.527876840098685, 9.988005626805219 ], [ -83.526968437877912, 9.988003332368326 ], [ -83.526813914331456, 9.987915283857644 ], [ -83.517406145626168, 9.982554456547962 ], [ -83.514617661612093, 9.97778749767498 ], [ -83.514228236486701, 9.97712175668291 ], [ -83.514093328107293, 9.977321240327045 ], [ -83.51298322790737, 9.978962689394669 ], [ -83.512397119497464, 9.979829329751592 ], [ -83.512350892669701, 9.979920388357627 ], [ -83.512251176882017, 9.980116810468838 ], [ -83.511639314180385, 9.981322063433309 ], [ -83.511480365182464, 9.981635160944627 ], [ -83.511365536571276, 9.98197371429112 ], [ -83.511020797765312, 9.982990115362155 ], [ -83.51124584093391, 9.984120811927884 ], [ -83.510100464785225, 9.986152070338928 ], [ -83.509931297010397, 9.98627119351894 ], [ -83.509925037757341, 9.986282293839995 ], [ -83.508503088958676, 9.987283583007692 ], [ -83.509179518457159, 9.989540041186018 ], [ -83.509266564445554, 9.99112243199494 ], [ -83.509400995617483, 9.99202687557708 ], [ -83.507112290548889, 9.995275687431352 ], [ -83.50710597672834, 9.997671525064025 ], [ -83.505961120868847, 9.999476744493871 ], [ -83.506640406774778, 10.00128669356009 ], [ -83.50631819814987, 10.002415983597876 ], [ -83.507958754371629, 10.002872280738037 ], [ -83.508337217028028, 10.00347601272883 ], [ -83.508917239715856, 10.004401272762228 ], [ -83.509094102675959, 10.004683405749949 ], [ -83.509819718573212, 10.006248599692483 ], [ -83.509998775795353, 10.006634833676888 ], [ -83.510318671067651, 10.007324858888412 ], [ -83.51049988898734, 10.007715750874162 ], [ -83.510527937448046, 10.007791067951755 ], [ -83.510995910235181, 10.009047685876689 ], [ -83.511224469300075, 10.009661417646861 ], [ -83.51368241748763, 10.011475934545707 ], [ -83.513449293205312, 10.011563575448926 ], [ -83.512834099928014, 10.01179485060406 ], [ -83.512401402247704, 10.011957517649982 ], [ -83.511567012049213, 10.012218406947643 ], [ -83.511213420978805, 10.012328963716381 ], [ -83.510997777166878, 10.012388317279941 ], [ -83.510409404184514, 10.012550259574336 ], [ -83.510215694210075, 10.01252910056731 ], [ -83.509796176441498, 10.012483276103071 ], [ -83.509743395609874, 10.012477510746884 ], [ -83.508513403664352, 10.011894379051936 ], [ -83.508246817910702, 10.011629347485197 ], [ -83.507971186039413, 10.011355321879773 ], [ -83.507450453218269, 10.010974183902103 ], [ -83.507001670251043, 10.010894574724174 ], [ -83.506934040510103, 10.010905801525112 ], [ -83.506487475010118, 10.01097993277326 ], [ -83.506219050322287, 10.011331194253719 ], [ -83.505928589152532, 10.011890548019872 ], [ -83.50592032837875, 10.012565148707804 ], [ -83.5060790092313, 10.012967281572545 ], [ -83.506353645460536, 10.013297819241945 ], [ -83.507041029215543, 10.013600262093886 ], [ -83.507139323424937, 10.013624901999895 ], [ -83.508258619339628, 10.013905479272438 ], [ -83.50842343002607, 10.013946792507443 ], [ -83.508951678833213, 10.014148521871403 ], [ -83.509371214003892, 10.014421857341423 ], [ -83.51008620445748, 10.015228999001291 ], [ -83.510149777322525, 10.015598915562762 ], [ -83.510213909729416, 10.015972087228477 ], [ -83.51024411663991, 10.016147854005247 ], [ -83.510286095553354, 10.017123951989134 ], [ -83.510096227230321, 10.01820018247278 ], [ -83.509849467672154, 10.018587362256772 ], [ -83.50955892819627, 10.018698082118769 ], [ -83.509394099284421, 10.018697656720054 ], [ -83.507962702684253, 10.018693959061718 ], [ -83.507339058579106, 10.019015244960261 ], [ -83.506056036516199, 10.019676220140155 ], [ -83.505041120826448, 10.020199069275675 ], [ -83.50499422425105, 10.020223228636048 ], [ -83.50494318447987, 10.020289357897768 ], [ -83.504288397716607, 10.021137723792119 ], [ -83.503392485636255, 10.022298490878708 ], [ -83.503247244063346, 10.022389571399023 ], [ -83.503121291164575, 10.022468555959039 ], [ -83.501778556289992, 10.0233105741413 ], [ -83.500879902360921, 10.023874107138667 ], [ -83.500652928199685, 10.023997070698199 ], [ -83.499347429385708, 10.024704321515932 ], [ -83.49814692873548, 10.025354682412484 ], [ -83.498139496799524, 10.025358708577656 ], [ -83.497168135884337, 10.025971308005055 ], [ -83.495855262139003, 10.0267992778415 ], [ -83.495659243882301, 10.026520155134071 ], [ -83.495131191847221, 10.025768225824006 ], [ -83.494583087915387, 10.024987738852843 ], [ -83.494154868846408, 10.023918430676165 ], [ -83.494039430786572, 10.023630168447029 ], [ -83.493943264622743, 10.023146916075811 ], [ -83.493814421772484, 10.022499455427079 ], [ -83.494046693013232, 10.020917896724519 ], [ -83.494294185248407, 10.020268979748501 ], [ -83.494619483863247, 10.019416052317171 ], [ -83.495424561627104, 10.017305129965541 ], [ -83.494747897246882, 10.016505931093379 ], [ -83.494400217899098, 10.016095289863618 ], [ -83.493300563810223, 10.014796488508184 ], [ -83.492785893956636, 10.014188607330466 ], [ -83.491768673719861, 10.01298715066077 ], [ -83.491313549468131, 10.012449591667965 ], [ -83.490307637374343, 10.011261474717511 ], [ -83.489747932983406, 10.010600383937991 ], [ -83.489287197792081, 10.01005618727797 ], [ -83.489259742882183, 10.009420054728677 ], [ -83.489242714922284, 10.009025514950896 ], [ -83.489172630903042, 10.007401655954464 ], [ -83.489161557825142, 10.007145090173905 ], [ -83.489103614556257, 10.005802528423677 ], [ -83.489083292188312, 10.005331652364118 ], [ -83.489074948224186, 10.00513831975946 ], [ -83.489072674941468, 10.005085646976449 ], [ -83.489074392553093, 10.005084722531542 ], [ -83.489074311037527, 10.005082833606615 ], [ -83.49048341063299, 10.004488641236698 ], [ -83.490670111029672, 10.004409912359824 ], [ -83.490672395636523, 10.004408948972973 ], [ -83.488644214488019, 9.995589671620502 ], [ -83.488643847133915, 9.995588074190078 ], [ -83.489236566170618, 9.995076743994865 ], [ -83.48947576632213, 9.994870388682875 ], [ -83.490520325878904, 9.993969253516198 ], [ -83.490807902083233, 9.993721161777479 ], [ -83.491863148898261, 9.992810795733776 ], [ -83.492056987174649, 9.992643569657561 ], [ -83.493068745655094, 9.991770711474723 ], [ -83.49344655204672, 9.991444770566378 ], [ -83.494154668697689, 9.990833861577565 ], [ -83.494648553180539, 9.990407773427242 ], [ -83.49521215206758, 9.989921538352492 ], [ -83.495800733452967, 9.989413747412764 ], [ -83.495955176108453, 9.98928050357053 ], [ -83.495957746248394, 9.989278286206625 ], [ -83.495955492594291, 9.989279585925868 ], [ -83.493683861648989, 9.986109281454899 ], [ -83.493685981877206, 9.986107788616705 ], [ -83.493685965915674, 9.986107766340355 ], [ -83.493922674044626, 9.982723507457051 ], [ -83.49392066217726, 9.982723639937172 ], [ -83.493471810603083, 9.982753196205127 ], [ -83.493234199574815, 9.982768842321734 ], [ -83.492684203377394, 9.982624471250345 ], [ -83.491859365893262, 9.982307438976468 ], [ -83.491367400197717, 9.98209138691332 ], [ -83.490138846731739, 9.981669874575967 ], [ -83.490091207193501, 9.981560385215632 ], [ -83.489928707971714, 9.981186914699137 ], [ -83.489809685411487, 9.980134145492082 ], [ -83.489618043620993, 9.979224799712433 ], [ -83.489402866950229, 9.977932658809463 ], [ -83.4891402106892, 9.976138073841323 ], [ -83.488960685258505, 9.975743049202446 ], [ -83.488741181624277, 9.975260055868487 ], [ -83.488683271780488, 9.975132631450155 ], [ -83.488596955643843, 9.974798208284673 ], [ -83.488245782462911, 9.973437616619169 ], [ -83.488245518019525, 9.973437762505293 ], [ -83.488237399622477, 9.973442241200027 ], [ -83.488184886675498, 9.973478653664284 ], [ -83.48818063180282, 9.973481603991228 ], [ -83.48811334975538, 9.973527557504937 ], [ -83.48804526808587, 9.973572665818713 ], [ -83.487975986992694, 9.973616506339496 ], [ -83.487905106674617, 9.973658656473802 ], [ -83.487832227330472, 9.973698693627767 ], [ -83.487756949159461, 9.973736195207136 ], [ -83.487678872361386, 9.97377073861767 ], [ -83.487598062638796, 9.97380234054565 ], [ -83.487556860086229, 9.973817674842458 ], [ -83.487202229840094, 9.974013313002654 ], [ -83.487176556880442, 9.974041606681245 ], [ -83.487135478259646, 9.974107269215688 ], [ -83.487119600143146, 9.97414191422456 ], [ -83.487102002777021, 9.974180310513296 ], [ -83.48707355270659, 9.974258834841075 ], [ -83.487047550321307, 9.974340946464809 ], [ -83.487021417892649, 9.974424749649387 ], [ -83.486992622207268, 9.974508338763005 ], [ -83.486959453598914, 9.974589625107011 ], [ -83.486920927976229, 9.974666358694533 ], [ -83.486876086072201, 9.974736284019899 ], [ -83.486823968621337, 9.974797145576725 ], [ -83.486763616382589, 9.974846687889373 ], [ -83.486713379428807, 9.97487336358058 ], [ -83.486694571979896, 9.974883350283681 ], [ -83.486618174768893, 9.974908059566308 ], [ -83.486536166035265, 9.974922298994956 ], [ -83.486450287064628, 9.974927551828928 ], [ -83.486362279141773, 9.974925301328998 ], [ -83.48627388355024, 9.974917030757645 ], [ -83.486186840784114, 9.974904222960243 ], [ -83.486102376694703, 9.974888087153385 ], [ -83.486020315505328, 9.974869087319922 ], [ -83.485940245053825, 9.974847561758232 ], [ -83.485861753177574, 9.974823848766297 ], [ -83.485784427713867, 9.974798286641597 ], [ -83.48574468374477, 9.974784234537212 ], [ -83.485707856499673, 9.97477121368113 ], [ -83.48563162737176, 9.974742968181628 ], [ -83.485623603118242, 9.97473990150241 ], [ -83.485555395360336, 9.974713834106373 ], [ -83.485479115334925, 9.974683852966706 ], [ -83.485402825768233, 9.974652998671923 ], [ -83.485326565136702, 9.974621245128473 ], [ -83.485250371916834, 9.974588566242726 ], [ -83.485174284585, 9.974554935921235 ], [ -83.485098341617643, 9.974520328070424 ], [ -83.485055941936238, 9.974500448807945 ], [ -83.485022563020138, 9.974484798962381 ], [ -83.484971119967355, 9.97446071217103 ], [ -83.484946766016293, 9.974449309100827 ], [ -83.484870642459938, 9.97441537802859 ], [ -83.484793882346224, 9.974384533570621 ], [ -83.484716175668908, 9.974358303551741 ], [ -83.484637212469494, 9.974338215555308 ], [ -83.484475121998742, 9.97431842231985 ], [ -83.484308974941001, 9.974318488173077 ], [ -83.484139350122788, 9.974330808493031 ], [ -83.484100510046773, 9.974372070905027 ], [ -83.483822194777019, 9.974343733711603 ], [ -83.483683350099398, 9.974329596890996 ], [ -83.484148533376782, 9.970940484484609 ], [ -83.48392298591051, 9.970035793004385 ], [ -83.483377141774696, 9.969537085924351 ], [ -83.483661028913019, 9.968581745843956 ], [ -83.483699276349498, 9.968453034667663 ], [ -83.483932170830428, 9.966645468244229 ], [ -83.482429372975574, 9.965918192494438 ], [ -83.481886239418657, 9.964424991551038 ], [ -83.482716615490943, 9.963156543417577 ], [ -83.482802011943505, 9.963026094620295 ], [ -83.483092688615088, 9.963026867317533 ], [ -83.483257994369822, 9.963027306632119 ], [ -83.483352499801981, 9.961807035707173 ], [ -83.483491745692334, 9.960903314622273 ], [ -83.483492202330197, 9.960734859598626 ], [ -83.48349578923758, 9.95941157616771 ], [ -83.484247210153811, 9.958547188589101 ], [ -83.484868003508879, 9.95783306186201 ], [ -83.485553800989592, 9.957156816539083 ], [ -83.485362880186301, 9.956487571217663 ], [ -83.485102106620573, 9.955573462920832 ], [ -83.48556284551492, 9.953811704837364 ], [ -83.486020159434744, 9.953315674930854 ], [ -83.486251685363314, 9.952005350705786 ], [ -83.485798895521299, 9.950828829302937 ], [ -83.485781732729208, 9.950797320509224 ], [ -83.4846646113606, 9.948746407654385 ], [ -83.48261327286427, 9.948560122767448 ], [ -83.482391292491329, 9.946529718049625 ], [ -83.48239081305087, 9.946525332694012 ], [ -83.482456137855394, 9.946205983270927 ], [ -83.482558788856778, 9.945704158070605 ], [ -83.482595142264074, 9.945526438424221 ] ] ], [ [ [ -83.37684230734321, 10.019005845956571 ], [ -83.379613774839456, 10.007486906867376 ], [ -83.383955811781448, 10.004335527080748 ], [ -83.383544660734742, 10.004252139236414 ], [ -83.382835677298559, 10.003963761062073 ], [ -83.382416839087, 10.003388856284342 ], [ -83.382141105713004, 10.003067361954669 ], [ -83.381436743142942, 10.002577276699133 ], [ -83.381068980742256, 10.002433061009876 ], [ -83.380586471937065, 10.002348436317968 ], [ -83.380463435720543, 10.00237060010657 ], [ -83.380290736229668, 10.002401710172633 ], [ -83.379905294227342, 10.002036182035772 ], [ -83.379628634515242, 10.001575168390778 ], [ -83.379689682482308, 10.001198511059835 ], [ -83.379981471078068, 10.000969595162573 ], [ -83.380130772257829, 10.000852464192864 ], [ -83.380469136285782, 10.000589952418286 ], [ -83.380602220204267, 10.000404804755766 ], [ -83.380632771817815, 10.000201524765076 ], [ -83.380518501589577, 10.000009936258593 ], [ -83.380321216317853, 9.999804210091906 ], [ -83.384202315856584, 9.99823361286276 ], [ -83.400959187207505, 9.996320668977532 ], [ -83.409292850257202, 9.995368983628643 ], [ -83.413381196322632, 10.000805371578732 ], [ -83.417030820515961, 10.000363827057932 ], [ -83.42020991036091, 10.004893417916829 ], [ -83.424496067517197, 10.005131687335881 ], [ -83.425451402360224, 10.005948088713275 ], [ -83.427045339052214, 10.006721104301292 ], [ -83.429097548206471, 10.006726929294807 ], [ -83.429786049503875, 10.005191916358454 ], [ -83.430242614192409, 10.00501239427374 ], [ -83.434804609468515, 10.00448281558992 ], [ -83.442780615161553, 10.006177762516376 ], [ -83.443689113902153, 10.007446026905864 ], [ -83.445969992007406, 10.007226356196496 ], [ -83.446655596983604, 10.006685805610406 ], [ -83.447795457830935, 10.006779380189421 ], [ -83.442764816566836, 10.011737903170994 ], [ -83.44092579883359, 10.016931323628503 ], [ -83.436124213667142, 10.021438332449883 ], [ -83.424273659364189, 10.018918522435467 ], [ -83.421532013221551, 10.020718887799926 ], [ -83.421528595813101, 10.020718878028001 ], [ -83.419251679099716, 10.020712359450455 ], [ -83.413769592040026, 10.02386094602794 ], [ -83.410485988996015, 10.023634441636379 ], [ -83.410349722030048, 10.02362504117502 ], [ -83.410124349440849, 10.022720293498205 ], [ -83.407851343437144, 10.020227442798056 ], [ -83.401007662335971, 10.0211116087861 ], [ -83.398719236621659, 10.023817202429342 ], [ -83.395525385310592, 10.024259874544619 ], [ -83.394144976054136, 10.028324256915095 ], [ -83.390026667690393, 10.032832593808518 ], [ -83.377017227210345, 10.036410246759464 ], [ -83.376664080791073, 10.03640011367637 ], [ -83.376592167490216, 10.036141621863361 ], [ -83.376563863538536, 10.035797093112079 ], [ -83.376506843829361, 10.035323332047145 ], [ -83.376478759679628, 10.034863978503791 ], [ -83.376508711119641, 10.034347321426488 ], [ -83.376567625221327, 10.033830718748968 ], [ -83.376670394955525, 10.033098901165255 ], [ -83.376772313420517, 10.032812029590611 ], [ -83.37694743400418, 10.032109054012455 ], [ -83.377260443960836, 10.031438439004955 ], [ -83.375440259686641, 10.030076828852645 ], [ -83.37684230734321, 10.019005845956571 ] ] ] ] } },
{ "type": "Feature", "properties": { "Id": 14, "TERRITORIO": "CHINA KICHA", "DECRETO": "29447", "AÑO": "2001", "CLASIF": "Solo PAFT", "AE_2018": 29.6, "AE_2019": 29.6, "AE_2020": 29.6, "AE_2021": 29.6, "AE_2023": 29.6, "AE_2024": 29.6, "AE_2017": null, "AE_2022": 29.6, "PRIMER DESEMBOLSO": null, "SEGUNDO DESEMBOLSO": null, "BLOQUE": "PACIFICO SUR" }, "geometry": { "type": "MultiPolygon", "coordinates": [ [ [ [ -83.485708260000209, 9.187815023606086 ], [ -83.485955686937587, 9.187897604868079 ], [ -83.486132869763708, 9.187961226756256 ], [ -83.486289669735939, 9.188006908980936 ], [ -83.486469517531432, 9.18800726798564 ], [ -83.486606114387129, 9.187945662030312 ], [ -83.486922921076243, 9.187705707354999 ], [ -83.487080768292927, 9.187677821779369 ], [ -83.487302988930793, 9.187735481682628 ], [ -83.487557467096281, 9.187835425067597 ], [ -83.487782473312379, 9.187894981572589 ], [ -83.488021594860413, 9.187874661739514 ], [ -83.4883458110438, 9.187811381214093 ], [ -83.488591412203945, 9.187722262806291 ], [ -83.488861242266353, 9.187568291671187 ], [ -83.489043784467526, 9.187428133913267 ], [ -83.489156365136779, 9.187299888684784 ], [ -83.48934105647308, 9.187265224400583 ], [ -83.489506951443403, 9.187248355191766 ], [ -83.489599907684635, 9.18724135247429 ], [ -83.489706583814097, 9.187238342076716 ], [ -83.489784376328359, 9.187237293049501 ], [ -83.489790671360382, 9.187237592781818 ], [ -83.489804304882185, 9.187239842174895 ], [ -83.48983625348562, 9.187198082677018 ], [ -83.489855288617704, 9.187174857361116 ], [ -83.48987202308362, 9.187151769522817 ], [ -83.489887363198136, 9.187127723312358 ], [ -83.489901250507174, 9.187102814673933 ], [ -83.489913629888235, 9.187077140108148 ], [ -83.489924448990436, 9.187050799982755 ], [ -83.489933668783735, 9.18702390075495 ], [ -83.489941255239955, 9.186996546681389 ], [ -83.489946187426071, 9.186973473074959 ], [ -83.489941503177036, 9.18693892120802 ], [ -83.489934310541571, 9.186899851449907 ], [ -83.48992529658895, 9.186861284086108 ], [ -83.48991448946505, 9.186823344984228 ], [ -83.489901254810306, 9.186784158524107 ], [ -83.489893940156804, 9.186755069276586 ], [ -83.489887003406508, 9.186726595352839 ], [ -83.489880176123151, 9.186697696638888 ], [ -83.489873488152966, 9.186668474722014 ], [ -83.489866958222322, 9.186639039452089 ], [ -83.489860614508927, 9.186609494069883 ], [ -83.489854479623702, 9.186579950638173 ], [ -83.489848574528878, 9.186550509076143 ], [ -83.489842737131141, 9.186520334717846 ], [ -83.489828501777239, 9.186407308546345 ], [ -83.489816383444506, 9.186294786468137 ], [ -83.489806323860378, 9.186182347871423 ], [ -83.489792040717589, 9.186051494920161 ], [ -83.489784379273672, 9.185922418981841 ], [ -83.489773872072533, 9.185789392003052 ], [ -83.489778791811844, 9.185739684274392 ], [ -83.489785585060602, 9.185692974224885 ], [ -83.489794507190823, 9.185646621486839 ], [ -83.48980554140951, 9.185600717095793 ], [ -83.489818664251189, 9.185555357596899 ], [ -83.489833850031857, 9.185510637324311 ], [ -83.489851064182872, 9.185466649496188 ], [ -83.489869754520385, 9.185424641676613 ], [ -83.489898500392627, 9.185357343420414 ], [ -83.48992934939136, 9.185290150779942 ], [ -83.48996192982419, 9.185223931883197 ], [ -83.489996217727892, 9.185158742987268 ], [ -83.490032178022858, 9.18509464640413 ], [ -83.490069780080489, 9.185031698933312 ], [ -83.490108116005985, 9.184971329204583 ], [ -83.490132283409636, 9.18492868174738 ], [ -83.490154742357348, 9.184884903841477 ], [ -83.490175367550989, 9.184840229305843 ], [ -83.490193381530403, 9.184796535079137 ], [ -83.490212445505009, 9.184723875443089 ], [ -83.490234386940514, 9.184648522293868 ], [ -83.490258333023931, 9.184573782898433 ], [ -83.490284268675751, 9.18449971518209 ], [ -83.490312174946055, 9.184426364923461 ], [ -83.490342032316093, 9.18435378728206 ], [ -83.490373821828271, 9.184282033555091 ], [ -83.490407746817951, 9.184210671909636 ], [ -83.490475698330357, 9.184085099414453 ], [ -83.490545552181715, 9.183961359056347 ], [ -83.49061763024163, 9.183838854157596 ], [ -83.490691828412096, 9.183717751236795 ], [ -83.490734502570149, 9.183649779922382 ], [ -83.490775069478644, 9.18358146567564 ], [ -83.49081389264245, 9.183512226228173 ], [ -83.490850949781048, 9.183442107354853 ], [ -83.490886209710439, 9.183371166959363 ], [ -83.490903767814459, 9.183333508468239 ], [ -83.490919647371783, 9.183299451916428 ], [ -83.490950507176407, 9.183228696813757 ], [ -83.490963821172187, 9.183185430240195 ], [ -83.490979454253932, 9.183139604018503 ], [ -83.490996499173704, 9.183094145127075 ], [ -83.491014928060636, 9.18304912416672 ], [ -83.49103471360165, 9.183004610083172 ], [ -83.491056851233608, 9.182958535845197 ], [ -83.491066488387801, 9.182944156479781 ], [ -83.491071857414241, 9.182933619337335 ], [ -83.49107594263802, 9.182922505331021 ], [ -83.491078683839106, 9.182910981042859 ], [ -83.491080034701938, 9.182899199277424 ], [ -83.491079980545507, 9.182887328888334 ], [ -83.491078517800659, 9.182875535985398 ], [ -83.491076876647298, 9.182868893494975 ], [ -83.491067252937256, 9.182854774526344 ], [ -83.491054246123468, 9.18283184394592 ], [ -83.491043164051163, 9.182807923250442 ], [ -83.491031728541842, 9.18277675205451 ], [ -83.491034862031924, 9.182718385589048 ], [ -83.491035160972856, 9.18266962606064 ], [ -83.491033139221969, 9.182621048141739 ], [ -83.491028802153821, 9.182572778219647 ], [ -83.491021634083893, 9.182521120202416 ], [ -83.491021514824624, 9.182469628295491 ], [ -83.491023707847816, 9.182419954767687 ], [ -83.491028204546083, 9.182370346294887 ], [ -83.49103499031925, 9.182320914335525 ], [ -83.491044051136726, 9.182271760414848 ], [ -83.491055364071499, 9.182222993220044 ], [ -83.491069582211722, 9.182172313449239 ], [ -83.491086697684494, 9.182135752001704 ], [ -83.491105012489015, 9.182102134848121 ], [ -83.491125376221177, 9.182069623228372 ], [ -83.491147710959893, 9.182038333478216 ], [ -83.491171936561685, 9.182008382482335 ], [ -83.49119796401591, 9.181979873867748 ], [ -83.491225697652027, 9.181952907941026 ], [ -83.491251630278839, 9.181930523915035 ], [ -83.491277275775616, 9.181900342018244 ], [ -83.491307252465873, 9.181868035973091 ], [ -83.491338779291695, 9.181836868973013 ], [ -83.491371789516407, 9.181806903837598 ], [ -83.491406203067797, 9.181778207782745 ], [ -83.491441948772561, 9.18175083920673 ], [ -83.491479210647583, 9.181724670332835 ], [ -83.491498571528211, 9.181712642385584 ], [ -83.491514397691986, 9.181700756814287 ], [ -83.49152918002919, 9.181687484011245 ], [ -83.491542795108543, 9.181672918173687 ], [ -83.491555140587181, 9.181657165118169 ], [ -83.491566121889136, 9.181640336742687 ], [ -83.491575828167925, 9.181622228978471 ], [ -83.491684959076323, 9.181380669368069 ], [ -83.491713914767288, 9.181321148810023 ], [ -83.491742508140561, 9.18126176350092 ], [ -83.491771012693761, 9.181201951463345 ], [ -83.491799410597778, 9.181141752407296 ], [ -83.491827676222897, 9.181081223691891 ], [ -83.491856043558869, 9.181019855712133 ], [ -83.491950912394913, 9.180827314598428 ], [ -83.492046060822886, 9.180631415123701 ], [ -83.492073907743546, 9.180585220791956 ], [ -83.492098887695846, 9.180540223863925 ], [ -83.492122321184667, 9.180494233038063 ], [ -83.492144164772995, 9.180447330483178 ], [ -83.492164378905443, 9.180399602788661 ], [ -83.492182927362791, 9.18035113378915 ], [ -83.492199776698186, 9.180302010634536 ], [ -83.492215515616763, 9.180250287682926 ], [ -83.492226823619674, 9.180220432139125 ], [ -83.492235318511604, 9.180192571539978 ], [ -83.492241945192035, 9.180164236461241 ], [ -83.492246674054641, 9.180135547170485 ], [ -83.492249484919, 9.180106634986132 ], [ -83.49225037039119, 9.180077622414499 ], [ -83.492249319733958, 9.180048639683536 ], [ -83.492246345544288, 9.180019811534986 ], [ -83.492241459300416, 9.179991268227846 ], [ -83.492234681939564, 9.179963127893236 ], [ -83.492224942499661, 9.179931998847492 ], [ -83.492209575874142, 9.179853632284193 ], [ -83.492195914204899, 9.179776892288908 ], [ -83.492183602418194, 9.179699953306612 ], [ -83.492172645418947, 9.179622880465743 ], [ -83.492162841178171, 9.179544018955996 ], [ -83.492160356400646, 9.179435886805711 ], [ -83.492156739469621, 9.179330287834055 ], [ -83.492151949779895, 9.179224924521005 ], [ -83.492145957895985, 9.179119407200355 ], [ -83.492143401091099, 9.179065795955351 ], [ -83.492142753518664, 9.179011537833832 ], [ -83.492144043172061, 9.178957255392124 ], [ -83.492147263288402, 9.178903017053294 ], [ -83.492152412109576, 9.178848886832473 ], [ -83.492159482866427, 9.178794937567851 ], [ -83.492168467695478, 9.178741230506446 ], [ -83.492179353718427, 9.178687838477815 ], [ -83.492192139257327, 9.178634769205532 ], [ -83.492204129618685, 9.178592140875921 ], [ -83.492218306522958, 9.178549911312903 ], [ -83.492234567851824, 9.178508419225052 ], [ -83.492252875701013, 9.17846776113732 ], [ -83.492273187720244, 9.178428035775783 ], [ -83.492295454340734, 9.178389340752631 ], [ -83.492319621570431, 9.178351759877017 ], [ -83.49234563207159, 9.17831538633517 ], [ -83.492371539037521, 9.178282687593242 ], [ -83.492415843464741, 9.178214244236001 ], [ -83.492463534237757, 9.178144897789336 ], [ -83.492513168065443, 9.178076879671046 ], [ -83.492564709335198, 9.178010237291835 ], [ -83.492618117438468, 9.177945016399557 ], [ -83.492672297008895, 9.177882491395369 ], [ -83.492701287951192, 9.177845507215228 ], [ -83.492728720683374, 9.177807204067683 ], [ -83.492754473341833, 9.177767746793261 ], [ -83.49277849695028, 9.177727207619464 ], [ -83.492800751424127, 9.177685654923167 ], [ -83.492821198331683, 9.177643166465369 ], [ -83.492839797032318, 9.177599811174089 ], [ -83.492856530235173, 9.177555641453573 ], [ -83.492869960327283, 9.177515151980199 ], [ -83.492885972384215, 9.177473502219623 ], [ -83.49290394563063, 9.177432543951394 ], [ -83.492923841065988, 9.177392363765071 ], [ -83.492945614134456, 9.177353049346378 ], [ -83.492969215845037, 9.177314682855723 ], [ -83.492994594424374, 9.177277350313096 ], [ -83.493020106695013, 9.177243252506196 ], [ -83.493038193681485, 9.177214477622993 ], [ -83.493059210400119, 9.177184472850165 ], [ -83.493081632193451, 9.177155673137662 ], [ -83.493105378942772, 9.177128179366383 ], [ -83.493130369969265, 9.177102095727617 ], [ -83.493156522391644, 9.177077513164697 ], [ -83.493183745546887, 9.177054527025001 ], [ -83.493211104253916, 9.177033858955943 ], [ -83.493233208123414, 9.177017343567014 ], [ -83.493252625321006, 9.177000239421194 ], [ -83.493270675721519, 9.176981566028081 ], [ -83.493287239749094, 9.17696144187377 ], [ -83.493299139176017, 9.176944395069203 ], [ -83.493311000190417, 9.176902760437974 ], [ -83.493322839413736, 9.176854563959013 ], [ -83.493332935987752, 9.176805870555434 ], [ -83.493341275365822, 9.176756755814202 ], [ -83.493348258467321, 9.176704137512795 ], [ -83.493356552449939, 9.176671352193544 ], [ -83.493366880879307, 9.176640078004475 ], [ -83.493379419761112, 9.176609567950731 ], [ -83.493394107799062, 9.176579965434199 ], [ -83.493410867597277, 9.17655140941903 ], [ -83.493429622313741, 9.176524039974028 ], [ -83.493450275129916, 9.176497984998717 ], [ -83.493472730899839, 9.176473367979906 ], [ -83.493496873388736, 9.176450301337342 ], [ -83.493522589695075, 9.176428896943449 ], [ -83.493548323691286, 9.176410288932908 ], [ -83.493588040760898, 9.176380589015521 ], [ -83.493629956873818, 9.176351861821049 ], [ -83.493673033486147, 9.176324874107024 ], [ -83.493717201664296, 9.176299672686168 ], [ -83.493762389708124, 9.176276297192793 ], [ -83.493808521478329, 9.176254784495722 ], [ -83.493855521944113, 9.176235173120979 ], [ -83.493903315532719, 9.176217492212004 ], [ -83.493949778033681, 9.17620243360844 ], [ -83.494038124211428, 9.176167778513291 ], [ -83.494126328394373, 9.176130630920333 ], [ -83.494213632623584, 9.176091283367818 ], [ -83.494299988539524, 9.176049763934431 ], [ -83.494382989591756, 9.176007301596849 ], [ -83.494469149810087, 9.175945502573388 ], [ -83.49455902837741, 9.175882463138999 ], [ -83.494649825000906, 9.175820180483187 ], [ -83.494741497414722, 9.175758694833259 ], [ -83.494833859955321, 9.175698123478933 ], [ -83.494933252941038, 9.175633312466008 ], [ -83.495031453902229, 9.175567421391051 ], [ -83.49512871743417, 9.17550028725493 ], [ -83.495225018523044, 9.175431924924034 ], [ -83.495321384008676, 9.175361591901968 ], [ -83.495512891395023, 9.175235445610264 ], [ -83.495702390957732, 9.175108109873124 ], [ -83.495890930561359, 9.174978897411734 ], [ -83.496340631772497, 9.174667174788173 ], [ -83.49644286182604, 9.174598301598898 ], [ -83.496543731849158, 9.174528544033338 ], [ -83.496643666549545, 9.174457620674403 ], [ -83.496742639805902, 9.174385544179559 ], [ -83.49683958470834, 9.174313119357963 ], [ -83.49688650745118, 9.17427230598709 ], [ -83.496933118075944, 9.174229509832058 ], [ -83.496978618628447, 9.174185428459655 ], [ -83.497022969065199, 9.17414010154978 ], [ -83.497066125448228, 9.17409357374383 ], [ -83.497108047731132, 9.174045886929171 ], [ -83.497148696421462, 9.173997084097723 ], [ -83.497188529415226, 9.173946584207933 ], [ -83.497215131298645, 9.173913639900086 ], [ -83.497243974745857, 9.173881445396166 ], [ -83.497274449459326, 9.173850743226009 ], [ -83.497306476455648, 9.17382161826858 ], [ -83.497339964540899, 9.173794149867 ], [ -83.497374820303676, 9.173768414602037 ], [ -83.497411847005878, 9.173743888202408 ], [ -83.497495974734619, 9.173699748404134 ], [ -83.497579139744332, 9.173657743013029 ], [ -83.497662911038759, 9.173617043633778 ], [ -83.497747226368929, 9.173577683844027 ], [ -83.497832032387493, 9.173539686196486 ], [ -83.497917211836793, 9.173503102956269 ], [ -83.497973924702691, 9.173479585614277 ], [ -83.498028769289206, 9.173454470744149 ], [ -83.498082629710836, 9.173427398094013 ], [ -83.498135435393536, 9.173398396263956 ], [ -83.498187117956846, 9.17336751372482 ], [ -83.498238087660809, 9.17333447234803 ], [ -83.498271141792102, 9.173312600944085 ], [ -83.498302657890648, 9.173289674421273 ], [ -83.498333181837751, 9.173265337576122 ], [ -83.49836265080647, 9.173239639438904 ], [ -83.498390994737647, 9.173212637859839 ], [ -83.498418155788244, 9.173184392361735 ], [ -83.498444072225212, 9.173154964117547 ], [ -83.498468681201715, 9.173124416506392 ], [ -83.49849193430083, 9.173092820101671 ], [ -83.498515071517332, 9.173058315692211 ], [ -83.498590545870954, 9.172960580736973 ], [ -83.498663606207103, 9.172863059856983 ], [ -83.498735285740253, 9.17276441728656 ], [ -83.498805563319948, 9.172664686109838 ], [ -83.498874490161384, 9.172563780857692 ], [ -83.498908251664545, 9.172513458324216 ], [ -83.498944040269777, 9.172463544224954 ], [ -83.498981361218313, 9.172414770767396 ], [ -83.499020176671593, 9.172367189775155 ], [ -83.499060447688095, 9.172320847551381 ], [ -83.49910213310325, 9.172275791500194 ], [ -83.499145192309498, 9.172232067922522 ], [ -83.499188624844507, 9.172190631284579 ], [ -83.499238279710525, 9.172140160741643 ], [ -83.499290311965837, 9.172090205624338 ], [ -83.499343789467048, 9.172041714974528 ], [ -83.499398665510896, 9.171994725702769 ], [ -83.499454890053386, 9.171949280785638 ], [ -83.499512419161363, 9.171905422104448 ], [ -83.499571200029592, 9.171863181594405 ], [ -83.499631567300938, 9.171822341174435 ], [ -83.499753420973377, 9.171748529968237 ], [ -83.499873096035401, 9.171673795726029 ], [ -83.499991724748369, 9.171597453479285 ], [ -83.499999994208295, 9.17159196931231 ], [ -83.500110119830168, 9.171518961304427 ], [ -83.500166400157951, 9.171484335905006 ], [ -83.500223697048483, 9.171451527578162 ], [ -83.500281999387212, 9.171420541826857 ], [ -83.50034124158725, 9.17139141663954 ], [ -83.500401368082521, 9.171364172910412 ], [ -83.500462485005229, 9.171338771602437 ], [ -83.500560507899948, 9.171302561942261 ], [ -83.500656577572201, 9.171265121630421 ], [ -83.500751792569446, 9.171226043243209 ], [ -83.500846103431442, 9.171185348788033 ], [ -83.500939459031798, 9.171143060270168 ], [ -83.501031612620437, 9.17109929379613 ], [ -83.501097410491084, 9.171065706759268 ], [ -83.501163305008234, 9.171030910127003 ], [ -83.501228972150386, 9.170995073430854 ], [ -83.501294358007897, 9.17095822363857 ], [ -83.501359408665778, 9.1709203915812 ], [ -83.501423373743236, 9.170882023797541 ], [ -83.501465588606607, 9.17085362329478 ], [ -83.501506929039977, 9.170823420804625 ], [ -83.501547088189767, 9.170791621203046 ], [ -83.50158599211467, 9.17075827902454 ], [ -83.50162357352022, 9.170723461505816 ], [ -83.501659762902193, 9.170687227602523 ], [ -83.501694827803476, 9.170649285188292 ], [ -83.501775746450306, 9.170558958767622 ], [ -83.501859218076362, 9.17046985493967 ], [ -83.501943666426783, 9.170383638755458 ], [ -83.501973301935323, 9.170350468097816 ], [ -83.502005572231454, 9.170317229320073 ], [ -83.50203920018096, 9.170285352234732 ], [ -83.502074125733571, 9.170254886979601 ], [ -83.5021102938328, 9.170225887010751 ], [ -83.502147635540936, 9.170198403557578 ], [ -83.502186088592637, 9.17017248233989 ], [ -83.502225591275547, 9.170148170734008 ], [ -83.502265949057048, 9.170125577743807 ], [ -83.502332648546059, 9.170091208590833 ], [ -83.502398255306957, 9.170056651939172 ], [ -83.502463514625106, 9.170021528570333 ], [ -83.502524854375679, 9.169987801569336 ], [ -83.502556839232582, 9.169960868101509 ], [ -83.50259012304727, 9.169930386186026 ], [ -83.502656716468422, 9.169976550155493 ], [ -83.502663598627691, 9.169982163935904 ], [ -83.502671578910295, 9.169986075578594 ], [ -83.502703818945307, 9.170000440573837 ], [ -83.502735504523727, 9.170016143108121 ], [ -83.502766531301731, 9.170033135576734 ], [ -83.502796806604351, 9.170051365975972 ], [ -83.502826228326001, 9.170070774562888 ], [ -83.502854709356882, 9.170091301063303 ], [ -83.502882159261858, 9.170112880231537 ], [ -83.502908488163285, 9.170135445167215 ], [ -83.502958993593793, 9.170204345872309 ], [ -83.503007130379956, 9.170274836036866 ], [ -83.503052845314883, 9.170346836670193 ], [ -83.503093590891496, 9.170391999824941 ], [ -83.50313344148681, 9.170438164508509 ], [ -83.503172360504436, 9.17048528872821 ], [ -83.503210310785576, 9.170533335457549 ], [ -83.503247258522165, 9.170582254429391 ], [ -83.503259855324956, 9.170599187887619 ], [ -83.503273944695678, 9.170615126151436 ], [ -83.50328939631558, 9.170629929416586 ], [ -83.503306065426898, 9.170643457307214 ], [ -83.503323792257532, 9.170655583223743 ], [ -83.503342416459105, 9.170666195466559 ], [ -83.503361763788945, 9.170675189491321 ], [ -83.503456603873417, 9.170716943412204 ], [ -83.50355094698098, 9.170759852259659 ], [ -83.503644759807443, 9.17080390329518 ], [ -83.503685234214629, 9.170828077546876 ], [ -83.503725125328828, 9.170853162144599 ], [ -83.50376435046924, 9.170879106754153 ], [ -83.503802830845501, 9.170905858839438 ], [ -83.503840491004908, 9.170933362005593 ], [ -83.503877245495659, 9.170961561499745 ], [ -83.503913031083897, 9.170990400392059 ], [ -83.503947767876795, 9.171019820074156 ], [ -83.503979221618224, 9.171047804783965 ], [ -83.504011861747543, 9.171074517935441 ], [ -83.504045617820168, 9.171099895965677 ], [ -83.504080411057743, 9.171123877507988 ], [ -83.504116159887417, 9.17114641388488 ], [ -83.504176707342864, 9.171184985398529 ], [ -83.504238047084684, 9.171222135798939 ], [ -83.50430009475896, 9.171257819164175 ], [ -83.504362763250057, 9.171291978531086 ], [ -83.504392820882217, 9.171309519763209 ], [ -83.504424030858786, 9.171324706052708 ], [ -83.504456213355567, 9.171337452163598 ], [ -83.504466669644515, 9.171340698945656 ], [ -83.504494855707406, 9.171347916448473 ], [ -83.504560122693661, 9.171364629119264 ], [ -83.504667592841855, 9.171365924625496 ], [ -83.504792424208702, 9.17134772221606 ], [ -83.504871039121838, 9.171323714846173 ], [ -83.504968146967485, 9.171297436100904 ], [ -83.505021332076964, 9.171277987226688 ], [ -83.505057143656813, 9.171274942156703 ], [ -83.505074496497102, 9.171273466637889 ], [ -83.505109129792956, 9.171298777333922 ], [ -83.50511083351627, 9.171350016154381 ], [ -83.505111932570358, 9.17135155295038 ], [ -83.505107513625759, 9.171381882536787 ], [ -83.505105471184507, 9.171411376519663 ], [ -83.505105661240222, 9.171440955234742 ], [ -83.505108129224467, 9.171471098877943 ], [ -83.505112857674419, 9.171512808562182 ], [ -83.505119504604494, 9.171553967889139 ], [ -83.505128083707859, 9.171594715398843 ], [ -83.505138574015433, 9.171634953932022 ], [ -83.505150953983588, 9.171674600125492 ], [ -83.505165189873367, 9.171713554042947 ], [ -83.505180963405124, 9.171751049242211 ], [ -83.505192358965019, 9.171772060478077 ], [ -83.505205594402412, 9.17179233416193 ], [ -83.505220470812148, 9.171811527305147 ], [ -83.505236890071728, 9.171829510634032 ], [ -83.50525475404163, 9.171846167015909 ], [ -83.505273943461873, 9.171861390878734 ], [ -83.505294339618771, 9.171875083273811 ], [ -83.505315810461781, 9.171887150752966 ], [ -83.505339464395021, 9.171898087658832 ], [ -83.505370579322147, 9.17191299890562 ], [ -83.505401409310977, 9.171926329181504 ], [ -83.50543255820044, 9.171938375670717 ], [ -83.505463937726645, 9.171949108451006 ], [ -83.505481819618495, 9.171954436998133 ], [ -83.505532082695254, 9.171972281702519 ], [ -83.505573970300659, 9.171993611099564 ], [ -83.505616642008363, 9.172013806350392 ], [ -83.505660028440303, 9.172032835351214 ], [ -83.505704053555377, 9.172050664884971 ], [ -83.505748642420954, 9.172067263392034 ], [ -83.505793722878934, 9.172082600972274 ], [ -83.505839212762908, 9.172096655989838 ], [ -83.505889151944316, 9.17210417125388 ], [ -83.505939158839183, 9.172111719164425 ], [ -83.505989147376226, 9.17211929077386 ], [ -83.506039039265701, 9.172126872730249 ], [ -83.506088748999332, 9.172134450567933 ], [ -83.506138200501937, 9.172142015904964 ], [ -83.506223922592511, 9.172145192546532 ], [ -83.50630810925081, 9.172157476372224 ], [ -83.506392320512504, 9.172171251938719 ], [ -83.506476486418563, 9.172186506457402 ], [ -83.506527566289307, 9.172189261586547 ], [ -83.506578511928623, 9.17219390450046 ], [ -83.506629248375944, 9.172200424611315 ], [ -83.506679708445091, 9.172208811893807 ], [ -83.506729815509317, 9.172219055757932 ], [ -83.506779497391591, 9.172231140652878 ], [ -83.506818057530296, 9.172238213120506 ], [ -83.506856892211204, 9.172243141359942 ], [ -83.506895868162999, 9.172245910840509 ], [ -83.506934852664997, 9.172246510343728 ], [ -83.506973712429101, 9.172244937480244 ], [ -83.507012316927955, 9.172241201454169 ], [ -83.50705052730666, 9.172235309250722 ], [ -83.507088224125738, 9.172227284437902 ], [ -83.507134981491944, 9.172222400564428 ], [ -83.507181413332049, 9.172214752435435 ], [ -83.507227348001422, 9.172204362996016 ], [ -83.507285451022554, 9.172171414997337 ], [ -83.507342623756713, 9.172136869689847 ], [ -83.507398820066669, 9.172100756260795 ], [ -83.507453997709135, 9.172063099487559 ], [ -83.507468743827985, 9.172052426374817 ], [ -83.507484750802234, 9.172043659509928 ], [ -83.507499435462037, 9.172032848894514 ], [ -83.507512538181459, 9.172020186228881 ], [ -83.507523820944868, 9.172005899114774 ], [ -83.50753308346053, 9.171990245558778 ], [ -83.507544286164659, 9.171973601815019 ], [ -83.507556930305384, 9.171957998116067 ], [ -83.507570908515348, 9.171943564558996 ], [ -83.507579106025517, 9.171935007809269 ], [ -83.507588989703805, 9.171928435149427 ], [ -83.507600074818285, 9.171924167664455 ], [ -83.507611831815055, 9.171922407724459 ], [ -83.507636984371757, 9.171914311692202 ], [ -83.507662801135481, 9.171908650345047 ], [ -83.507689031561853, 9.171905474114704 ], [ -83.507703679221166, 9.171903367663315 ], [ -83.50771767844526, 9.171898664845573 ], [ -83.507730565834535, 9.171891521212377 ], [ -83.507741917870689, 9.171882169080119 ], [ -83.507744825000458, 9.171877934059617 ], [ -83.507747738629689, 9.171873818805572 ], [ -83.507750630377799, 9.171869864118241 ], [ -83.507753469081408, 9.171866115209292 ], [ -83.507755317306973, 9.171863749063052 ], [ -83.507944961569905, 9.171766191082151 ], [ -83.50796829148652, 9.171757196848036 ], [ -83.507990872896386, 9.171746485804796 ], [ -83.508012571866942, 9.1717341206845 ], [ -83.508044374635944, 9.171722694804011 ], [ -83.50809165575906, 9.171703617206107 ], [ -83.508185522030843, 9.171661480898571 ], [ -83.508279569887307, 9.171619749890988 ], [ -83.508373768210163, 9.171578436834057 ], [ -83.508468085876643, 9.171537557689893 ], [ -83.508547980876031, 9.17151125114002 ], [ -83.508628389268296, 9.171486388431024 ], [ -83.508709265493721, 9.171462983849619 ], [ -83.508790579548545, 9.171441047840409 ], [ -83.508872283100047, 9.171420591926916 ], [ -83.508954341150684, 9.17140162323602 ], [ -83.50903671369764, 9.171384153854419 ], [ -83.509148495108363, 9.171358607884876 ], [ -83.509260326408324, 9.171333120446738 ], [ -83.509372162598424, 9.17130770141269 ], [ -83.509483963686407, 9.171282354591737 ], [ -83.509595686883372, 9.171257098137797 ], [ -83.509668836652395, 9.171246198359496 ], [ -83.509742312245663, 9.171237856412308 ], [ -83.509816017019446, 9.171232079339571 ], [ -83.509889853215554, 9.171228876942497 ], [ -83.509948142520273, 9.171213289737375 ], [ -83.510006093735896, 9.171196385834632 ], [ -83.510010732587418, 9.171194920258166 ], [ -83.510017838057948, 9.171188052373454 ], [ -83.510023399656177, 9.171179914732738 ], [ -83.510027197564455, 9.171170830990954 ], [ -83.510029072437447, 9.171161171242812 ], [ -83.510028950977528, 9.171151331637788 ], [ -83.510026834860597, 9.171141710082484 ], [ -83.510022814633231, 9.171132696877537 ], [ -83.510017049186501, 9.171124658133531 ], [ -83.510006180230704, 9.171108228339723 ], [ -83.509997183264062, 9.171090719951394 ], [ -83.509990170722531, 9.171072355528015 ], [ -83.509985233918798, 9.171053371397349 ], [ -83.509982434723767, 9.171034008814134 ], [ -83.50998180778889, 9.17101451341124 ], [ -83.509983364989864, 9.170995134653813 ], [ -83.509987081549156, 9.17097612085349 ], [ -83.509992914367928, 9.170957715882128 ], [ -83.510009506377486, 9.170916317119861 ], [ -83.510040312673851, 9.170843343119381 ], [ -83.510072059972941, 9.170771836730694 ], [ -83.510121711975472, 9.170655819648445 ], [ -83.510173950622601, 9.170540398776657 ], [ -83.510228248905591, 9.170426756628004 ], [ -83.510291822799076, 9.17028533056113 ], [ -83.510331021600621, 9.170204000305894 ], [ -83.510342587394348, 9.170184881228904 ], [ -83.510351979877612, 9.170164638344811 ], [ -83.510359088205206, 9.170143509363502 ], [ -83.51036382594117, 9.170121751895445 ], [ -83.510359785827916, 9.170096452732794 ], [ -83.510353890873276, 9.170071477771847 ], [ -83.510346186381582, 9.170046999811845 ], [ -83.510336723215346, 9.170023188348178 ], [ -83.510325568353508, 9.170000205171798 ], [ -83.510312797666202, 9.169978208222471 ], [ -83.51025959557758, 9.169861487862228 ], [ -83.51020494830702, 9.169745267748132 ], [ -83.510148871920677, 9.16962957770293 ], [ -83.510091384140978, 9.16951445472575 ], [ -83.510050023325078, 9.169438227347602 ], [ -83.510009995974755, 9.169361193269074 ], [ -83.509971325359729, 9.169283392809334 ], [ -83.509934025867565, 9.169204863515926 ], [ -83.509898123548538, 9.16912564295232 ], [ -83.509863630561881, 9.169045773630055 ], [ -83.509838501214787, 9.168984606603033 ], [ -83.509899935483361, 9.168973738692753 ], [ -83.509927896955375, 9.168968792218969 ], [ -83.510122481404053, 9.16893436954383 ], [ -83.511533666657215, 9.168684722534277 ], [ -83.512142804047187, 9.168576960704865 ], [ -83.512785555296674, 9.168463251090554 ], [ -83.515142740355884, 9.168046229191125 ], [ -83.515290600836437, 9.167897535762599 ], [ -83.515327462233543, 9.167700454404358 ], [ -83.515225558179338, 9.167572087241211 ], [ -83.514857549380892, 9.167676858057186 ], [ -83.51439516636573, 9.167781501859606 ], [ -83.514197365089672, 9.167782001933656 ], [ -83.514029967039349, 9.167661202088219 ], [ -83.514024360823768, 9.167534877803236 ], [ -83.514244314937258, 9.167248089559294 ], [ -83.514296839702311, 9.166863468089701 ], [ -83.514198879301219, 9.166668119791076 ], [ -83.514060340429296, 9.166570325398453 ], [ -83.51393899501538, 9.166575904125152 ], [ -83.513788728448816, 9.166604410642943 ], [ -83.513626796502862, 9.166713284810738 ], [ -83.513563129278026, 9.166793582633888 ], [ -83.513558235678218, 9.166790168839681 ], [ -83.513447679026527, 9.166713044056765 ], [ -83.513320860514483, 9.166494690066285 ], [ -83.513280797799666, 9.1662132943364 ], [ -83.513188631740292, 9.166006470245048 ], [ -83.513015503824576, 9.165851212248658 ], [ -83.512876942129679, 9.165770642411584 ], [ -83.512789250139207, 9.165753091439409 ], [ -83.512732532086204, 9.165741739683913 ], [ -83.512605377672202, 9.165770276837435 ], [ -83.51244353193924, 9.165815992227566 ], [ -83.512287565987663, 9.165787073757242 ], [ -83.51221844194734, 9.16563195552405 ], [ -83.512276574149141, 9.165373658709193 ], [ -83.512311367253488, 9.165281838866884 ], [ -83.512346285669423, 9.165098152466205 ], [ -83.512345485229162, 9.165094281532161 ], [ -83.512311845108087, 9.164931597632284 ], [ -83.512190680470155, 9.16480511763104 ], [ -83.512011524797231, 9.164833584513248 ], [ -83.511832259323484, 9.164942434534538 ], [ -83.511653268287802, 9.16485032639339 ], [ -83.511433941564036, 9.16467778035765 ], [ -83.511422589702917, 9.164528481627801 ], [ -83.511399768285273, 9.164316009050797 ], [ -83.511313405256502, 9.164091967363612 ], [ -83.511123125866646, 9.163804626981879 ], [ -83.511007724256373, 9.163689637738779 ], [ -83.510753872403953, 9.163413694650316 ], [ -83.510732409345366, 9.163388743003013 ], [ -83.510615422211259, 9.163252740790833 ], [ -83.510396285663958, 9.162942394382167 ], [ -83.510269438830875, 9.162747006078769 ], [ -83.510125226928068, 9.162574560918822 ], [ -83.510027222710008, 9.162413661576135 ], [ -83.509952298732927, 9.162275760123597 ], [ -83.509882932352951, 9.162298632913693 ], [ -83.509668960768849, 9.162436143274878 ], [ -83.509379907674074, 9.162550585097785 ], [ -83.509160607118332, 9.162360812820939 ], [ -83.508981767906391, 9.162159611954451 ], [ -83.508825953746793, 9.162021600591681 ], [ -83.508664156680098, 9.162032864420556 ], [ -83.508473391163903, 9.162101505534471 ], [ -83.508282586099952, 9.162198854828887 ], [ -83.508080169827664, 9.162336379915468 ], [ -83.508010787534303, 9.16237073565339 ], [ -83.507797194626633, 9.162232645352944 ], [ -83.507705024813205, 9.162031561696432 ], [ -83.507682308464638, 9.161744447443747 ], [ -83.507607417168899, 9.161583578929186 ], [ -83.507468937488497, 9.161445590588128 ], [ -83.506914251894983, 9.161450577388397 ], [ -83.506579047001637, 9.161513279131324 ], [ -83.506187320666911, 9.161502027379168 ], [ -83.505944723225397, 9.161448107591308 ], [ -83.505727643649166, 9.161417792603332 ], [ -83.50537629520143, 9.161177473334261 ], [ -83.50484508741242, 9.160918372448702 ], [ -83.504160504611917, 9.160633300701292 ], [ -83.504036659551801, 9.160523424891604 ], [ -83.503817873032077, 9.160344326028888 ], [ -83.503659534030703, 9.160219407203716 ], [ -83.503506152031463, 9.160106666232446 ], [ -83.503199108033357, 9.159907455335205 ], [ -83.502985826762185, 9.159799688296816 ], [ -83.502912300512932, 9.159732235623045 ], [ -83.50278466467941, 9.159588435778678 ], [ -83.502673413899075, 9.15943369036451 ], [ -83.502607598649007, 9.159309728720224 ], [ -83.502541016879491, 9.159209448761759 ], [ -83.50249379168919, 9.159155403037335 ], [ -83.502434584375322, 9.159080015170739 ], [ -83.502354037531148, 9.159003394883193 ], [ -83.502272391546413, 9.158934845391153 ], [ -83.502190605132171, 9.15887943259729 ], [ -83.502086376684318, 9.158830862580343 ], [ -83.501990272172108, 9.158783384833486 ], [ -83.501876958947207, 9.158728654897608 ], [ -83.501760747399132, 9.158658739877225 ], [ -83.501681167839337, 9.158587182607562 ], [ -83.501601722683688, 9.158502489151289 ], [ -83.501541208365111, 9.15840637136187 ], [ -83.501529367904283, 9.158371888623114 ], [ -83.501507062689853, 9.158268589938979 ], [ -83.501501141860388, 9.158154341911509 ], [ -83.501497010183414, 9.158063355802035 ], [ -83.501449508148283, 9.157841565106098 ], [ -83.501390990919361, 9.15770050232857 ], [ -83.501281392464207, 9.157485141614821 ], [ -83.501198918817096, 9.157398396997589 ], [ -83.501083127098624, 9.157289075503604 ], [ -83.500940896523076, 9.157179480800403 ], [ -83.500816706194755, 9.157095334824071 ], [ -83.500691414501617, 9.157019260162949 ], [ -83.50055510515071, 9.156926907528572 ], [ -83.50049163118544, 9.156870671390189 ], [ -83.500419347955386, 9.156782011293572 ], [ -83.500387593706833, 9.156734456872135 ], [ -83.500255692498683, 9.156512802967329 ], [ -83.500203923404186, 9.156407177145507 ], [ -83.500132325206991, 9.156252840586832 ], [ -83.500088130705791, 9.156103840408198 ], [ -83.50002424262432, 9.155990004109036 ], [ -83.500000009658123, 9.155949981582927 ], [ -83.499947279591893, 9.155862894747768 ], [ -83.499868108733409, 9.155751932484961 ], [ -83.499780681338791, 9.155653008514717 ], [ -83.49966158295139, 9.155567905627402 ], [ -83.499549095351199, 9.155531372688912 ], [ -83.499399296918199, 9.155465150112832 ], [ -83.499130674003837, 9.155384560116165 ], [ -83.498909827642848, 9.155305478055276 ], [ -83.498768426620614, 9.155214079680231 ], [ -83.498655526787388, 9.155119943085035 ], [ -83.498569199128539, 9.155012949150292 ], [ -83.498488378299911, 9.154865590734969 ], [ -83.498422430261343, 9.154754764034816 ], [ -83.498264781675005, 9.154496623958925 ], [ -83.498215161913535, 9.154442218452123 ], [ -83.498148380460947, 9.154369008765473 ], [ -83.498004459997105, 9.154230376910464 ], [ -83.497864350447927, 9.154020501180902 ], [ -83.497802549353267, 9.153747936280711 ], [ -83.49778655031858, 9.153332762791738 ], [ -83.497783918897866, 9.153295292700392 ], [ -83.497770898526284, 9.153225013415119 ], [ -83.497673693360241, 9.153081655328638 ], [ -83.49763657408343, 9.153019417165613 ], [ -83.497596169936386, 9.152976567438499 ], [ -83.497505919180156, 9.152884085545679 ], [ -83.497384038313768, 9.152739256088589 ], [ -83.497237770030409, 9.152575850771919 ], [ -83.497060438104498, 9.152368505927679 ], [ -83.496916038833305, 9.152220529179374 ], [ -83.496738428201141, 9.152022865400552 ], [ -83.496541742845039, 9.151789991176452 ], [ -83.496478482951545, 9.15168530588504 ], [ -83.496405280145495, 9.151608287864454 ], [ -83.496165882625903, 9.151401395027563 ], [ -83.496050229181179, 9.151309924961955 ], [ -83.495928468960528, 9.151230081612587 ], [ -83.495841104399432, 9.151133435021494 ], [ -83.495763417111405, 9.151049551355039 ], [ -83.495686378580842, 9.150934072462807 ], [ -83.495660364915253, 9.150869585213862 ], [ -83.495653276502466, 9.150806905202478 ], [ -83.495636631989385, 9.150734976771545 ], [ -83.495608732059452, 9.150623821204025 ], [ -83.495577943497395, 9.150516824430403 ], [ -83.495523337278954, 9.150399655412453 ], [ -83.495467479753131, 9.150305846741169 ], [ -83.495366254541423, 9.150193570894055 ], [ -83.495286700695956, 9.150139094664121 ], [ -83.495229104866482, 9.150124198214485 ], [ -83.495112542836935, 9.150146248443109 ], [ -83.495111785663866, 9.150195253039929 ], [ -83.495084857088713, 9.150401596336575 ], [ -83.495051590906755, 9.150476021507091 ], [ -83.494981189991876, 9.150603993874924 ], [ -83.494920928786328, 9.150708532718552 ], [ -83.494820955618266, 9.150852705059531 ], [ -83.494720984587062, 9.150996879026136 ], [ -83.494642295166003, 9.151119175838197 ], [ -83.494539464255737, 9.151267467181455 ], [ -83.494433501479236, 9.151437914222329 ], [ -83.494313254903631, 9.151628958900917 ], [ -83.494242294938189, 9.151793000489423 ], [ -83.494142322843985, 9.151937174261391 ], [ -83.494062343889226, 9.152052512149741 ], [ -83.493999505029038, 9.152143135473533 ], [ -83.493868946153128, 9.152278513676965 ], [ -83.493680532163253, 9.152453254265682 ], [ -83.493459408224979, 9.152666344818536 ], [ -83.493254688804939, 9.152811693652405 ], [ -83.493006952671081, 9.152939732704157 ], [ -83.492824356216502, 9.153009099911214 ], [ -83.492622600495011, 9.153053195665706 ], [ -83.492426834197531, 9.153071019835169 ], [ -83.492224629673842, 9.153054054451122 ], [ -83.491976824954222, 9.153005864380921 ], [ -83.491747171435279, 9.152957950702582 ], [ -83.491592962123292, 9.152920413156041 ], [ -83.491520113022716, 9.152902679028657 ], [ -83.490673416770505, 9.152723500903271 ], [ -83.490377090832098, 9.15270689008959 ], [ -83.48984350309469, 9.152783444781679 ], [ -83.489576947261341, 9.152841485718966 ], [ -83.489403459882226, 9.152900560448444 ], [ -83.489240249165647, 9.152951446469411 ], [ -83.489064434568192, 9.15299394211643 ], [ -83.488917008252258, 9.153108711268819 ], [ -83.488780891655097, 9.153210921784652 ], [ -83.488474049798114, 9.153426813689697 ], [ -83.488255670794828, 9.15359867674719 ], [ -83.488078617739276, 9.153726712210863 ], [ -83.488024012445621, 9.153759430377136 ], [ -83.487974057301315, 9.153789270442388 ], [ -83.48789864727938, 9.153824111515547 ], [ -83.487487695095567, 9.153974323293642 ], [ -83.487392842166756, 9.154013098133902 ], [ -83.487309826210151, 9.154040035925506 ], [ -83.48719381123496, 9.154070218399786 ], [ -83.486960215084437, 9.154057409840959 ], [ -83.486644653616054, 9.15399375815157 ], [ -83.486578872036176, 9.15397248668242 ], [ -83.486478774980185, 9.153932614680437 ], [ -83.48614609938339, 9.153761950332074 ], [ -83.48594797644293, 9.153670971138974 ], [ -83.485587154650602, 9.15343464875637 ], [ -83.485168959970594, 9.153155425514781 ], [ -83.48472566908174, 9.152903358776564 ], [ -83.484393800036983, 9.152762763618352 ], [ -83.484334136947652, 9.152726552325428 ], [ -83.484306305891877, 9.152703732353874 ], [ -83.48427669985665, 9.152670958410431 ], [ -83.484170094466918, 9.152514932391133 ], [ -83.484107008746548, 9.152437946286936 ], [ -83.48402949198055, 9.152390147163562 ], [ -83.483992116795832, 9.152374651890879 ], [ -83.48386383472878, 9.152348103328029 ], [ -83.483728842137324, 9.152350261524123 ], [ -83.483636294917872, 9.152382995618291 ], [ -83.483513051664261, 9.152374443640475 ], [ -83.483395695905116, 9.152339153852894 ], [ -83.48333892873498, 9.152316290913914 ], [ -83.483233591602797, 9.152279981781971 ], [ -83.483034185983868, 9.1521265632115 ], [ -83.482977522601175, 9.152081098803555 ], [ -83.482840533202548, 9.151950185841734 ], [ -83.482628894422518, 9.151703278789935 ], [ -83.482552868376914, 9.151612966011033 ], [ -83.482441742372302, 9.151467746000824 ], [ -83.482354023051826, 9.151337910389584 ], [ -83.482325976159942, 9.151261738935816 ], [ -83.482271893949232, 9.15099336348942 ], [ -83.482271615095755, 9.150844027990171 ], [ -83.482285719422961, 9.15053199049855 ], [ -83.482279661433381, 9.150072878838023 ], [ -83.482276672704131, 9.150000207845409 ], [ -83.482259993428997, 9.14959473943869 ], [ -83.482254466052936, 9.149240286991219 ], [ -83.482275670699664, 9.148971744193172 ], [ -83.482374509714191, 9.148382677275174 ], [ -83.482405298483783, 9.148040946627154 ], [ -83.482471872144856, 9.147824050820327 ], [ -83.48252448408148, 9.14771930460663 ], [ -83.48258887531297, 9.147598377049928 ], [ -83.482608169437597, 9.147547237860307 ], [ -83.482625683470729, 9.147477419510732 ], [ -83.48261523866617, 9.147372480112578 ], [ -83.48255785046409, 9.147238446667929 ], [ -83.482509475518299, 9.147161233528234 ], [ -83.482346865761315, 9.147023144265562 ], [ -83.482300936526897, 9.146988623926925 ], [ -83.482225456729168, 9.146918750103884 ], [ -83.482165241660979, 9.146853375991103 ], [ -83.48208362781854, 9.146772261584072 ], [ -83.481922439180551, 9.146672410414588 ], [ -83.481703417242741, 9.146547692849575 ], [ -83.481657410407976, 9.146507784902262 ], [ -83.48160056679869, 9.146468230114436 ], [ -83.481564861014618, 9.146451273985933 ], [ -83.481513164884745, 9.146423193992506 ], [ -83.481455784990104, 9.146406943072821 ], [ -83.481408350745298, 9.146402875249755 ], [ -83.481360559140825, 9.146414342243006 ], [ -83.481281848737154, 9.146462175638487 ], [ -83.481214323460023, 9.146546733654526 ], [ -83.481180027699438, 9.146599163668737 ], [ -83.481132232382038, 9.146636939696805 ], [ -83.481060093716508, 9.146686713457933 ], [ -83.481001639998098, 9.146717072444885 ], [ -83.480944787388921, 9.146730129064002 ], [ -83.480887048427263, 9.146729413423458 ], [ -83.480791644073548, 9.146744579297311 ], [ -83.480725196175371, 9.146756224240931 ], [ -83.48054415685688, 9.146806509728636 ], [ -83.480428843379954, 9.146876228153006 ], [ -83.480336629498183, 9.146935714729722 ], [ -83.4802387321852, 9.146980717409035 ], [ -83.480167130844279, 9.147007188756039 ], [ -83.480093221556302, 9.14702942222956 ], [ -83.480015756266013, 9.147075490007847 ], [ -83.47996120830237, 9.147119087869912 ], [ -83.479899370317952, 9.147191817669828 ], [ -83.479836467005441, 9.147258543718612 ], [ -83.47979239891562, 9.147317329329232 ], [ -83.479675104800222, 9.147551416156588 ], [ -83.479625520322344, 9.147666874321336 ], [ -83.47957876982889, 9.147815874640475 ], [ -83.479504289030359, 9.148071864451628 ], [ -83.479412027791767, 9.148420712861011 ], [ -83.479367939227018, 9.148584723035565 ], [ -83.479420278297042, 9.149002628383233 ], [ -83.479483863676677, 9.149115279318371 ], [ -83.479578714828079, 9.149228640683996 ], [ -83.479734673204376, 9.149379264676032 ], [ -83.47981056868403, 9.149457334974359 ], [ -83.480174354024143, 9.149887658252222 ], [ -83.480249524404755, 9.150000177224223 ], [ -83.480313397085354, 9.150095775454691 ], [ -83.480467493198162, 9.150406601320048 ], [ -83.480563658686535, 9.150630372232058 ], [ -83.480689025694588, 9.150972190533238 ], [ -83.480743334142844, 9.151208194494895 ], [ -83.480738076776831, 9.151274766467841 ], [ -83.48070755318156, 9.151400896095486 ], [ -83.480659534762012, 9.151520381446256 ], [ -83.48059838520382, 9.151621107898658 ], [ -83.480554241621746, 9.151693715207522 ], [ -83.480522732555471, 9.151736543141697 ], [ -83.480315225605736, 9.151958670192489 ], [ -83.48012218378669, 9.152110981736874 ], [ -83.479976828660455, 9.152201407922639 ], [ -83.479881408406371, 9.152256298626741 ], [ -83.47984755804174, 9.152276845533542 ], [ -83.479770736954478, 9.152317116644356 ], [ -83.479747496955966, 9.152342279764063 ], [ -83.47971978736949, 9.152369850374528 ], [ -83.479710029781401, 9.152383724893401 ], [ -83.479701570502186, 9.15239574917797 ], [ -83.479693573921907, 9.152401211762625 ], [ -83.479684364366051, 9.15240445185476 ], [ -83.479673945156435, 9.152405476633302 ], [ -83.47965924090218, 9.152400771748722 ], [ -83.479642766783826, 9.152390704497819 ], [ -83.479622759562943, 9.152383691777448 ], [ -83.479513043471613, 9.152344657305012 ], [ -83.479382217455864, 9.152319871733686 ], [ -83.47928999344461, 9.152287481526406 ], [ -83.479204007782485, 9.152258047280222 ], [ -83.479156636842134, 9.152234779430959 ], [ -83.479125829776748, 9.152217512200838 ], [ -83.479118012750618, 9.152214835404267 ], [ -83.479049713084535, 9.152197682610645 ], [ -83.47900802577611, 9.152188003487936 ], [ -83.478968391484003, 9.152185257776324 ], [ -83.47892577158953, 9.152174929952649 ], [ -83.478894224219559, 9.152162654465947 ], [ -83.478867048883458, 9.152152040339852 ], [ -83.478697128513815, 9.152100099529356 ], [ -83.478486270611143, 9.152047265860341 ], [ -83.478243956906667, 9.151978084366245 ], [ -83.478098114672733, 9.151911747476333 ], [ -83.477929589126049, 9.151860873447335 ], [ -83.477789281046952, 9.151825725976959 ], [ -83.477578812241902, 9.151812063989112 ], [ -83.477475081406538, 9.151806588869739 ], [ -83.477307594645993, 9.151826742542722 ], [ -83.477113476865938, 9.151840076266652 ], [ -83.476959707934398, 9.151846340625587 ], [ -83.476803837319494, 9.151827704537714 ], [ -83.476645389200655, 9.151844133089742 ], [ -83.476488459770323, 9.151832574807433 ], [ -83.476323096690422, 9.151799521386426 ], [ -83.476151926910291, 9.15178586291745 ], [ -83.476038287017658, 9.151778564569941 ], [ -83.475939909980283, 9.151784315843674 ], [ -83.475839950490339, 9.151781153104986 ], [ -83.475776650267719, 9.151776159250891 ], [ -83.475701755957317, 9.151731851718548 ], [ -83.475623694545448, 9.151669722266618 ], [ -83.475557242236661, 9.151607853524066 ], [ -83.475486339131834, 9.151569307793244 ], [ -83.475385605489052, 9.151483583685136 ], [ -83.475309656909246, 9.151407301052034 ], [ -83.475244793851076, 9.1513152905277 ], [ -83.475160145503054, 9.151229043289408 ], [ -83.475099703631187, 9.151157842667605 ], [ -83.475005038241818, 9.151041191278363 ], [ -83.474999988939686, 9.151032188936108 ], [ -83.474947558980148, 9.150938700785575 ], [ -83.474881912458471, 9.150803183014279 ], [ -83.474788189600787, 9.150666877318514 ], [ -83.474696433211918, 9.150501472364638 ], [ -83.474623921752865, 9.150392428039705 ], [ -83.474602307437038, 9.150322703034933 ], [ -83.474588071667981, 9.150281552729139 ], [ -83.474563555357932, 9.150221525499882 ], [ -83.474538512727008, 9.150145513516875 ], [ -83.47450028478508, 9.150060322932704 ], [ -83.47447311155203, 9.150000053436724 ], [ -83.474453110540836, 9.14995568450599 ], [ -83.474372962370168, 9.149790545756472 ], [ -83.474301249428024, 9.149646904313224 ], [ -83.474234809110428, 9.149506929442518 ], [ -83.474144375516275, 9.149361944600988 ], [ -83.474088737508595, 9.149295884902619 ], [ -83.474017800928891, 9.149234803002241 ], [ -83.473931830408091, 9.149167165615509 ], [ -83.473864582191922, 9.149139895315713 ], [ -83.473811041111276, 9.149137786717114 ], [ -83.473738737019488, 9.149137021738909 ], [ -83.473679922273845, 9.149131245424298 ], [ -83.473566512010862, 9.149130438953707 ], [ -83.473490553318754, 9.149132260230324 ], [ -83.473412481294901, 9.14914823404394 ], [ -83.473373440442089, 9.149175747969316 ], [ -83.47333933541654, 9.149230087478307 ], [ -83.473304239987542, 9.149318934908452 ], [ -83.473270195412894, 9.149439756249439 ], [ -83.473252503875599, 9.14954852519088 ], [ -83.473231681107293, 9.149702734367997 ], [ -83.473235094466176, 9.149787129456541 ], [ -83.473236402502337, 9.149846629115933 ], [ -83.473226104864708, 9.14990586191338 ], [ -83.473222139788177, 9.149961688350022 ], [ -83.473211532362427, 9.150000093997411 ], [ -83.473209470515144, 9.150007552365999 ], [ -83.47319627719439, 9.150037429425883 ], [ -83.473166730223383, 9.15007936108125 ], [ -83.473139561247621, 9.150095608014817 ], [ -83.473085305427176, 9.150159835419267 ], [ -83.473019614762109, 9.150258635024173 ], [ -83.472977398432263, 9.150346432322594 ], [ -83.47293993339116, 9.150421910922896 ], [ -83.472876176277111, 9.150594302110136 ], [ -83.472858484544176, 9.15070307101545 ], [ -83.472848446729785, 9.150789824573184 ], [ -83.472830763609409, 9.150859541086023 ], [ -83.472817037563814, 9.150912481354451 ], [ -83.472796190233382, 9.150964375394526 ], [ -83.472757069252367, 9.151079311796629 ], [ -83.472743606981595, 9.151159772844045 ], [ -83.472739113339941, 9.151199612306293 ], [ -83.472656716535809, 9.151531031392652 ], [ -83.472596905423757, 9.15161590788972 ], [ -83.472502392643847, 9.151716162674887 ], [ -83.472340605137603, 9.151832852056438 ], [ -83.471935363689866, 9.152001489160154 ], [ -83.471711121607711, 9.152082619292553 ], [ -83.471391290727198, 9.152063407451495 ], [ -83.471345920495111, 9.152239593870926 ], [ -83.471376871260304, 9.152308569406129 ], [ -83.471430775259478, 9.152401423310794 ], [ -83.471528984129549, 9.152533016715035 ], [ -83.47166562175255, 9.152722977315626 ], [ -83.471890297902803, 9.153171856753726 ], [ -83.472046150081226, 9.15339099972395 ], [ -83.472172109947095, 9.153573526839406 ], [ -83.472245213550408, 9.153774617109121 ], [ -83.472279889428222, 9.153917338552242 ], [ -83.472315628305637, 9.154092424092703 ], [ -83.47232841270268, 9.154243631307097 ], [ -83.472346520260146, 9.154477603366782 ], [ -83.472348073799992, 9.154723774266413 ], [ -83.472350154408446, 9.155025652829318 ], [ -83.47231058936238, 9.155330178244817 ], [ -83.472219246059538, 9.155606573073158 ], [ -83.472138919936768, 9.156083785026988 ], [ -83.472101598350136, 9.156136743288165 ], [ -83.472059305387447, 9.156196763277753 ], [ -83.472019498371623, 9.156253252119775 ], [ -83.471972048170343, 9.156328100658195 ], [ -83.471921399657063, 9.156411245290645 ], [ -83.47175314098557, 9.156635923591747 ], [ -83.471712088386425, 9.156694178786987 ], [ -83.471667840247861, 9.156760731183301 ], [ -83.471628738247531, 9.156838758503751 ], [ -83.471589280073644, 9.156932321152444 ], [ -83.471563324128113, 9.157014237941196 ], [ -83.471533459190695, 9.157109217441761 ], [ -83.471514789719933, 9.157188309316245 ], [ -83.471462887173942, 9.157325833317758 ], [ -83.47138625011543, 9.157491297451633 ], [ -83.471363853566672, 9.157549377279622 ], [ -83.471342522189914, 9.15761346085981 ], [ -83.471307330124034, 9.157678424319146 ], [ -83.471267524479543, 9.157734914715951 ], [ -83.471215989051473, 9.157804290286947 ], [ -83.471148317161465, 9.157891769751718 ], [ -83.471104424943078, 9.15794278562556 ], [ -83.471055202920013, 9.157990091729131 ], [ -83.470986260581654, 9.158031569366093 ], [ -83.470920692402629, 9.158083287554218 ], [ -83.470874491685791, 9.158130064379478 ], [ -83.47084445677163, 9.158180197589752 ], [ -83.470830594919249, 9.158207384808229 ], [ -83.47084479952342, 9.158243578797096 ], [ -83.47089488855687, 9.158315267757317 ], [ -83.470920285349692, 9.15836188315412 ], [ -83.470963788507675, 9.158484242328194 ], [ -83.470964306010046, 9.158566161292624 ], [ -83.47095113918931, 9.158667498433067 ], [ -83.47097435033406, 9.158991473931714 ], [ -83.470978247046133, 9.1590573283158 ], [ -83.471003282123434, 9.159145785836163 ], [ -83.471034708314306, 9.159243955213569 ], [ -83.471058319273851, 9.159341944301877 ], [ -83.471084949380639, 9.159439406341447 ], [ -83.471119388597629, 9.159589659508761 ], [ -83.47117406037863, 9.159730272251043 ], [ -83.471220768236705, 9.159818027407802 ], [ -83.471257352395483, 9.159901366020302 ], [ -83.471294112992723, 9.159976937789979 ], [ -83.471352018164382, 9.160048804774908 ], [ -83.471406196314916, 9.16009966137463 ], [ -83.471480980341383, 9.160170118650782 ], [ -83.471553634573041, 9.160228570062502 ], [ -83.47160603690584, 9.16027819280923 ], [ -83.47166447256393, 9.160353060519 ], [ -83.471710117645827, 9.160434813526731 ], [ -83.471756470115835, 9.160538103955492 ], [ -83.471794470845268, 9.160638215535766 ], [ -83.471803690352942, 9.160734084258936 ], [ -83.471808287944157, 9.160847783964112 ], [ -83.471836395174634, 9.160953429668306 ], [ -83.471886185487278, 9.161050648394772 ], [ -83.47193225111792, 9.161113966035474 ], [ -83.471984661787872, 9.161173860256293 ], [ -83.472052126939133, 9.161201154498446 ], [ -83.472133083596304, 9.161226071047354 ], [ -83.472284380495935, 9.16122938923572 ], [ -83.472404464048239, 9.161226683417743 ], [ -83.472513448819356, 9.161239754419121 ], [ -83.472613720862597, 9.161282008578086 ], [ -83.472667444295567, 9.161323240183677 ], [ -83.472691285327087, 9.161378945911178 ], [ -83.47270641751598, 9.161463835938797 ], [ -83.472764944202254, 9.161571039121565 ], [ -83.472884333702623, 9.161720520137639 ], [ -83.472995784236218, 9.16186448736382 ], [ -83.473072036875877, 9.161980088807066 ], [ -83.47318695821258, 9.162169525655086 ], [ -83.473273591235255, 9.162382373830862 ], [ -83.473433909993872, 9.162826477326128 ], [ -83.473527480806013, 9.163130264787037 ], [ -83.473661515359296, 9.163426928393536 ], [ -83.473819137308141, 9.163790865671773 ], [ -83.473889404597713, 9.164054979607952 ], [ -83.473920698570367, 9.164178496234236 ], [ -83.47393133652632, 9.164264178253191 ], [ -83.473931234166642, 9.164510726360795 ], [ -83.473929772612522, 9.16510081343986 ], [ -83.473927203780008, 9.165216466841491 ], [ -83.473853261761732, 9.16539998109479 ], [ -83.473725653424239, 9.165620592197662 ], [ -83.473659057908435, 9.16571526013627 ], [ -83.473622628257871, 9.165823048623405 ], [ -83.473584423873163, 9.166050960184299 ], [ -83.473598786110443, 9.166170546026851 ], [ -83.473611812349873, 9.166269629954348 ], [ -83.473668233716069, 9.166391027510794 ], [ -83.473841912402364, 9.16663693698273 ], [ -83.473867966364807, 9.166666711572393 ], [ -83.474173854595776, 9.167016268781964 ], [ -83.474399920155292, 9.167282909175428 ], [ -83.474457087009952, 9.167330446327838 ], [ -83.474515561446708, 9.16735932038433 ], [ -83.474602865341268, 9.16738081687121 ], [ -83.474706558175015, 9.167390211866541 ], [ -83.474764210404828, 9.167375454504443 ], [ -83.474919955335096, 9.167299654117302 ], [ -83.475000000836758, 9.167254824387076 ], [ -83.475231959367179, 9.167124920901369 ], [ -83.475488699372107, 9.166978347342667 ], [ -83.475824261412569, 9.166831721092235 ], [ -83.476004852171002, 9.166726201259475 ], [ -83.476023887984638, 9.166715939095308 ], [ -83.476054565029926, 9.166705930537772 ], [ -83.476073602509672, 9.16669566671756 ], [ -83.476106924848196, 9.166687495868029 ], [ -83.47615982541015, 9.166685096724775 ], [ -83.476328598442691, 9.166708379573539 ], [ -83.476496855007682, 9.166754791265854 ], [ -83.476589732862422, 9.166807560205141 ], [ -83.476614348177733, 9.166828573156032 ], [ -83.476646382355085, 9.166878229256142 ], [ -83.476690343366215, 9.166955740321017 ], [ -83.476740392630347, 9.167041394833811 ], [ -83.476860095472034, 9.167257637214782 ], [ -83.476924175636611, 9.167356951047225 ], [ -83.476998297381698, 9.167447584025915 ], [ -83.477077429717411, 9.167514293790312 ], [ -83.477269814520952, 9.167644012561659 ], [ -83.47740161520187, 9.167759049945829 ], [ -83.477517026548341, 9.167886190543703 ], [ -83.477564147390538, 9.167942409186914 ], [ -83.47765150265279, 9.168042231671169 ], [ -83.477757948718718, 9.168210120260415 ], [ -83.477846408491232, 9.168381174918883 ], [ -83.477884818598923, 9.168466571879359 ], [ -83.477929629322063, 9.168626877564158 ], [ -83.478007690054937, 9.169064726553401 ], [ -83.478057047743803, 9.1693025679645 ], [ -83.478105327702821, 9.169508343825816 ], [ -83.478155738856586, 9.169739088516549 ], [ -83.478182818510021, 9.169890996090141 ], [ -83.478179456609269, 9.170002181537608 ], [ -83.478142256784494, 9.170144666933894 ], [ -83.478040364765832, 9.17045751909782 ], [ -83.478033274696685, 9.170534799633046 ], [ -83.478047410011058, 9.170705115668515 ], [ -83.478092272093235, 9.170943749696995 ], [ -83.478140213823622, 9.171043596907863 ], [ -83.478206401139531, 9.171128717134422 ], [ -83.478282346643041, 9.171177555652772 ], [ -83.478347964841944, 9.171207475860443 ], [ -83.478466770002797, 9.171262595233612 ], [ -83.478513350565407, 9.171302779346622 ], [ -83.478540378742792, 9.171376360183293 ], [ -83.478560265793163, 9.171448888782876 ], [ -83.478554230266383, 9.171519074277557 ], [ -83.478537349895731, 9.171593468748057 ], [ -83.478507780868867, 9.171674707500845 ], [ -83.478459712759005, 9.171782244608364 ], [ -83.478373850470746, 9.1719379043125 ], [ -83.478138949641021, 9.172311039168942 ], [ -83.477997593548139, 9.172545588807916 ], [ -83.477695867360339, 9.173064120631031 ], [ -83.477597340042763, 9.173265786595122 ], [ -83.477498528644233, 9.173439856672294 ], [ -83.477369862615802, 9.173667563971289 ], [ -83.477284258437251, 9.17381166082394 ], [ -83.476816584677891, 9.174582894117304 ], [ -83.476552364148631, 9.175025698208717 ], [ -83.476172736337148, 9.175744565704949 ], [ -83.475971488158606, 9.176215452711775 ], [ -83.475672647010114, 9.176897734115112 ], [ -83.475157041189419, 9.178202041585523 ], [ -83.475139336219272, 9.17831184956354 ], [ -83.475116045540574, 9.178368534184111 ], [ -83.475035482376711, 9.178628773773744 ], [ -83.474999985853856, 9.1787410249897 ], [ -83.474974580392384, 9.178821372595715 ], [ -83.474829574784778, 9.17909609243315 ], [ -83.474670908140766, 9.179383989886752 ], [ -83.474595275980832, 9.179453888091764 ], [ -83.474579293893683, 9.179483500561808 ], [ -83.474466054487408, 9.179712375202952 ], [ -83.474449421206771, 9.179854168059856 ], [ -83.474326549376698, 9.180103484994193 ], [ -83.474138282225965, 9.180362125028005 ], [ -83.473958887945656, 9.180581783462708 ], [ -83.473846097249577, 9.180711855189681 ], [ -83.473764620058859, 9.180894884611675 ], [ -83.47377243859448, 9.180994837831658 ], [ -83.47382447977354, 9.181116037517068 ], [ -83.473887460119215, 9.181267246986469 ], [ -83.473991187898235, 9.181464348995849 ], [ -83.474076207346499, 9.18173425306288 ], [ -83.474145389958281, 9.181817622882877 ], [ -83.474252593888906, 9.181990072655319 ], [ -83.474377647652304, 9.182215284455419 ], [ -83.474632444364048, 9.18256078728232 ], [ -83.474851075659544, 9.182842442267436 ], [ -83.474999974236056, 9.182969123070935 ], [ -83.475112734891027, 9.183065058778476 ], [ -83.47534201428374, 9.183316518763627 ], [ -83.475359881013873, 9.183333310126848 ], [ -83.475553445135589, 9.183515219924592 ], [ -83.47570754455279, 9.183737771501676 ], [ -83.475801334339195, 9.183837976382543 ], [ -83.475997184977473, 9.184039533834534 ], [ -83.476102368041126, 9.184132717104717 ], [ -83.476334229388684, 9.18431215391754 ], [ -83.476509550165602, 9.184615299809845 ], [ -83.476827229118712, 9.184793095787416 ], [ -83.476880550284733, 9.184827253517058 ], [ -83.477019034729977, 9.184900769571769 ], [ -83.477238122275338, 9.184908253350462 ], [ -83.477619433845774, 9.184842037988581 ], [ -83.47801169341173, 9.184784060428317 ], [ -83.478549711366455, 9.18464669090466 ], [ -83.478994615168119, 9.184638690483279 ], [ -83.479344875078382, 9.184664627013509 ], [ -83.479748446779894, 9.184774035562064 ], [ -83.480189419186445, 9.185007234072874 ], [ -83.480606698481552, 9.185251837835569 ], [ -83.480830921941205, 9.185431943048222 ], [ -83.481163635427166, 9.185701604530095 ], [ -83.481402182702595, 9.185895388360287 ], [ -83.481634079947284, 9.18604138331191 ], [ -83.481721426993516, 9.186155881584831 ], [ -83.481940610315874, 9.186521358388775 ], [ -83.482158535187764, 9.186842713569295 ], [ -83.48243730135475, 9.1872251292684 ], [ -83.482549308892004, 9.187395744866693 ], [ -83.482677194937608, 9.187600763934789 ], [ -83.482743969661385, 9.187538307230996 ], [ -83.482854156496799, 9.187491269729179 ], [ -83.482956418587165, 9.187374710439771 ], [ -83.48304037616532, 9.187252883751016 ], [ -83.483103373545433, 9.187084258879384 ], [ -83.483152105978718, 9.187007605751186 ], [ -83.48323397322342, 9.186977901192211 ], [ -83.483284409416072, 9.18701519351627 ], [ -83.483390719063507, 9.187128203100492 ], [ -83.483474313708726, 9.187185082545428 ], [ -83.483632870042754, 9.187240096206333 ], [ -83.483793959943299, 9.187338229271948 ], [ -83.483909082254414, 9.187420629929989 ], [ -83.484166463990505, 9.187650245230428 ], [ -83.484366358239626, 9.187769994169241 ], [ -83.484591639751656, 9.187882611475352 ], [ -83.484803139775437, 9.187973647195156 ], [ -83.48494279661054, 9.187966995980519 ], [ -83.485037141885471, 9.187913244266522 ], [ -83.485222687869197, 9.187842535363494 ], [ -83.485379667714383, 9.187798865653727 ], [ -83.485548522405608, 9.187779543345872 ], [ -83.485708260000209, 9.187815023606086 ] ] ] ] } },
{ "type": "Feature", "properties": { "Id": 1, "TERRITORIO": "BORUCA", "DECRETO": "22203", "AÑO": "1993", "CLASIF": "CREF y PAFT", "AE_2018": 1622.32, "AE_2019": 1622.32, "AE_2020": 1622.32, "AE_2021": 1186.06, "AE_2023": 2249.94, "AE_2024": 2324.56, "AE_2017": null, "AE_2022": 2249.05, "PRIMER DESEMBOLSO": 2024, "SEGUNDO DESEMBOLSO": null, "BLOQUE": "PACIFICO SUR" }, "geometry": { "type": "MultiPolygon", "coordinates": [ [ [ [ -83.335730110655561, 8.943973604076493 ], [ -83.335904403239255, 8.943867467049765 ], [ -83.336397605067091, 8.943567126665485 ], [ -83.337059764129577, 8.942918986314025 ], [ -83.337819998848857, 8.942201683093645 ], [ -83.338023583044233, 8.942141297122863 ], [ -83.338157059881723, 8.942101707178743 ], [ -83.338356713672738, 8.942097484462279 ], [ -83.338683488319077, 8.942018767385122 ], [ -83.339105525175881, 8.942033397893903 ], [ -83.339398853688095, 8.94198270416703 ], [ -83.340445114210453, 8.941330221492027 ], [ -83.34064058138101, 8.9413259342769 ], [ -83.341296173508695, 8.941311555389293 ], [ -83.342104676218099, 8.941293820457144 ], [ -83.342284567460084, 8.941289875229989 ], [ -83.342936627644676, 8.941475460243113 ], [ -83.34337979251508, 8.941701728105208 ], [ -83.343739851801729, 8.942213053779465 ], [ -83.343765112653216, 8.942248927237584 ], [ -83.344061465658271, 8.942636881881928 ], [ -83.34407023338089, 8.943008781520026 ], [ -83.344023641677126, 8.943008587911434 ], [ -83.343745230559279, 8.943021228991984 ], [ -83.343486868767442, 8.943048616734661 ], [ -83.342911540500381, 8.943120754962003 ], [ -83.342636326166726, 8.943129864171922 ], [ -83.342435514726589, 8.943115109280633 ], [ -83.342332554820402, 8.943099270089164 ], [ -83.342132984953935, 8.943054667962736 ], [ -83.341944806807518, 8.942992004969758 ], [ -83.341681535981294, 8.942888599102176 ], [ -83.341205365310543, 8.942686940577397 ], [ -83.341078634301596, 8.94263675122756 ], [ -83.340850685051151, 8.94256087116892 ], [ -83.340577218576641, 8.942493332005665 ], [ -83.340267678202181, 8.942449602341599 ], [ -83.340001932672195, 8.942433474047595 ], [ -83.339738051543463, 8.942434543843261 ], [ -83.339497046072438, 8.942460964306028 ], [ -83.339237236407115, 8.942503137822742 ], [ -83.33889011451474, 8.942584958383392 ], [ -83.338576250013318, 8.942672771865459 ], [ -83.338520780873097, 8.94268829107221 ], [ -83.338319969409824, 8.942755273529414 ], [ -83.338250835941935, 8.942781910036105 ], [ -83.338059919251691, 8.942855468439474 ], [ -83.337874567457277, 8.942939152173572 ], [ -83.337427095461976, 8.943155992795546 ], [ -83.337159596473768, 8.943303181044342 ], [ -83.336891332550962, 8.943471004683468 ], [ -83.336860170211153, 8.943490499555988 ], [ -83.336576388429066, 8.943685142099243 ], [ -83.336494458824305, 8.943752038867729 ], [ -83.336266729034762, 8.943937983470487 ], [ -83.336050916734266, 8.944128493586962 ], [ -83.335807881868448, 8.944355975507593 ], [ -83.335658064705484, 8.944505385046627 ], [ -83.335494471343779, 8.944669139269209 ], [ -83.335146755090918, 8.945015120598194 ], [ -83.335164506743396, 8.944391880213004 ], [ -83.335730110655561, 8.943973604076493 ] ] ], [ [ [ -83.351123724718803, 8.944821876262566 ], [ -83.351277805790986, 8.944840360104207 ], [ -83.351553236950465, 8.944873401156897 ], [ -83.35155323695048, 8.944873401156899 ], [ -83.351562724697715, 8.944874539314762 ], [ -83.35159499169896, 8.944878410088416 ], [ -83.352625703163369, 8.944971333446853 ], [ -83.352992637513793, 8.945076050341743 ], [ -83.353699894887072, 8.945299885116517 ], [ -83.353847850738603, 8.945355746757258 ], [ -83.354410013807865, 8.945567994198973 ], [ -83.35554177458711, 8.945824947024507 ], [ -83.355948688213545, 8.94607192215768 ], [ -83.35671397695107, 8.946536410052804 ], [ -83.357550071982899, 8.947043870389203 ], [ -83.357592302470479, 8.947069501717872 ], [ -83.358231755323388, 8.947468713513096 ], [ -83.359165416456506, 8.948051596734182 ], [ -83.359576051987517, 8.94830795457751 ], [ -83.359679804808607, 8.948372726854014 ], [ -83.360905934686841, 8.949138188713791 ], [ -83.361467382212098, 8.949488693006392 ], [ -83.361467400852803, 8.94948866747127 ], [ -83.361467548704667, 8.949488794874627 ], [ -83.362373950429955, 8.950257746585972 ], [ -83.362375035157328, 8.950258666820973 ], [ -83.363150647911056, 8.95091666064064 ], [ -83.363268850355155, 8.951016937817295 ], [ -83.363835584610115, 8.951497725700852 ], [ -83.365852392603713, 8.953208664116874 ], [ -83.365852449867958, 8.953208662680735 ], [ -83.36689109884999, 8.953753632182663 ], [ -83.367945241486552, 8.95462371882922 ], [ -83.368377710595865, 8.954980675738021 ], [ -83.368547339340694, 8.955120685773913 ], [ -83.369022860439927, 8.955748508572622 ], [ -83.369889986215455, 8.955850781437356 ], [ -83.370871714125045, 8.956087408956574 ], [ -83.370869280890005, 8.956093160349791 ], [ -83.370871805461874, 8.956087444578966 ], [ -83.371848135897267, 8.956322768292377 ], [ -83.372544608916883, 8.956402478398257 ], [ -83.372555296602457, 8.956403701574549 ], [ -83.373074151700706, 8.956463082740186 ], [ -83.373539921023522, 8.956516387791835 ], [ -83.374171092658486, 8.956588621387178 ], [ -83.374403074116927, 8.956615169919921 ], [ -83.374654673171051, 8.956608746018812 ], [ -83.375126921062687, 8.956596687983289 ], [ -83.375619480745371, 8.95639199288197 ], [ -83.375631316363965, 8.956387074292889 ], [ -83.375635347073356, 8.955857831882348 ], [ -83.375636027532764, 8.955768484991342 ], [ -83.375918758150831, 8.955224457005238 ], [ -83.376656323777624, 8.955008134567422 ], [ -83.377092333356131, 8.954880255417276 ], [ -83.377298617581928, 8.954844459041418 ], [ -83.377727524533796, 8.954770030684454 ], [ -83.377788543881891, 8.954759441934602 ], [ -83.378258260944619, 8.954477045004429 ], [ -83.378548665784351, 8.954302451205034 ], [ -83.379243702668319, 8.953884587602593 ], [ -83.380305879633724, 8.953823516431433 ], [ -83.381179469319349, 8.953773286009413 ], [ -83.381913263111244, 8.953731092083569 ], [ -83.382373951326258, 8.953704601268571 ], [ -83.382819351047502, 8.953439954875414 ], [ -83.383470760383432, 8.953382205985706 ], [ -83.384209045315373, 8.953854806175185 ], [ -83.385189989739715, 8.954140911410443 ], [ -83.385233356864219, 8.954160185643067 ], [ -83.386103888364701, 8.954422518445353 ], [ -83.38610496428069, 8.954422842668858 ], [ -83.386104948255621, 8.95442286851508 ], [ -83.38618474700516, 8.954446915169775 ], [ -83.386799199979436, 8.954850156281424 ], [ -83.387294745280386, 8.955267554845959 ], [ -83.38777360031375, 8.955670893690659 ], [ -83.387840554732293, 8.955727289176487 ], [ -83.38810124005488, 8.955966572706188 ], [ -83.388138587334254, 8.956000853802379 ], [ -83.38841766339759, 8.956257017622631 ], [ -83.388734057008833, 8.956547434543696 ], [ -83.389331524262801, 8.957095846350668 ], [ -83.389751222882197, 8.957481083832114 ], [ -83.389843185934907, 8.95756549570199 ], [ -83.389919872038632, 8.957635884983688 ], [ -83.390666985455226, 8.958234613733634 ], [ -83.390774080784453, 8.958587964683808 ], [ -83.390702926602543, 8.958518178385653 ], [ -83.390162591892022, 8.957988229923618 ], [ -83.390063963382346, 8.957891496997869 ], [ -83.38968433285504, 8.957527199526664 ], [ -83.389605049897938, 8.957451194371968 ], [ -83.389316099794456, 8.957174189962766 ], [ -83.389160577621141, 8.95704997635011 ], [ -83.388874542569525, 8.956821523357773 ], [ -83.388539935764058, 8.956537918296412 ], [ -83.388325184455411, 8.956380741789662 ], [ -83.38792986924382, 8.956154617081394 ], [ -83.387737362945117, 8.956062010437041 ], [ -83.38765107842616, 8.956029684447971 ], [ -83.387390308303949, 8.955936839293917 ], [ -83.38713596231905, 8.955866418953576 ], [ -83.386904275309035, 8.955813367023815 ], [ -83.386858139354445, 8.955805363939492 ], [ -83.386595306167891, 8.955759770833364 ], [ -83.386565404425511, 8.955756184529623 ], [ -83.386321454966122, 8.9557269260468 ], [ -83.385894975851826, 8.95568129605028 ], [ -83.385766837771712, 8.955662061716691 ], [ -83.385566053814031, 8.955631922686555 ], [ -83.385366259770436, 8.95559169281213 ], [ -83.385152569574601, 8.955534414503504 ], [ -83.38503892200518, 8.95549328449059 ], [ -83.384911880319009, 8.955447306982789 ], [ -83.38465692059178, 8.955338271333503 ], [ -83.384400088733599, 8.955216270257816 ], [ -83.384048561987427, 8.955038814565597 ], [ -83.383760168575762, 8.954900572804561 ], [ -83.383582348022728, 8.954820714318744 ], [ -83.383340112775102, 8.954723638967517 ], [ -83.383134791779042, 8.954651622004167 ], [ -83.382852153303375, 8.95457128096403 ], [ -83.382606349945846, 8.954515657624647 ], [ -83.382279017024899, 8.954464033169625 ], [ -83.382063408939928, 8.954447662605167 ], [ -83.38180868119079, 8.954435421405298 ], [ -83.381529636509825, 8.954439255180755 ], [ -83.381163234612401, 8.954462179974175 ], [ -83.379936300700976, 8.954593857995263 ], [ -83.379358444215896, 8.954658029409201 ], [ -83.378203330193003, 8.954786302930636 ], [ -83.378014127287258, 8.954807313248725 ], [ -83.377825124725945, 8.95482830121953 ], [ -83.377817792013772, 8.954829115485587 ], [ -83.377657796023954, 8.95485179429077 ], [ -83.377550701433762, 8.954866974489018 ], [ -83.377315401715634, 8.954925871592943 ], [ -83.377190654386183, 8.95496714688514 ], [ -83.377110823769058, 8.954993560505532 ], [ -83.376905107239892, 8.955095692432053 ], [ -83.376669726415898, 8.955259652046372 ], [ -83.376502509710335, 8.955413515462748 ], [ -83.376486855529478, 8.955431480038978 ], [ -83.376329087980338, 8.955612532305199 ], [ -83.376198972136365, 8.955807576624354 ], [ -83.376014865297847, 8.956124708368765 ], [ -83.375912971727189, 8.956276431384339 ], [ -83.375772508452386, 8.956452042463813 ], [ -83.375651981497484, 8.956569724471406 ], [ -83.375492062027931, 8.956696161268784 ], [ -83.375304109377765, 8.956803545842183 ], [ -83.37512675650143, 8.956873259719277 ], [ -83.37494194164951, 8.956921338070485 ], [ -83.37464957823164, 8.956964853867351 ], [ -83.374401519934921, 8.956984962542865 ], [ -83.374065703550443, 8.95700305543107 ], [ -83.373712121132868, 8.957009024178756 ], [ -83.373399750464372, 8.95701332540755 ], [ -83.372997621030194, 8.95699696886912 ], [ -83.372913497957668, 8.956990873140015 ], [ -83.372359577527732, 8.956950734457854 ], [ -83.371983397224568, 8.956909674739192 ], [ -83.371519626546544, 8.956840828601226 ], [ -83.371237526556328, 8.956792995187183 ], [ -83.370931437156585, 8.956733043180492 ], [ -83.370703193319372, 8.956682421037712 ], [ -83.370358181067701, 8.956593591595869 ], [ -83.370028562275579, 8.95650255382589 ], [ -83.369659158698468, 8.956386930636016 ], [ -83.369574705585435, 8.956360496780416 ], [ -83.369278349766745, 8.956257774149732 ], [ -83.368813103261843, 8.956081474781458 ], [ -83.368451725397534, 8.955934029909933 ], [ -83.368211370929416, 8.955825426792876 ], [ -83.368030132170176, 8.955727718368518 ], [ -83.367884734526328, 8.955629290239381 ], [ -83.36770654330509, 8.955483496144012 ], [ -83.367518372770107, 8.955291943421475 ], [ -83.367295072805732, 8.95503490391528 ], [ -83.3671514750868, 8.954869609026948 ], [ -83.367009565407926, 8.954716531816818 ], [ -83.366720225215232, 8.954402945159506 ], [ -83.366505091157521, 8.954180897528618 ], [ -83.366271961991501, 8.953957580243461 ], [ -83.366003502519987, 8.953707560171939 ], [ -83.36535718375788, 8.953151109840467 ], [ -83.364945750254194, 8.952796993019536 ], [ -83.364273094811296, 8.952218042641597 ], [ -83.364212995118706, 8.952166315064883 ], [ -83.363295967866677, 8.951384107756379 ], [ -83.363065670599596, 8.951186116862146 ], [ -83.362476877579297, 8.950679918857334 ], [ -83.36211471590444, 8.950379506229662 ], [ -83.361883512085782, 8.95020195273614 ], [ -83.361605127243337, 8.950010452084497 ], [ -83.361520225713463, 8.949963334714122 ], [ -83.361305860546224, 8.949840775122226 ], [ -83.361097555450115, 8.949739361292771 ], [ -83.360875053198001, 8.949644035702148 ], [ -83.360674280658202, 8.94956709561521 ], [ -83.360382250234593, 8.949477572826492 ], [ -83.360116625915239, 8.949408375944014 ], [ -83.359846581986446, 8.949354315842726 ], [ -83.359265672445062, 8.949248276562317 ], [ -83.358967704557216, 8.949191223095077 ], [ -83.358735500125263, 8.949138643261863 ], [ -83.358448048237079, 8.949055034689204 ], [ -83.358244818726106, 8.948981351348339 ], [ -83.358018679722505, 8.948878675010578 ], [ -83.357773764803198, 8.948751170647043 ], [ -83.35749883610525, 8.948589959412473 ], [ -83.357273964678129, 8.948436133648247 ], [ -83.35708218247612, 8.948282655491361 ], [ -83.356921686880625, 8.948139439107974 ], [ -83.356764379054752, 8.947979290452459 ], [ -83.356591413887571, 8.947781139670186 ], [ -83.356383366979131, 8.947519686161753 ], [ -83.356101588279103, 8.947133862431542 ], [ -83.355906712667974, 8.946881921490366 ], [ -83.355758373632042, 8.946707937283913 ], [ -83.355563570154615, 8.946498009808849 ], [ -83.355392683421258, 8.946351043727924 ], [ -83.355144453241621, 8.946178279487961 ], [ -83.354887963729652, 8.94603654501554 ], [ -83.354663973607742, 8.945933472001807 ], [ -83.354455902347581, 8.9458570616821 ], [ -83.354402532203011, 8.945840961343011 ], [ -83.354113655976846, 8.945753814989779 ], [ -83.353470879454292, 8.945578614039531 ], [ -83.352731210568621, 8.945374793356992 ], [ -83.352124098597713, 8.945207498363292 ], [ -83.351926808788832, 8.945153133194468 ], [ -83.351712019313524, 8.945093945683261 ], [ -83.351386914581227, 8.94500436012855 ], [ -83.351214642661844, 8.94495688890907 ], [ -83.350639352708654, 8.944798358944235 ], [ -83.350854694758908, 8.944803189592545 ], [ -83.351123724718775, 8.944821876262566 ], [ -83.351123724718803, 8.944821876262566 ] ] ], [ [ [ -83.31977101737624, 8.952743497695669 ], [ -83.319940637310495, 8.952521894818359 ], [ -83.320944499989949, 8.952080894642426 ], [ -83.321614135606097, 8.951992940121427 ], [ -83.32244787781184, 8.951915132996842 ], [ -83.323364748709793, 8.952016474505637 ], [ -83.323892130086207, 8.952111610835548 ], [ -83.324938488778244, 8.952300360518565 ], [ -83.326115663733489, 8.952108551785205 ], [ -83.326277629530821, 8.952082160021513 ], [ -83.326158121980725, 8.952216291765012 ], [ -83.326006802197796, 8.95237898941296 ], [ -83.32600104074892, 8.952384209150832 ], [ -83.325837342125638, 8.952532516168155 ], [ -83.325833678959981, 8.952535834905833 ], [ -83.325628227410959, 8.952699055167059 ], [ -83.325585471049223, 8.952727270346697 ], [ -83.325400551427975, 8.952849299802599 ], [ -83.325376664674963, 8.952862256592484 ], [ -83.325194860404793, 8.952960871826168 ], [ -83.325105797270723, 8.953001662500737 ], [ -83.325036445956059, 8.953033425193571 ], [ -83.324948381376132, 8.953073758477842 ], [ -83.324710790705737, 8.953170252132605 ], [ -83.324662723753704, 8.953189773731761 ], [ -83.324367882010733, 8.953281141266041 ], [ -83.324302611475034, 8.953296831126371 ], [ -83.324167015069918, 8.953329426016314 ], [ -83.323932411747379, 8.953371151310973 ], [ -83.323881890307206, 8.953377213831706 ], [ -83.32368987587752, 8.953400255299966 ], [ -83.323555583010602, 8.953408406238378 ], [ -83.323419739293342, 8.953416651255893 ], [ -83.323214267543548, 8.953417652385411 ], [ -83.323201275327889, 8.953417532842247 ], [ -83.322864568662951, 8.953414434597898 ], [ -83.322527943844577, 8.953411336800796 ], [ -83.322280903511, 8.953437397218979 ], [ -83.32203115730286, 8.95351194256955 ], [ -83.321740205830906, 8.95366296172315 ], [ -83.321576437684271, 8.953787109651332 ], [ -83.321420854141451, 8.953950955030576 ], [ -83.32139949797282, 8.953981309732143 ], [ -83.321302783362881, 8.954118775462888 ], [ -83.321283051927765, 8.954162451512529 ], [ -83.321170889168442, 8.954410726484602 ], [ -83.321163345605939, 8.954437438327902 ], [ -83.321142255888503, 8.954512117240194 ], [ -83.321124908929093, 8.954573542979618 ], [ -83.321124589984308, 8.954577514172453 ], [ -83.321107744807207, 8.95478725389396 ], [ -83.321105588955703, 8.954814096429359 ], [ -83.321105619940056, 8.954814748881848 ], [ -83.321106178943282, 8.954826520081673 ], [ -83.321112795392608, 8.954965845823809 ], [ -83.320503046738523, 8.9545233076998 ], [ -83.319709754802091, 8.953460630486497 ], [ -83.31977101737624, 8.952743497695669 ] ] ], [ [ [ -83.304742312192232, 8.969117130602903 ], [ -83.304868689976956, 8.968113204590802 ], [ -83.304526547498838, 8.967585058749474 ], [ -83.304373467434232, 8.967190781703094 ], [ -83.304326604340588, 8.966832388682198 ], [ -83.304270504604474, 8.966403353128529 ], [ -83.304270365466181, 8.966403354675048 ], [ -83.304074837708853, 8.965736037941559 ], [ -83.304018323705193, 8.965311279233486 ], [ -83.303926169511314, 8.964486275305848 ], [ -83.304004670187581, 8.963990632880675 ], [ -83.304581153373448, 8.963606180495773 ], [ -83.304816035843345, 8.963372715448173 ], [ -83.305302608152914, 8.962856310964401 ], [ -83.306202102401272, 8.961707484201694 ], [ -83.306576337961516, 8.96138244924734 ], [ -83.306700493310288, 8.961342121520456 ], [ -83.307002218957066, 8.961168580521825 ], [ -83.307207441462751, 8.96099588116509 ], [ -83.307622106333582, 8.960590886654551 ], [ -83.307882620456851, 8.960299020435235 ], [ -83.308308943089116, 8.959795756516936 ], [ -83.308544922650938, 8.959517188611525 ], [ -83.309373462144464, 8.9586624164992 ], [ -83.310137232300704, 8.957975870176984 ], [ -83.310140546427746, 8.957973721701528 ], [ -83.311053403971172, 8.957381948490513 ], [ -83.312601812399492, 8.957399538757739 ], [ -83.313189118580155, 8.957406208853557 ], [ -83.313749446127687, 8.957927159481789 ], [ -83.313769025641108, 8.957980467222127 ], [ -83.314123260054302, 8.958944897743415 ], [ -83.314538559134803, 8.959351828458827 ], [ -83.314711686739415, 8.959500936114807 ], [ -83.314754529000524, 8.959594512862498 ], [ -83.314963953275736, 8.960051942619076 ], [ -83.315545164304467, 8.961039532360314 ], [ -83.315648259165314, 8.961214709524734 ], [ -83.315823148985061, 8.961511879119259 ], [ -83.316160737967479, 8.96216139291527 ], [ -83.316456520684099, 8.962693569094643 ], [ -83.31678095128386, 8.963306810735927 ], [ -83.31557883407811, 8.963060941409127 ], [ -83.315140260564121, 8.962952969730086 ], [ -83.314907584330683, 8.962899077132999 ], [ -83.314751172920666, 8.962839626968048 ], [ -83.314560335577397, 8.962740999462502 ], [ -83.31440922522583, 8.962642409132226 ], [ -83.314344636411349, 8.962600268818154 ], [ -83.314187111076436, 8.962462640193957 ], [ -83.314057812715106, 8.962324597228864 ], [ -83.313940761876779, 8.962160596460677 ], [ -83.313878446958228, 8.962044938369619 ], [ -83.313850671945062, 8.961993387206002 ], [ -83.313759243011688, 8.961763196505256 ], [ -83.313697088263936, 8.961570203302387 ], [ -83.313646551826636, 8.961342946989884 ], [ -83.313568642784745, 8.96097912440154 ], [ -83.313562778577932, 8.960957654229974 ], [ -83.313515980063883, 8.960786314331317 ], [ -83.313508750333668, 8.960759844648043 ], [ -83.313434512023193, 8.960561545725742 ], [ -83.313320174124115, 8.960324339781975 ], [ -83.313123430364215, 8.960045824118195 ], [ -83.313068575111203, 8.95998958678501 ], [ -83.313062423942341, 8.959980955320122 ], [ -83.313053747170983, 8.959974385250089 ], [ -83.312976520361289, 8.959895212657569 ], [ -83.312880327269525, 8.959804308667414 ], [ -83.312728356223644, 8.959689399072955 ], [ -83.312558388367535, 8.959582903820031 ], [ -83.312334353406612, 8.959478988067698 ], [ -83.312278618172087, 8.959461932962268 ], [ -83.312117502621547, 8.959412631191272 ], [ -83.312052504931756, 8.959392741708564 ], [ -83.311847287532572, 8.959357958568662 ], [ -83.311845875247002, 8.959357719194163 ], [ -83.311678543349316, 8.959337199435401 ], [ -83.31165088034831, 8.959333807139217 ], [ -83.311639523088658, 8.959332414405136 ], [ -83.311381441566084, 8.95931417772273 ], [ -83.311378280658246, 8.95931395436399 ], [ -83.311306830644668, 8.959326868851422 ], [ -83.311106438338996, 8.959363089393563 ], [ -83.310973139629098, 8.95940556758076 ], [ -83.310941454387191, 8.9594156646813 ], [ -83.310697311680883, 8.959510702562346 ], [ -83.310520314428743, 8.959584956770264 ], [ -83.31043648622699, 8.959625778640707 ], [ -83.310091473307324, 8.959793789486042 ], [ -83.309844804459445, 8.95994043495363 ], [ -83.309554693053997, 8.96016647347043 ], [ -83.309488709472589, 8.96021611123904 ], [ -83.309392283408457, 8.960288650064838 ], [ -83.309179884516325, 8.960477490465625 ], [ -83.309023605442576, 8.960641010995483 ], [ -83.308898347324785, 8.960772072998459 ], [ -83.308572988211409, 8.961179481989852 ], [ -83.308421680520766, 8.96142371542863 ], [ -83.308393951752478, 8.961468473798368 ], [ -83.30826555680936, 8.961701777775675 ], [ -83.308217135160305, 8.961789763724566 ], [ -83.308093604569223, 8.962066456962617 ], [ -83.307986871099317, 8.962346674384044 ], [ -83.30795419953624, 8.962462994175212 ], [ -83.307894254447959, 8.962676415021084 ], [ -83.30787563868698, 8.962773997049778 ], [ -83.307831323885651, 8.963006290717447 ], [ -83.307799198369665, 8.963276216838379 ], [ -83.307762334720451, 8.963724460672035 ], [ -83.307760535878373, 8.963754607299954 ], [ -83.30774990116916, 8.963932833240396 ], [ -83.307727526561507, 8.964307805927264 ], [ -83.3076975627651, 8.964625382926926 ], [ -83.307661796885171, 8.964909443298975 ], [ -83.307554082987707, 8.965513537197413 ], [ -83.307498266075896, 8.965730210554698 ], [ -83.307486372421479, 8.965776379999093 ], [ -83.307411317990002, 8.966019745961919 ], [ -83.307310431633141, 8.966305126391761 ], [ -83.30717747578214, 8.966629498116799 ], [ -83.307082987053661, 8.966835809259512 ], [ -83.30701830001496, 8.966977049825164 ], [ -83.306936700039913, 8.967138432078697 ], [ -83.306871988769245, 8.967266413006445 ], [ -83.306707035665568, 8.967553576422599 ], [ -83.306644500408765, 8.967650762628436 ], [ -83.306514449464345, 8.967852874925615 ], [ -83.306420420887221, 8.967995000113017 ], [ -83.306388989748626, 8.968042508578689 ], [ -83.306239067683734, 8.968229206737531 ], [ -83.306057510156876, 8.968458259623526 ], [ -83.305981981951135, 8.968553545852163 ], [ -83.305790635536596, 8.968768747453113 ], [ -83.305706915577701, 8.968852884500897 ], [ -83.305592308137221, 8.968968062811221 ], [ -83.305355069367963, 8.969203338631482 ], [ -83.305125022125637, 8.969431481968851 ], [ -83.304969316460046, 8.969604048305767 ], [ -83.304844753820035, 8.969742099103197 ], [ -83.304683163874159, 8.969974933917713 ], [ -83.304604364179085, 8.970126567859889 ], [ -83.304654575939509, 8.969896165821273 ], [ -83.304742312192232, 8.969117130602903 ] ] ], [ [ [ -83.417703625095086, 8.964300848735752 ], [ -83.419826562142958, 8.963118288378674 ], [ -83.420812036763763, 8.962569331739333 ], [ -83.421085090908406, 8.962569759210654 ], [ -83.422630835652967, 8.962572175302357 ], [ -83.424454962977237, 8.963721992365622 ], [ -83.426945907847696, 8.965292106217285 ], [ -83.430043947505141, 8.967547724771745 ], [ -83.430015261608844, 8.96758349243383 ], [ -83.429930999329756, 8.967669266475584 ], [ -83.429804161309292, 8.96776978588041 ], [ -83.429673595295014, 8.967847116269192 ], [ -83.429526859717242, 8.967912284558166 ], [ -83.429310916966983, 8.967966007318665 ], [ -83.429118803458152, 8.967980107630945 ], [ -83.428929771927812, 8.967970007454101 ], [ -83.428528269613196, 8.967913524563526 ], [ -83.427349966579015, 8.967711127682579 ], [ -83.426684848309847, 8.967595710352516 ], [ -83.426302423214921, 8.967529347926542 ], [ -83.425444610660321, 8.967380489755842 ], [ -83.424917459807872, 8.967291738043414 ], [ -83.424737885871522, 8.96723808944922 ], [ -83.424479583381924, 8.967150400111139 ], [ -83.424094703647157, 8.966900877338139 ], [ -83.423898567390168, 8.966718448469949 ], [ -83.423779240572117, 8.966580230216717 ], [ -83.42366665953007, 8.966420000923069 ], [ -83.423536300940114, 8.966196750999341 ], [ -83.42332736540888, 8.965801461801412 ], [ -83.423274789043177, 8.965715766139656 ], [ -83.423159998045037, 8.965528664983751 ], [ -83.422986824258615, 8.965317231143581 ], [ -83.422878913296316, 8.965185478775235 ], [ -83.422602425272572, 8.964969580955062 ], [ -83.422387260737509, 8.964847459471532 ], [ -83.422177205322555, 8.964759327817847 ], [ -83.421873227908861, 8.964670974105733 ], [ -83.421679933736684, 8.964647811274499 ], [ -83.421586570174057, 8.964636623293162 ], [ -83.421239133302947, 8.964656648414648 ], [ -83.420968947819162, 8.964715782780702 ], [ -83.420919593941861, 8.964726584633537 ], [ -83.420712752949356, 8.964792016253533 ], [ -83.420403632475001, 8.964912301030722 ], [ -83.419667151264804, 8.965199927383598 ], [ -83.419662728687157, 8.965201564443367 ], [ -83.419235553338424, 8.965359687192883 ], [ -83.418997492864165, 8.965444580341531 ], [ -83.418601096791164, 8.965563350851633 ], [ -83.418340268062508, 8.965627936155508 ], [ -83.418028234611697, 8.965694328995989 ], [ -83.417761350799395, 8.965744310926302 ], [ -83.417568499439312, 8.965769618486544 ], [ -83.417352947540707, 8.965797904876121 ], [ -83.417154971479505, 8.96581198802455 ], [ -83.416986828301319, 8.96582394890801 ], [ -83.416709744177766, 8.965833920075081 ], [ -83.416409638120797, 8.965836985402339 ], [ -83.416152181215864, 8.965830165958046 ], [ -83.415823984503135, 8.965812700396214 ], [ -83.415672425008822, 8.965800767862232 ], [ -83.415599297320171, 8.965795010373858 ], [ -83.415358640679074, 8.965768250177089 ], [ -83.415182820606034, 8.965741178686418 ], [ -83.415065870494743, 8.965723171514373 ], [ -83.414717951030781, 8.965661452260107 ], [ -83.414456257803536, 8.96560531459356 ], [ -83.414125520809165, 8.965516147781782 ], [ -83.415452335254869, 8.965115953670891 ], [ -83.415854531724591, 8.964994641459173 ], [ -83.417170912034564, 8.964597588130649 ], [ -83.417703625095086, 8.964300848735752 ] ] ], [ [ [ -83.32339468794639, 9.038584269306728 ], [ -83.323703352247193, 9.03825580354974 ], [ -83.323984656493067, 9.037861871781278 ], [ -83.324497099467592, 9.037083011098664 ], [ -83.3245265471555, 9.037041660391488 ], [ -83.324587694106356, 9.036955797593865 ], [ -83.324710133827125, 9.036783868788872 ], [ -83.324871968523638, 9.03655662441567 ], [ -83.324968069113481, 9.036421694755251 ], [ -83.324830118545094, 9.036354456468564 ], [ -83.3244222534816, 9.036155954038287 ], [ -83.322893636441307, 9.03540760751209 ], [ -83.322535580501309, 9.035232978492136 ], [ -83.321532890654126, 9.034565617710312 ], [ -83.32126922172742, 9.034390348635471 ], [ -83.320009922956586, 9.033418908424197 ], [ -83.316684443425672, 9.03090229083301 ], [ -83.313487122099559, 9.031553514888625 ], [ -83.313314589680175, 9.03156406001289 ], [ -83.312694080081087, 9.03134187300445 ], [ -83.312586440718775, 9.031259653191 ], [ -83.312493588600617, 9.031190698830523 ], [ -83.312429747129144, 9.031162179180726 ], [ -83.312341212356714, 9.031114028867989 ], [ -83.312197615491456, 9.03106978088179 ], [ -83.312131663849328, 9.031026907992343 ], [ -83.312005295086891, 9.030934020537229 ], [ -83.311763865389111, 9.030560171443316 ], [ -83.311620521118627, 9.030411699620291 ], [ -83.311536059359042, 9.030345446169045 ], [ -83.311348826780318, 9.030212977211031 ], [ -83.311160774096223, 9.030067007315445 ], [ -83.31101921967263, 9.029948539124582 ], [ -83.31080725114559, 9.02963720509068 ], [ -83.310706035168138, 9.029523496120165 ], [ -83.310490985546053, 9.029354861865359 ], [ -83.310416964675937, 9.029327471085233 ], [ -83.310376350463457, 9.029348335476948 ], [ -83.310307407389729, 9.029391389329165 ], [ -83.310222452411622, 9.029450896174618 ], [ -83.31010744613495, 9.029448527290153 ], [ -83.310000544109187, 9.029416753614775 ], [ -83.309327761946363, 9.029189825287657 ], [ -83.309234619683039, 9.029187914086881 ], [ -83.309174569465114, 9.029203533744015 ], [ -83.309114618958034, 9.029238439595511 ], [ -83.309082405288819, 9.029308940674897 ], [ -83.309058843379432, 9.029378363979044 ], [ -83.308558685707268, 9.02926001569587 ], [ -83.308434421250581, 9.029247385489498 ], [ -83.307963282197321, 9.029222392691493 ], [ -83.307725916258761, 9.029203571872827 ], [ -83.307539831803638, 9.029168049344875 ], [ -83.307368002333092, 9.029113329436891 ], [ -83.307154405294966, 9.029039616991321 ], [ -83.306901156604852, 9.028909372219697 ], [ -83.3067275578411, 9.028775668511923 ], [ -83.306639265880975, 9.028679995537388 ], [ -83.306365243533321, 9.028350015588739 ], [ -83.305967617216112, 9.027724372494177 ], [ -83.305864400299569, 9.027597475706926 ], [ -83.305641735959242, 9.02732708693167 ], [ -83.305378468227261, 9.026958012180929 ], [ -83.305345210238855, 9.026889575744381 ], [ -83.305319258414812, 9.026677190737939 ], [ -83.30529049333046, 9.026228639525568 ], [ -83.305312955462398, 9.025707498727666 ], [ -83.305352803389894, 9.025312188347097 ], [ -83.305356603101828, 9.025113630136662 ], [ -83.305399304093115, 9.024943183871558 ], [ -83.305640087366257, 9.024807931701742 ], [ -83.305801552997295, 9.024699971152298 ], [ -83.305878838374596, 9.024627114245588 ], [ -83.305941703188495, 9.024489060004672 ], [ -83.305895148842509, 9.024032263409412 ], [ -83.305659982595145, 9.024265700885493 ], [ -83.305512995367152, 9.024367770478923 ], [ -83.305344101124234, 9.024410153679133 ], [ -83.304869611397407, 9.024433191805876 ], [ -83.303448989729802, 9.023347013278777 ], [ -83.303401221347684, 9.023278155699796 ], [ -83.303397592611176, 9.023135862849502 ], [ -83.303396690422971, 9.023123059225227 ], [ -83.303362053805571, 9.022976343624542 ], [ -83.303356842314784, 9.02295151071721 ], [ -83.303332993517614, 9.022861762724672 ], [ -83.303295263092949, 9.022757860198215 ], [ -83.303257820716439, 9.022650484376134 ], [ -83.303215525903767, 9.022536200398587 ], [ -83.303199741297504, 9.022499373040763 ], [ -83.303092745755222, 9.022409230622262 ], [ -83.303030786877841, 9.022381509866289 ], [ -83.303016152400801, 9.022371632279732 ], [ -83.302877048049837, 9.022351078247388 ], [ -83.302756168398162, 9.022330066319421 ], [ -83.30270213140524, 9.022312739239224 ], [ -83.302568287746041, 9.022231851497054 ], [ -83.302466455274796, 9.022176716461317 ], [ -83.302444257724488, 9.022166317706606 ], [ -83.302373906438518, 9.022143866055586 ], [ -83.30234229606738, 9.022142367553206 ], [ -83.302146321506569, 9.022145910931835 ], [ -83.302081755549722, 9.022152059187707 ], [ -83.302044055370231, 9.022156020527097 ], [ -83.301812966453809, 9.022164792607937 ], [ -83.30175367156852, 9.022165638312503 ], [ -83.301622051399463, 9.02215893110759 ], [ -83.301595813975283, 9.02215533381915 ], [ -83.301532430354143, 9.022137361998793 ], [ -83.301487616206529, 9.022118670683719 ], [ -83.301415433088934, 9.022088861912188 ], [ -83.301284034318797, 9.021992384675896 ], [ -83.301093671362864, 9.021858840942707 ], [ -83.301076598570717, 9.021848190665034 ], [ -83.301016084250975, 9.021813614987632 ], [ -83.300955676785449, 9.021787864155558 ], [ -83.300881005168279, 9.021768800912305 ], [ -83.300832781767269, 9.021763635893938 ], [ -83.300630905858583, 9.021789280474842 ], [ -83.300481109451425, 9.021803411652604 ], [ -83.300448171366739, 9.021803902330504 ], [ -83.300358302669096, 9.021787648616845 ], [ -83.300282909627256, 9.021762077796799 ], [ -83.300257875488441, 9.021747601183964 ], [ -83.300102311028041, 9.02165173842566 ], [ -83.299961192087778, 9.021564336023363 ], [ -83.299957266036628, 9.021562598240466 ], [ -83.299796245280135, 9.02148502310558 ], [ -83.299660811439665, 9.021426361677198 ], [ -83.299624901178831, 9.021408202406283 ], [ -83.299495952218251, 9.021335971031032 ], [ -83.299421492337146, 9.021282007869535 ], [ -83.299222684055792, 9.021147899051938 ], [ -83.299120414258667, 9.021077955764106 ], [ -83.299107904053912, 9.021070207790823 ], [ -83.299034331702018, 9.021037892503996 ], [ -83.298993927388182, 9.021019681916304 ], [ -83.298953403687491, 9.021008011531586 ], [ -83.298854184357069, 9.020984386155531 ], [ -83.298837884128247, 9.020980924571237 ], [ -83.298752285205012, 9.020959951977781 ], [ -83.298692206211925, 9.020934997661149 ], [ -83.298649425249479, 9.020901410433058 ], [ -83.298596672538181, 9.020827511682933 ], [ -83.298567496108745, 9.020800588667869 ], [ -83.298522060397048, 9.0207634952819 ], [ -83.298416275597305, 9.020676767713757 ], [ -83.298175640595829, 9.020495844558626 ], [ -83.298143770688867, 9.020471905423152 ], [ -83.298113375779323, 9.020447015546779 ], [ -83.29804458481037, 9.020383354718467 ], [ -83.297920930054929, 9.020259878360154 ], [ -83.297732735391946, 9.020077352007769 ], [ -83.297510332657666, 9.019857070274119 ], [ -83.297490009871495, 9.019837593115717 ], [ -83.297312992927203, 9.019679555725919 ], [ -83.297146334542475, 9.019531938155209 ], [ -83.297049016334, 9.019447111907256 ], [ -83.296947661690325, 9.019374780579891 ], [ -83.29673639653798, 9.019246775144071 ], [ -83.296726035601154, 9.019240938446213 ], [ -83.296570727352545, 9.01916116898558 ], [ -83.296460238928873, 9.019110634155121 ], [ -83.296344713572111, 9.019056949515916 ], [ -83.296327979704444, 9.019048039022648 ], [ -83.296230321630262, 9.018990594814504 ], [ -83.296107552143781, 9.018910031066493 ], [ -83.296047029051195, 9.018869423759092 ], [ -83.296008071189689, 9.018847463831515 ], [ -83.29591385846031, 9.01880157521447 ], [ -83.295778320052221, 9.018744195698108 ], [ -83.2956184766132, 9.018676202264217 ], [ -83.29559923062304, 9.018668269391824 ], [ -83.295538669624548, 9.018632343610745 ], [ -83.29540390600404, 9.018555049121924 ], [ -83.295230746613157, 9.01847278861959 ], [ -83.295208572689205, 9.018460385244714 ], [ -83.295055092328681, 9.018344260375578 ], [ -83.294920608519618, 9.018221477104293 ], [ -83.29475281999359, 9.01804532828622 ], [ -83.294666668424696, 9.017966243676486 ], [ -83.294569259321889, 9.017864864851234 ], [ -83.294498153113068, 9.017783992424064 ], [ -83.294467356246201, 9.01773008188564 ], [ -83.294466278311916, 9.017727353966981 ], [ -83.294421370353689, 9.017618273348246 ], [ -83.294420199724939, 9.017613422239732 ], [ -83.294400035562347, 9.017533425246899 ], [ -83.294329772682119, 9.017271679864226 ], [ -83.294263458850821, 9.017017595326333 ], [ -83.2942270020568, 9.016889271404976 ], [ -83.294187951201422, 9.016778991257654 ], [ -83.294175412875205, 9.016746308338785 ], [ -83.294099570314074, 9.01656205070311 ], [ -83.294031024319253, 9.016407976922 ], [ -83.294000387504184, 9.016332682351345 ], [ -83.293870318061167, 9.016030149991558 ], [ -83.29387107042885, 9.016031396950847 ], [ -83.293830266967859, 9.015895925934565 ], [ -83.293797693719256, 9.015728102299423 ], [ -83.293794131923008, 9.015699323886638 ], [ -83.293784644685758, 9.015376781669092 ], [ -83.293790180496671, 9.01531654592246 ], [ -83.293885456677771, 9.015025932168948 ], [ -83.293937539659936, 9.014857603975083 ], [ -83.294027553657912, 9.014566965155861 ], [ -83.294094154562899, 9.014368195972027 ], [ -83.294095231824571, 9.014357347837226 ], [ -83.294098687198229, 9.014288777140035 ], [ -83.294100285123122, 9.014209354864002 ], [ -83.294090511442391, 9.014047935507149 ], [ -83.294083542834684, 9.013950960529202 ], [ -83.294062029021177, 9.013810490295494 ], [ -83.294060444461067, 9.013804543603898 ], [ -83.293988589108238, 9.013539963178582 ], [ -83.293950457403866, 9.01342957910572 ], [ -83.293947430728522, 9.01337785876566 ], [ -83.293951857014619, 9.013326768076757 ], [ -83.293966145514744, 9.013200601060078 ], [ -83.293989350117386, 9.013037940544434 ], [ -83.294007156741628, 9.012928034021749 ], [ -83.294019132100559, 9.012856360628177 ], [ -83.29403540714388, 9.012745488536856 ], [ -83.294038859035922, 9.012722699608526 ], [ -83.294016482128029, 9.012659455183709 ], [ -83.293995429650849, 9.012606662927025 ], [ -83.293989223162242, 9.012593363436125 ], [ -83.293860064279698, 9.012417039897086 ], [ -83.293592953597496, 9.012034259210099 ], [ -83.293520472924143, 9.01194297076586 ], [ -83.293511435183191, 9.011931167393291 ], [ -83.293425149919941, 9.011837992265281 ], [ -83.293294960218518, 9.011716692307431 ], [ -83.293207934658724, 9.011646417888064 ], [ -83.293084930776956, 9.011590799786752 ], [ -83.293015464846107, 9.011566399114626 ], [ -83.292989972398402, 9.01155897685593 ], [ -83.292906925543761, 9.011549944617729 ], [ -83.292803251295226, 9.011553316825244 ], [ -83.29278455025792, 9.011557125011333 ], [ -83.2925875410494, 9.011608150522028 ], [ -83.292497458692807, 9.011631351754263 ], [ -83.292387903338437, 9.011660633146645 ], [ -83.292338072452893, 9.011672910582094 ], [ -83.29225815375689, 9.011665700409544 ], [ -83.29216881022603, 9.011647440818313 ], [ -83.292162191728764, 9.011645029048376 ], [ -83.292044508069452, 9.011599504734322 ], [ -83.291973077774273, 9.011564029541578 ], [ -83.291853786405071, 9.011489343673475 ], [ -83.291818562337994, 9.011463003057855 ], [ -83.291676742817842, 9.011349451956384 ], [ -83.291627680377616, 9.011307451143495 ], [ -83.291547906464288, 9.011229200308444 ], [ -83.291466172226038, 9.011133455781332 ], [ -83.291342296822478, 9.010975333603263 ], [ -83.291266318065567, 9.010877002934393 ], [ -83.291014927854903, 9.010563386550357 ], [ -83.290965751832914, 9.010500371178161 ], [ -83.29074808067756, 9.010223463772421 ], [ -83.290531516327007, 9.009955327278492 ], [ -83.290516404603224, 9.009938686435842 ], [ -83.290384717508388, 9.009846011740816 ], [ -83.290272272088373, 9.009787002988823 ], [ -83.290229113329019, 9.009764343816215 ], [ -83.29017108399222, 9.009740110456685 ], [ -83.289958667709641, 9.009646387048807 ], [ -83.28990332613435, 9.009622528737133 ], [ -83.289569331547284, 9.009459502229936 ], [ -83.289560397358983, 9.009454204167959 ], [ -83.289369175253299, 9.009330251969457 ], [ -83.289349674593737, 9.009303255763307 ], [ -83.289347510472297, 9.009299141615188 ], [ -83.289259314490835, 9.009130766450818 ], [ -83.289111861220192, 9.008840732952358 ], [ -83.289110543418971, 9.008838021647374 ], [ -83.289003474071521, 9.008608282403484 ], [ -83.288944000631545, 9.0084765057195 ], [ -83.288872236650548, 9.008327340794258 ], [ -83.288845190686885, 9.008287458411766 ], [ -83.288651231729261, 9.008016710502444 ], [ -83.288569741454623, 9.007928446862401 ], [ -83.288548146887436, 9.007910583574247 ], [ -83.288399486965915, 9.007794395339353 ], [ -83.288352691676096, 9.007757702383595 ], [ -83.288261756865282, 9.00769106441988 ], [ -83.288190341063483, 9.007635568085737 ], [ -83.28817313439707, 9.007618717066164 ], [ -83.288089831310117, 9.0075237474872 ], [ -83.287992537041802, 9.007415734918967 ], [ -83.287981519110801, 9.007405686548601 ], [ -83.287910977217621, 9.007289151216316 ], [ -83.290156196756342, 9.005396832141539 ], [ -83.290006102544751, 9.00505797853921 ], [ -83.289977247447922, 9.004932681654847 ], [ -83.289859303897671, 9.004420538820566 ], [ -83.289533320552209, 9.004070592585617 ], [ -83.289753610335566, 9.003580284186381 ], [ -83.289540789704603, 9.00276944351431 ], [ -83.289437097441038, 9.002374375722439 ], [ -83.28925210073055, 9.00233568732888 ], [ -83.289139262678191, 9.002070863023208 ], [ -83.289260136948684, 9.001928957914007 ], [ -83.289247764749859, 9.00177933352645 ], [ -83.289146740967638, 9.000557697594122 ], [ -83.290023014180022, 9.000275378341643 ], [ -83.29012319199083, 8.999930425740285 ], [ -83.290288363908346, 8.999361673958242 ], [ -83.290347776616912, 8.999157092161665 ], [ -83.290883862272707, 8.998230193139921 ], [ -83.291568725542703, 8.997638158809604 ], [ -83.291971810922732, 8.998010315742208 ], [ -83.292067867387104, 8.997633453478999 ], [ -83.292000500301143, 8.997317172273309 ], [ -83.29187695338149, 8.996737126638042 ], [ -83.292319959415664, 8.996613222724015 ], [ -83.292490877011318, 8.996201089409766 ], [ -83.291913900909051, 8.99459373006194 ], [ -83.291743484792065, 8.994580093240915 ], [ -83.291605206735682, 8.994537962555368 ], [ -83.29146675425217, 8.994585542500756 ], [ -83.291349136202442, 8.994746796035603 ], [ -83.291243636376336, 8.994863217773004 ], [ -83.291156380455547, 8.994878001361297 ], [ -83.291102310020108, 8.994842012607885 ], [ -83.291069334009563, 8.994785131941983 ], [ -83.291021371777759, 8.994701310683793 ], [ -83.290979314983659, 8.994674316213393 ], [ -83.290916185242807, 8.994656253295597 ], [ -83.290859177173999, 8.994584374095744 ], [ -83.290841258186461, 8.994518551189929 ], [ -83.290841258186475, 8.994518551189911 ], [ -83.290853504594892, 8.994407932172701 ], [ -83.290895824159662, 8.994300360198935 ], [ -83.290998264008081, 8.994210845338035 ], [ -83.291066948429645, 8.994163086179539 ], [ -83.291142830361196, 8.994112442073286 ], [ -83.291260209783204, 8.994073792913445 ], [ -83.291353568724915, 8.994014164153326 ], [ -83.291437914849467, 8.993948538755154 ], [ -83.29154808671241, 8.993836978600813 ], [ -83.291643571838961, 8.993252924241796 ], [ -83.291669882096542, 8.99309198971112 ], [ -83.291702466609593, 8.992892676996894 ], [ -83.291308800633743, 8.992056500064731 ], [ -83.291753936374079, 8.991456649800728 ], [ -83.291316879595513, 8.991227073545554 ], [ -83.291019364816677, 8.991094925631279 ], [ -83.290851162531652, 8.990974987491311 ], [ -83.290698051172683, 8.99082816563763 ], [ -83.290554171987324, 8.990573706280129 ], [ -83.290352965438728, 8.990411839482977 ], [ -83.290207780581241, 8.990334445969749 ], [ -83.290834930455532, 8.98424734970521 ], [ -83.290840121376533, 8.984198998820544 ], [ -83.290847921196018, 8.984165843061598 ], [ -83.290868405657221, 8.984037351646124 ], [ -83.290207433117388, 8.983662286221167 ], [ -83.289666335738076, 8.983511726692855 ], [ -83.28871338102006, 8.983258699618622 ], [ -83.288135608444932, 8.982993782660655 ], [ -83.287870370667591, 8.982825637538069 ], [ -83.287781208006209, 8.982750881271381 ], [ -83.28721564461469, 8.982235278760315 ], [ -83.28638914333014, 8.981601468780918 ], [ -83.28620157909188, 8.98142850974358 ], [ -83.285749030331971, 8.98103362360548 ], [ -83.285577974166529, 8.980899323333729 ], [ -83.284886498925218, 8.980134365759161 ], [ -83.284569584057223, 8.979777778651183 ], [ -83.283850521533765, 8.979340030667052 ], [ -83.283102820260098, 8.97878356783149 ], [ -83.283020179204243, 8.978708312353335 ], [ -83.282809818324537, 8.978618193782175 ], [ -83.282581282945216, 8.978593826352471 ], [ -83.282379336377673, 8.978638625276377 ], [ -83.28222146746441, 8.978651715514408 ], [ -83.282108067725247, 8.978565371882192 ], [ -83.282139133754825, 8.978429551691971 ], [ -83.282306780169449, 8.978338012928301 ], [ -83.282541685884723, 8.97830401962317 ], [ -83.282805293960607, 8.978358120131038 ], [ -83.283863385315499, 8.978670214956409 ], [ -83.284582800061216, 8.978835779954581 ], [ -83.28479358026911, 8.978834752483513 ], [ -83.284844856209503, 8.978747578482304 ], [ -83.284812787336179, 8.978610871677528 ], [ -83.284701889848421, 8.97847429698437 ], [ -83.284312346292722, 8.9781007623136 ], [ -83.284225558437058, 8.977879308141413 ], [ -83.284235027172045, 8.97765205673765 ], [ -83.28429570724451, 8.977383043267805 ], [ -83.28441646020076, 8.977156009315436 ], [ -83.284669319519097, 8.977045855758401 ], [ -83.284916099486736, 8.97696858490256 ], [ -83.285217076346044, 8.976861512401515 ], [ -83.285334768482102, 8.976661386633383 ], [ -83.285371789622829, 8.976185991568222 ], [ -83.285378472554441, 8.975845101106014 ], [ -83.285264592905605, 8.975604858483358 ], [ -83.285099539599827, 8.975446843410705 ], [ -83.284582588861184, 8.975260439429103 ], [ -83.283798203509846, 8.974947923310895 ], [ -83.283184966470557, 8.974782262332274 ], [ -83.282505621290071, 8.974586569231763 ], [ -83.282039843336591, 8.974379330613619 ], [ -83.281405767647826, 8.974105974825068 ], [ -83.281147300166509, 8.974009778134629 ], [ -83.280723206425506, 8.974017924725118 ], [ -83.280344191395116, 8.974044099201061 ], [ -83.280049296295459, 8.974118284133699 ], [ -83.279855238952265, 8.974168299826419 ], [ -83.279775566501257, 8.974135692916191 ], [ -83.279730636198948, 8.974042903424476 ], [ -83.279700823468076, 8.973908280310809 ], [ -83.279740166404935, 8.973785752400895 ], [ -83.279848699858576, 8.973654387283419 ], [ -83.280017304187339, 8.973565004109489 ], [ -83.280143736067913, 8.97350843421572 ], [ -83.280237173362138, 8.973405671921238 ], [ -83.280240333255136, 8.973329202420329 ], [ -83.280201410818648, 8.973239414777231 ], [ -83.280081170590364, 8.973206285860158 ], [ -83.27993070265012, 8.973250848525225 ], [ -83.279783168537136, 8.973331301566747 ], [ -83.279539585492586, 8.973312884269001 ], [ -83.279347293186191, 8.973213826250563 ], [ -83.278939480160929, 8.972989513280906 ], [ -83.278811701155277, 8.972996980969013 ], [ -83.278549859854976, 8.973086180631357 ], [ -83.278380387142846, 8.97317406164127 ], [ -83.278567126529808, 8.973059864859577 ], [ -83.278589641999005, 8.973044188757177 ], [ -83.278620920545535, 8.973022411471373 ], [ -83.278773343536869, 8.97291628884544 ], [ -83.278777522111298, 8.972913379562776 ], [ -83.278817092800665, 8.972885828936548 ], [ -83.278931291935208, 8.972771647588612 ], [ -83.279059646848395, 8.972643312531861 ], [ -83.279122980989342, 8.972579988136015 ], [ -83.279243989554999, 8.972434824243003 ], [ -83.279292857827073, 8.972376201002094 ], [ -83.279487266912284, 8.972109036998507 ], [ -83.279674594552944, 8.971826860980544 ], [ -83.279737007497701, 8.971725825401201 ], [ -83.280024541750663, 8.971260357092676 ], [ -83.280120224453597, 8.971122683940436 ], [ -83.280261603788389, 8.971000247189977 ], [ -83.280392180302627, 8.970925996696282 ], [ -83.280596798217772, 8.970841955700449 ], [ -83.280719877509497, 8.97081345985001 ], [ -83.280893813501081, 8.970801277060886 ], [ -83.282002154782788, 8.970827141500319 ], [ -83.282278535711185, 8.970846784615505 ], [ -83.282438974443181, 8.970868169043596 ], [ -83.282702037277517, 8.970920077794469 ], [ -83.282875639963052, 8.970972173940513 ], [ -83.283175082552361, 8.971082461488542 ], [ -83.283349209296276, 8.971156953806865 ], [ -83.283563167448349, 8.971250547243029 ], [ -83.28379223181966, 8.971367575259904 ], [ -83.284003132575293, 8.971485111035955 ], [ -83.284728590799716, 8.971927009271942 ], [ -83.284968821597005, 8.972072402202834 ], [ -83.285225719224456, 8.972205580334913 ], [ -83.285497679562269, 8.972321184653374 ], [ -83.286367714157706, 8.972644705706783 ], [ -83.287206576895585, 8.972982491957435 ], [ -83.287519410098255, 8.973111114400107 ], [ -83.287750172327549, 8.973215693770772 ], [ -83.287970824160595, 8.973325156070276 ], [ -83.28813307600582, 8.973418878155115 ], [ -83.288431022905002, 8.973600703154764 ], [ -83.288807412430089, 8.973842363910842 ], [ -83.288979792514553, 8.97394034751964 ], [ -83.289158143185148, 8.974021418972203 ], [ -83.289365641266997, 8.974080314327447 ], [ -83.289712177795565, 8.974165837399614 ], [ -83.289883185360097, 8.974213874541535 ], [ -83.290204796489462, 8.974341138758946 ], [ -83.290512008335654, 8.974485632833311 ], [ -83.290871834766676, 8.97464752430421 ], [ -83.291157437149636, 8.974749435943297 ], [ -83.291409549115443, 8.974816373164115 ], [ -83.291659290229532, 8.974864891802312 ], [ -83.291920543343977, 8.974901607646864 ], [ -83.292793654822958, 8.974969660441156 ], [ -83.29307830687344, 8.975000013751139 ], [ -83.293901604822977, 8.975124048890422 ], [ -83.294226774458764, 8.97515997381007 ], [ -83.294559209715828, 8.975182092824101 ], [ -83.294853898472098, 8.975161558377408 ], [ -83.295276810320459, 8.975118088542146 ], [ -83.296229689445369, 8.974992208465171 ], [ -83.296510578981767, 8.974971358511462 ], [ -83.296910900616567, 8.974977834064799 ], [ -83.297179476572666, 8.97500317876386 ], [ -83.297835289582835, 8.975085265766406 ], [ -83.298121646358652, 8.975093543031004 ], [ -83.298337357665176, 8.975078345557071 ], [ -83.29862566689458, 8.975041265342954 ], [ -83.299085676769593, 8.974958502334163 ], [ -83.299586552998122, 8.974848420203411 ], [ -83.301287722975104, 8.974491082855678 ], [ -83.301584322736517, 8.974400574198762 ], [ -83.301894943179249, 8.974261367075924 ], [ -83.302230350350982, 8.974045763094967 ], [ -83.302603516855172, 8.973742833380891 ], [ -83.302763265509682, 8.973637675445653 ], [ -83.302880973520573, 8.973576722715055 ], [ -83.303010954499612, 8.973526554003003 ], [ -83.303172756617514, 8.973485630155471 ], [ -83.303435158464907, 8.97343447386254 ], [ -83.303630461669115, 8.973390824069552 ], [ -83.303790908141451, 8.973336943710226 ], [ -83.303889440711998, 8.973288437475807 ], [ -83.303984097869545, 8.97324183901598 ], [ -83.304174510708293, 8.973111259106201 ], [ -83.304314832066694, 8.972982679398957 ], [ -83.30446994924624, 8.972784947468117 ], [ -83.304599689631715, 8.972540869922526 ], [ -83.304665048958412, 8.972337707883657 ], [ -83.304678286017705, 8.97229656195641 ], [ -83.304696266944575, 8.972182191204576 ], [ -83.304702828464244, 8.972140455517119 ], [ -83.304712539841717, 8.972078684588768 ], [ -83.304721196983124, 8.971949706375282 ], [ -83.304723899190932, 8.971909447568105 ], [ -83.304726328693292, 8.971873251646411 ], [ -83.304733889233717, 8.971738011539374 ], [ -83.304738505878404, 8.971655430649161 ], [ -83.304744841421424, 8.971542102618434 ], [ -83.304748911645902, 8.971469295768106 ], [ -83.304755512764672, 8.971351216999977 ], [ -83.30475794541934, 8.971307702393711 ], [ -83.304758544145756, 8.971292853274671 ], [ -83.304763829815798, 8.971161762330219 ], [ -83.304765406225386, 8.971122665449817 ], [ -83.304768356515027, 8.971049494623596 ], [ -83.304781242744426, 8.970959379078806 ], [ -83.304793475021967, 8.970873836675471 ], [ -83.304853342929761, 8.970678617339248 ], [ -83.30486351893822, 8.970654406990182 ], [ -83.304942305008979, 8.97046696221501 ], [ -83.304955126298097, 8.970436458277653 ], [ -83.305073840994879, 8.970208015694924 ], [ -83.305202549598306, 8.970022559328617 ], [ -83.305217273903239, 8.970006240605979 ], [ -83.305455056171269, 8.969742709842594 ], [ -83.305507139424606, 8.969691057636304 ], [ -83.305555586251899, 8.969643011739837 ], [ -83.305735128910783, 8.969464954744957 ], [ -83.305800136831081, 8.969400484678605 ], [ -83.305892592500243, 8.969308793894388 ], [ -83.305914481815691, 8.96928708565844 ], [ -83.305962259986515, 8.969239069479217 ], [ -83.30604396295378, 8.969156959459998 ], [ -83.306122843696045, 8.969077685671131 ], [ -83.306252411952883, 8.9689319640402 ], [ -83.306331149009139, 8.968843410690695 ], [ -83.306415250226038, 8.968737308656097 ], [ -83.306465435372957, 8.96867399506988 ], [ -83.306595295211565, 8.968510163742405 ], [ -83.306757369460129, 8.968308332221785 ], [ -83.306826008283664, 8.968204583827623 ], [ -83.306895908784412, 8.968098928314074 ], [ -83.307096204518629, 8.967787647938227 ], [ -83.307272809077901, 8.967480200204328 ], [ -83.307384457095665, 8.967259390908939 ], [ -83.307428476928735, 8.967172331607763 ], [ -83.307517191643882, 8.966978627461193 ], [ -83.307595081763665, 8.966808558071717 ], [ -83.307735701130895, 8.96646548877604 ], [ -83.307843332248154, 8.966161028253119 ], [ -83.307924203078898, 8.965898801478195 ], [ -83.307998775571122, 8.965609320324194 ], [ -83.308023892317038, 8.965468836109707 ], [ -83.308052166363495, 8.965310692166069 ], [ -83.308111536737059, 8.964976933957567 ], [ -83.308133790156205, 8.964800190846134 ], [ -83.308149604782884, 8.964674586355368 ], [ -83.308180954510945, 8.964342315965354 ], [ -83.308186304581682, 8.964252653198052 ], [ -83.308215922871341, 8.963756273811253 ], [ -83.308251701473381, 8.963321217106952 ], [ -83.308262547473504, 8.963230085586737 ], [ -83.308280997499807, 8.963075062497266 ], [ -83.30833737669532, 8.962779526548767 ], [ -83.308419310898088, 8.962487817140831 ], [ -83.308434576469509, 8.962447738908422 ], [ -83.308514327660845, 8.962238359953121 ], [ -83.308607976234896, 8.962028598255699 ], [ -83.308625062814542, 8.961990326312506 ], [ -83.308787214679228, 8.961695682816799 ], [ -83.308945913407328, 8.961439518774371 ], [ -83.309169301761557, 8.961159795572669 ], [ -83.309241865477418, 8.961068932358765 ], [ -83.309496747643124, 8.960802239728402 ], [ -83.30954422002192, 8.960760032808196 ], [ -83.309681475150555, 8.960638001410899 ], [ -83.309832105839305, 8.960524685770118 ], [ -83.310102714406696, 8.960313842701582 ], [ -83.310243142482079, 8.960230357738659 ], [ -83.310308512806117, 8.960191494828859 ], [ -83.310708835229647, 8.95999654984959 ], [ -83.310868598032812, 8.959929525871061 ], [ -83.310900521352977, 8.959917099034422 ], [ -83.311093871316274, 8.959841833337252 ], [ -83.311216953644703, 8.959802610813421 ], [ -83.311403215502068, 8.959768944328989 ], [ -83.311472227913214, 8.959773820931721 ], [ -83.31159554984184, 8.959782535158574 ], [ -83.311779809312512, 8.959805130757132 ], [ -83.311946987683541, 8.959833466526664 ], [ -83.312170593858852, 8.959901890620614 ], [ -83.312243055517783, 8.959935501062537 ], [ -83.312340212149479, 8.959980565930355 ], [ -83.31246903880411, 8.960061283749049 ], [ -83.312585204730595, 8.960149120145894 ], [ -83.31265657296079, 8.960216564309667 ], [ -83.312772014017909, 8.960334914081832 ], [ -83.312815605924385, 8.960396624062602 ], [ -83.312926437149528, 8.960553519883959 ], [ -83.313015581348751, 8.960738459299002 ], [ -83.313075395331651, 8.960898229722948 ], [ -83.313095722785604, 8.96097265346334 ], [ -83.313113953655645, 8.961039401078235 ], [ -83.313126550452694, 8.961085520979456 ], [ -83.313165363942375, 8.961266774792634 ], [ -83.313202206142407, 8.961438822805555 ], [ -83.3132062549859, 8.961457030080318 ], [ -83.313257659289746, 8.961688190347765 ], [ -83.313330809881805, 8.961915326985988 ], [ -83.313415463707386, 8.962128460658059 ], [ -83.313437441377829, 8.962183793990093 ], [ -83.313553440579852, 8.962399091980986 ], [ -83.313704488512997, 8.962610726643314 ], [ -83.313869884019851, 8.962787308242191 ], [ -83.314068490693913, 8.962960829444814 ], [ -83.314330168203227, 8.963131558280299 ], [ -83.314564535428218, 8.963252682716163 ], [ -83.314774208978662, 8.963332377234494 ], [ -83.315034035285237, 8.963392558386413 ], [ -83.31542453324883, 8.963488694492888 ], [ -83.315478346077725, 8.963501942556441 ], [ -83.315831240304234, 8.963574120576823 ], [ -83.316278354772194, 8.963665569096666 ], [ -83.316815735724802, 8.963775479095395 ], [ -83.317228387332406, 8.96385987775686 ], [ -83.317418664215666, 8.963898794473817 ], [ -83.317629168834614, 8.963938529819728 ], [ -83.317755003193142, 8.963962282548033 ], [ -83.317757530193447, 8.963962586273636 ], [ -83.318031052346257, 8.963995461385325 ], [ -83.318308532681357, 8.963992292331532 ], [ -83.318485810173087, 8.96396408746182 ], [ -83.318594196645961, 8.963946843116897 ], [ -83.318850151387295, 8.963873067849937 ], [ -83.318906863843068, 8.963856721273009 ], [ -83.319217233615348, 8.963800884674471 ], [ -83.319345257765036, 8.96377929284842 ], [ -83.319560192649902, 8.963792555576106 ], [ -83.319705251940647, 8.963805223300815 ], [ -83.31999958854162, 8.963830926924672 ], [ -83.320200851919111, 8.963842386746817 ], [ -83.320442324829244, 8.963800883092144 ], [ -83.320464631762135, 8.963792094548813 ], [ -83.320603076006833, 8.963737549885428 ], [ -83.320901199112654, 8.963561831754578 ], [ -83.321121859584125, 8.963406177171203 ], [ -83.321287841861732, 8.963289092574175 ], [ -83.321375105438861, 8.963230326977497 ], [ -83.321386702193777, 8.963222517413403 ], [ -83.32151702373173, 8.963153740527634 ], [ -83.321712540978226, 8.963090460612156 ], [ -83.321879571670991, 8.963056291713842 ], [ -83.321894858756821, 8.963054446291819 ], [ -83.322061847559951, 8.963034287743472 ], [ -83.322283799790384, 8.96302076068905 ], [ -83.322342969247913, 8.963017154536638 ], [ -83.322541767350188, 8.963000856481479 ], [ -83.322712829736673, 8.962958430292762 ], [ -83.32281184518088, 8.962905201795845 ], [ -83.322930148216557, 8.962841604662376 ], [ -83.323044648420691, 8.962719015441939 ], [ -83.323225320909387, 8.962525768533219 ], [ -83.32333014311881, 8.962381410739376 ], [ -83.323720697645427, 8.96184355018444 ], [ -83.323906101694575, 8.961588216268749 ], [ -83.32409806959501, 8.961323842271051 ], [ -83.324307356677011, 8.96108862936852 ], [ -83.324366514562001, 8.961000840394284 ], [ -83.324489351267459, 8.960818553301706 ], [ -83.324536881788831, 8.960732920655115 ], [ -83.324583483301339, 8.960648961694449 ], [ -83.324675677394907, 8.960392822553983 ], [ -83.324733430380846, 8.960210106657565 ], [ -83.324764510931018, 8.959916998967064 ], [ -83.324752093942521, 8.959668526083787 ], [ -83.324732223180121, 8.959556441968287 ], [ -83.324702518004599, 8.959388885216987 ], [ -83.324637690725368, 8.959179643077142 ], [ -83.324556809744138, 8.959017668683048 ], [ -83.324501946886471, 8.958907798787077 ], [ -83.324378150648641, 8.95868725645413 ], [ -83.324212778744325, 8.958392646847145 ], [ -83.32416840338874, 8.958313592182231 ], [ -83.324152273748439, 8.958287284447149 ], [ -83.324146394071306, 8.958277694586396 ], [ -83.324057473125649, 8.958132662831575 ], [ -83.32401864293945, 8.958069330018507 ], [ -83.323934861115077, 8.957932680098436 ], [ -83.32389089194767, 8.957860965414985 ], [ -83.323876343348786, 8.957837236321904 ], [ -83.323755072683213, 8.957650193719514 ], [ -83.323692956084642, 8.957554387694152 ], [ -83.323685191512041, 8.957542411940397 ], [ -83.32364481574254, 8.95748013801887 ], [ -83.323639643816421, 8.957472161051667 ], [ -83.323483315322761, 8.957228895725317 ], [ -83.323435225492887, 8.9571699823129 ], [ -83.323398989515709, 8.957125590685409 ], [ -83.323286555383504, 8.956992861447235 ], [ -83.323206208248109, 8.956905898530781 ], [ -83.323115673105733, 8.956816684249583 ], [ -83.322714756871122, 8.956475124977798 ], [ -83.322509315609622, 8.956287896420683 ], [ -83.322175365380716, 8.955945653005585 ], [ -83.322013381912996, 8.955771385594373 ], [ -83.32199946570536, 8.955756414046801 ], [ -83.321866015913855, 8.955614218809339 ], [ -83.321789628711841, 8.9555241075632 ], [ -83.321706549008624, 8.955408687690358 ], [ -83.32162626272698, 8.955240503258956 ], [ -83.321571895510658, 8.955048310291026 ], [ -83.321561122231415, 8.954821458155513 ], [ -83.32157461991855, 8.954653395565696 ], [ -83.321599496062106, 8.954565308521646 ], [ -83.321637978766304, 8.954480125952134 ], [ -83.321699950201506, 8.954342950302715 ], [ -83.321774323578126, 8.954237239226639 ], [ -83.32188158754677, 8.954124279209864 ], [ -83.321985014332938, 8.954045874302954 ], [ -83.322203264638688, 8.953932590880617 ], [ -83.322371028277914, 8.953882516060741 ], [ -83.322549896886699, 8.953863647127273 ], [ -83.323213277760473, 8.953869751625161 ], [ -83.323434716468356, 8.953868672716576 ], [ -83.323731001962912, 8.953850689678182 ], [ -83.323999734010187, 8.953818442207147 ], [ -83.324260550475302, 8.953772054806054 ], [ -83.32448907416385, 8.953717121896545 ], [ -83.324621680978112, 8.953676028859196 ], [ -83.324816612186922, 8.953615622239639 ], [ -83.325129542724, 8.953488530544051 ], [ -83.325399078013433, 8.953365084192322 ], [ -83.325635575827064, 8.953236801768856 ], [ -83.325896368024985, 8.953064703514448 ], [ -83.326129010040688, 8.952879881802412 ], [ -83.326327408263467, 8.952700137669398 ], [ -83.326495232839079, 8.952519694075717 ], [ -83.32670875878965, 8.952280038545172 ], [ -83.326940168625214, 8.952020112578021 ], [ -83.326988061867041, 8.951973194491137 ], [ -83.327154977484241, 8.951809677295255 ], [ -83.327330554346204, 8.951646472024803 ], [ -83.32765078368665, 8.951369892514016 ], [ -83.327925769487734, 8.951092705772991 ], [ -83.328079322436423, 8.950946461734508 ], [ -83.328248256027237, 8.950785568931577 ], [ -83.328475597716889, 8.950554414581639 ], [ -83.328619526446346, 8.950366707740532 ], [ -83.328751147112484, 8.950156282008146 ], [ -83.328812315169557, 8.949954057502268 ], [ -83.328864337538405, 8.949588062536314 ], [ -83.328885513260062, 8.949452714342168 ], [ -83.328933233229947, 8.949304932163944 ], [ -83.329062041730054, 8.949068035938998 ], [ -83.329154190969717, 8.948961691774478 ], [ -83.329240238152138, 8.948883593760693 ], [ -83.329367722151929, 8.948788535344132 ], [ -83.329370232883122, 8.948786663216968 ], [ -83.329583982862744, 8.948661507306319 ], [ -83.329897624380237, 8.948500543515895 ], [ -83.330156490378613, 8.948382326612824 ], [ -83.330426831446999, 8.948266293183039 ], [ -83.330682921077738, 8.948165738787003 ], [ -83.331025978902531, 8.94804816142533 ], [ -83.33159749650234, 8.947871613392326 ], [ -83.332225964953238, 8.947680377582973 ], [ -83.332272623070821, 8.947666179996215 ], [ -83.33258132828891, 8.947564178398448 ], [ -83.332881319846408, 8.947450421853436 ], [ -83.333165008390225, 8.947335100888257 ], [ -83.333394059939437, 8.947229950646799 ], [ -83.333636401942599, 8.94709605381888 ], [ -83.333863092261794, 8.946939246306661 ], [ -83.334105960980096, 8.946721460380461 ], [ -83.33437287616843, 8.946456392164025 ], [ -83.334859772841853, 8.945961406499116 ], [ -83.335338525321177, 8.945463876743043 ], [ -83.335630142929233, 8.945173714338019 ], [ -83.335816416543693, 8.944988369868163 ], [ -83.336124927755804, 8.944680101342643 ], [ -83.336357728735408, 8.944462198252282 ], [ -83.336562034549246, 8.944281845481216 ], [ -83.336850218264814, 8.944046539206049 ], [ -83.337110423635664, 8.943868067382709 ], [ -83.337390908910436, 8.94369259815368 ], [ -83.337636899570029, 8.943557244598741 ], [ -83.337704648878059, 8.943524413984917 ], [ -83.338068182661388, 8.943348248951727 ], [ -83.338236183651034, 8.943272398865302 ], [ -83.338474488602486, 8.943180582189409 ], [ -83.338654737245975, 8.943120458655073 ], [ -83.338760775283873, 8.943090791231457 ], [ -83.339004174377237, 8.943022692664638 ], [ -83.339326411773015, 8.942946737691113 ], [ -83.339474100876046, 8.942922764137435 ], [ -83.33955862679565, 8.942909043484978 ], [ -83.339763963081936, 8.942886533313763 ], [ -83.33985563241778, 8.942886161702335 ], [ -83.339906157498859, 8.942885956872788 ], [ -83.339988996151192, 8.942885621028635 ], [ -83.340059228278946, 8.94288988349086 ], [ -83.34022177729274, 8.942899748710959 ], [ -83.340263332056566, 8.942905619289807 ], [ -83.340490213974746, 8.942937671563694 ], [ -83.340526780404872, 8.942946702542621 ], [ -83.34072351562429, 8.942995291074025 ], [ -83.340922226703498, 8.943061438314524 ], [ -83.341032144268354, 8.943104969043103 ], [ -83.341508906939396, 8.943306878354552 ], [ -83.34178898707286, 8.94341688651796 ], [ -83.342010622747381, 8.943490690834142 ], [ -83.342148554893939, 8.943521517502697 ], [ -83.342247847782772, 8.943543708589134 ], [ -83.342383921724277, 8.943564642003979 ], [ -83.342627109813151, 8.943582510596139 ], [ -83.342840008740552, 8.94357546399006 ], [ -83.342947621365582, 8.943571902141626 ], [ -83.343539414167338, 8.943497699563006 ], [ -83.343779731092127, 8.943472224698368 ], [ -83.343929054068852, 8.943465444817312 ], [ -83.344033067377154, 8.943460722146629 ], [ -83.344256790544335, 8.943461651772111 ], [ -83.344499003219795, 8.943478411637372 ], [ -83.344743547225676, 8.943515060759808 ], [ -83.344903180974086, 8.94355575372381 ], [ -83.345109012527601, 8.943634762054657 ], [ -83.345355161707502, 8.94376416653318 ], [ -83.34558235921881, 8.943919203970852 ], [ -83.345856927141341, 8.944139444132 ], [ -83.346028430637389, 8.944264998084753 ], [ -83.346116933400495, 8.944323129368559 ], [ -83.346189556589579, 8.944370830440587 ], [ -83.346431571026557, 8.944494984975321 ], [ -83.34664676507775, 8.944566028248866 ], [ -83.346846313759016, 8.944607307714364 ], [ -83.347013208818581, 8.94463333540765 ], [ -83.347072525782096, 8.944642586014636 ], [ -83.347405713957372, 8.944681230776864 ], [ -83.347620056085063, 8.944717495356512 ], [ -83.348001148535786, 8.94479591884882 ], [ -83.348301096042263, 8.944880627423291 ], [ -83.348562248050371, 8.944946148071711 ], [ -83.348575906577793, 8.944948754359132 ], [ -83.348758719003456, 8.94498363813357 ], [ -83.349194095033013, 8.945031527297187 ], [ -83.349382748905313, 8.945052278108509 ], [ -83.349717111724431, 8.94508827095966 ], [ -83.349981174730544, 8.945122748750567 ], [ -83.350186624204412, 8.945157094769883 ], [ -83.3505266585219, 8.945236436075797 ], [ -83.350698569596389, 8.945283808579921 ], [ -83.351618889250219, 8.945537414012378 ], [ -83.353350066563166, 8.94601445425134 ], [ -83.353434019271276, 8.946037337237398 ], [ -83.353987531645714, 8.946188207543395 ], [ -83.354311013846143, 8.946285793622428 ], [ -83.354489456954425, 8.946351323578432 ], [ -83.354619346404533, 8.946411094545278 ], [ -83.354681771438763, 8.94643982052497 ], [ -83.354903013620472, 8.946562077610015 ], [ -83.355112871013191, 8.946708135094912 ], [ -83.355246773086606, 8.946823293707386 ], [ -83.355417738123052, 8.947007532183664 ], [ -83.355552903857799, 8.947166065852667 ], [ -83.355737367930743, 8.947404546773605 ], [ -83.356020982601621, 8.947792884949957 ], [ -83.356241265690855, 8.948069716087879 ], [ -83.35637132455129, 8.948218713146771 ], [ -83.356429767936163, 8.948285666568113 ], [ -83.356606871258407, 8.948465968389026 ], [ -83.356787592493788, 8.948627233026603 ], [ -83.357002192017603, 8.948798971399734 ], [ -83.357254206231218, 8.948971364591383 ], [ -83.357552694190616, 8.949146390474752 ], [ -83.357818654515967, 8.949284851283101 ], [ -83.358072242776657, 8.949399990750258 ], [ -83.358306193269641, 8.949484812392187 ], [ -83.358621089473246, 8.949576403484699 ], [ -83.358768855616461, 8.949609863346245 ], [ -83.358874210733973, 8.949633719703183 ], [ -83.359181633546967, 8.949692583585161 ], [ -83.359307872188637, 8.949715627292184 ], [ -83.359760656561079, 8.949798278556226 ], [ -83.36001405444712, 8.9498490063127 ], [ -83.360257598723223, 8.949912451222954 ], [ -83.36052537063479, 8.949994537527163 ], [ -83.36070327388974, 8.95006271366754 ], [ -83.360907514103729, 8.950150215375769 ], [ -83.36109233206237, 8.950240194477704 ], [ -83.361107567884176, 8.950248905306552 ], [ -83.361296099773767, 8.950356695208951 ], [ -83.361364433150342, 8.950394617857466 ], [ -83.361615024020139, 8.950566999164735 ], [ -83.361830022427526, 8.950732107791092 ], [ -83.361924859798748, 8.950810775400683 ], [ -83.362182532276051, 8.951024514465027 ], [ -83.362977336224702, 8.951707824497387 ], [ -83.362999254539318, 8.951726668085318 ], [ -83.363916184222504, 8.952508792802819 ], [ -83.363927938617792, 8.952518909776074 ], [ -83.364315477184093, 8.952852462572746 ], [ -83.365059581035311, 8.953492906857051 ], [ -83.365699160391472, 8.954043555335954 ], [ -83.365788738300139, 8.954126980627093 ], [ -83.365958805572561, 8.954285366748923 ], [ -83.366089457727895, 8.954410520213859 ], [ -83.366183523753236, 8.954500627252115 ], [ -83.366388928358575, 8.954712632979659 ], [ -83.366674883786104, 8.955022551564968 ], [ -83.366812183489373, 8.955170656183045 ], [ -83.36697582126618, 8.955359019318955 ], [ -83.367183381633765, 8.95559794130029 ], [ -83.367398547624504, 8.955816974910567 ], [ -83.367587860765866, 8.955971868972361 ], [ -83.367611774749363, 8.95599143513167 ], [ -83.367793224201506, 8.956114268902162 ], [ -83.368008703465762, 8.95623043693397 ], [ -83.368271302814662, 8.956349091356419 ], [ -83.368512736999222, 8.956447598406278 ], [ -83.368645810079727, 8.956501893183857 ], [ -83.369122520518729, 8.95668253673619 ], [ -83.369431573361055, 8.95678966044022 ], [ -83.369769749180676, 8.956895509507772 ], [ -83.369899415730217, 8.956936095055203 ], [ -83.370240337072829, 8.957030254527105 ], [ -83.370596678977662, 8.957122001021061 ], [ -83.370685201561415, 8.957141634450934 ], [ -83.370837988800048, 8.957175521089166 ], [ -83.37115535630015, 8.957237682102662 ], [ -83.371447831019296, 8.957287274701871 ], [ -83.371924997790202, 8.957358109510363 ], [ -83.372259149335932, 8.957394581886264 ], [ -83.372318231744558, 8.957401030652134 ], [ -83.372820117801368, 8.957437398861495 ], [ -83.372971797732788, 8.957448389921725 ], [ -83.373393601591744, 8.957465546746279 ], [ -83.373719128337669, 8.957461064395904 ], [ -83.374081869034256, 8.957454941076577 ], [ -83.374432300094313, 8.957436060819729 ], [ -83.37447866518788, 8.957432302282903 ], [ -83.374701767769892, 8.957414216627473 ], [ -83.37503340527951, 8.957364855241506 ], [ -83.375268395877342, 8.957303724020528 ], [ -83.375354663662861, 8.957269813900091 ], [ -83.375501996366367, 8.957211900333684 ], [ -83.375748264901745, 8.957071197630158 ], [ -83.375953586186583, 8.956908864821594 ], [ -83.376110998837106, 8.956755167665669 ], [ -83.376280603329093, 8.956543123202849 ], [ -83.376333267771059, 8.956464703963231 ], [ -83.376401235628748, 8.9563634973247 ], [ -83.376479664842492, 8.956228399578068 ], [ -83.376585692310016, 8.956045762434673 ], [ -83.376610782435122, 8.956008152172055 ], [ -83.376691850708667, 8.955886630227603 ], [ -83.376829732696677, 8.955728398244343 ], [ -83.376955892748882, 8.955612312781838 ], [ -83.377138382351802, 8.955485195653299 ], [ -83.377285038308059, 8.955412385478724 ], [ -83.377442859744662, 8.95536016694453 ], [ -83.377638527432296, 8.955311190021179 ], [ -83.37787512305367, 8.95527765356856 ], [ -83.378675018088146, 8.955188827844601 ], [ -83.379108334832779, 8.955140708693454 ], [ -83.379985931576613, 8.955043251333672 ], [ -83.381201928353363, 8.954912747236277 ], [ -83.381430421899282, 8.954898451058321 ], [ -83.381547065312375, 8.954891152963379 ], [ -83.381800839784461, 8.954887666395898 ], [ -83.381953314400988, 8.95489499374583 ], [ -83.382035118733782, 8.954898924924876 ], [ -83.382226005477776, 8.954913418480732 ], [ -83.382520190298692, 8.954959815093742 ], [ -83.382739129692894, 8.955009359352253 ], [ -83.38299654594816, 8.955082530910749 ], [ -83.383179420270551, 8.955146674657804 ], [ -83.38340370716837, 8.955236557274137 ], [ -83.383567831956512, 8.955310265076859 ], [ -83.38384689627442, 8.955444034981564 ], [ -83.384178119571757, 8.955611241287265 ], [ -83.38419914018283, 8.955621852780688 ], [ -83.384469020523113, 8.95575005224039 ], [ -83.38474416062796, 8.955867718241254 ], [ -83.385015385716827, 8.955965876978082 ], [ -83.385261857275623, 8.956031942151277 ], [ -83.385486944823185, 8.956077265064064 ], [ -83.385695016412654, 8.956108498039246 ], [ -83.385836690061097, 8.956129764157668 ], [ -83.386062225734491, 8.956153894832921 ], [ -83.386269904597626, 8.956176114835987 ], [ -83.386528962350141, 8.95620718537093 ], [ -83.386714960563737, 8.956239450110116 ], [ -83.386814118402285, 8.956256650782645 ], [ -83.387023900848661, 8.956304687002135 ], [ -83.387088894989816, 8.956322681843139 ], [ -83.387252502331393, 8.95636797953186 ], [ -83.387494266992292, 8.956454057968015 ], [ -83.387557826277728, 8.956477870092352 ], [ -83.387688905353542, 8.956540926729195 ], [ -83.387717219602052, 8.956554547515937 ], [ -83.388076260747354, 8.956759923162979 ], [ -83.388257322850464, 8.956892442620223 ], [ -83.388380376550984, 8.956996740273651 ], [ -83.388584625520423, 8.957169857065525 ], [ -83.388860741731676, 8.95739038817007 ], [ -83.389015316835454, 8.957513845475297 ], [ -83.389363511324675, 8.957847645200518 ], [ -83.389368659718642, 8.957852580747216 ], [ -83.389666165526179, 8.958138070824642 ], [ -83.389746424408457, 8.958215088080596 ], [ -83.390195197739516, 8.958655236056583 ], [ -83.390457583931735, 8.958912578511361 ], [ -83.390507845262803, 8.958961026158695 ], [ -83.390716607747606, 8.959162255231742 ], [ -83.390939764003633, 8.959366104613443 ], [ -83.391099540516251, 8.959503318790198 ], [ -83.391282485881675, 8.959650631970414 ], [ -83.391345663505732, 8.959697054919058 ], [ -83.391485971492258, 8.959800153216916 ], [ -83.391518155485386, 8.959823801997429 ], [ -83.391976054748667, 8.960143585898724 ], [ -83.39228603223637, 8.960344749612176 ], [ -83.392439201291779, 8.960434608397353 ], [ -83.392529832214365, 8.960487778256173 ], [ -83.392720928679111, 8.960584372638236 ], [ -83.392754103470821, 8.960601141633155 ], [ -83.393005588895633, 8.960690379916981 ], [ -83.39328456534048, 8.960772019061668 ], [ -83.393437094197452, 8.96081406654149 ], [ -83.39356794398978, 8.960850137717632 ], [ -83.393742442874057, 8.960883106133654 ], [ -83.39385956700626, 8.960892010501222 ], [ -83.394089186680361, 8.960909467239537 ], [ -83.394447503954765, 8.960901081961394 ], [ -83.394587266526329, 8.960897811167833 ], [ -83.39473863484362, 8.960894126115175 ], [ -83.394800663376415, 8.960892616016245 ], [ -83.394998737997511, 8.96090539474436 ], [ -83.395263303585608, 8.960967644585521 ], [ -83.39541488909623, 8.961020855523728 ], [ -83.395445808107311, 8.961033984814589 ], [ -83.395795963663289, 8.961182672841637 ], [ -83.395945424924093, 8.961246139070839 ], [ -83.396174910764813, 8.96134340017811 ], [ -83.396422276378033, 8.961434839352862 ], [ -83.396686910736761, 8.961516604746139 ], [ -83.396688955941329, 8.961517126763505 ], [ -83.396877826966175, 8.961565334088235 ], [ -83.396997657907349, 8.961595919608467 ], [ -83.397479226506846, 8.961712316168926 ], [ -83.397759238264811, 8.96177592923617 ], [ -83.397984133334162, 8.96182702072759 ], [ -83.398178531650032, 8.961869471270631 ], [ -83.398870028787826, 8.962020471831774 ], [ -83.398877664612201, 8.962022256910585 ], [ -83.399222931342521, 8.962102972090443 ], [ -83.399462213785739, 8.962171098317407 ], [ -83.399720511591198, 8.962262088641674 ], [ -83.400046437030227, 8.962380483806699 ], [ -83.40032473248182, 8.962481576694769 ], [ -83.400525569461081, 8.9625545320563 ], [ -83.401174194672819, 8.962808104350961 ], [ -83.401435340274119, 8.962910195699058 ], [ -83.401690640590786, 8.963010001683461 ], [ -83.401942835978488, 8.963109940135693 ], [ -83.402172125059337, 8.963191267311338 ], [ -83.402340445471822, 8.963240173358519 ], [ -83.402483304405891, 8.963281681420153 ], [ -83.402592547762723, 8.963312293091965 ], [ -83.402829288123669, 8.963378631262072 ], [ -83.403062533467761, 8.96343546919061 ], [ -83.403264001016666, 8.963477266372477 ], [ -83.403276413102105, 8.963479841424524 ], [ -83.403552396295211, 8.96352591643895 ], [ -83.403705312677403, 8.963542907614064 ], [ -83.403878149435897, 8.963562112147502 ], [ -83.404287510242867, 8.963607174759993 ], [ -83.404411492939943, 8.963611615347794 ], [ -83.404501600187388, 8.963614842620007 ], [ -83.404659142635907, 8.963624119005928 ], [ -83.405561503756047, 8.963677250372603 ], [ -83.405717403524079, 8.963686429586403 ], [ -83.405834560676851, 8.963693327632649 ], [ -83.406112666136522, 8.963719457366137 ], [ -83.406583699964912, 8.963795174254876 ], [ -83.406766705693897, 8.96383529384579 ], [ -83.406954330364954, 8.963876425926113 ], [ -83.407028624468964, 8.963894177874373 ], [ -83.407197479854389, 8.963934524380688 ], [ -83.407424790261629, 8.964025149650423 ], [ -83.407633677832223, 8.964130728431865 ], [ -83.40777667001278, 8.9642058324497 ], [ -83.407872190531123, 8.964256002801539 ], [ -83.408079360955611, 8.964351429907746 ], [ -83.408221736356097, 8.964403299393329 ], [ -83.408250817633629, 8.964413894128896 ], [ -83.408437088300403, 8.964460036164596 ], [ -83.408668505621421, 8.964499359648936 ], [ -83.408880568136354, 8.964518697360457 ], [ -83.409272291132282, 8.964554417760043 ], [ -83.409434054285967, 8.964569168480825 ], [ -83.409696218530826, 8.964603423233463 ], [ -83.409893908106326, 8.964647366581994 ], [ -83.410030419687985, 8.964685831217571 ], [ -83.410269630498689, 8.96475323310127 ], [ -83.410841535300293, 8.964914376693537 ], [ -83.411069392656671, 8.964976240130701 ], [ -83.411423398108056, 8.965072352551681 ], [ -83.411723950313103, 8.965153952124282 ], [ -83.411966468750293, 8.965225194060297 ], [ -83.412055451090836, 8.965255315845834 ], [ -83.41226370696603, 8.965325813315118 ], [ -83.412388533140046, 8.965374030136299 ], [ -83.412738674928335, 8.965509279720422 ], [ -83.413118335121396, 8.965653188097551 ], [ -83.413209694135617, 8.965687276586971 ], [ -83.413361051243569, 8.965743751905929 ], [ -83.413500171039431, 8.965792421850958 ], [ -83.413666866328327, 8.965850738776707 ], [ -83.413946269426049, 8.965936242628279 ], [ -83.414348738490929, 8.966044748947011 ], [ -83.414373675373298, 8.966050098345825 ], [ -83.414630042546378, 8.96610509349733 ], [ -83.414659747834847, 8.966110363090692 ], [ -83.414991135960747, 8.966169149779295 ], [ -83.415298552912247, 8.966216483669591 ], [ -83.415556071008396, 8.966245118823526 ], [ -83.415629350990628, 8.966250888309384 ], [ -83.415793881980989, 8.966263842124336 ], [ -83.416133972390412, 8.966281940656366 ], [ -83.416405917760514, 8.966289143887298 ], [ -83.416720304496295, 8.966285932721123 ], [ -83.416952677545581, 8.966277570566001 ], [ -83.41701128321138, 8.966275461564733 ], [ -83.417081453138834, 8.966270470035843 ], [ -83.417398961263729, 8.966247883966627 ], [ -83.417833236521773, 8.966190894920992 ], [ -83.418117906754318, 8.96613758197914 ], [ -83.418170418107479, 8.966126408914262 ], [ -83.4183804903398, 8.966081710864859 ], [ -83.418442813150151, 8.966068450124178 ], [ -83.418721707256594, 8.965999391565649 ], [ -83.419139938929931, 8.965874078568445 ], [ -83.419390866867928, 8.965784596853471 ], [ -83.419391632972051, 8.965784323657894 ], [ -83.419603927496738, 8.965705741043491 ], [ -83.419829603511488, 8.965622204982703 ], [ -83.420569606684225, 8.965333203180826 ], [ -83.42086469758523, 8.965218377597312 ], [ -83.421037643524087, 8.965163668273881 ], [ -83.421301557881222, 8.965105906487942 ], [ -83.421572411862485, 8.965090295375985 ], [ -83.421781614814492, 8.965115364631066 ], [ -83.422024521528854, 8.965185967627772 ], [ -83.422185444367415, 8.965253485055854 ], [ -83.422347921865793, 8.965345702870414 ], [ -83.422558282531952, 8.965509964754553 ], [ -83.422677559573131, 8.965655594514093 ], [ -83.4227879111004, 8.965790326650867 ], [ -83.422931623080615, 8.966024567301412 ], [ -83.42313825736251, 8.966415503541201 ], [ -83.423282995490595, 8.966663380089699 ], [ -83.423338246690676, 8.966742015687727 ], [ -83.423360135994727, 8.966773169362192 ], [ -83.423419463035131, 8.966857605788618 ], [ -83.423569757952265, 8.967031695114668 ], [ -83.42381307874804, 8.967258011123864 ], [ -83.424278853603397, 8.967559979459059 ], [ -83.424598951898446, 8.967668647493236 ], [ -83.424813679209421, 8.967732798346903 ], [ -83.425367563683906, 8.967826051029677 ], [ -83.425427940987618, 8.96783652851396 ], [ -83.426431201554067, 8.968010626308988 ], [ -83.42684597464266, 8.968082601869808 ], [ -83.42727217409211, 8.968156559737533 ], [ -83.427968749880165, 8.968276210957299 ], [ -83.428457698999765, 8.968360197203081 ], [ -83.428577936618623, 8.968377112154064 ], [ -83.428731824532761, 8.968398760947773 ], [ -83.428885638099516, 8.968420399216505 ], [ -83.429123359082382, 8.968433100943187 ], [ -83.429383371291181, 8.968414017172678 ], [ -83.429511612547046, 8.968382113043429 ], [ -83.429675905877531, 8.968341239728835 ], [ -83.429883388472774, 8.968249092443376 ], [ -83.430063411115228, 8.968142470332971 ], [ -83.43015143948918, 8.968072707648334 ], [ -83.43030579807548, 8.968954261094574 ], [ -83.430445378206727, 8.971743045778872 ], [ -83.417061812761588, 8.977130062833384 ], [ -83.41537956291377, 8.977022841382846 ], [ -83.414690406880666, 8.977694576095955 ], [ -83.414233701855792, 8.977870989460413 ], [ -83.414447271825736, 8.979275290194044 ], [ -83.413284890416904, 8.981751583022122 ], [ -83.414176733025158, 8.983569722061116 ], [ -83.412996074728355, 8.987855115886536 ], [ -83.413671713054796, 8.988540310472851 ], [ -83.41501595278676, 8.990589264392613 ], [ -83.415009184136323, 8.991267700406105 ], [ -83.415910006127689, 8.992181245192899 ], [ -83.416130213268005, 8.99290720953068 ], [ -83.41794486301248, 8.993422876773673 ], [ -83.419528461425742, 8.994298023035677 ], [ -83.419751845651177, 8.994707357684666 ], [ -83.42224035383741, 8.996089067618183 ], [ -83.422326889463321, 8.996542243134606 ], [ -83.423144581455091, 8.99677612544796 ], [ -83.427187744852731, 8.999918524894566 ], [ -83.426980586707174, 9.000057531077069 ], [ -83.427057892849305, 9.000134507839249 ], [ -83.427333016661834, 9.000344028781047 ], [ -83.428944508682946, 9.001571246674427 ], [ -83.430297330931523, 9.002601464404263 ], [ -83.433533835852131, 9.005066128895649 ], [ -83.435818902254212, 9.006610934338703 ], [ -83.436294810005094, 9.006932665428641 ], [ -83.439217945285691, 9.008908789642165 ], [ -83.438990497335553, 9.016142000295828 ], [ -83.437762773891066, 9.017046217541431 ], [ -83.437683373828321, 9.017572240049004 ], [ -83.436717909392357, 9.018005084224647 ], [ -83.436116692231678, 9.018167422293956 ], [ -83.436033589235677, 9.018425212796895 ], [ -83.435796017524169, 9.018476054665291 ], [ -83.435680738177268, 9.018666151067208 ], [ -83.435682131993289, 9.018961624164739 ], [ -83.435197791617412, 9.019071375705641 ], [ -83.434780379499514, 9.01900606439211 ], [ -83.4344838853319, 9.018849760553474 ], [ -83.434316515484113, 9.01907767294669 ], [ -83.434133531233414, 9.01907211627354 ], [ -83.433886800737255, 9.019064622222986 ], [ -83.433625149282491, 9.018917718925238 ], [ -83.433454381561475, 9.019208179634264 ], [ -83.433107871997763, 9.019321561309532 ], [ -83.433241661668589, 9.019742073302769 ], [ -83.432673287085407, 9.019909838761958 ], [ -83.432286242914529, 9.019748637352027 ], [ -83.43174440020114, 9.019898863883377 ], [ -83.431659895166774, 9.019855851837383 ], [ -83.431315505396427, 9.019680549368827 ], [ -83.430928542378922, 9.019717238606724 ], [ -83.430474872846062, 9.01997511109248 ], [ -83.430270613165149, 9.020322878484397 ], [ -83.429711224063766, 9.020164218388151 ], [ -83.429424778742998, 9.020255395838717 ], [ -83.42924257293781, 9.020565184512426 ], [ -83.429498033981545, 9.021074747054769 ], [ -83.429060887831241, 9.021044621410377 ], [ -83.428423910055969, 9.021447846640877 ], [ -83.428341904373013, 9.021371412401546 ], [ -83.428527644980562, 9.020982960391208 ], [ -83.428074037722737, 9.020785647924832 ], [ -83.427722649461018, 9.021034549906364 ], [ -83.427719576035301, 9.021034610223024 ], [ -83.427366741577259, 9.021041482321943 ], [ -83.426960149982463, 9.020544865141293 ], [ -83.426791933404516, 9.020172169233279 ], [ -83.426174452171011, 9.02027284621354 ], [ -83.426051625112137, 9.020345725024093 ], [ -83.425493916093103, 9.020676634820237 ], [ -83.425158714951934, 9.020473912386581 ], [ -83.425045655553902, 9.02048504973056 ], [ -83.424592419090601, 9.020529694843656 ], [ -83.423560955605026, 9.021021324995749 ], [ -83.42354191366833, 9.021030402162385 ], [ -83.423363163381225, 9.021115597837658 ], [ -83.423177172293578, 9.021146308963573 ], [ -83.422273957565906, 9.021295440281021 ], [ -83.422223890218135, 9.021342323536915 ], [ -83.421930685598113, 9.021616874488675 ], [ -83.421277534124542, 9.021777643724683 ], [ -83.421233153935148, 9.021788567011935 ], [ -83.420738975591817, 9.021752718471101 ], [ -83.420603975815652, 9.022217728910707 ], [ -83.420607910810006, 9.022381732997559 ], [ -83.420609420347688, 9.022444638228771 ], [ -83.420618102315146, 9.022806433727533 ], [ -83.420375767874191, 9.023014856704929 ], [ -83.420157267715751, 9.023202779290722 ], [ -83.419817425628779, 9.023253209493458 ], [ -83.418896301198927, 9.023389893772819 ], [ -83.418700015331979, 9.023522924510564 ], [ -83.418711818993543, 9.023628290589741 ], [ -83.4187387514135, 9.02386870268265 ], [ -83.419006820089876, 9.024730742029764 ], [ -83.418499261970737, 9.024938225103654 ], [ -83.41820466792619, 9.025021100800679 ], [ -83.418041127661638, 9.025067109287518 ], [ -83.417721870972485, 9.024975349707331 ], [ -83.417464066631439, 9.025004614802871 ], [ -83.417326990294853, 9.025090413192121 ], [ -83.417006769526864, 9.025509694251898 ], [ -83.417098543534195, 9.025602794390641 ], [ -83.416929893059262, 9.026130752778428 ], [ -83.416949789732911, 9.026368442974984 ], [ -83.416977379213179, 9.026697998582614 ], [ -83.417020321230197, 9.027210940458424 ], [ -83.417087032692066, 9.02739084301197 ], [ -83.416971252987977, 9.02748088129243 ], [ -83.416780693372971, 9.027558482096705 ], [ -83.416625255191192, 9.027430069729977 ], [ -83.416372909755196, 9.026819095502999 ], [ -83.416207815532474, 9.026696776358877 ], [ -83.415879166372605, 9.026453276881917 ], [ -83.415751998053338, 9.026351831435774 ], [ -83.415575745314868, 9.02621123323477 ], [ -83.415227852974283, 9.026118393325701 ], [ -83.414814006228838, 9.02635820308052 ], [ -83.414371090197932, 9.026573475068153 ], [ -83.414152011987483, 9.026682988579935 ], [ -83.413997390957036, 9.026760281762359 ], [ -83.413708502317533, 9.026572658667527 ], [ -83.413671408841239, 9.026548566065175 ], [ -83.413174016278077, 9.026400342581214 ], [ -83.412802069456376, 9.026781101592366 ], [ -83.412372542378662, 9.02674570103135 ], [ -83.412183520126419, 9.026834690158843 ], [ -83.41202941114291, 9.02690724172504 ], [ -83.411935378279892, 9.026951512282103 ], [ -83.411641183511648, 9.026993368156077 ], [ -83.411578072672199, 9.026870374887585 ], [ -83.411481583120974, 9.026952205992776 ], [ -83.410470570040559, 9.027391914766197 ], [ -83.410323813762787, 9.027467857618362 ], [ -83.410399505479205, 9.027614421138447 ], [ -83.410374413877349, 9.028129667789953 ], [ -83.410191376102077, 9.028384858844062 ], [ -83.409892016937164, 9.028602731117193 ], [ -83.409273578180276, 9.028363383401674 ], [ -83.408835036893549, 9.028960748943071 ], [ -83.408617215009031, 9.029167952068834 ], [ -83.408121298201692, 9.029506054765104 ], [ -83.40722948112186, 9.029505636501614 ], [ -83.406745445404141, 9.029570619244081 ], [ -83.40588259300354, 9.029983390121032 ], [ -83.404694730237352, 9.030244550011528 ], [ -83.404153154122938, 9.030083889559084 ], [ -83.404226078856126, 9.03073593493032 ], [ -83.403519101297277, 9.030893103449195 ], [ -83.402276900269513, 9.03179305019272 ], [ -83.40146356853576, 9.032642493327288 ], [ -83.400777505082004, 9.033026972426232 ], [ -83.400171410336824, 9.033021119854681 ], [ -83.398752738542882, 9.034589873346601 ], [ -83.398870349679783, 9.036163833545624 ], [ -83.398706817560935, 9.03724424207125 ], [ -83.399039175210632, 9.038334655689034 ], [ -83.399236081701829, 9.040110995918788 ], [ -83.398504809060981, 9.040578722740431 ], [ -83.398407771627063, 9.041195809903011 ], [ -83.398395510793236, 9.041284474160525 ], [ -83.397861007023565, 9.042648066202373 ], [ -83.395900153485371, 9.044015341139373 ], [ -83.394592135432092, 9.045530355895005 ], [ -83.394230055731313, 9.045606607001252 ], [ -83.393946876673553, 9.045653178184864 ], [ -83.393658525290078, 9.045664455798487 ], [ -83.393480856886768, 9.045630200631329 ], [ -83.393332035737927, 9.045555557880265 ], [ -83.393004692912513, 9.045241714866812 ], [ -83.392868479783928, 9.045240332357277 ], [ -83.392722593448923, 9.045194890429194 ], [ -83.392506017909156, 9.045163120165846 ], [ -83.392187594713732, 9.045229249033422 ], [ -83.391653605091236, 9.045280146099035 ], [ -83.391388479593061, 9.045386725585098 ], [ -83.391216701848094, 9.045419759646617 ], [ -83.390979495863021, 9.045388532901361 ], [ -83.390453018716769, 9.045250510906545 ], [ -83.390115338655477, 9.045354717384003 ], [ -83.389741418802956, 9.045249173352795 ], [ -83.389286155912615, 9.045277557161674 ], [ -83.388539425573939, 9.045072644522012 ], [ -83.388275291200387, 9.045019483473611 ], [ -83.387686010021469, 9.045142253013424 ], [ -83.387233817736202, 9.045178354819084 ], [ -83.38703246504457, 9.045192211222929 ], [ -83.38656393997158, 9.045156372271071 ], [ -83.386118954336155, 9.045142561941393 ], [ -83.38589605455735, 9.045187940434378 ], [ -83.385730611917836, 9.045169995477673 ], [ -83.385061399921369, 9.044991743617418 ], [ -83.384596785185664, 9.044828291989617 ], [ -83.384178191164622, 9.044790879183003 ], [ -83.383671394369671, 9.044796148902112 ], [ -83.382941925991688, 9.044873025405678 ], [ -83.38264965778194, 9.044920102562255 ], [ -83.382428629112837, 9.044988285629328 ], [ -83.382356579965972, 9.044993860621693 ], [ -83.382063475012473, 9.044987480464115 ], [ -83.381883852406304, 9.044942782176765 ], [ -83.381574127881848, 9.044820004992516 ], [ -83.381129355837388, 9.044681746023358 ], [ -83.380868158845701, 9.044590678572193 ], [ -83.380685700599059, 9.044582115202617 ], [ -83.380428376905598, 9.044603769681228 ], [ -83.380329112663475, 9.044572253832113 ], [ -83.380212590460076, 9.044303260795949 ], [ -83.38006288644263, 9.044167271471773 ], [ -83.379923340783478, 9.044090830802148 ], [ -83.379272919594925, 9.043815671853787 ], [ -83.379090262677934, 9.043758778708536 ], [ -83.378982402334913, 9.043685311873165 ], [ -83.378512038987594, 9.043392146830175 ], [ -83.378233838396028, 9.043235151806668 ], [ -83.377902550002773, 9.043128529066472 ], [ -83.377630006496503, 9.042956244408352 ], [ -83.37742889372312, 9.042820582769027 ], [ -83.377294762217772, 9.042775317594185 ], [ -83.376902770917951, 9.042561716312283 ], [ -83.376347575345605, 9.042214894904948 ], [ -83.375666481721595, 9.041859738840634 ], [ -83.37528421212825, 9.041637761666546 ], [ -83.374915718145957, 9.04150307945419 ], [ -83.374820790700426, 9.041441849055037 ], [ -83.374182376093586, 9.04129304370519 ], [ -83.374002176732446, 9.041231188376967 ], [ -83.373824483677211, 9.041308644867559 ], [ -83.37364312990205, 9.041535854999294 ], [ -83.373556808230916, 9.041563556429855 ], [ -83.373488249517877, 9.041565618402686 ], [ -83.373231511017224, 9.041497284568266 ], [ -83.372567973076926, 9.04120746221958 ], [ -83.372414279071819, 9.041434610511992 ], [ -83.372319069862812, 9.0416203748761 ], [ -83.372031546500651, 9.041780574195114 ], [ -83.37151860693784, 9.041947946016442 ], [ -83.371073662797627, 9.042049789982237 ], [ -83.370529827198908, 9.042304324904476 ], [ -83.369907558097438, 9.042589909489038 ], [ -83.369673340614952, 9.042683903704432 ], [ -83.36948468231958, 9.042757993651092 ], [ -83.369187864858361, 9.042832358586034 ], [ -83.369009167820238, 9.042879484587822 ], [ -83.368913626928361, 9.042941121089045 ], [ -83.368695535920324, 9.043108209430038 ], [ -83.368345597637656, 9.043537762803741 ], [ -83.367977534659033, 9.043652041176257 ], [ -83.367598380869183, 9.04376268330323 ], [ -83.367124249738566, 9.043997242094523 ], [ -83.36701488874543, 9.044070943123991 ], [ -83.366871306646146, 9.044114792207282 ], [ -83.366239170646963, 9.044177526348028 ], [ -83.366206418321397, 9.044207642305635 ], [ -83.366028703834772, 9.044280085589214 ], [ -83.365030570483412, 9.044268683594693 ], [ -83.364874801343561, 9.044261757205259 ], [ -83.364151877383534, 9.044276763207357 ], [ -83.363883182175726, 9.044289018972465 ], [ -83.363374145101346, 9.044369593220717 ], [ -83.362718562256234, 9.044378942811335 ], [ -83.362555534462516, 9.04439592024001 ], [ -83.362011372747688, 9.044422614591694 ], [ -83.361659736382762, 9.044489318875899 ], [ -83.361192430985412, 9.044538714177659 ], [ -83.360747318436495, 9.044655680896119 ], [ -83.360164608388729, 9.04480580741005 ], [ -83.359526296964177, 9.044862117431091 ], [ -83.359181607402405, 9.044970930095946 ], [ -83.358900538616211, 9.045020720224938 ], [ -83.35874487143316, 9.044943845740416 ], [ -83.358512822862309, 9.044761030266949 ], [ -83.358404667435082, 9.044471403557296 ], [ -83.358225956838112, 9.04412974428759 ], [ -83.358024239212568, 9.044108594984738 ], [ -83.35774307921875, 9.044066492173789 ], [ -83.357061966971997, 9.04398782822458 ], [ -83.35641951281076, 9.043806543057993 ], [ -83.35617865484484, 9.043821952424189 ], [ -83.355824503689249, 9.043911504355464 ], [ -83.355609571154545, 9.044032992169154 ], [ -83.355457656722564, 9.044102111981562 ], [ -83.355249520394651, 9.044120345034315 ], [ -83.35481602866173, 9.04407542230684 ], [ -83.354364607433368, 9.044041679341817 ], [ -83.354112210652346, 9.044044661657876 ], [ -83.353808193489385, 9.044058674247573 ], [ -83.353415775819414, 9.043877887783916 ], [ -83.353187311134946, 9.043829472850618 ], [ -83.353009296643179, 9.043809031725511 ], [ -83.352565036259534, 9.043809929318185 ], [ -83.35225097021322, 9.043848380957 ], [ -83.351670468129228, 9.043907600497143 ], [ -83.351583043978664, 9.043914959639437 ], [ -83.35124962755944, 9.043909586746427 ], [ -83.350944349515572, 9.043881152521301 ], [ -83.350694143702171, 9.043874750980198 ], [ -83.350558041177919, 9.043880703568508 ], [ -83.349538086672524, 9.0439985999279 ], [ -83.349327275626294, 9.044017132277922 ], [ -83.349071050974302, 9.044064978765309 ], [ -83.348519051711477, 9.044353498584371 ], [ -83.347017541012789, 9.044982478102487 ], [ -83.346358345967886, 9.045330488361445 ], [ -83.345922465773413, 9.045475139102706 ], [ -83.344435424152323, 9.046105778795415 ], [ -83.344196041458162, 9.046199783040926 ], [ -83.343610617211198, 9.046352753017125 ], [ -83.343318076123879, 9.046492846909299 ], [ -83.342951872062386, 9.046700468193237 ], [ -83.342751647255923, 9.046778998800882 ], [ -83.342050869754985, 9.047015829813756 ], [ -83.341305597503336, 9.047555958359922 ], [ -83.341192623430913, 9.047692548418086 ], [ -83.340596488849798, 9.04803093192816 ], [ -83.339997077069938, 9.048300319709567 ], [ -83.339874358111132, 9.048338444869099 ], [ -83.339268673555097, 9.048650289311377 ], [ -83.339128761794413, 9.048654241457726 ], [ -83.339024611074677, 9.048575760877053 ], [ -83.338989398868122, 9.048551863242386 ], [ -83.338638310265893, 9.048344815103594 ], [ -83.338422557410141, 9.048278737186779 ], [ -83.338383628590279, 9.048252897849023 ], [ -83.338283238070701, 9.048122831489378 ], [ -83.338244684432453, 9.047941465226479 ], [ -83.338320021129846, 9.047346643322074 ], [ -83.3384174679165, 9.047056505861196 ], [ -83.338411920513053, 9.046946357964922 ], [ -83.338334220635318, 9.046743745204996 ], [ -83.338337569683375, 9.046493818454262 ], [ -83.338313902549942, 9.046354215905861 ], [ -83.338042512665155, 9.045899259100176 ], [ -83.337999678443822, 9.045526958927109 ], [ -83.337962550965443, 9.045426437740318 ], [ -83.337881128946535, 9.045375197245708 ], [ -83.337609699609558, 9.045299920751805 ], [ -83.337467343703125, 9.045288234706859 ], [ -83.337281549493326, 9.045309472566842 ], [ -83.337070972093514, 9.045299245347197 ], [ -83.336855577793244, 9.045316713292655 ], [ -83.336741218870898, 9.045290158680901 ], [ -83.336611117317275, 9.045277273836257 ], [ -83.33641614781142, 9.045227670434091 ], [ -83.336311073010734, 9.045163449901139 ], [ -83.336088680876372, 9.045162293242027 ], [ -83.335832845637441, 9.045180256981817 ], [ -83.335685900339683, 9.045196229762972 ], [ -83.335210628717689, 9.044911411381854 ], [ -83.335022958439666, 9.044805155715681 ], [ -83.334752526221223, 9.044584497972492 ], [ -83.334660299353786, 9.044443215689684 ], [ -83.334643934550314, 9.0443597937336 ], [ -83.334604405769284, 9.04428461200178 ], [ -83.334571365729474, 9.044177859135234 ], [ -83.334386146193168, 9.043931125626905 ], [ -83.334175051136071, 9.043921004366373 ], [ -83.333944833179913, 9.044056294167465 ], [ -83.333718208442505, 9.04421602120296 ], [ -83.333649560081696, 9.044232090256276 ], [ -83.333581771724397, 9.044195989848232 ], [ -83.33342416531471, 9.044182945412167 ], [ -83.33333789903142, 9.044139333824184 ], [ -83.333280993602685, 9.044071245288318 ], [ -83.333238091718385, 9.043792807365191 ], [ -83.33317480001746, 9.043661062189821 ], [ -83.333060324535012, 9.04352040818665 ], [ -83.332946733444004, 9.043447831240496 ], [ -83.332808867149382, 9.043418945128378 ], [ -83.332682461313382, 9.043335874420555 ], [ -83.332443745286753, 9.043028182539416 ], [ -83.332334104002669, 9.042939735266662 ], [ -83.332293294002298, 9.042864198362818 ], [ -83.332282813347277, 9.042761799338599 ], [ -83.332054823915087, 9.042763906782993 ], [ -83.331921325505689, 9.042684837463923 ], [ -83.331537876696231, 9.042610023319613 ], [ -83.331450954419537, 9.0426215739495 ], [ -83.331122614786565, 9.042804224678335 ], [ -83.330868418076676, 9.042866727781664 ], [ -83.330622817080268, 9.042978316052512 ], [ -83.330374543131711, 9.042980891751855 ], [ -83.330262823492362, 9.042993617445438 ], [ -83.330171288764376, 9.043143362704711 ], [ -83.330080363079531, 9.043219472921194 ], [ -83.329934112919318, 9.0432239074159 ], [ -83.329662400776428, 9.043348440301457 ], [ -83.329413813762542, 9.043495484044616 ], [ -83.32918867700019, 9.043273241640003 ], [ -83.328958726211198, 9.043111362150135 ], [ -83.328770992131069, 9.042947850915414 ], [ -83.32858799648524, 9.04270122735644 ], [ -83.328413539551363, 9.042514819405621 ], [ -83.327859243720141, 9.042083407022833 ], [ -83.32766141965773, 9.041946477650258 ], [ -83.327382696410766, 9.04183993384029 ], [ -83.326927141962116, 9.04150382057583 ], [ -83.326447785109252, 9.041123530264215 ], [ -83.32639551546508, 9.041097195086262 ], [ -83.326173971600852, 9.04102837819101 ], [ -83.325922561505848, 9.041025872780796 ], [ -83.325571419674432, 9.041051195186126 ], [ -83.325237436745965, 9.040942242568795 ], [ -83.324779095612627, 9.040765934749759 ], [ -83.324587518220639, 9.040689748814501 ], [ -83.324493259686349, 9.040538306663015 ], [ -83.324368452430249, 9.040448337367282 ], [ -83.324112119794123, 9.040344617316405 ], [ -83.324081067099328, 9.040276321971731 ], [ -83.324093229740441, 9.040046159388114 ], [ -83.324093300638324, 9.039998382885539 ], [ -83.324087040948967, 9.039965233319126 ], [ -83.32405423175166, 9.039912142968602 ], [ -83.323604204326074, 9.039697747172736 ], [ -83.323335742482911, 9.039592069327902 ], [ -83.322861811346471, 9.039446463448703 ], [ -83.322598239441263, 9.03937649457362 ], [ -83.323206763165146, 9.038784251774661 ], [ -83.323236639900756, 9.038752458216633 ], [ -83.32339468794639, 9.038584269306728 ] ] ] ] } },
{ "type": "Feature", "properties": { "Id": 5, "TERRITORIO": "SALITRE", "DECRETO": "13571", "AÑO": "1982", "CLASIF": "CREF y PAFT", "AE_2018": 2596.46, "AE_2019": 2453.91, "AE_2020": 2453.91, "AE_2021": 1770.13, "AE_2023": 3292.48, "AE_2024": 1450.38, "AE_2017": null, "AE_2022": 3222.56, "PRIMER DESEMBOLSO": 2025, "SEGUNDO DESEMBOLSO": null, "BLOQUE": "PACIFICO SUR" }, "geometry": { "type": "MultiPolygon", "coordinates": [ [ [ [ -83.183432139182685, 9.313552171465352 ], [ -83.176494961645048, 9.324631347525029 ], [ -83.176361754148132, 9.32484408067811 ], [ -83.17817942385841, 9.326880869573339 ], [ -83.188652785498903, 9.322599210408651 ], [ -83.198209601307369, 9.323289667965625 ], [ -83.207315686115848, 9.320589061437332 ], [ -83.211865995811849, 9.321273212973429 ], [ -83.216419029435031, 9.319922746901582 ], [ -83.212797010309984, 9.305903721334815 ], [ -83.222748848071134, 9.281278257847497 ], [ -83.230635277002577, 9.271026683217022 ], [ -83.22923536090974, 9.262073967518436 ], [ -83.226969762660573, 9.253482086533085 ], [ -83.23084279917596, 9.248739566762216 ], [ -83.240631663956322, 9.2444575219409 ], [ -83.24791156059878, 9.244919012278878 ], [ -83.2501850835162, 9.246277988737523 ], [ -83.259286003045162, 9.246062168642123 ], [ -83.263154972986754, 9.245162854530935 ], [ -83.265204679981025, 9.243356856618737 ], [ -83.269755193169999, 9.243135526541328 ], [ -83.272715600111781, 9.240425924530632 ], [ -83.276585807041741, 9.238169671805572 ], [ -83.276585903607071, 9.238169177426142 ], [ -83.277043310583878, 9.235819381849133 ], [ -83.277043637079714, 9.235819040734643 ], [ -83.279549009816606, 9.233200192805445 ], [ -83.281599908277599, 9.230037804698355 ], [ -83.290479216764794, 9.224623376604709 ], [ -83.297763049077886, 9.221014047956697 ], [ -83.301634996107069, 9.216949492932672 ], [ -83.301635485707777, 9.216948559882296 ], [ -83.304574193655995, 9.211345450525751 ], [ -83.30755983933588, 9.20565262269632 ], [ -83.307560382902494, 9.205651530605788 ], [ -83.308028492021307, 9.192994843741126 ], [ -83.305756997442614, 9.189827809821807 ], [ -83.313498143610403, 9.182375364891353 ], [ -83.316683490259564, 9.181700015354179 ], [ -83.317598520410797, 9.176501960227608 ], [ -83.316237234955267, 9.172206050017351 ], [ -83.314193783749815, 9.168135338672753 ], [ -83.31032746393555, 9.167227896920529 ], [ -83.311467329844533, 9.164516451321907 ], [ -83.310789596634876, 9.160220967190357 ], [ -83.309427825337465, 9.157055071376341 ], [ -83.307154553331301, 9.155696465476685 ], [ -83.308066592321381, 9.153436912814611 ], [ -83.305794977866142, 9.150496058486386 ], [ -83.304428654040152, 9.152077051953711 ], [ -83.302383914540584, 9.149814468305596 ], [ -83.295556653445729, 9.153198485991728 ], [ -83.292601933711808, 9.151160879360198 ], [ -83.29214894751459, 9.149126069371812 ], [ -83.289875036715387, 9.148490506628711 ], [ -83.289877665323559, 9.14595885160559 ], [ -83.286692822366874, 9.146407832195274 ], [ -83.282595234021954, 9.149341810380847 ], [ -83.281454444437017, 9.152731217689986 ], [ -83.275763826481466, 9.15634160591776 ], [ -83.273488160051954, 9.157243289826521 ], [ -83.263708205975874, 9.156328142972249 ], [ -83.249607007557657, 9.154732099696083 ], [ -83.248956391238224, 9.15408408263006 ], [ -83.248925375171368, 9.154053190390716 ], [ -83.246189514755002, 9.159022646713259 ], [ -83.243457680523704, 9.161278186932391 ], [ -83.242313671817172, 9.167153956076357 ], [ -83.242313299970661, 9.167154247339516 ], [ -83.237987250059902, 9.170539044008471 ], [ -83.230470878435995, 9.17844139698806 ], [ -83.22842304998521, 9.178891188092248 ], [ -83.226377055610953, 9.17775869668286 ], [ -83.22432382519807, 9.182502977169349 ], [ -83.21818499729099, 9.180009010659271 ], [ -83.216135131837063, 9.182040856964221 ], [ -83.212040505825939, 9.182035772613967 ], [ -83.20976946446909, 9.179320287266691 ], [ -83.209769229408764, 9.179321658343184 ], [ -83.208761629146494, 9.1851960982137 ], [ -83.211125647721303, 9.186555353298514 ], [ -83.214748720149501, 9.200122010778115 ], [ -83.214748203535095, 9.200122727545674 ], [ -83.210191338454536, 9.206445738472974 ], [ -83.207914700918266, 9.207799229704014 ], [ -83.207914624628074, 9.207799980880658 ], [ -83.207684063789699, 9.210059321417207 ], [ -83.207683747330208, 9.210059634459457 ], [ -83.207683686852604, 9.210060231061927 ], [ -83.206544737108459, 9.211188992616711 ], [ -83.201992578775943, 9.212764913766616 ], [ -83.201977388347601, 9.212781978364028 ], [ -83.200625888053125, 9.214344587198376 ], [ -83.199292075421837, 9.214121842118958 ], [ -83.199261200293307, 9.214116685855151 ], [ -83.196068925743532, 9.219311213070837 ], [ -83.194019003821651, 9.221116842246419 ], [ -83.194019257332826, 9.221117410614982 ], [ -83.197648928467089, 9.229258615171064 ], [ -83.199695195757641, 9.230165542139176 ], [ -83.202643006710886, 9.238532247172838 ], [ -83.20217817974472, 9.246443001326499 ], [ -83.202177989284408, 9.246443518976342 ], [ -83.200351493010245, 9.251413421623145 ], [ -83.198528632190772, 9.253445406790162 ], [ -83.198528641133024, 9.253445878771567 ], [ -83.198740291945313, 9.265199584586439 ], [ -83.199648085736953, 9.267009046535552 ], [ -83.19964780366513, 9.267009419315078 ], [ -83.197596848307171, 9.269718940655485 ], [ -83.197596882296409, 9.269719202932148 ], [ -83.198272737833761, 9.274918622202284 ], [ -83.198272521671399, 9.274918824245246 ], [ -83.194172137525314, 9.278756105822902 ], [ -83.192574834176028, 9.282144527688969 ], [ -83.189388686136397, 9.282592540093869 ], [ -83.186881320689864, 9.285979933199458 ], [ -83.184826589305445, 9.291402256758154 ], [ -83.184826611880055, 9.291402334565356 ], [ -83.185958652404679, 9.295246481449473 ], [ -83.185958568923837, 9.295246764253717 ], [ -83.182759094208919, 9.305866073210142 ], [ -83.18343220588801, 9.313552060409666 ], [ -83.183432139182685, 9.313552171465352 ] ] ] ] } },
{ "type": "Feature", "properties": { "Id": 11, "TERRITORIO": "UJARRAS DE BUENOS AIRES", "DECRETO": "13571", "AÑO": "1982", "CLASIF": "CREF y PAFT", "AE_2018": 6277.74, "AE_2019": 5384.07, "AE_2020": 5390.49, "AE_2021": 4397.79, "AE_2023": 7224.57, "AE_2024": 5911.48, "AE_2017": null, "AE_2022": 6329.62, "PRIMER DESEMBOLSO": 2023, "SEGUNDO DESEMBOLSO": 2024, "BLOQUE": "PACIFICO SUR" }, "geometry": { "type": "MultiPolygon", "coordinates": [ [ [ [ -83.216419029435031, 9.319922746901582 ], [ -83.224383242494241, 9.320384234699626 ], [ -83.225518516715567, 9.322555478171035 ], [ -83.228926550019395, 9.326719007515614 ], [ -83.230064128814433, 9.326946577522234 ], [ -83.235523146916691, 9.329213273520537 ], [ -83.236883400154241, 9.333057651829785 ], [ -83.241199314133127, 9.338940366925549 ], [ -83.2459775905578, 9.339624423771452 ], [ -83.250754910951457, 9.341122118173448 ], [ -83.255079313426961, 9.340765255835755 ], [ -83.260173622972289, 9.344160951966339 ], [ -83.262811526012655, 9.345746573282241 ], [ -83.268362583804659, 9.347560875560417 ], [ -83.271453807940503, 9.351180835997614 ], [ -83.273044777901404, 9.352990948443257 ], [ -83.279641340504099, 9.355937194358519 ], [ -83.287380047732086, 9.355266427486804 ], [ -83.289651592663176, 9.359473020070128 ], [ -83.290103969495576, 9.362276372923722 ], [ -83.291467811470554, 9.363860126168737 ], [ -83.299201193658945, 9.368614841623524 ], [ -83.302473537580781, 9.374268759700058 ], [ -83.30488462080649, 9.375627693388921 ], [ -83.310797014197021, 9.380381113077734 ], [ -83.312387534606074, 9.382869265308988 ], [ -83.321262871069379, 9.3842348910929 ], [ -83.32536037332811, 9.383787287562079 ], [ -83.327866556916732, 9.381529624639354 ], [ -83.332417466807158, 9.382890274787567 ], [ -83.332875688603608, 9.379952257580651 ], [ -83.334701846159788, 9.374076889451235 ], [ -83.337661860860393, 9.372949671117453 ], [ -83.337891045278397, 9.371367588149639 ], [ -83.341533028145562, 9.370918353388944 ], [ -83.342991085071944, 9.369337323679286 ], [ -83.344951232692907, 9.366626786403707 ], [ -83.343452674946249, 9.362782667107037 ], [ -83.344273510976294, 9.361201112921901 ], [ -83.344733214675699, 9.356906863788511 ], [ -83.347920912946364, 9.355327376089384 ], [ -83.348833270842633, 9.353293905905 ], [ -83.347015127106985, 9.350127890991084 ], [ -83.343830721034948, 9.347864828109055 ], [ -83.342922629844594, 9.345377539913004 ], [ -83.344296619260831, 9.337015448754293 ], [ -83.339526847590733, 9.326839267254439 ], [ -83.339987552855774, 9.320962644292498 ], [ -83.344090338317855, 9.314185371177043 ], [ -83.347278797260614, 9.311475790044739 ], [ -83.346143568560322, 9.308762221413998 ], [ -83.350698724223733, 9.304697835868712 ], [ -83.349975100049122, 9.300176279302843 ], [ -83.35047869685269, 9.297012123884278 ], [ -83.352986279594489, 9.29249370779937 ], [ -83.355036185987061, 9.290008792567649 ], [ -83.352991715890909, 9.28571240130545 ], [ -83.354816944664208, 9.279836843148447 ], [ -83.353003066198696, 9.271697948328439 ], [ -83.353919780734628, 9.264917544601936 ], [ -83.360978595351725, 9.257689350058673 ], [ -83.361437249915795, 9.254073148273944 ], [ -83.358260204606395, 9.24389863467035 ], [ -83.35758080564311, 9.239829320015948 ], [ -83.354860478701525, 9.228976842854586 ], [ -83.351227838108201, 9.220610054223393 ], [ -83.345542320655966, 9.218118573838792 ], [ -83.345999319679251, 9.215632457680346 ], [ -83.339859089099477, 9.21246322709084 ], [ -83.337890617611563, 9.211006191205849 ], [ -83.336360357857757, 9.209403876290189 ], [ -83.335296505076982, 9.209084697354731 ], [ -83.334174307527277, 9.209745362223355 ], [ -83.333492404474654, 9.209066591365955 ], [ -83.318929919741407, 9.211538897567726 ], [ -83.314609756127737, 9.209048470766845 ], [ -83.307560382902494, 9.205651530605788 ], [ -83.30755983933588, 9.20565262269632 ], [ -83.304574193655995, 9.211345450525751 ], [ -83.301635485707777, 9.216948559882296 ], [ -83.301634996107069, 9.216949492932672 ], [ -83.297763049077886, 9.221014047956697 ], [ -83.290479216764794, 9.224623376604709 ], [ -83.281599908277599, 9.230037804698355 ], [ -83.279549009816606, 9.233200192805445 ], [ -83.277043637079714, 9.235819040734643 ], [ -83.277043310583878, 9.235819381849133 ], [ -83.276585903607071, 9.238169177426142 ], [ -83.276585807041741, 9.238169671805572 ], [ -83.272715600111781, 9.240425924530632 ], [ -83.269755193169999, 9.243135526541328 ], [ -83.265204679981025, 9.243356856618737 ], [ -83.263154972986754, 9.245162854530935 ], [ -83.259286003045162, 9.246062168642123 ], [ -83.2501850835162, 9.246277988737523 ], [ -83.24791156059878, 9.244919012278878 ], [ -83.240631663956322, 9.2444575219409 ], [ -83.23084279917596, 9.248739566762216 ], [ -83.226969762660573, 9.253482086533085 ], [ -83.22923536090974, 9.262073967518436 ], [ -83.230635277002577, 9.271026683217022 ], [ -83.222748848071134, 9.281278257847497 ], [ -83.212797010309984, 9.305903721334815 ], [ -83.216419029435031, 9.319922746901582 ] ] ] ] } },
{ "type": "Feature", "properties": { "Id": 6, "TERRITORIO": "BRIBRI TALAMANCA", "DECRETO": "16307", "AÑO": "1985", "CLASIF": "CREF y PAFT", "AE_2018": 26115.89, "AE_2019": 26115.89, "AE_2020": 26100.49, "AE_2021": 26100.49, "AE_2023": 29109.57, "AE_2024": 27015.64, "AE_2017": null, "AE_2022": 28105.29, "PRIMER DESEMBOLSO": 2024, "SEGUNDO DESEMBOLSO": null, "BLOQUE": "TALAMANCA CARIBE" }, "geometry": { "type": "MultiPolygon", "coordinates": [ [ [ [ -82.886109272954798, 9.650285526842561 ], [ -82.894625274487638, 9.651569099184636 ], [ -82.902637372202221, 9.65742998435797 ], [ -82.906008267219917, 9.65430491064487 ], [ -82.90615917469934, 9.654076779943297 ], [ -82.906518836185967, 9.653550493624273 ], [ -82.906896750840474, 9.652970444945881 ], [ -82.907064069631247, 9.652662413580872 ], [ -82.907209717220226, 9.652347135175566 ], [ -82.907366465869686, 9.651952959432435 ], [ -82.907443691496908, 9.651551353126642 ], [ -82.907777969697563, 9.651046513397105 ], [ -82.907890832259724, 9.650806479385766 ], [ -82.907942191504219, 9.650577012090382 ], [ -82.907968530570102, 9.650257769349501 ], [ -82.907965527874552, 9.650067598613571 ], [ -82.907894067557265, 9.649801861967999 ], [ -82.907877144129117, 9.649443014889693 ], [ -82.907907929891323, 9.648865450691913 ], [ -82.907962963281733, 9.648618056849278 ], [ -82.908206231650155, 9.648303088949733 ], [ -82.908417132136819, 9.647934198418021 ], [ -82.908477119169888, 9.647270617677728 ], [ -82.908485540084442, 9.646901085408143 ], [ -82.908587368955054, 9.646718421259592 ], [ -82.908805336306557, 9.646399785278408 ], [ -82.908997694632191, 9.646174353237265 ], [ -82.909245245947417, 9.645651296539446 ], [ -82.909481488389332, 9.645271719804107 ], [ -82.909536172031821, 9.645131964103673 ], [ -82.909558951288076, 9.644794767908355 ], [ -82.909574796623474, 9.644364264515016 ], [ -82.90965869536987, 9.644134899615549 ], [ -82.909768444209902, 9.643736984105475 ], [ -82.909675939014789, 9.643101788329487 ], [ -82.915278095189763, 9.643565244424362 ], [ -82.916192423468743, 9.641984946263555 ], [ -82.920387501637734, 9.639959228673797 ], [ -82.920880785231333, 9.638789241657918 ], [ -82.922767792675785, 9.634313483039305 ], [ -82.927236974898477, 9.631836196856206 ], [ -82.935903205689144, 9.62620284538715 ], [ -82.939784989191878, 9.621237997960479 ], [ -82.946622521696256, 9.618765111049138 ], [ -82.954602686173175, 9.61426008284155 ], [ -82.957792940918694, 9.613362117733697 ], [ -82.956980973354277, 9.611540219453023 ], [ -82.956705589479625, 9.610953346989193 ], [ -82.956547106823521, 9.61062753218644 ], [ -82.956490022795037, 9.610510175108374 ], [ -82.956287241599455, 9.609827840805668 ], [ -82.956243915193966, 9.60955499725311 ], [ -82.956180834179818, 9.609157756310362 ], [ -82.956207831506532, 9.60821299482091 ], [ -82.956366182200682, 9.607663311572999 ], [ -82.956524750271598, 9.607041867821254 ], [ -82.956574201184281, 9.60663537423499 ], [ -82.956503688831617, 9.606049119826832 ], [ -82.956337319211485, 9.605283175495977 ], [ -82.955990185029265, 9.604516685711728 ], [ -82.955798980638178, 9.603989867288705 ], [ -82.955584224959694, 9.603283575189039 ], [ -82.955453938003089, 9.60254165930162 ], [ -82.955335517992566, 9.601859579456162 ], [ -82.955301564115601, 9.601141875867258 ], [ -82.955400463596746, 9.600328890673994 ], [ -82.955632323411464, 9.59938474706747 ], [ -82.955948135872205, 9.598572417623211 ], [ -82.956710737752246, 9.597462431142111 ], [ -82.957099798409502, 9.597018966006324 ], [ -82.957254923645507, 9.596842147855462 ], [ -82.95750904831651, 9.596496072072794 ], [ -82.957827205924147, 9.595732358700429 ], [ -82.95758577616435, 9.595049135036412 ], [ -82.956984997506851, 9.594473244745204 ], [ -82.956865624635526, 9.594102122670638 ], [ -82.956890420365468, 9.59387495695149 ], [ -82.957097147204465, 9.593265615704862 ], [ -82.957122454453184, 9.592871011350917 ], [ -82.956990993921906, 9.592511813720709 ], [ -82.956666140409936, 9.592343395318847 ], [ -82.956558307664082, 9.592139749876761 ], [ -82.956559075695637, 9.591888590223318 ], [ -82.956765287811507, 9.591446689424551 ], [ -82.956838505845596, 9.591147908384638 ], [ -82.95687458458238, 9.590645694812983 ], [ -82.957025516850322, 9.590153395593243 ], [ -82.957175878555887, 9.589847670140053 ], [ -82.957383596731788, 9.589628862267087 ], [ -82.966048353522623, 9.58399474572262 ], [ -82.966059641298585, 9.578118127327274 ], [ -82.966171071710036, 9.577915011469978 ], [ -82.966409815650081, 9.577865489213629 ], [ -82.966641265757502, 9.577837474549883 ], [ -82.966858513348512, 9.577723304886524 ], [ -82.966959995183601, 9.577637494548155 ], [ -82.967003960174566, 9.577443872680007 ], [ -82.966997512350346, 9.577185515830179 ], [ -82.966875187027583, 9.576991396989699 ], [ -82.966694934854232, 9.576825811589011 ], [ -82.966522065228034, 9.576610014430075 ], [ -82.966519103567308, 9.576595084858619 ], [ -82.966472213203232, 9.576358702996929 ], [ -82.966566789662664, 9.57616523193744 ], [ -82.966914394114511, 9.575979688993161 ], [ -82.96729817219115, 9.575787078633084 ], [ -82.967380058461586, 9.575732660521577 ], [ -82.967631425192039, 9.57556561148149 ], [ -82.967834580267876, 9.575329405807206 ], [ -82.967864193601727, 9.575099860339515 ], [ -82.967988728690429, 9.574562025708531 ], [ -82.96814859719413, 9.573823994067899 ], [ -82.968172034330564, 9.573715796032108 ], [ -82.968317997772203, 9.573264137449373 ], [ -82.968499916110474, 9.572877170520815 ], [ -82.968768420119318, 9.572547869119276 ], [ -82.969152451090224, 9.572269144291869 ], [ -82.96955061786484, 9.572098099476754 ], [ -82.969948350132796, 9.572070575767183 ], [ -82.970389486313678, 9.572036005644867 ], [ -82.970779709198339, 9.572101746065913 ], [ -82.971075446000214, 9.572332258457696 ], [ -82.971334126310381, 9.57286405430315 ], [ -82.971679286341569, 9.573489395463982 ], [ -82.972111899544004, 9.573885359757416 ], [ -82.972357223505043, 9.574051136981669 ], [ -82.97244331299683, 9.574287726746492 ], [ -82.977921509660547, 9.567517207403965 ], [ -82.977965118055835, 9.567257950196584 ], [ -82.978453508505922, 9.567133806105749 ], [ -82.978573900559113, 9.567083528553102 ], [ -82.978851651229718, 9.566967533769688 ], [ -82.979310363546276, 9.566693800069109 ], [ -82.979823226477734, 9.566444142898705 ], [ -82.980269601782609, 9.566266051377632 ], [ -82.980689978391226, 9.566165865559741 ], [ -82.980715762903543, 9.566159720305233 ], [ -82.981360495585861, 9.566137691862995 ], [ -82.982022698223986, 9.566319034094093 ], [ -82.982570037119345, 9.566631603047048 ], [ -82.983117448174212, 9.566920249655729 ], [ -82.983496750103328, 9.567011062258059 ], [ -82.983864143841288, 9.567053997845239 ], [ -82.984256080781464, 9.566947503558815 ], [ -82.984654185664851, 9.566793185047604 ], [ -82.985118865031637, 9.566537399260747 ], [ -82.985492852212332, 9.566388990576534 ], [ -82.985770119687402, 9.566347938119996 ], [ -82.986023130254068, 9.566360637784598 ], [ -82.986335767853603, 9.566582813587475 ], [ -82.986569269041411, 9.567079842797174 ], [ -82.986976535787974, 9.567900303443952 ], [ -82.987221130951212, 9.568158331912533 ], [ -82.987294865244806, 9.568236115659996 ], [ -82.98752315674956, 9.568458044622114 ], [ -82.987727703109897, 9.568560302379863 ], [ -82.987998542822652, 9.568656773696357 ], [ -82.988263533367643, 9.568693426835129 ], [ -82.988456172817777, 9.568747809474425 ], [ -82.988642573964597, 9.568873933890927 ], [ -82.988894983896486, 9.569089952771533 ], [ -82.989110187073052, 9.569174718039626 ], [ -82.989702882018761, 9.569230264544009 ], [ -82.990407789953593, 9.569235904120749 ], [ -82.990972031476431, 9.569133490648827 ], [ -82.991554360175599, 9.569027539576718 ], [ -82.991760528447628, 9.5689886699704 ], [ -82.991879780906345, 9.569003367530525 ], [ -82.992100029285638, 9.569093709345042 ], [ -82.992986798454638, 9.569812896458089 ], [ -82.993323464511008, 9.570062645616821 ], [ -82.993491867210551, 9.57016360024455 ], [ -82.9936219508226, 9.570183113025468 ], [ -82.993809958468646, 9.570174089217856 ], [ -82.993930528229185, 9.570150518581309 ], [ -82.994075394477292, 9.570060040706016 ], [ -82.994210861102445, 9.569888206626233 ], [ -82.994332146305069, 9.569620649374013 ], [ -82.99453096140634, 9.569214578807808 ], [ -82.994748619340442, 9.568956869157731 ], [ -82.994902997038579, 9.568909474141615 ], [ -82.995100700736955, 9.568881341940516 ], [ -82.99522597599821, 9.568896057600256 ], [ -82.995456998140781, 9.569011543795822 ], [ -82.995610619058141, 9.569222488027092 ], [ -82.996057106368667, 9.56982657259328 ], [ -82.996335807223105, 9.570119209000291 ], [ -82.996557176024623, 9.570239449235022 ], [ -82.99678831000594, 9.570316663603606 ], [ -82.997019668582055, 9.570317332075152 ], [ -82.997202884179913, 9.570298725638825 ], [ -82.99738150388616, 9.570203559420595 ], [ -82.997666570599961, 9.569969962540808 ], [ -82.998106154828747, 9.569641129178478 ], [ -82.998381566069227, 9.569412286316453 ], [ -82.998574945117412, 9.569214305070727 ], [ -82.998763270948871, 9.569096442947822 ], [ -82.998958541719389, 9.56907547627346 ], [ -82.99944637587825, 9.569141467893672 ], [ -83.000118498269174, 9.569233106694169 ], [ -83.000610194765741, 9.569255571058962 ], [ -83.001037984315559, 9.569250822548513 ], [ -83.001435842013123, 9.569180206687875 ], [ -83.001888272004678, 9.568990143076997 ], [ -83.002268472868181, 9.568775951175123 ], [ -83.002793568259236, 9.56846051491674 ], [ -83.003167586801524, 9.568300123968433 ], [ -83.003511373011634, 9.568175528718518 ], [ -83.004113937961748, 9.56815333723809 ], [ -83.004716398550386, 9.568167025501944 ], [ -83.005131738391512, 9.568299777329866 ], [ -83.005618803391187, 9.568630078370926 ], [ -83.00623147241194, 9.569277686933523 ], [ -83.006399649909156, 9.569457571996677 ], [ -83.006544077212709, 9.569517786531245 ], [ -83.006742830517979, 9.569542275313704 ], [ -83.006989977616485, 9.569501121553268 ], [ -83.007430391546379, 9.569299056923111 ], [ -83.007882663070518, 9.569162806424725 ], [ -83.008382840483492, 9.569128354123253 ], [ -83.008786357910751, 9.569183328007911 ], [ -83.00923180770549, 9.569322142551103 ], [ -83.010548735044068, 9.570204975373894 ], [ -83.011516547502097, 9.570973188641759 ], [ -83.012827255892844, 9.57192776038209 ], [ -83.013170285840758, 9.572066279066391 ], [ -83.01339911581907, 9.572108790319854 ], [ -83.01375445576474, 9.572157640499148 ], [ -83.014031470103035, 9.572206269655329 ], [ -83.014411276586401, 9.572336619303464 ], [ -83.014993950486087, 9.572529636656062 ], [ -83.015001372286264, 9.572531548152735 ], [ -83.01536963717453, 9.572626385185517 ], [ -83.015629822396107, 9.572660612178888 ], [ -83.016000938780664, 9.572671231480353 ], [ -83.016695149037545, 9.572630142853743 ], [ -83.017650862175486, 9.5725559839626 ], [ -83.018620895724268, 9.572558727992735 ], [ -83.019440235403195, 9.572584963852091 ], [ -83.019604793361765, 9.572609052382893 ], [ -83.020439982791302, 9.572731309937637 ], [ -83.020933507960507, 9.572918086487924 ], [ -83.021445244218484, 9.573057075066489 ], [ -83.022028923390224, 9.57332184646477 ], [ -83.022612552257911, 9.573604557457937 ], [ -83.023003720373126, 9.573767122766789 ], [ -83.023280874733615, 9.573767902877306 ], [ -83.023467839779826, 9.573702647867522 ], [ -83.023835661606128, 9.573602018398754 ], [ -83.024058828564122, 9.573518924229948 ], [ -83.024271872296737, 9.573443338795325 ], [ -83.024426733563786, 9.573388396271081 ], [ -83.024770333675278, 9.573329560377628 ], [ -83.025053512363698, 9.573330355965712 ], [ -83.025475165908745, 9.573367419660853 ], [ -83.025758003886125, 9.573487816855369 ], [ -83.026181316684657, 9.573788012747306 ], [ -83.026289804377839, 9.573876798991316 ], [ -83.026715106966165, 9.574224866659735 ], [ -83.028175907877056, 9.575473469576023 ], [ -83.028329188842221, 9.575565753866462 ], [ -83.028702812693126, 9.575790698384342 ], [ -83.028991569860267, 9.575949381528877 ], [ -83.029345399102255, 9.576108248310492 ], [ -83.02971393437241, 9.576181041763981 ], [ -83.030075239233398, 9.576253812820418 ], [ -83.030281857158201, 9.576425859185509 ], [ -83.036212890946288, 9.57055935493227 ], [ -83.039636107362796, 9.566270679635906 ], [ -83.040092830436492, 9.566258055420723 ], [ -83.040635119362392, 9.566245202261493 ], [ -83.041054639250646, 9.566181774525969 ], [ -83.041412803723745, 9.56608229546271 ], [ -83.041648618254186, 9.56597700327889 ], [ -83.042147570669641, 9.565754218019116 ], [ -83.042574651558198, 9.565572400667955 ], [ -83.042828042581633, 9.565451103053649 ], [ -83.043313432026792, 9.565100805620977 ], [ -83.043994894078708, 9.56444246868706 ], [ -83.044498746677007, 9.563952285145804 ], [ -83.045121612293471, 9.563562892120869 ], [ -83.045657337464192, 9.563309607902996 ], [ -83.046178523008109, 9.563084987724107 ], [ -83.046573516117263, 9.562956900921655 ], [ -83.046793467184159, 9.562942554405938 ], [ -83.047124839723352, 9.562943463390177 ], [ -83.047188118871262, 9.562937655472785 ], [ -83.0472966918785, 9.562893103093979 ], [ -83.047502130185009, 9.562681367850015 ], [ -83.04778971441722, 9.562287164404669 ], [ -83.048173136119757, 9.561986216146872 ], [ -83.04859241801897, 9.561790017707549 ], [ -83.048757251524762, 9.561720879316821 ], [ -83.048950622632802, 9.561639771035173 ], [ -83.049222759900715, 9.561525623892532 ], [ -83.049455001426836, 9.561424596046404 ], [ -83.049599991019107, 9.561284458914981 ], [ -83.049751492698874, 9.560967922417003 ], [ -83.049969866671901, 9.560436281029581 ], [ -83.050133691826588, 9.560021105453322 ], [ -83.050270188650401, 9.559683597884925 ], [ -83.050508958743777, 9.559400190203084 ], [ -83.050805214608658, 9.559027237166642 ], [ -83.051101411817911, 9.558675213368062 ], [ -83.051337432477155, 9.558296115640262 ], [ -83.051428468927938, 9.558057155901459 ], [ -83.051546590701122, 9.557827240424096 ], [ -83.051673807633307, 9.557576418168965 ], [ -83.051849191133115, 9.557337688356776 ], [ -83.052151360366679, 9.557003622286826 ], [ -83.05255916908007, 9.556595089858668 ], [ -83.053087061956035, 9.556336388227647 ], [ -83.053544100468386, 9.55612281498578 ], [ -83.059046475586172, 9.533755271068458 ], [ -83.057008130118916, 9.527197137633836 ], [ -83.056686206059112, 9.526946335370315 ], [ -83.056488240668656, 9.526640808918913 ], [ -83.056188667312682, 9.526041977729662 ], [ -83.056079086220606, 9.525759653402954 ], [ -83.055907512993116, 9.525317610276975 ], [ -83.055724600713887, 9.524875399879292 ], [ -83.055692067617926, 9.524796747802483 ], [ -83.055398226728826, 9.52430557314616 ], [ -83.054953483118283, 9.523921634568023 ], [ -83.054520804389725, 9.523531748531562 ], [ -83.054232430458072, 9.523243915083672 ], [ -83.054082563719618, 9.522974399696379 ], [ -83.053968729651643, 9.522746843344342 ], [ -83.053921390419731, 9.522435742769716 ], [ -83.053982455638916, 9.522136897331741 ], [ -83.054230435807, 9.521778756411654 ], [ -83.054538593708173, 9.521444698866231 ], [ -83.05491890902033, 9.521158679314032 ], [ -83.055130429582789, 9.52091406360006 ], [ -83.055335827598427, 9.520705311044473 ], [ -83.055378588345988, 9.52049014020948 ], [ -83.055361353425141, 9.520185100877157 ], [ -83.055271730650048, 9.519915749080091 ], [ -83.054971326079468, 9.519621905968407 ], [ -83.054382337368068, 9.519117970266272 ], [ -83.053793611828993, 9.518518354139488 ], [ -83.053487581122567, 9.518080967949569 ], [ -83.053194028212801, 9.517488129294307 ], [ -83.05300867954513, 9.51697930858713 ], [ -83.052895537543705, 9.516500583941434 ], [ -83.052734335257128, 9.515973887820412 ], [ -83.052518537002996, 9.515584588739186 ], [ -83.052476911898069, 9.515387128303555 ], [ -83.052453458166596, 9.515153835500504 ], [ -83.052444942282179, 9.514745961083571 ], [ -83.052444374264113, 9.514722049869718 ], [ -83.052438463945123, 9.514473245216294 ], [ -83.052377602039741, 9.514261380975665 ], [ -83.052248054271715, 9.51405291773747 ], [ -83.052021290846099, 9.513853260404783 ], [ -83.05236515690622, 9.513705486635441 ], [ -83.052607809467759, 9.513676778325229 ], [ -83.052859295339488, 9.51364702516419 ], [ -83.053118331133405, 9.513647727722789 ], [ -83.053256539723648, 9.513773686622857 ], [ -83.05337667596649, 9.513899596480224 ], [ -83.053430366866635, 9.514091109887888 ], [ -83.053495940412205, 9.514342455922078 ], [ -83.05360386350317, 9.514528136649956 ], [ -83.053772144697021, 9.514672117756671 ], [ -83.053904427214619, 9.514762178692667 ], [ -83.054151318165438, 9.51479872935543 ], [ -83.054645228089768, 9.514823987638717 ], [ -83.055211723782492, 9.514741798335038 ], [ -83.055748477152548, 9.514521982262915 ], [ -83.056201465156505, 9.51409263183089 ], [ -83.056497482793375, 9.513788439002054 ], [ -83.057166910339518, 9.513515158203452 ], [ -83.057643352576122, 9.513319096607795 ], [ -83.05801692853548, 9.51329020255298 ], [ -83.058498708229777, 9.513345324543348 ], [ -83.058992682414996, 9.513346656116907 ], [ -83.059369211041314, 9.513288436981677 ], [ -83.059486869158107, 9.513270244357662 ], [ -83.059991462266566, 9.513188319591633 ], [ -83.060174577516406, 9.512919661281645 ], [ -83.060425793917247, 9.512695481374077 ], [ -83.060792489188799, 9.512538589114957 ], [ -83.061192604154925, 9.512496606522186 ], [ -83.061476784889877, 9.512554780519682 ], [ -83.061727385373956, 9.512555453942577 ], [ -83.061779830318017, 9.512543588450242 ], [ -83.061915454482957, 9.512512902517186 ], [ -83.062103693059512, 9.512408155020367 ], [ -83.062350468226924, 9.512221038644794 ], [ -83.062672623273968, 9.51204967305355 ], [ -83.06294391081542, 9.511975050047885 ], [ -83.063135565784123, 9.511943271718954 ], [ -83.063363664596608, 9.511800358173048 ], [ -83.063697384216042, 9.511363498307093 ], [ -83.063795941603331, 9.511008537354225 ], [ -83.063966764936183, 9.510660944938904 ], [ -83.064460015210656, 9.510041516905595 ], [ -83.064692049490475, 9.509780205025519 ], [ -83.064801251496789, 9.509497033947847 ], [ -83.064823650873393, 9.509235158813603 ], [ -83.064951498525303, 9.509095563040461 ], [ -83.06512911222849, 9.508909456196557 ], [ -83.065512278511079, 9.508896127942307 ], [ -83.065906161224873, 9.508929475744768 ], [ -83.066310966724743, 9.508934145391068 ], [ -83.066567648591032, 9.508913302970161 ], [ -83.066846191486064, 9.508827931805989 ], [ -83.067034460527196, 9.508710024948403 ], [ -83.067349614225108, 9.508452520444367 ], [ -83.067642984357249, 9.508230837513548 ], [ -83.068215002838244, 9.507884314711854 ], [ -83.068786962006669, 9.507559317285978 ], [ -83.069108543972519, 9.507326412339109 ], [ -83.069057541786904, 9.506853492571567 ], [ -83.069106937594441, 9.50640869374946 ], [ -83.069099208737228, 9.506240096740342 ], [ -83.069088733090652, 9.506011556098562 ], [ -83.069041201572063, 9.505767434951315 ], [ -83.069007883228011, 9.505676073814433 ], [ -83.068821150357437, 9.505164040911756 ], [ -83.068591083919159, 9.504699359444414 ], [ -83.068101497962118, 9.503970857170247 ], [ -83.067659496103161, 9.503467337807814 ], [ -83.066919394120077, 9.502709458970942 ], [ -83.066409797729719, 9.50225360093998 ], [ -83.066336082884931, 9.502188940961883 ], [ -83.065933834817329, 9.501836104426769 ], [ -83.065684083301349, 9.501524463468225 ], [ -83.065213264348301, 9.500987374956917 ], [ -83.064934742337016, 9.500623032721236 ], [ -83.064704309078436, 9.500297089414406 ], [ -83.064498166143238, 9.49989945092978 ], [ -83.064392859591095, 9.499636038736554 ], [ -83.064331029648713, 9.499334468786234 ], [ -83.064307558087833, 9.499104765139474 ], [ -83.064284388110366, 9.499053795200807 ], [ -83.064163843479832, 9.498788622596969 ], [ -83.064106664297768, 9.498549259766047 ], [ -83.064055278886116, 9.497951099530786 ], [ -83.064032132295537, 9.497601790028476 ], [ -83.06391205666435, 9.49727614353575 ], [ -83.06374671447, 9.496938416442466 ], [ -83.063545796543764, 9.496392479788591 ], [ -83.063438499620005, 9.495975967609443 ], [ -83.063237212136144, 9.495566380451271 ], [ -83.063158379505992, 9.495314998334058 ], [ -83.063073294856608, 9.494704786587368 ], [ -83.063075654280837, 9.493836461271965 ], [ -83.063069441062211, 9.493463278278497 ], [ -83.063010853835607, 9.493352810608879 ], [ -83.06298428061568, 9.493302706674756 ], [ -83.059358041297699, 9.483351497533734 ], [ -83.078732741524036, 9.469142895686865 ], [ -83.079656096406751, 9.461233304368617 ], [ -83.092511423437116, 9.451308109871496 ], [ -83.102967525760434, 9.402501298870989 ], [ -83.058813541444607, 9.400171125492649 ], [ -83.023315442094699, 9.394460322270337 ], [ -83.005585845951174, 9.381093107917776 ], [ -83.005624320483946, 9.3598459591273 ], [ -82.991058528713211, 9.359819660567021 ], [ -82.963353565399999, 9.375319206841278 ], [ -82.961351035296488, 9.375134566760057 ], [ -82.961013410464417, 9.375164577158058 ], [ -82.960278894282368, 9.375126540356195 ], [ -82.959754987733206, 9.375136960902267 ], [ -82.9594538233289, 9.375165977541192 ], [ -82.959007857936598, 9.37529024852865 ], [ -82.958700511985811, 9.375373066012127 ], [ -82.958320710874048, 9.375521452494297 ], [ -82.957922809075015, 9.375681744388618 ], [ -82.957609404128291, 9.375776503957139 ], [ -82.957350355719726, 9.375817601824396 ], [ -82.957151413449438, 9.375894757490022 ], [ -82.956843511134608, 9.376162954213324 ], [ -82.956445145280128, 9.376478725897295 ], [ -82.956338499520612, 9.376537991977148 ], [ -82.955685163327956, 9.376901071709417 ], [ -82.954997546191009, 9.377287748337283 ], [ -82.954406666590017, 9.377543148139885 ], [ -82.953900696567842, 9.377595474883192 ], [ -82.953416863468448, 9.377595240121611 ], [ -82.953019785963377, 9.377479248568958 ], [ -82.952701968155139, 9.377438840276112 ], [ -82.952448783187677, 9.37753138090039 ], [ -82.952349174994112, 9.377573167221602 ], [ -82.952253438813727, 9.377613328595961 ], [ -82.952195406121774, 9.377688504238268 ], [ -82.952093319084113, 9.377794259080103 ], [ -82.952059642548988, 9.377829145277673 ], [ -82.934566231640503, 9.384575960124861 ], [ -82.934384798192411, 9.474988340045737 ], [ -82.840993082137032, 9.496942628698015 ], [ -82.841102720585582, 9.497178108430123 ], [ -82.841124234585138, 9.497224312708068 ], [ -82.841391093770142, 9.497397417672962 ], [ -82.841600538808379, 9.497448341572964 ], [ -82.841954593162441, 9.497485393553127 ], [ -82.842272314101763, 9.497579729443938 ], [ -82.842488674665489, 9.49772396331128 ], [ -82.842675858136531, 9.497947031982141 ], [ -82.842725586718231, 9.498205525140753 ], [ -82.842681086694398, 9.498542641541562 ], [ -82.842617824265133, 9.498771708600961 ], [ -82.8426222844855, 9.498831924994962 ], [ -82.842622432612345, 9.498833914366609 ], [ -82.842669994486982, 9.499020643326793 ], [ -82.842804532612149, 9.499135901298056 ], [ -82.842934446364495, 9.499193737571028 ], [ -82.84318500347716, 9.49919935076429 ], [ -82.843411581496753, 9.499171397116699 ], [ -82.843638350301291, 9.499086037581357 ], [ -82.843937416846941, 9.498996132755432 ], [ -82.844106073753807, 9.498996690322201 ], [ -82.844221514598019, 9.499059262459127 ], [ -82.844322193580993, 9.499212679510469 ], [ -82.844383971084767, 9.499471212403192 ], [ -82.844373468525049, 9.499729506402131 ], [ -82.844261914060837, 9.499944412497362 ], [ -82.844039209544576, 9.500254627145701 ], [ -82.843651975648882, 9.500770005700323 ], [ -82.843240532830194, 9.501318789105184 ], [ -82.843063916937652, 9.501679660335807 ], [ -82.842920293810209, 9.501973119928298 ], [ -82.842658216247059, 9.502527182686627 ], [ -82.842495918394334, 9.503143764271909 ], [ -82.842439753169415, 9.503724817817959 ], [ -82.842448063507106, 9.503889096152077 ], [ -82.842470253630154, 9.504327687103755 ], [ -82.842584845573811, 9.504643801447482 ], [ -82.842853905033948, 9.505000293502171 ], [ -82.84345444215981, 9.505542859449717 ], [ -82.843811539753219, 9.505872215642468 ], [ -82.844325901115099, 9.506247058530338 ], [ -82.844912757483627, 9.506559951726953 ], [ -82.845836756705779, 9.50692657833425 ], [ -82.846366156530607, 9.507129249126764 ], [ -82.846784659793741, 9.507350689828476 ], [ -82.847140534294482, 9.507567139258189 ], [ -82.847486226489863, 9.50794620568683 ], [ -82.847792681303446, 9.508530849073015 ], [ -82.848094173823611, 9.509158531647534 ], [ -82.848113230198948, 9.509207025619757 ], [ -82.848342643913512, 9.509790823416891 ], [ -82.848551536999594, 9.51072915161981 ], [ -82.848649870179898, 9.511585789824993 ], [ -82.848619532299026, 9.512011455615992 ], [ -82.848512284235682, 9.512379461358798 ], [ -82.848377135464759, 9.512804381848724 ], [ -82.847962233925415, 9.513664111127589 ], [ -82.847831256678219, 9.513922007745856 ], [ -82.847808825158964, 9.514144383071672 ], [ -82.847866101634466, 9.514309616847344 ], [ -82.848024741536634, 9.514424953136777 ], [ -82.848219742154129, 9.514475826665215 ], [ -82.848588439360469, 9.514462692133071 ], [ -82.848950053570917, 9.514406478135593 ], [ -82.849369783073399, 9.514264345642905 ], [ -82.84989827576608, 9.5140221087289 ], [ -82.850456063207403, 9.513665154473477 ], [ -82.850905567698334, 9.51326478709373 ], [ -82.851905580428081, 9.512521792411112 ], [ -82.852738425896348, 9.512050925172748 ], [ -82.854012559119127, 9.511473865453755 ], [ -82.854685086949559, 9.511389961887199 ], [ -82.855306632746348, 9.511420702990367 ], [ -82.855732748734766, 9.511529736286068 ], [ -82.856252645538959, 9.511696484625846 ], [ -82.856729004809438, 9.51191332001871 ], [ -82.857161469189265, 9.512287878380839 ], [ -82.857305181232036, 9.512546678325375 ], [ -82.857297213686849, 9.512769104130063 ], [ -82.857216653070992, 9.513084576696878 ], [ -82.856926346524091, 9.513435242186432 ], [ -82.856440824504773, 9.513799620571561 ], [ -82.8555569264051, 9.514406671257762 ], [ -82.854673168667844, 9.514970662180037 ], [ -82.853694072976467, 9.515943361091367 ], [ -82.853229537240409, 9.516515902083968 ], [ -82.853242916744094, 9.516838858034836 ], [ -82.853336002406294, 9.517104669354621 ], [ -82.853703150224092, 9.517557952918668 ], [ -82.854265348863052, 9.51804775430274 ], [ -82.85464215163347, 9.518496284630102 ], [ -82.854940977930127, 9.51902588620769 ], [ -82.855156580733762, 9.519403323247246 ], [ -82.855469042982406, 9.519637563403943 ], [ -82.85566146542638, 9.519739851978464 ], [ -82.855908242121131, 9.519800459823914 ], [ -82.856209412806649, 9.519807426498751 ], [ -82.856468436913772, 9.519808275472545 ], [ -82.857047120866341, 9.519690574164809 ], [ -82.857812740753957, 9.519513685129585 ], [ -82.858536211590717, 9.519330677123849 ], [ -82.859747968396306, 9.519041626444022 ], [ -82.8610440367233, 9.518758824022106 ], [ -82.861924046887069, 9.518600238604025 ], [ -82.862581176014046, 9.518440924520018 ], [ -82.863359095068176, 9.518186324147331 ], [ -82.863913895859113, 9.518002754943049 ], [ -82.864522478337193, 9.517950916051703 ], [ -82.864943966532337, 9.518006106588517 ], [ -82.865220941446694, 9.518042886943046 ], [ -82.86545549539224, 9.518157267829505 ], [ -82.865846035931298, 9.518463510704418 ], [ -82.866452331064963, 9.519105327962752 ], [ -82.867161054963773, 9.519741495804 ], [ -82.867750110109455, 9.520132101194482 ], [ -82.868496023275441, 9.520451455082812 ], [ -82.869326074958195, 9.520830877281933 ], [ -82.869867023145915, 9.521197404454025 ], [ -82.870527701628291, 9.521791551878142 ], [ -82.871344102563427, 9.522661277553276 ], [ -82.871956224880847, 9.523368884222206 ], [ -82.872423734877358, 9.524087983099838 ], [ -82.872457005508409, 9.524170537723815 ], [ -82.872674698574045, 9.52471070297983 ], [ -82.87288930512527, 9.525399083552456 ], [ -82.873019126266357, 9.526224729620338 ], [ -82.873010668995988, 9.526966208799452 ], [ -82.87294195385283, 9.527713472512565 ], [ -82.872674838552555, 9.528340496803043 ], [ -82.872352877405731, 9.529158700622267 ], [ -82.872284905883973, 9.529678731151099 ], [ -82.872161637299897, 9.530527475826885 ], [ -82.871977754199861, 9.531489642637732 ], [ -82.871896651957442, 9.532338525268624 ], [ -82.871918626200213, 9.532984423798416 ], [ -82.871982617271001, 9.533383847771281 ], [ -82.872100749871748, 9.533732260022914 ], [ -82.872272840813764, 9.534159780799047 ], [ -82.872542145108881, 9.534702429730579 ], [ -82.87292285309465, 9.535442775538451 ], [ -82.873271512239626, 9.536035913144257 ], [ -82.873692523649638, 9.536611344605465 ], [ -82.873947892707406, 9.536996078114962 ], [ -82.874249919504777, 9.537481425146048 ], [ -82.874324566582956, 9.537865576147169 ], [ -82.874319938856829, 9.53817412243682 ], [ -82.874261035913861, 9.538500434957507 ], [ -82.874148032344849, 9.538790692845216 ], [ -82.873919388008503, 9.539073400463487 ], [ -82.873647605676226, 9.539284208946714 ], [ -82.87331796552688, 9.539502006295482 ], [ -82.872742114965675, 9.539848172556839 ], [ -82.872346939444668, 9.540118677616418 ], [ -82.871954657665782, 9.540332683371441 ], [ -82.871496209863238, 9.540516573857522 ], [ -82.871121980320254, 9.540736616408378 ], [ -82.870614470684359, 9.541183462923746 ], [ -82.870076227138071, 9.541815584642148 ], [ -82.86979781386961, 9.542209351782537 ], [ -82.869591847361406, 9.542555517340087 ], [ -82.869259251728678, 9.542937149281721 ], [ -82.868835917791941, 9.543432102437743 ], [ -82.868493822926553, 9.543771246925196 ], [ -82.867985867185538, 9.544350838577628 ], [ -82.867738726399949, 9.544759057797087 ], [ -82.867650531723541, 9.545196499077647 ], [ -82.867656434370829, 9.545598365035138 ], [ -82.867734793293508, 9.545950236338152 ], [ -82.867885231443196, 9.546366925096228 ], [ -82.868179423907208, 9.547035235200859 ], [ -82.868631523444463, 9.548048502383953 ], [ -82.868996969637408, 9.549032780571197 ], [ -82.869232787821929, 9.549865946005799 ], [ -82.869346230211121, 9.550540844306536 ], [ -82.869366355047887, 9.551014515850408 ], [ -82.869255572808214, 9.551724564887254 ], [ -82.869036917852441, 9.552262042988358 ], [ -82.868775384839836, 9.552648688411086 ], [ -82.868622384834794, 9.553006983329484 ], [ -82.868628216593251, 9.553430377868182 ], [ -82.868771286174734, 9.553890096689317 ], [ -82.869015567399444, 9.554350146503266 ], [ -82.869231759104125, 9.554558949280775 ], [ -82.869794605439807, 9.554876516001777 ], [ -82.870466225565082, 9.555093974486693 ], [ -82.871073300598923, 9.555153352834552 ], [ -82.871622826704041, 9.555126433299632 ], [ -82.872223146737696, 9.555042270909661 ], [ -82.872837902575938, 9.554965328734147 ], [ -82.87345301039808, 9.554780751168845 ], [ -82.874235053974644, 9.554395787438583 ], [ -82.874850796574393, 9.554017459989078 ], [ -82.875582726886279, 9.553481637384778 ], [ -82.876154762068808, 9.553203626956087 ], [ -82.876740901239799, 9.553033300186355 ], [ -82.877246977219585, 9.553027759901477 ], [ -82.877586638577057, 9.553064734236987 ], [ -82.877774012161865, 9.553244735773429 ], [ -82.878278608549493, 9.553691267757641 ], [ -82.878912419430236, 9.554418075567717 ], [ -82.879445044497089, 9.555137380092255 ], [ -82.880295437664032, 9.555958168712033 ], [ -82.88062022078347, 9.556124258920823 ], [ -82.880966809162786, 9.556254541094621 ], [ -82.881205121534009, 9.55633424212658 ], [ -82.88140731187805, 9.556406652276509 ], [ -82.881522630634095, 9.556514660797589 ], [ -82.881630204127845, 9.556780514263796 ], [ -82.881614338490792, 9.557211016808262 ], [ -82.881460668990584, 9.557777416867149 ], [ -82.881227264611184, 9.558408141545511 ], [ -82.881138588831632, 9.558996277629396 ], [ -82.881056392122503, 9.559814063844909 ], [ -82.881074219455513, 9.560903991368027 ], [ -82.881074468476115, 9.560919205445423 ], [ -82.88107886045708, 9.56178750090605 ], [ -82.88113477318403, 9.562376102365745 ], [ -82.881219011495403, 9.562703594645329 ], [ -82.881391511635471, 9.563012711614762 ], [ -82.88160755432321, 9.563271739941769 ], [ -82.881852914039783, 9.563408870632021 ], [ -82.882214204441979, 9.563467440177098 ], [ -82.882532327702748, 9.563461287294063 ], [ -82.883002554687522, 9.563369512843193 ], [ -82.883515921917791, 9.563349635924032 ], [ -82.883913524716661, 9.563358089815452 ], [ -82.884101329984318, 9.563408923723228 ], [ -82.884241625400591, 9.563458579762493 ], [ -82.884253335947506, 9.563462723550906 ], [ -82.884437363245596, 9.563552126231615 ], [ -82.884970675321824, 9.563347943624377 ], [ -82.885931679940882, 9.563040146754455 ], [ -82.88584159327543, 9.564787495691434 ], [ -82.885685243065495, 9.565437607503574 ], [ -82.885490428943442, 9.566058892255763 ], [ -82.885419070848229, 9.566316242350448 ], [ -82.885337262887404, 9.566611279304999 ], [ -82.885246573643272, 9.566938350617544 ], [ -82.885157791620074, 9.567559975310642 ], [ -82.884825181842587, 9.569051491072553 ], [ -82.884329318359306, 9.570351123877765 ], [ -82.884113937581745, 9.571364622731565 ], [ -82.883602068506221, 9.572213616865938 ], [ -82.882122508198606, 9.573644030064655 ], [ -82.881556126237982, 9.574315686101718 ], [ -82.881048321985759, 9.574917871389728 ], [ -82.880017881725706, 9.576077037806799 ], [ -82.87903152033067, 9.577021066368921 ], [ -82.878552147204374, 9.577746174887377 ], [ -82.878406646306189, 9.577966260427745 ], [ -82.87814316817304, 9.578941327166529 ], [ -82.878004429704987, 9.579805713598374 ], [ -82.877892214492334, 9.580504852399235 ], [ -82.877729902830197, 9.581494596435197 ], [ -82.877479179902622, 9.582986362142414 ], [ -82.877068026937195, 9.584893809186584 ], [ -82.876818713297595, 9.585955027690099 ], [ -82.876787196533627, 9.586744268873112 ], [ -82.876813472484315, 9.587548049892693 ], [ -82.876891773708891, 9.58815600483806 ], [ -82.876926272897194, 9.588423870613179 ], [ -82.877082218913856, 9.589371588636107 ], [ -82.877151215465787, 9.590376431569963 ], [ -82.877218124496395, 9.590867943210679 ], [ -82.877441068269079, 9.592658865610989 ], [ -82.877400547168179, 9.592888361134868 ], [ -82.877302444485011, 9.593038736236377 ], [ -82.877164796328046, 9.593260999139222 ], [ -82.876562035413215, 9.593618735958382 ], [ -82.875716898197567, 9.594106344269008 ], [ -82.874896135147793, 9.59451030971916 ], [ -82.874649913594908, 9.594629107221703 ], [ -82.874312411026068, 9.594656713672453 ], [ -82.873984168478273, 9.594799163179214 ], [ -82.873739619872495, 9.594991042705105 ], [ -82.873598841784556, 9.595101501681569 ], [ -82.873510563650569, 9.595170766054439 ], [ -82.87321105146377, 9.595370716623258 ], [ -82.872853981921651, 9.595484367813761 ], [ -82.872593946075355, 9.595406977956483 ], [ -82.872161210129121, 9.595080264137088 ], [ -82.871536207173463, 9.594590271992587 ], [ -82.870843312265507, 9.594224437291999 ], [ -82.869973319716735, 9.593863346575022 ], [ -82.869696745999576, 9.59365451840538 ], [ -82.872187862406975, 9.600078952324036 ], [ -82.876279355050897, 9.603704097052844 ], [ -82.872140575927901, 9.621777074914332 ], [ -82.873953567783474, 9.625939776199875 ], [ -82.874626233172762, 9.63082329793099 ], [ -82.873710767813577, 9.632855530347685 ], [ -82.874021279107183, 9.636698567572697 ], [ -82.880070039271956, 9.64123189723686 ], [ -82.88256331850539, 9.646887717653005 ], [ -82.882726064613806, 9.646875135075438 ], [ -82.883008584825845, 9.646853291034809 ], [ -82.88323774946943, 9.646801411502297 ], [ -82.883409222844961, 9.646701506561927 ], [ -82.883445559703929, 9.646687391998642 ], [ -82.8838122850633, 9.646544943438457 ], [ -82.88412588005859, 9.646492803417729 ], [ -82.884475526353029, 9.6464346685061 ], [ -82.884548883806289, 9.646435633771047 ], [ -82.884933096735523, 9.646440689836817 ], [ -82.886109272954798, 9.650285526842561 ] ] ] ] } },
{ "type": "Feature", "properties": { "Id": 12, "TERRITORIO": "CABECAR DE TELIRE", "DECRETO": "16308", "AÑO": "1985", "CLASIF": "CREF y PAFT", "AE_2018": 8009.23, "AE_2019": 8009.23, "AE_2020": 7985.53, "AE_2021": 7985.53, "AE_2023": 10744.9, "AE_2024": 9481.9, "AE_2017": 1803.69, "AE_2022": 10751.35, "PRIMER DESEMBOLSO": 2026, "SEGUNDO DESEMBOLSO": null, "BLOQUE": "TALAMANCA CARIBE" }, "geometry": { "type": "MultiPolygon", "coordinates": [ [ [ [ -83.117243332814937, 9.596455146088715 ], [ -83.117770597486356, 9.596018414516573 ], [ -83.118241093384398, 9.595828244427208 ], [ -83.119013191365681, 9.595513255318494 ], [ -83.119634404904659, 9.595293562377007 ], [ -83.120171101394675, 9.595133458361147 ], [ -83.120605146116318, 9.595056818497881 ], [ -83.121177689731354, 9.595016408114901 ], [ -83.121623462804379, 9.595065382531246 ], [ -83.121990592977724, 9.595233761281294 ], [ -83.122417629701246, 9.595539838669222 ], [ -83.122722095716213, 9.59580230923344 ], [ -83.123046539282583, 9.596169126117214 ], [ -83.123298470162993, 9.596614696737523 ], [ -83.123543081852006, 9.597096132696791 ], [ -83.12366486420666, 9.597541377276002 ], [ -83.123721915850851, 9.597850104213562 ], [ -83.123793341550808, 9.598194749719198 ], [ -83.123857792403967, 9.598438909587889 ], [ -83.123987153433447, 9.598747819487359 ], [ -83.124109707371687, 9.598891656558367 ], [ -83.124304572427292, 9.59903567832651 ], [ -83.124557486991677, 9.599100903793367 ], [ -83.1247526452822, 9.5991301044764 ], [ -83.125005725765959, 9.599130744250557 ], [ -83.125302337625541, 9.599074083026263 ], [ -83.125577384374537, 9.598967131251456 ], [ -83.125903289096044, 9.598767016436041 ], [ -83.126156956058736, 9.598538011730362 ], [ -83.126439713219355, 9.598244496192761 ], [ -83.126621035469711, 9.598029662142688 ], [ -83.1268315195817, 9.597721610272089 ], [ -83.127128642509305, 9.597464008888565 ], [ -83.127302550831587, 9.597320920166156 ], [ -83.127708081264899, 9.597085121859248 ], [ -83.128091772483046, 9.596906678888958 ], [ -83.128794153251519, 9.596520922592688 ], [ -83.129409629504778, 9.596185182123573 ], [ -83.129786071228622, 9.59601389568901 ], [ -83.130140599312028, 9.595928668290915 ], [ -83.130400888896389, 9.595936498838572 ], [ -83.130653912522774, 9.595958662770503 ], [ -83.130856171278552, 9.596038111816668 ], [ -83.131043808593034, 9.596182109969105 ], [ -83.13124588844839, 9.596333321081659 ], [ -83.131426163284871, 9.59652753467077 ], [ -83.131548612066268, 9.596714428147218 ], [ -83.131663866267516, 9.596886949916568 ], [ -83.131829754004201, 9.59705242179967 ], [ -83.132017335683699, 9.597217947999534 ], [ -83.132183388093694, 9.597318836038299 ], [ -83.132450619925947, 9.597441502564852 ], [ -83.132667306079739, 9.597535338633204 ], [ -83.132963479788998, 9.597650902282842 ], [ -83.133266863104311, 9.597773662370177 ], [ -83.133498214691514, 9.597788591472789 ], [ -83.133664577788252, 9.597767480951553 ], [ -83.133860230506869, 9.597602912664733 ], [ -83.134012550090731, 9.597416707220102 ], [ -83.134295283657835, 9.597130359538077 ], [ -83.13457063616984, 9.596901404081274 ], [ -83.134932430276237, 9.596801838081953 ], [ -83.135229057385715, 9.59673799124306 ], [ -83.135583368937006, 9.596738875935888 ], [ -83.135944928135729, 9.596732603336857 ], [ -83.136212341066667, 9.59678350467928 ], [ -83.136479717758476, 9.596848757571493 ], [ -83.136848199649776, 9.596964500090305 ], [ -83.137527674108554, 9.597181006177774 ], [ -83.138018887697996, 9.59737360059901 ], [ -83.138452325995246, 9.597537343298715 ], [ -83.138905120654712, 9.597672428126241 ], [ -83.139348273999943, 9.597807490232691 ], [ -83.139675951633109, 9.597856146536992 ], [ -83.139994084183428, 9.597866506018857 ], [ -83.140331451980629, 9.597896049378257 ], [ -83.140736284176299, 9.597935327155916 ], [ -83.141343602258104, 9.59796554121742 ], [ -83.141815971366398, 9.597985848826854 ], [ -83.142365491196543, 9.597996779614721 ], [ -83.142915012961069, 9.598007709537729 ], [ -83.14338752480009, 9.597970604296563 ], [ -83.143696258226541, 9.597885251408339 ], [ -83.144091759784899, 9.597800112742572 ], [ -83.144458483673759, 9.597657491410279 ], [ -83.144757669064745, 9.59753383926925 ], [ -83.145182480772107, 9.597295673020183 ], [ -83.145529970084908, 9.597133866545025 ], [ -83.145790685536724, 9.596971843823477 ], [ -83.146205854187301, 9.596733656018293 ], [ -83.146659753016152, 9.596428581055827 ], [ -83.147181185260806, 9.596104535309246 ], [ -83.147519006938666, 9.595952271960888 ], [ -83.147837329841124, 9.595886073370828 ], [ -83.148222975335344, 9.595887022159543 ], [ -83.148521654611557, 9.595964306100983 ], [ -83.14882022194422, 9.596089431547279 ], [ -83.14913785261578, 9.596300720334154 ], [ -83.149464791346688, 9.596645990500274 ], [ -83.149840102648014, 9.5969244006903 ], [ -83.150273263116276, 9.59720295249326 ], [ -83.150917956192103, 9.597711665529582 ], [ -83.15159171751327, 9.59816303936676 ], [ -83.152275385937145, 9.598509181224863 ], [ -83.152997356042448, 9.598960670635885 ], [ -83.153584708368157, 9.599268301533954 ], [ -83.154316325595715, 9.599719812041908 ], [ -83.154903658662846, 9.600037008182284 ], [ -83.155471825908378, 9.600306316364817 ], [ -83.155914517218051, 9.600632725341923 ], [ -83.156308790674501, 9.601045134473216 ], [ -83.156780147186197, 9.60147686751554 ], [ -83.15723241221788, 9.601832005777201 ], [ -83.157646348940631, 9.602091366001382 ], [ -83.15807957010297, 9.602350772694889 ], [ -83.158696093404103, 9.602562778828757 ], [ -83.159138464456632, 9.602843520148161 ], [ -83.159559674281141, 9.603118911451627 ], [ -83.160076466827761, 9.603700260732028 ], [ -83.160473038642394, 9.604161710527942 ], [ -83.160809441253548, 9.604587131500324 ], [ -83.161185035930217, 9.60510655945663 ], [ -83.161086250460201, 9.605720879394962 ], [ -83.161027730673098, 9.605993443847007 ], [ -83.161099192113269, 9.606338084916812 ], [ -83.161149086448901, 9.606632437439099 ], [ -83.161177303944982, 9.6069195641441 ], [ -83.161128596795521, 9.607122777839741 ], [ -83.16105569611176, 9.607361817159727 ], [ -83.160946376163096, 9.607708410205397 ], [ -83.160885319713074, 9.608031202834846 ], [ -83.160824119445337, 9.608413796852473 ], [ -83.160702950706565, 9.608676636368019 ], [ -83.16038921998333, 9.608831366310492 ], [ -83.160112026563496, 9.608830693253488 ], [ -83.159846974266259, 9.608794166973537 ], [ -83.159521692220764, 9.608745532696163 ], [ -83.159063575131938, 9.608804222621044 ], [ -83.158725915717284, 9.608887126017674 ], [ -83.158243397617497, 9.60906536253446 ], [ -83.15791746514526, 9.609279862126794 ], [ -83.157635018635546, 9.609548833482728 ], [ -83.157579211593671, 9.60960197878291 ], [ -83.157253132070764, 9.609876277204982 ], [ -83.156987278312172, 9.610162687141225 ], [ -83.156793915843167, 9.61037750867864 ], [ -83.156552375784372, 9.610580252956272 ], [ -83.156274646022382, 9.610794866540992 ], [ -83.156032986804121, 9.611045452180798 ], [ -83.155923927188951, 9.611284398120182 ], [ -83.155898250495156, 9.611918252780878 ], [ -83.155872708114927, 9.612093615548915 ], [ -83.155769612305392, 9.612356496981693 ], [ -83.155612493074727, 9.612535525525191 ], [ -83.155666505128394, 9.612625361760951 ], [ -83.155707884319355, 9.612948401260677 ], [ -83.155676998879926, 9.613253323037839 ], [ -83.155592012191946, 9.613504290786935 ], [ -83.155519270967218, 9.613677543717058 ], [ -83.15536810223756, 9.613886485635982 ], [ -83.155120468443471, 9.614113132922494 ], [ -83.154812696492627, 9.614291790909485 ], [ -83.154541335070419, 9.614368871955451 ], [ -83.154179139116835, 9.614461279447664 ], [ -83.154139335706319, 9.614958746119834 ], [ -83.154100007687035, 9.615264842164262 ], [ -83.153925554389218, 9.61562802220581 ], [ -83.153616544532241, 9.615818635518396 ], [ -83.153192167708511, 9.615875007107689 ], [ -83.152806407476405, 9.615912334575404 ], [ -83.152343224961342, 9.616064295807226 ], [ -83.152033832500322, 9.616408003616733 ], [ -83.151840332099468, 9.616675451597244 ], [ -83.151588884079402, 9.616981024628746 ], [ -83.151414331740085, 9.617382475703071 ], [ -83.151374668591203, 9.617822530832369 ], [ -83.151142502056146, 9.618128154385806 ], [ -83.150717359802258, 9.618490714563871 ], [ -83.150311354326703, 9.618910732301874 ], [ -83.149885969338214, 9.619368974640414 ], [ -83.149537955830439, 9.619731721078539 ], [ -83.149247650417593, 9.620152023919095 ], [ -83.149015194938357, 9.620572465347022 ], [ -83.148821592084872, 9.62087818015217 ], [ -83.14858918341524, 9.621279488501413 ], [ -83.148433860126005, 9.621700119501226 ], [ -83.148372878377913, 9.621888695142433 ], [ -83.148297821258325, 9.622120801560467 ], [ -83.147950824587198, 9.622718047776971 ], [ -83.147473459067527, 9.638086858009553 ], [ -83.157722245530849, 9.63855310764756 ], [ -83.167284676660245, 9.641278365932774 ], [ -83.167519855070495, 9.635854176541011 ], [ -83.177093497612205, 9.630216392805679 ], [ -83.177576020573653, 9.630745270842361 ], [ -83.177780279492154, 9.631008893668939 ], [ -83.17806916776938, 9.6311650719742 ], [ -83.178575034646457, 9.631309805163173 ], [ -83.179177528284853, 9.631371042609896 ], [ -83.179804240980673, 9.631384494299603 ], [ -83.180575728644996, 9.631338484902768 ], [ -83.181166200169471, 9.631387728879705 ], [ -83.181503329598286, 9.631532057449286 ], [ -83.181876473958255, 9.631736274898675 ], [ -83.182165278634898, 9.631928332411192 ], [ -83.18277884814151, 9.632396255115111 ], [ -83.183115749308456, 9.632636266343843 ], [ -83.183464792536299, 9.632840426981625 ], [ -83.183910515731085, 9.632937166231045 ], [ -83.184380488026761, 9.632974160233537 ], [ -83.184778345638705, 9.632927258209959 ], [ -83.185224557063279, 9.632820666074187 ], [ -83.185598223223735, 9.632809586810479 ], [ -83.185983910620507, 9.632810496995509 ], [ -83.186490099252495, 9.632823652392133 ], [ -83.186887643564518, 9.632908312761444 ], [ -83.187224834572064, 9.633028715002931 ], [ -83.187477572494601, 9.633184802539629 ], [ -83.187742333805588, 9.633352874289042 ], [ -83.18799501323096, 9.633532882532581 ], [ -83.18827188580579, 9.633677063039197 ], [ -83.18858480325305, 9.633869172312748 ], [ -83.188716926457261, 9.634060854391011 ], [ -83.189158277297594, 9.635204597810214 ], [ -83.19622679454146, 9.629111045737515 ], [ -83.201918757064362, 9.630700374645954 ], [ -83.202561409035084, 9.630362957193707 ], [ -83.202945224977483, 9.630134194921581 ], [ -83.203372582503164, 9.629840947584894 ], [ -83.203582769260905, 9.629640489591042 ], [ -83.203778698816379, 9.629353882665269 ], [ -83.203894974414894, 9.62911014982766 ], [ -83.204025999651734, 9.628744452220143 ], [ -83.204207865556981, 9.628285575300247 ], [ -83.204469565269164, 9.627704881672038 ], [ -83.204658309377507, 9.627396728530707 ], [ -83.204861347522169, 9.627160372050493 ], [ -83.205078748757302, 9.626967106463376 ], [ -83.205353950144485, 9.626795504559599 ], [ -83.205672508032123, 9.626638356035016 ], [ -83.205904322237373, 9.626466653816371 ], [ -83.206244692921402, 9.626259316361258 ], [ -83.206433066100359, 9.62610904466262 ], [ -83.206563685356926, 9.625915578528302 ], [ -83.206636485564005, 9.625707627417967 ], [ -83.206774539254525, 9.62542806048303 ], [ -83.206970578880743, 9.625091216607315 ], [ -83.207166197984691, 9.624933782322003 ], [ -83.207491968615273, 9.62478382539601 ], [ -83.20774532431281, 9.624676758186736 ], [ -83.20805646339241, 9.624598531052033 ], [ -83.208324230821844, 9.624513025445847 ], [ -83.208678843205746, 9.624399016325267 ], [ -83.208961057617586, 9.624320720243841 ], [ -83.20922162604441, 9.624220847154294 ], [ -83.209417095354269, 9.624127998143912 ], [ -83.20977174040398, 9.623999634034952 ], [ -83.210104439278737, 9.623978866203501 ], [ -83.210437089978058, 9.623979626950437 ], [ -83.210632425611252, 9.623944188816251 ], [ -83.210878414666738, 9.623894517865402 ], [ -83.211095559019952, 9.623808896132209 ], [ -83.211312705099473, 9.623723272449221 ], [ -83.21156599245289, 9.623644909887064 ], [ -83.211913419194659, 9.623509350049501 ], [ -83.212195416212921, 9.623524347354872 ], [ -83.212491908623377, 9.623525023599818 ], [ -83.21273771448439, 9.623554288205122 ], [ -83.212997984335516, 9.623583587409724 ], [ -83.213294524832847, 9.623562734052149 ], [ -83.213540563160919, 9.623491530427618 ], [ -83.213967540747063, 9.623356145984985 ], [ -83.214322365986007, 9.623148836419082 ], [ -83.21451788139079, 9.623034457238651 ], [ -83.214865523737089, 9.622805598070196 ], [ -83.215133720806463, 9.622533501714592 ], [ -83.215365921443095, 9.622189557465989 ], [ -83.215482239485397, 9.621924289037569 ], [ -83.215576776963388, 9.621694855835992 ], [ -83.215596376474622, 9.62099830947751 ], [ -83.216026173303092, 9.621243757199316 ], [ -83.21620649750912, 9.621445108384313 ], [ -83.216307075899124, 9.621732396546207 ], [ -83.216385910842746, 9.622041164401002 ], [ -83.216341861487095, 9.622328126209258 ], [ -83.216333902030854, 9.62264387407833 ], [ -83.216362298931116, 9.622873588265993 ], [ -83.216455913988469, 9.623046034821913 ], [ -83.21662165968992, 9.623297589632156 ], [ -83.216772976551994, 9.623534759560696 ], [ -83.216938772287918, 9.623764781700691 ], [ -83.217090104263889, 9.623994774600263 ], [ -83.21721236527722, 9.624289288682851 ], [ -83.217305812296871, 9.62453350057247 ], [ -83.217348492229036, 9.624842189938835 ], [ -83.217319004433833, 9.625086123161067 ], [ -83.217267921478722, 9.62528694933099 ], [ -83.21721690453785, 9.625459069641661 ], [ -83.217129661347911, 9.62565981379397 ], [ -83.216956782303242, 9.625972451787227 ], [ -83.217099904570162, 9.626722349038239 ], [ -83.217120888287752, 9.627030985580518 ], [ -83.217235916326345, 9.627325485095238 ], [ -83.217343664745783, 9.627641495310751 ], [ -83.217458889569428, 9.627849875433443 ], [ -83.217559754960106, 9.628015163084468 ], [ -83.217747196233631, 9.628266766711484 ], [ -83.217970965117274, 9.62844668667177 ], [ -83.218201914989223, 9.62864815181314 ], [ -83.218425799879384, 9.628777836732789 ], [ -83.218685827089601, 9.628914780287053 ], [ -83.218931503950742, 9.629001452521981 ], [ -83.219227900885372, 9.629045183040613 ], [ -83.219517118897926, 9.629067368026174 ], [ -83.219900299373279, 9.6291112905938 ], [ -83.220225507922081, 9.629205322261063 ], [ -83.22050721431593, 9.629349488645596 ], [ -83.220680298533978, 9.629557998538591 ], [ -83.220809957369198, 9.629780764229103 ], [ -83.220903311362349, 9.630068033285415 ], [ -83.220975002004863, 9.630340904937761 ], [ -83.221082952104339, 9.63057079669394 ], [ -83.221241474318816, 9.630822331610627 ], [ -83.221371199726306, 9.631016391277278 ], [ -83.22151534025376, 9.631232010674404 ], [ -83.221775255650542, 9.631419186941578 ], [ -83.222035251669084, 9.631570480242919 ], [ -83.222316926157021, 9.63172899918025 ], [ -83.222620135050988, 9.631959330565874 ], [ -83.222843888987882, 9.632146422827525 ], [ -83.223081979887567, 9.632390961094421 ], [ -83.223226007218642, 9.632656818335091 ], [ -83.223456585897068, 9.633023340519857 ], [ -83.223564411241767, 9.633379058690457 ], [ -83.223602104627446, 9.633761892897793 ], [ -83.22363975797947, 9.634163861946021 ], [ -83.223725684495363, 9.634537235408329 ], [ -83.2238596948592, 9.634968125476423 ], [ -83.223955419588634, 9.635274539624559 ], [ -83.224128326651183, 9.63556198882212 ], [ -83.224378306968561, 9.635878319108281 ], [ -83.224695898026283, 9.63614695664981 ], [ -83.225100374973806, 9.63636794457101 ], [ -83.225553089402382, 9.636579474712134 ], [ -83.225928511180925, 9.636857808556998 ], [ -83.226178539566973, 9.637154999261943 ], [ -83.226303259629645, 9.637432770145216 ], [ -83.226389453065963, 9.637691319624384 ], [ -83.22647545045831, 9.638035984941935 ], [ -83.226580973884367, 9.638275439184801 ], [ -83.226773212518822, 9.638543793897968 ], [ -83.226975444902692, 9.638659071466694 ], [ -83.227283655198079, 9.638812861754836 ], [ -83.227630175157032, 9.63908156176146 ], [ -83.228217347349201, 9.639532605752425 ], [ -83.22832341612677, 9.639532843162661 ], [ -83.228738064416802, 9.639524203466651 ], [ -83.229085303299712, 9.639477135414252 ], [ -83.229422989507881, 9.639391772126974 ], [ -83.229780110089763, 9.639239470516216 ], [ -83.230233849368616, 9.639001266053178 ], [ -83.230629583163193, 9.638829912929062 ], [ -83.231015608487553, 9.638687241921632 ], [ -83.231295393492729, 9.638620886151285 ], [ -83.231912534940818, 9.638612692094016 ], [ -83.232375374384475, 9.638613722757224 ], [ -83.232915119060493, 9.638720178892433 ], [ -83.233271652435675, 9.63882622867512 ], [ -83.233849685942161, 9.639057163952248 ], [ -83.234340937689197, 9.639287903811017 ], [ -83.234735829038883, 9.639489723073277 ], [ -83.235111391501718, 9.639710637632746 ], [ -83.235467863946937, 9.639845387604399 ], [ -83.235766761479852, 9.639855621375487 ], [ -83.236239246176979, 9.63985666835838 ], [ -83.236682803325678, 9.639857650651251 ], [ -83.236875526180796, 9.639915489468059 ], [ -83.237193385907545, 9.640069290858799 ], [ -83.237559415079389, 9.640242338919938 ], [ -83.238089177816761, 9.64050186500911 ], [ -83.238657573009263, 9.640732769552137 ], [ -83.239303135904066, 9.640954275999768 ], [ -83.239736751614942, 9.641089193793837 ], [ -83.240343955574829, 9.641214926132612 ], [ -83.240854822840589, 9.641302169869414 ], [ -83.241298016965615, 9.641465814799792 ], [ -83.24169302238451, 9.641619783877735 ], [ -83.242020678952287, 9.641706621069968 ], [ -83.242328773448321, 9.641917812408726 ], [ -83.242569285869365, 9.642167126828168 ], [ -83.242838893618227, 9.64233995593624 ], [ -83.243098966930432, 9.642464920964498 ], [ -83.243378540212831, 9.642494242707302 ], [ -83.243648511161624, 9.642504400910658 ], [ -83.243957140323957, 9.642476371862969 ], [ -83.244236884192915, 9.642429142379012 ], [ -83.244622719365665, 9.642372577664423 ], [ -83.244921639483039, 9.642373232604744 ], [ -83.245162748258011, 9.642354622054512 ], [ -83.245461606406025, 9.642383982536947 ], [ -83.245663952686371, 9.64245140703418 ], [ -83.245924135399434, 9.64252852727193 ], [ -83.246193853409594, 9.642653511158034 ], [ -83.246434705629838, 9.642749723778127 ], [ -83.246636818732142, 9.642922402518057 ], [ -83.246935106185589, 9.643210115919038 ], [ -83.247223791501611, 9.6434786712872 ], [ -83.247483657176929, 9.643699320524485 ], [ -83.247772513026732, 9.643891324897183 ], [ -83.248061561845418, 9.643997212796512 ], [ -83.24850489072233, 9.644103435110308 ], [ -83.248822823861119, 9.644228524032632 ], [ -83.249198551711231, 9.644382441145757 ], [ -83.249535729696447, 9.644526706408579 ], [ -83.249757618683788, 9.644479346522521 ], [ -83.250075975636747, 9.644413057770297 ], [ -83.250317424079199, 9.644241346048904 ], [ -83.250654917601523, 9.644242080045824 ], [ -83.251030836517401, 9.644309877101799 ], [ -83.251223330839778, 9.64447296495123 ], [ -83.25135778096616, 9.64472204515573 ], [ -83.251492231283891, 9.64497112351091 ], [ -83.251645416109127, 9.645469030618729 ], [ -83.251741274249511, 9.645727596224681 ], [ -83.251894862392277, 9.646043697710219 ], [ -83.252067902628056, 9.646283292151947 ], [ -83.252404704350468, 9.646599792914637 ], [ -83.252683776550938, 9.64685875399687 ], [ -83.253030349223991, 9.647117861233914 ], [ -83.253319190270474, 9.64731943066375 ], [ -83.253828968615167, 9.647713347930704 ], [ -83.259297996604829, 9.645459182526336 ], [ -83.258878595708765, 9.645305968684266 ], [ -83.258539503269986, 9.644932056502697 ], [ -83.258142462971676, 9.644601077724188 ], [ -83.257817774228883, 9.644255903962486 ], [ -83.257550799190497, 9.643975443719048 ], [ -83.257421581556088, 9.643537395024293 ], [ -83.2573863317958, 9.643121077981492 ], [ -83.257430933718879, 9.642568577062852 ], [ -83.257518422243493, 9.642245820079033 ], [ -83.25762773526948, 9.641865697609926 ], [ -83.25776614669067, 9.641406694257951 ], [ -83.257824757384171, 9.641062345735856 ], [ -83.257760061550869, 9.640882792083158 ], [ -83.257573018493801, 9.640430266726941 ], [ -83.257393019928742, 9.64006387333488 ], [ -83.257227392300379, 9.63974057107068 ], [ -83.257004331762971, 9.639223376617922 ], [ -83.256889610515685, 9.638771005008344 ], [ -83.256919323401206, 9.638412240327176 ], [ -83.25698563579536, 9.637852610909244 ], [ -83.257167359726438, 9.637429585997207 ], [ -83.257377993157419, 9.637013798399291 ], [ -83.257552140449135, 9.636748640252502 ], [ -83.257646892452684, 9.636411544626533 ], [ -83.257553599412887, 9.636081223041533 ], [ -83.257445765309726, 9.635786749760571 ], [ -83.257345052010422, 9.635542530857418 ], [ -83.257266176957003, 9.635233767672837 ], [ -83.257267369507659, 9.634688350008224 ], [ -83.25731190488564, 9.634164556672632 ], [ -83.257457609609688, 9.633676864318446 ], [ -83.257747554135335, 9.633368894841286 ], [ -83.25812448698683, 9.632967816400575 ], [ -83.258363637773655, 9.632738682418159 ], [ -83.258494247526201, 9.632538017623798 ], [ -83.258711969047837, 9.632186833494206 ], [ -83.258864603749686, 9.631835507587009 ], [ -83.259104019224139, 9.631484369728787 ], [ -83.259343123184522, 9.631276762251536 ], [ -83.259654572909895, 9.631054955773322 ], [ -83.260074531059573, 9.630819031241064 ], [ -83.260538049966073, 9.630504255922936 ], [ -83.260885846495441, 9.630196407304654 ], [ -83.261139565235297, 9.629917064962932 ], [ -83.261407968069022, 9.629537280985586 ], [ -83.261596802653173, 9.629164501741057 ], [ -83.261930381837018, 9.628741796374927 ], [ -83.262278298058646, 9.628376535614928 ], [ -83.262677054660827, 9.62791090835759 ], [ -83.263508990764933, 9.627291659408217 ], [ -83.26322470821674, 9.626887022038309 ], [ -83.263183338262905, 9.626510162654126 ], [ -83.263136514610963, 9.6258701503899 ], [ -83.26304728625081, 9.625331717578799 ], [ -83.262969693154247, 9.624984682401992 ], [ -83.262759924986568, 9.624451972172906 ], [ -83.262574484736589, 9.623817645636214 ], [ -83.26243643437779, 9.623560187725287 ], [ -83.262135791784132, 9.623248561079128 ], [ -83.261750792593404, 9.62293077213895 ], [ -83.261323611841107, 9.622612894409972 ], [ -83.261100990512787, 9.622450945168765 ], [ -83.260607897827853, 9.622110098029916 ], [ -83.260193972581419, 9.621793440874432 ], [ -83.259914871688324, 9.621553623437341 ], [ -83.259587644808903, 9.621275428823898 ], [ -83.259424167886422, 9.621074132681279 ], [ -83.25929921644844, 9.620892059610052 ], [ -83.259213063107978, 9.620604810374875 ], [ -83.259069391134247, 9.620164338871996 ], [ -83.258877155709115, 9.619886431395166 ], [ -83.258626795663517, 9.619732795333992 ], [ -83.258443555124757, 9.61975153896473 ], [ -83.258260210268631, 9.619818127251111 ], [ -83.258047836792642, 9.61993249625945 ], [ -83.257797059668903, 9.619970231386901 ], [ -83.257585166189486, 9.619864522212739 ], [ -83.257344531156889, 9.619672628742368 ], [ -83.257181075405853, 9.619461764171376 ], [ -83.257066144431079, 9.619107472598674 ], [ -83.256970350761733, 9.618820204024431 ], [ -83.256778180513862, 9.618513589422527 ], [ -83.256518620770734, 9.61815898657902 ], [ -83.256268514083914, 9.617890522683474 ], [ -83.255941335588631, 9.617593186429685 ], [ -83.255835586832745, 9.617449425636408 ], [ -83.255778322901264, 9.617181376685197 ], [ -83.255836674819676, 9.616951852325036 ], [ -83.256010609658262, 9.61677999112082 ], [ -83.256280916830931, 9.616627472322788 ], [ -83.256589792040046, 9.616475036262409 ], [ -83.256985614947311, 9.616246235614954 ], [ -83.257323519638803, 9.616046018086521 ], [ -83.257671212534333, 9.615778839329012 ], [ -83.257884002477368, 9.615473094911742 ], [ -83.257981047733026, 9.615186240581057 ], [ -83.258029903078707, 9.61488971521146 ], [ -83.258021136546802, 9.614487806796431 ], [ -83.258031780040042, 9.614028527493913 ], [ -83.258109541594607, 9.613741631673232 ], [ -83.25828355335338, 9.61353149181142 ], [ -83.258563688751863, 9.613292873194998 ], [ -83.258901672879773, 9.613054378336873 ], [ -83.2592397624543, 9.612768040137164 ], [ -83.259413689765964, 9.612596175072643 ], [ -83.259520229514123, 9.612376320569693 ], [ -83.259597945927808, 9.612108559283328 ], [ -83.259598403647743, 9.611898048714892 ], [ -83.259598944577746, 9.611649262672396 ], [ -83.259541738856768, 9.611352507950469 ], [ -83.259426703418256, 9.611046060002577 ], [ -83.259336772202246, 9.6106518670616 ], [ -83.262982232395146, 9.609299709606073 ], [ -83.269824697429328, 9.600040144310167 ], [ -83.278034187573567, 9.589877767475345 ], [ -83.278052152193325, 9.589416049946506 ], [ -83.278246007377788, 9.588928442563208 ], [ -83.27842051955075, 9.588469502990025 ], [ -83.278710605632568, 9.588068214906782 ], [ -83.278903913296247, 9.587838965638738 ], [ -83.2793870022725, 9.587351959055074 ], [ -83.27981206144311, 9.586950952270607 ], [ -83.280401282043599, 9.58642588868733 ], [ -83.281173821594194, 9.585834225424653 ], [ -83.281801641603806, 9.58529010213703 ], [ -83.282438938644248, 9.584822548953865 ], [ -83.282931479208628, 9.584421675658444 ], [ -83.283337267386983, 9.584011056452765 ], [ -83.283694751462235, 9.583648178621917 ], [ -83.284189886057163, 9.583329458907224 ], [ -83.304004015047113, 9.581767164647715 ], [ -83.304062004827259, 9.582311200100515 ], [ -83.304236297323115, 9.5825328302572 ], [ -83.304434791642038, 9.582706665156078 ], [ -83.304645446009445, 9.582826698783638 ], [ -83.304862322229525, 9.582851053680692 ], [ -83.305115438112495, 9.582833619155943 ], [ -83.305736156527189, 9.582798978786922 ], [ -83.306157942156005, 9.582805804840486 ], [ -83.306392918235829, 9.582818234969945 ], [ -83.306754228639406, 9.582932588675163 ], [ -83.307187785827381, 9.583076988273925 ], [ -83.307560968897832, 9.583281072396408 ], [ -83.307874144492132, 9.583359445136461 ], [ -83.308247592971554, 9.583431957837291 ], [ -83.308633174861939, 9.583462628781925 ], [ -83.308934534181603, 9.583427345811829 ], [ -83.30933842505118, 9.583344423046892 ], [ -83.309676068088706, 9.583243427850281 ], [ -83.309935319983865, 9.58317217641477 ], [ -83.31013421457709, 9.583148648483677 ], [ -83.310429462066651, 9.583155217597991 ], [ -83.31061023290728, 9.583155577050276 ], [ -83.310887342845589, 9.583192011631915 ], [ -83.311158439772001, 9.583222452219987 ], [ -83.31144752599657, 9.583294793904903 ], [ -83.311772816951006, 9.583343283512388 ], [ -83.312152376002174, 9.583373940411235 ], [ -83.312580140039117, 9.583404690662872 ], [ -83.313146353039826, 9.583507482202325 ], [ -83.31430914437226, 9.583593513070557 ], [ -83.315231137805569, 9.583565431427537 ], [ -83.316026542198884, 9.583561021358991 ], [ -83.316623169896516, 9.583520333960674 ], [ -83.317153541009645, 9.583467553181608 ], [ -83.31753323254884, 9.58343241693254 ], [ -83.317955149761843, 9.583373441395654 ], [ -83.318274584097423, 9.583338185788641 ], [ -83.318557863778182, 9.583302858830349 ], [ -83.318955799344891, 9.583184029182201 ], [ -83.319154755111867, 9.583130595995877 ], [ -83.319299467023654, 9.58308303443248 ], [ -83.319534601111741, 9.583017708358978 ], [ -83.319709428619845, 9.58297618936405 ], [ -83.319890247348852, 9.5829526221268 ], [ -83.32005896812808, 9.582952953010514 ], [ -83.320239642192135, 9.583001151125693 ], [ -83.320383985045808, 9.583138987482057 ], [ -83.320498164686583, 9.583294706583859 ], [ -83.320612203502122, 9.583522191201657 ], [ -83.320678079559798, 9.583725659487973 ], [ -83.320755973999354, 9.583947093217859 ], [ -83.320845706639048, 9.584276201572585 ], [ -83.320887410863108, 9.584515504485697 ], [ -83.320941153618861, 9.584760812816048 ], [ -83.321000960947828, 9.584988192918209 ], [ -83.321060943057418, 9.585125863815097 ], [ -83.321163013780435, 9.585311462813742 ], [ -83.321289173539569, 9.585503087176223 ], [ -83.321499669850127, 9.585706838455401 ], [ -83.321625843639396, 9.585892482707351 ], [ -83.321782143627829, 9.586078187673118 ], [ -83.321884165679833, 9.586287706534753 ], [ -83.321986201546665, 9.5864912453654 ], [ -83.322088354447729, 9.586634978636759 ], [ -83.322148434060992, 9.58672480387558 ], [ -83.322238750328097, 9.5867608643075 ], [ -83.322389344446435, 9.586785082492311 ], [ -83.322614774247569, 9.586753226951551 ], [ -83.322896921604723, 9.58668201238377 ], [ -83.323222483668516, 9.586596528092564 ], [ -83.323772388002766, 9.586418183979889 ], [ -83.324032915511665, 9.586311040630822 ], [ -83.324409121256608, 9.58621130148537 ], [ -83.324756348267627, 9.586140210370054 ], [ -83.32505281563806, 9.586140787750946 ], [ -83.325153905497601, 9.58621275225439 ], [ -83.325305528009039, 9.586327876065367 ], [ -83.325449807667226, 9.586500395337493 ], [ -83.325615777926345, 9.586672958567501 ], [ -83.325846912077026, 9.58680258930576 ], [ -83.326157729524127, 9.58686060712369 ], [ -83.326367410612903, 9.586868190016437 ], [ -83.326714538961099, 9.586847336692149 ], [ -83.326967691377433, 9.586811944482111 ], [ -83.327329407855643, 9.586726524664302 ], [ -83.327712915377148, 9.586590912211387 ], [ -83.32823385549159, 9.586434036088386 ], [ -83.328516114640337, 9.586305399986632 ], [ -83.328822385537677, 9.586311045528518 ], [ -83.329309748541874, 9.586593446861285 ], [ -83.3295080004754, 9.586898841507967 ], [ -83.329633660721143, 9.587347627537696 ], [ -83.329741656441868, 9.587587059800846 ], [ -83.3299278316602, 9.587904392791931 ], [ -83.330234198502026, 9.588389410048904 ], [ -83.330594621373081, 9.588964242996655 ], [ -83.330877176531985, 9.589299700043055 ], [ -83.331183838855239, 9.589635205227632 ], [ -83.331556748529181, 9.589988778108877 ], [ -83.331905745071353, 9.590246618394428 ], [ -83.332278878480395, 9.590486559316245 ], [ -83.33271846181529, 9.590642903602703 ], [ -83.333254527966545, 9.590763545529834 ], [ -83.333820726581678, 9.590884246397653 ], [ -83.334284402685981, 9.591046613335781 ], [ -83.334862464565319, 9.591263025145267 ], [ -83.335211696259762, 9.591401247366139 ], [ -83.335627260714631, 9.591515676268997 ], [ -83.335934300426445, 9.591659800549129 ], [ -83.336367708882065, 9.591893874626161 ], [ -83.336614502072237, 9.592031899264214 ], [ -83.33698176854476, 9.592194078141018 ], [ -83.337505521309112, 9.5924522457846 ], [ -83.33791487696098, 9.592662350042087 ], [ -83.338366190290088, 9.592986162183365 ], [ -83.338732995087526, 9.593387563981128 ], [ -83.339009420832241, 9.593782809310857 ], [ -83.33930376483211, 9.59426181839272 ], [ -83.339556310336789, 9.594543387781078 ], [ -83.339874944283366, 9.594926752900124 ], [ -83.340295800085414, 9.595423946147006 ], [ -83.340831206815849, 9.595891449513941 ], [ -83.341384648734675, 9.59638291026668 ], [ -83.341956480084676, 9.596712931070746 ], [ -83.342311584543225, 9.596934887596678 ], [ -83.342630661842492, 9.597090989369976 ], [ -83.342913675361999, 9.597199176570681 ], [ -83.343274946452453, 9.597349375987799 ], [ -83.34352178109846, 9.597469457821601 ], [ -83.34396741629557, 9.597619816494209 ], [ -83.344328596370488, 9.59781786056608 ], [ -83.344822177256773, 9.598105862934137 ], [ -83.345273678657762, 9.59833996094717 ], [ -83.345791364841361, 9.598628007610813 ], [ -83.346236691309841, 9.598939840761771 ], [ -83.34662161304577, 9.599329305564298 ], [ -83.347066817064956, 9.599706923577751 ], [ -83.347379780458766, 9.599910853810414 ], [ -83.348095985621654, 9.600378691350661 ], [ -83.34907804056671, 9.600794418594564 ], [ -83.350456976252147, 9.586330081863837 ], [ -83.358573193187183, 9.575713758644293 ], [ -83.365973214921752, 9.549274854608331 ], [ -83.370558450264667, 9.510853960392961 ], [ -83.337553966861961, 9.517231517320413 ], [ -83.337553939534502, 9.517231519076873 ], [ -83.337288751882582, 9.517282749585535 ], [ -83.32979550674419, 9.518730213400328 ], [ -83.300347322356558, 9.54007691304643 ], [ -83.295596266789772, 9.543520404052545 ], [ -83.295531741670217, 9.543567169692393 ], [ -83.294391180206759, 9.544393810684848 ], [ -83.292426537298851, 9.54581769670437 ], [ -83.285821627588206, 9.543731501093685 ], [ -83.283361422240901, 9.542954392099068 ], [ -83.283093651194079, 9.542869807952062 ], [ -83.282639776585, 9.542844678181861 ], [ -83.282446997511826, 9.542834711462884 ], [ -83.282331437085389, 9.542777060200104 ], [ -83.282090661299037, 9.542671307105948 ], [ -83.281965542438613, 9.54257536003947 ], [ -83.281811343738639, 9.542555904906417 ], [ -83.281628205376066, 9.542545957633795 ], [ -83.281425627524868, 9.542612520288372 ], [ -83.281261072952887, 9.542669309778637 ], [ -83.281039750770887, 9.542745688655479 ], [ -83.280983185052108, 9.542761974794166 ], [ -83.280412775518059, 9.542926200127184 ], [ -83.279956834263189, 9.542997972192154 ], [ -83.279872759615088, 9.543011204919988 ], [ -83.279554683356537, 9.542991409769341 ], [ -83.279450449799796, 9.542917797593498 ], [ -83.279323665897365, 9.542828260164203 ], [ -83.279063933756788, 9.542569363781295 ], [ -83.27884263594251, 9.542367959868661 ], [ -83.278742848160391, 9.542308868193157 ], [ -83.27853454299462, 9.542185511255894 ], [ -83.278460400951673, 9.542155226174863 ], [ -83.278110750095891, 9.542012393776833 ], [ -83.277812095093182, 9.541925656722896 ], [ -83.277590437600196, 9.541896490391947 ], [ -83.277175945161957, 9.541886060723577 ], [ -83.276987268603904, 9.541861824955042 ], [ -83.276645891945606, 9.541817977500751 ], [ -83.276436865545236, 9.541752951300946 ], [ -83.276212381234544, 9.541683111747512 ], [ -83.275769230443146, 9.541548229043713 ], [ -83.275249040985685, 9.541374904105361 ], [ -83.274565016044832, 9.541182103699503 ], [ -83.274508020700594, 9.541154327268373 ], [ -83.274150927874956, 9.540980295352103 ], [ -83.27381359360443, 9.540950887345621 ], [ -83.273408700839681, 9.540959610354376 ], [ -83.273385901498116, 9.540962513897473 ], [ -83.272965146820084, 9.541016095706061 ], [ -83.272540952880775, 9.541034348636506 ], [ -83.272116720162018, 9.54107173620557 ], [ -83.272090206521511, 9.541064254168132 ], [ -83.27174098872338, 9.540965694128971 ], [ -83.271384538387977, 9.540859692007253 ], [ -83.271105287490144, 9.540715573431033 ], [ -83.270642963118746, 9.540532798976976 ], [ -83.270276647569048, 9.540532031552837 ], [ -83.270064449173077, 9.540588999754277 ], [ -83.269888915644486, 9.540821702935673 ], [ -83.269683584639679, 9.541197138043064 ], [ -83.269550122937133, 9.541627456811916 ], [ -83.2695375168814, 9.541653901790875 ], [ -83.269356458996555, 9.54203372561213 ], [ -83.268873855708108, 9.542319775290068 ], [ -83.268716568130742, 9.542618473081721 ], [ -83.268702295031886, 9.542784240724087 ], [ -83.268691856816233, 9.542905483895606 ], [ -83.268715318695854, 9.543204561285632 ], [ -83.268799057336807, 9.543491803506123 ], [ -83.268979193803688, 9.543779244536571 ], [ -83.269195478810545, 9.544066764998323 ], [ -83.269447888812039, 9.544366319324281 ], [ -83.269652153023372, 9.54464185435087 ], [ -83.269880464323535, 9.544941357847513 ], [ -83.270060551485287, 9.54525272367516 ], [ -83.270059711342526, 9.545647438857459 ], [ -83.269962725635025, 9.545922336415257 ], [ -83.269841514630514, 9.546256991987763 ], [ -83.269732350444158, 9.546591674581494 ], [ -83.269683463362071, 9.546914518228071 ], [ -83.269682800977165, 9.547225504905981 ], [ -83.269682036664463, 9.547584333038433 ], [ -83.269753546001709, 9.547955276425716 ], [ -83.269957173820956, 9.548529832726539 ], [ -83.270161260623041, 9.548889092419104 ], [ -83.270181499795726, 9.548926951441009 ], [ -83.270353298836525, 9.549248326748481 ], [ -83.270421071650432, 9.549558995834294 ], [ -83.270436836320485, 9.549631255230556 ], [ -83.270484043223874, 9.550097836326298 ], [ -83.270487133529613, 9.550172018469395 ], [ -83.270506970281957, 9.550648091689542 ], [ -83.270457930288288, 9.551042703899062 ], [ -83.270396864720666, 9.551425327279517 ], [ -83.2701429207751, 9.551843433099924 ], [ -83.269768013646129, 9.552476580360773 ], [ -83.26957208735746, 9.552799160283913 ], [ -83.269514068091823, 9.5528946855817 ], [ -83.269380826406845, 9.55321735361197 ], [ -83.269355986677681, 9.553564171057483 ], [ -83.269359933834551, 9.55357556970354 ], [ -83.26946377505223, 9.553875383622971 ], [ -83.269644222855476, 9.554019294838653 ], [ -83.270053548608047, 9.554199569972653 ], [ -83.270487002285449, 9.554367935307372 ], [ -83.27102888274618, 9.5545484874084 ], [ -83.271305656093148, 9.554728483260657 ], [ -83.271642505020083, 9.554992331750087 ], [ -83.271769505511855, 9.555118924216037 ], [ -83.271955152552835, 9.555303972759264 ], [ -83.272207650703024, 9.55556764414086 ], [ -83.272484450922988, 9.555735679236811 ], [ -83.272737278100053, 9.555843856911521 ], [ -83.272941678184026, 9.556059583720902 ], [ -83.273037597127185, 9.556287043589551 ], [ -83.273084883983671, 9.556717741123498 ], [ -83.27298779709912, 9.557040486197177 ], [ -83.272818305407583, 9.557410925074935 ], [ -83.272816352601311, 9.557413425458735 ], [ -83.272492056188071, 9.557828877486994 ], [ -83.272213956234125, 9.558270853885537 ], [ -83.271948313546702, 9.558521480381703 ], [ -83.271670492120847, 9.558831886368763 ], [ -83.271416694365229, 9.559178222339051 ], [ -83.271307530252187, 9.559512904996641 ], [ -83.271258334578064, 9.559979280158892 ], [ -83.271293593578093, 9.560397992538901 ], [ -83.271304278390858, 9.560487063675426 ], [ -83.271340954772555, 9.560792804938753 ], [ -83.271387886941611, 9.561390955667584 ], [ -83.271410967576202, 9.561869445910716 ], [ -83.27148240790747, 9.562276270541368 ], [ -83.271529794873686, 9.56265912119299 ], [ -83.271504317666839, 9.563304965323377 ], [ -83.271515148860814, 9.563879118564881 ], [ -83.271429621910997, 9.564429147989804 ], [ -83.271417842966073, 9.564521097797067 ], [ -83.271380605267851, 9.564811796429911 ], [ -83.271319611677114, 9.565158539846905 ], [ -83.271210545202592, 9.565445373546911 ], [ -83.270980869874677, 9.565779802952335 ], [ -83.270835954496064, 9.565923030913201 ], [ -83.270654760935656, 9.566125987834754 ], [ -83.270401240421023, 9.566340754485237 ], [ -83.270340628057042, 9.566508082806775 ], [ -83.270316067899032, 9.56672332848516 ], [ -83.27027935421863, 9.566986393865815 ], [ -83.27021869063482, 9.567177643757056 ], [ -83.269916939517913, 9.567404268565898 ], [ -83.269639467849402, 9.567547217240234 ], [ -83.269229309390639, 9.567749693483709 ], [ -83.268855429062, 9.56789243860084 ], [ -83.268553470057697, 9.56821475030528 ], [ -83.268396298335816, 9.568453638089359 ], [ -83.26829925413054, 9.568752459462548 ], [ -83.268238360623769, 9.569051356977262 ], [ -83.268237362724506, 9.569517834440006 ], [ -83.268272925154875, 9.569793015312722 ], [ -83.268264406968839, 9.569962955559992 ], [ -83.268260338096027, 9.570044167578786 ], [ -83.268235315589109, 9.57047471273089 ], [ -83.268184046696121, 9.570746276654395 ], [ -83.268174368598594, 9.57079753176841 ], [ -83.268125654042507, 9.57103665151825 ], [ -83.268076707207953, 9.571383415704844 ], [ -83.26802801807257, 9.571610573721394 ], [ -83.267906792410386, 9.571945227305882 ], [ -83.267840419132099, 9.572429758038124 ], [ -83.267816941694619, 9.572601154886922 ], [ -83.267804900377513, 9.572689053344353 ], [ -83.225196459122031, 9.592530962823641 ], [ -83.216269197142907, 9.592520229368624 ], [ -83.216036430704676, 9.591923215560087 ], [ -83.215784174312304, 9.591563818221118 ], [ -83.215520060573425, 9.591120668087393 ], [ -83.215388156099166, 9.590833309010481 ], [ -83.215292542048601, 9.590486227689897 ], [ -83.215233055160439, 9.590151187971001 ], [ -83.215185647960581, 9.589804214001354 ], [ -83.215210767845718, 9.58936171869669 ], [ -83.215356345967834, 9.588943417540538 ], [ -83.215525806074979, 9.588620859569259 ], [ -83.215731531893212, 9.588250535325255 ], [ -83.216131202890026, 9.587390258093409 ], [ -83.216446072332701, 9.586721161595948 ], [ -83.216748943368898, 9.586028114360738 ], [ -83.21688266161091, 9.585526059581863 ], [ -83.216991752645825, 9.585251205229598 ], [ -83.21698036074099, 9.584964118914044 ], [ -83.217089835369194, 9.58452181184499 ], [ -83.217211224486348, 9.58413933967106 ], [ -83.217223987326008, 9.583828382834593 ], [ -83.217261402079671, 9.583278267464687 ], [ -83.217358907815765, 9.582800051955639 ], [ -83.217419928890237, 9.582465286186022 ], [ -83.21757747221649, 9.582082893534242 ], [ -83.217783269906079, 9.581676688197964 ], [ -83.217892305815937, 9.581425754650832 ], [ -83.218098349054259, 9.580911902286887 ], [ -83.218255726585596, 9.580601273086584 ], [ -83.218449253644394, 9.5802907270551 ], [ -83.218715306039769, 9.579884653108673 ], [ -83.218969116473474, 9.579562282677276 ], [ -83.219186800377329, 9.579227869077616 ], [ -83.219474653758198, 9.578510611636453 ], [ -83.212380791415924, 9.56946100664158 ], [ -83.212267605614386, 9.56968520498801 ], [ -83.212043132156481, 9.56982822589441 ], [ -83.211768013266877, 9.569985487401851 ], [ -83.211442331589552, 9.570121101134109 ], [ -83.211087711601891, 9.570263825747537 ], [ -83.210776540781751, 9.570377944513156 ], [ -83.210472596973119, 9.570492077609689 ], [ -83.210089121023003, 9.570606027669097 ], [ -83.20951740507131, 9.57082719951554 ], [ -83.209329231549461, 9.570905713946784 ], [ -83.2091119556558, 9.571063101292248 ], [ -83.208938142207131, 9.571184706346035 ], [ -83.208720749730745, 9.571392330053287 ], [ -83.208568445866007, 9.571592925041507 ], [ -83.20834367070313, 9.571865118834435 ], [ -83.208191251897546, 9.572115950250462 ], [ -83.208038747932562, 9.572402664361864 ], [ -83.207864503003236, 9.57271085782854 ], [ -83.207741086482073, 9.572925870382972 ], [ -83.207682827308915, 9.57310515045838 ], [ -83.207602825491307, 9.573305911747379 ], [ -83.207537170765505, 9.573556937225149 ], [ -83.207442608942316, 9.57380072332902 ], [ -83.207260832249659, 9.574238077130367 ], [ -83.207144512508123, 9.574510517614438 ], [ -83.207006416557363, 9.574818793053476 ], [ -83.206875451372213, 9.575170142818767 ], [ -83.206840419392947, 9.575466692100431 ], [ -83.206707318223394, 9.575699625276274 ], [ -83.206592307200538, 9.575926619857777 ], [ -83.20643516167614, 9.576135574738517 ], [ -83.206265992134973, 9.576332542245293 ], [ -83.206072816436759, 9.576487591879925 ], [ -83.205897744848201, 9.576630721240747 ], [ -83.205704626236894, 9.576761847600114 ], [ -83.205366798127599, 9.576934507084934 ], [ -83.205101428743447, 9.577041548038878 ], [ -83.20485428695207, 9.577082842746732 ], [ -83.204571120992796, 9.577070233892089 ], [ -83.204372336917174, 9.577045854932505 ], [ -83.204107524243739, 9.57691367920927 ], [ -83.203920917277912, 9.57683550533989 ], [ -83.203734336448733, 9.576745369855974 ], [ -83.203559655850242, 9.576721047573765 ], [ -83.203378920696053, 9.576708672883937 ], [ -83.20324026583306, 9.576738255742457 ], [ -83.2030352480445, 9.576803570850824 ], [ -83.20273364150087, 9.576946407821474 ], [ -83.20238981496415, 9.577107087103396 ], [ -83.202136480525809, 9.57722013325504 ], [ -83.201865182972981, 9.577285293392503 ], [ -83.201618068735471, 9.577314627854568 ], [ -83.20147345849378, 9.577314295047355 ], [ -83.201232344812155, 9.577355602806241 ], [ -83.200942758967244, 9.577510427365111 ], [ -83.200803839746769, 9.577653639009098 ], [ -83.200640649305598, 9.577868556858414 ], [ -83.200459256184317, 9.578137257015674 ], [ -83.200301948421284, 9.578411994263979 ], [ -83.200114279651373, 9.578788328419158 ], [ -83.199902533281858, 9.579152645327843 ], [ -83.199763500896168, 9.579343697039954 ], [ -83.199612372808986, 9.579552665834624 ], [ -83.199443237969419, 9.579731688165834 ], [ -83.199219986998713, 9.57986274100873 ], [ -83.19898471402901, 9.579981804364605 ], [ -83.198665068598459, 9.580106656121108 ], [ -83.19839390857895, 9.580112009415368 ], [ -83.198164924964402, 9.580117461811325 ], [ -83.197990185317735, 9.580117057803308 ], [ -83.19767205552705, 9.580237923113859 ], [ -83.197490785208686, 9.58045279917904 ], [ -83.197430166866852, 9.58060814835064 ], [ -83.197453311374986, 9.581014869645053 ], [ -83.197452637029471, 9.581301929254112 ], [ -83.197391315956096, 9.581756299489756 ], [ -83.197390163763473, 9.582246690018918 ], [ -83.197400977165316, 9.582772991098768 ], [ -83.197376283366808, 9.583024110400906 ], [ -83.197291590731737, 9.583167445815763 ], [ -83.19707405239582, 9.583430080133553 ], [ -83.196844491846264, 9.583680724879036 ], [ -83.196639089057427, 9.583907507731432 ], [ -83.196566220799582, 9.584146553722608 ], [ -83.196481298758201, 9.584385571750822 ], [ -83.196372415417443, 9.584564733662431 ], [ -83.196275529344334, 9.584767842835182 ], [ -83.196094368191638, 9.584934875508699 ], [ -83.19590121314495, 9.58507795714592 ], [ -83.195587460143813, 9.585256639883974 ], [ -83.195177156297987, 9.585494904111664 ], [ -83.194658309383229, 9.58576879849122 ], [ -83.194272247421523, 9.585947315544551 ], [ -83.193802000341265, 9.586053867067349 ], [ -83.193392120066974, 9.58611271764827 ], [ -83.193054685134669, 9.586111932283853 ], [ -83.19250027591832, 9.586134564294515 ], [ -83.192114780418351, 9.586073861957511 ], [ -83.191645067080316, 9.585953158730929 ], [ -83.191380423469127, 9.585749206157455 ], [ -83.191212076367563, 9.585593324248986 ], [ -83.19098378543589, 9.58530573087341 ], [ -83.190815438733281, 9.585149848801292 ], [ -83.190574756375668, 9.58500575750419 ], [ -83.190201426134777, 9.584897237226532 ], [ -83.189948351944636, 9.584896645981015 ], [ -83.189598645050225, 9.58499151553348 ], [ -83.189333263440318, 9.585098541643259 ], [ -83.188838770801539, 9.585264835566516 ], [ -83.188549428997916, 9.585312000926514 ], [ -83.188308578860116, 9.585239673306255 ], [ -83.188055760482627, 9.585131434710153 ], [ -83.187754736725722, 9.585023083001042 ], [ -83.187525880111423, 9.584974702408861 ], [ -83.187320928001128, 9.585010104796662 ], [ -83.186946248630846, 9.5852506972359 ], [ -83.187005899204706, 9.584870561795183 ], [ -83.186910241792702, 9.584554571192307 ], [ -83.186737777389311, 9.584104442146442 ], [ -83.186498033952731, 9.583568035807096 ], [ -83.186354561319092, 9.583089265172289 ], [ -83.186297559868763, 9.582735091888154 ], [ -83.186240511091697, 9.582400056930698 ], [ -83.186270345218418, 9.582017379740632 ], [ -83.18638674104686, 9.581721026828955 ], [ -83.18661937440163, 9.581195297787582 ], [ -83.186900344907031, 9.580612268302282 ], [ -83.187065308773882, 9.580162930348497 ], [ -83.18718186251543, 9.579799592821781 ], [ -83.187259899868408, 9.579417031955538 ], [ -83.187299735916568, 9.578881279349805 ], [ -83.187281592978024, 9.578402806247846 ], [ -83.187253376398075, 9.578106112191225 ], [ -83.187177023591261, 9.57778059948153 ], [ -83.186936964354516, 9.577378154756344 ], [ -83.186677780733902, 9.576908684103424 ], [ -83.186360710324251, 9.576458214206806 ], [ -83.186014946757297, 9.575911989938659 ], [ -83.185659336082367, 9.575451859888085 ], [ -83.185438264284471, 9.575173849782125 ], [ -83.185111464604731, 9.574761633019705 ], [ -83.184669572295931, 9.574100358483346 ], [ -83.184583125003201, 9.573966195299773 ], [ -83.184400891670947, 9.573573450654354 ], [ -83.18411292956263, 9.573046499153298 ], [ -83.183738296934621, 9.572481068585084 ], [ -83.183325101119081, 9.571915548779074 ], [ -83.182998284086096, 9.571512895971749 ], [ -83.182729152343981, 9.571177359643121 ], [ -83.182556331149485, 9.570880325002767 ], [ -83.182364254647339, 9.570573677536203 ], [ -83.182172634241283, 9.570075657515101 ], [ -83.182077030158723, 9.569740529505316 ], [ -83.182019898791296, 9.569443767185975 ], [ -83.18203977391839, 9.569195028756729 ], [ -83.182069610317484, 9.568812351935369 ], [ -83.182138237511495, 9.568334085105377 ], [ -83.182226236093385, 9.56781758334988 ], [ -83.18225616169066, 9.567396633397157 ], [ -83.182285747783084, 9.567119213718598 ], [ -83.182286388096998, 9.566851293292675 ], [ -83.18225805983279, 9.566602441293721 ], [ -83.182268731622869, 9.566171880362505 ], [ -83.182269486218786, 9.565856115889272 ], [ -83.182190267412494, 9.565354344454718 ], [ -83.180143499173468, 9.563317434952207 ], [ -83.173997851672752, 9.561275090907143 ], [ -83.167864320574949, 9.550417657548492 ], [ -83.16753957023289, 9.550543243892887 ], [ -83.167351278495104, 9.550671971988491 ], [ -83.166945740169439, 9.550943705056328 ], [ -83.166583860731834, 9.551100720908705 ], [ -83.166149717841449, 9.551243211154921 ], [ -83.165874701387764, 9.551357373059965 ], [ -83.165527386662362, 9.55147136310419 ], [ -83.165151222044813, 9.551556579584348 ], [ -83.164717146271272, 9.551670358724962 ], [ -83.164311989865496, 9.551784210397367 ], [ -83.164138262099115, 9.551869910231339 ], [ -83.163935229436163, 9.552113422087542 ], [ -83.16376273988233, 9.552446346769777 ], [ -83.163461176173797, 9.552018508942654 ], [ -83.16333667477231, 9.551683307853287 ], [ -83.163010601171123, 9.550993585393963 ], [ -83.162780715510323, 9.550390209651455 ], [ -83.162627856798835, 9.549825294145441 ], [ -83.162485038161535, 9.549097737455048 ], [ -83.162418330502561, 9.548781813631019 ], [ -83.162110698115924, 9.548436602157983 ], [ -83.161928407267439, 9.548082124991337 ], [ -83.161611745788619, 9.547488108883877 ], [ -83.161324306958704, 9.546769772630682 ], [ -83.161190966499362, 9.546109215519131 ], [ -83.161067662844985, 9.545286019086827 ], [ -83.161042512215403, 9.543745413710054 ], [ -83.160985329735496, 9.543477354979474 ], [ -83.160803184569986, 9.543065466297659 ], [ -83.160572791903789, 9.542672597783081 ], [ -83.160332572168201, 9.542356255311198 ], [ -83.160140343020203, 9.542126145703612 ], [ -83.159928999579378, 9.541829009220473 ], [ -83.159583332282921, 9.541273194965481 ], [ -83.159382188978668, 9.540746436910405 ], [ -83.159258142114084, 9.54022943229101 ], [ -83.159019404382036, 9.539310272141432 ], [ -83.15877112146471, 9.53835281029375 ], [ -83.158618437345083, 9.537720915209254 ], [ -83.158332352401956, 9.536457169694557 ], [ -83.158198994793196, 9.535806181012635 ], [ -83.158094192262297, 9.535034586883897 ], [ -83.157872786485328, 9.530513742573643 ], [ -83.152630973138187, 9.533896911152478 ], [ -83.145921639714913, 9.541141863846603 ], [ -83.144416281482194, 9.543875985813916 ], [ -83.142821618562863, 9.545522638518825 ], [ -83.140087945209501, 9.547440897037847 ], [ -83.134847036888232, 9.549919702389722 ], [ -83.134156472970915, 9.550631120589223 ], [ -83.134100819267303, 9.55069849117843 ], [ -83.133995347787661, 9.550808288850302 ], [ -83.133678052373625, 9.551199210561188 ], [ -83.133588292832528, 9.551323041954653 ], [ -83.133565991186828, 9.551353808471093 ], [ -83.13339241289799, 9.551624346414059 ], [ -83.133189275422595, 9.551901328319147 ], [ -83.132995197012818, 9.552407976936218 ], [ -83.13291300761, 9.552640635861383 ], [ -83.13286053921037, 9.552838773944121 ], [ -83.132627049873847, 9.553601879991357 ], [ -83.132432964618559, 9.554109725117781 ], [ -83.132397737740789, 9.554174602135632 ], [ -83.132264243539083, 9.554420457593157 ], [ -83.132238731344287, 9.554463945863695 ], [ -83.131986375358437, 9.554883708653492 ], [ -83.131754266489935, 9.555179753492496 ], [ -83.131444990135179, 9.555494743599274 ], [ -83.131424941046319, 9.555514543269148 ], [ -83.131174391138842, 9.555761984486725 ], [ -83.13097204501949, 9.555928502398599 ], [ -83.130884587158704, 9.556000473410194 ], [ -83.130507974975615, 9.556257883180082 ], [ -83.129938463582903, 9.556553082597219 ], [ -83.129446268291119, 9.556771925395269 ], [ -83.129069994896284, 9.556895374075339 ], [ -83.12856820679616, 9.557095055108478 ], [ -83.12830751280012, 9.557257067201769 ], [ -83.128253704500281, 9.557294565853937 ], [ -83.128128816987214, 9.557391725659848 ], [ -83.1281288169872, 9.557391725659866 ], [ -83.127911259592523, 9.557649529363028 ], [ -83.127744175905192, 9.557961283021468 ], [ -83.12758048017065, 9.558329233687207 ], [ -83.127539114843657, 9.558422211584134 ], [ -83.127466035320865, 9.558840681598818 ], [ -83.127453513980925, 9.558912382233752 ], [ -83.127437088141718, 9.558980705256795 ], [ -83.127396187734846, 9.559283304841037 ], [ -83.127328727282929, 9.559431439293334 ], [ -83.127182914039437, 9.559751626129504 ], [ -83.127107431505934, 9.559927204510187 ], [ -83.126980393051781, 9.560155100757338 ], [ -83.126966043440476, 9.560256084489019 ], [ -83.126925176068482, 9.560543682140285 ], [ -83.126914730962213, 9.560629095154527 ], [ -83.126910626596114, 9.560679088428932 ], [ -83.126899766559745, 9.560751470372443 ], [ -83.126899766559745, 9.560751470372459 ], [ -83.126851785910262, 9.561071249984931 ], [ -83.126802251049426, 9.561369657044438 ], [ -83.126793040852476, 9.561425137180823 ], [ -83.126793040852462, 9.561425137180839 ], [ -83.12678031809665, 9.561468916546124 ], [ -83.12678031809665, 9.56146891654614 ], [ -83.126750782355472, 9.561570551020589 ], [ -83.126750782355472, 9.561570551020605 ], [ -83.126715237627565, 9.561692860029195 ], [ -83.126715237627565, 9.561692860029211 ], [ -83.126701073252079, 9.561720802097705 ], [ -83.126629853113116, 9.561861293481561 ], [ -83.126629853113101, 9.561861293481577 ], [ -83.126589283374614, 9.561941323628513 ], [ -83.126567685842986, 9.561967982156258 ], [ -83.126395870412196, 9.56218005208647 ], [ -83.126076844261448, 9.562533282749184 ], [ -83.125757937809453, 9.56283867332399 ], [ -83.125688735900894, 9.562918398930963 ], [ -83.12546787955614, 9.563172841630593 ], [ -83.125052521400917, 9.563497125014823 ], [ -83.124579372575056, 9.563802124032351 ], [ -83.124318479355253, 9.564040681044316 ], [ -83.123893333234449, 9.564422347258418 ], [ -83.123477947625375, 9.564756197490954 ], [ -83.123149422408702, 9.56505199189569 ], [ -83.12275324508667, 9.565414595048207 ], [ -83.122566664388131, 9.565535454212498 ], [ -83.122461409784506, 9.565634841838628 ], [ -83.122180714880187, 9.566074284983701 ], [ -83.122144495922527, 9.566172367837215 ], [ -83.122095060494303, 9.566446329599129 ], [ -83.122084685007181, 9.566733357702903 ], [ -83.122132369782989, 9.56693441807537 ], [ -83.122112304364563, 9.567240558031495 ], [ -83.122088922662059, 9.567270746765946 ], [ -83.121986563688452, 9.567402905471951 ], [ -83.121860675532332, 9.567622663341558 ], [ -83.121855864071165, 9.567649329594428 ], [ -83.121831339186869, 9.567785252655602 ], [ -83.121898352860924, 9.567967223768795 ], [ -83.122051909463977, 9.568235529976056 ], [ -83.122080216269964, 9.568474812254037 ], [ -83.122047931643493, 9.568563818721097 ], [ -83.122003198979215, 9.568687145291999 ], [ -83.121983125642842, 9.568742486520101 ], [ -83.121955303155062, 9.568768434586959 ], [ -83.121809183663729, 9.568904710134419 ], [ -83.121734315835099, 9.568975685260753 ], [ -83.121623511104787, 9.569080728684742 ], [ -83.12156758713968, 9.569133744231479 ], [ -83.121335754057952, 9.569314959259634 ], [ -83.121161762318721, 9.569496318711229 ], [ -83.121045611996593, 9.569677826297896 ], [ -83.120890604733844, 9.569974057124316 ], [ -83.120716169632885, 9.570327649484279 ], [ -83.120592435362354, 9.570596015163426 ], [ -83.120570753447225, 9.570643040738751 ], [ -83.120527191494759, 9.570814129482121 ], [ -83.12046362628044, 9.571063783302069 ], [ -83.120395405228891, 9.57135066639367 ], [ -83.120292180475801, 9.571572164303845 ], [ -83.120230609736907, 9.571704282802266 ], [ -83.12001755993532, 9.572076913106585 ], [ -83.119929567574886, 9.572223439305892 ], [ -83.119862650882325, 9.572334869031206 ], [ -83.11956320665054, 9.572563754676489 ], [ -83.119244385176174, 9.572830861711935 ], [ -83.118713524034263, 9.573078295556867 ], [ -83.11844307535425, 9.57327854652166 ], [ -83.118085616249274, 9.573574261405488 ], [ -83.117844087952292, 9.573774585319814 ], [ -83.117659754584608, 9.573962123920431 ], [ -83.11741917757, 9.57423552704079 ], [ -83.117302644703869, 9.574385592635752 ], [ -83.116780085986193, 9.575149741138443 ], [ -83.116431644386154, 9.575684689020951 ], [ -83.116218639079179, 9.576038180130245 ], [ -83.116005857849686, 9.576305555515868 ], [ -83.115812628843557, 9.576467728140253 ], [ -83.115641722072439, 9.576596280487509 ], [ -83.11563789837065, 9.576599678317386 ], [ -83.115239438996241, 9.576903657208657 ], [ -83.115232311298499, 9.576909556406115 ], [ -83.114952867066478, 9.577144897601762 ], [ -83.114585462373398, 9.577555404266167 ], [ -83.114333940977659, 9.577889657495957 ], [ -83.114188515288788, 9.578205046929357 ], [ -83.114091216785695, 9.57854926273153 ], [ -83.113993994307322, 9.578864773322865 ], [ -83.113974239174368, 9.578915364532316 ], [ -83.11389960740803, 9.579106483544725 ], [ -83.113896943490062, 9.579113306353344 ], [ -83.113742074204779, 9.579352122563254 ], [ -83.113471321575304, 9.579667189509941 ], [ -83.113036353347937, 9.580106226725649 ], [ -83.112688399293958, 9.580449802647601 ], [ -83.112205052807923, 9.580955694570166 ], [ -83.111760541462374, 9.581356431055319 ], [ -83.111229187325691, 9.581785651447033 ], [ -83.110958503310457, 9.582072010864774 ], [ -83.110532039768358, 9.582447315000215 ], [ -83.110501069794552, 9.582477129777546 ], [ -83.110078305812138, 9.582907886053418 ], [ -83.109904933890689, 9.583121839476201 ], [ -83.109703530923568, 9.58335383093114 ], [ -83.109683751450987, 9.583379503720789 ], [ -83.109662404424043, 9.583407211239145 ], [ -83.109527088618535, 9.583640834195386 ], [ -83.109465756708971, 9.583765119399455 ], [ -83.109181399893615, 9.584495096808512 ], [ -83.10902171856155, 9.584905015956739 ], [ -83.108635541885718, 9.586037885436953 ], [ -83.108504025580999, 9.586561419418794 ], [ -83.108358196732738, 9.587027507690241 ], [ -83.108151972673966, 9.587415221901582 ], [ -83.108125673974627, 9.587464665665594 ], [ -83.107936742953498, 9.587822996521304 ], [ -83.107791436001889, 9.588088146889707 ], [ -83.107689106135425, 9.588316745526049 ], [ -83.107681727641378, 9.588342127320644 ], [ -83.107666992410401, 9.588589124858679 ], [ -83.107659654716116, 9.588712149048094 ], [ -83.107745705499156, 9.588982166003554 ], [ -83.107819336395892, 9.589106215978362 ], [ -83.107933067260376, 9.589229548248939 ], [ -83.108084420710981, 9.589416523163399 ], [ -83.108185274924338, 9.589560309212612 ], [ -83.108235269909798, 9.589797257007932 ], [ -83.108238154383216, 9.589942139822131 ], [ -83.108218327788521, 9.590150202622132 ], [ -83.108143120479781, 9.590338901624509 ], [ -83.111100580712048, 9.592377562924806 ], [ -83.112027349220071, 9.592847511886715 ], [ -83.113049645290474, 9.593639528302912 ], [ -83.113903259170144, 9.594419151058439 ], [ -83.11455219246325, 9.595126484521472 ], [ -83.115098785910419, 9.595797673354985 ], [ -83.115394372068465, 9.596135717616196 ], [ -83.115762471947406, 9.596395005811763 ], [ -83.116232136875425, 9.596525379766307 ], [ -83.116680444924043, 9.59652652367642 ], [ -83.117010056769061, 9.596475882777385 ], [ -83.117243332814937, 9.596455146088696 ], [ -83.117243332814937, 9.596455146088715 ] ] ] ] } },
{ "type": "Feature", "properties": { "Id": 21, "TERRITORIO": "CONTEBURICA", "DECRETO": "29450", "AÑO": "2001", "CLASIF": "CREF y PAFT", "AE_2018": 2391.45, "AE_2019": 3288.99, "AE_2020": 2302.93, "AE_2021": 2836.96, "AE_2023": 6366.46, "AE_2024": 4089.03, "AE_2017": null, "AE_2022": 5537.27, "PRIMER DESEMBOLSO": 2025, "SEGUNDO DESEMBOLSO": null, "BLOQUE": "NGABE" }, "geometry": { "type": "MultiPolygon", "coordinates": [ [ [ [ -83.045903986927186, 8.425006679103111 ], [ -83.049083993617998, 8.423881815132331 ], [ -83.04917881737218, 8.423903601332887 ], [ -83.049196819274101, 8.423806355289814 ], [ -83.049327698168597, 8.423559024959934 ], [ -83.04947597421949, 8.423462094196626 ], [ -83.049704026044765, 8.42343316366491 ], [ -83.049911259888702, 8.423442511165593 ], [ -83.050082992034916, 8.423439977218443 ], [ -83.050322859183169, 8.423422868568251 ], [ -83.050494771042509, 8.423346630749393 ], [ -83.050607683406028, 8.423181806735737 ], [ -83.050742432580321, 8.422965933149314 ], [ -83.050798341451568, 8.422702697908754 ], [ -83.050886273251677, 8.42225871814729 ], [ -83.050993483350254, 8.422003469242201 ], [ -83.051139932262544, 8.4218465866561 ], [ -83.051282096115528, 8.421827275691836 ], [ -83.051495263238024, 8.421831721661324 ], [ -83.051740037800201, 8.421824450134936 ], [ -83.051894103108481, 8.421781582125028 ], [ -83.052036450517335, 8.421687583450675 ], [ -83.05222647468976, 8.421467913153307 ], [ -83.052440454475104, 8.421138233401562 ], [ -83.052730031447723, 8.420565019570281 ], [ -83.052960113980831, 8.42010565858361 ], [ -83.053063041448908, 8.419987978863981 ], [ -83.053354576061579, 8.420003688365135 ], [ -83.053539462664034, 8.419994184530168 ], [ -83.053630786878557, 8.419911107303113 ], [ -83.054033017294003, 8.419983521522433 ], [ -83.054522084632467, 8.42016814094325 ], [ -83.055158441907508, 8.420389802489758 ], [ -83.055900493437477, 8.420438757386883 ], [ -83.056969151065246, 8.420378429495763 ], [ -83.05782207888025, 8.420286133357452 ], [ -83.058064495656907, 8.420166166412715 ], [ -83.058223036844552, 8.41990448653238 ], [ -83.05825565794251, 8.419474785429689 ], [ -83.05812581656113, 8.418751186963672 ], [ -83.058157903641657, 8.418541615560779 ], [ -83.05861202615165, 8.417939962647003 ], [ -83.058707555518453, 8.417615237150171 ], [ -83.058803046726041, 8.417306234645903 ], [ -83.059188259145444, 8.416903583261661 ], [ -83.059668164311674, 8.416522123324924 ], [ -83.060479504905558, 8.41620958977632 ], [ -83.061696983182969, 8.415546863566309 ], [ -83.062505260987862, 8.415138993711661 ], [ -83.063581884766222, 8.415020311359447 ], [ -83.063627303609778, 8.414864298309269 ], [ -83.062274626226881, 8.409211122271518 ], [ -83.067440732884478, 8.402396135119661 ], [ -83.071829445430936, 8.396342451745115 ], [ -83.078182606421549, 8.397934896010451 ], [ -83.078179343182526, 8.397686345640869 ], [ -83.07808183528266, 8.397186887345224 ], [ -83.077960418137579, 8.396781717877772 ], [ -83.077744847854532, 8.396128676785493 ], [ -83.077702761951301, 8.395562524001987 ], [ -83.077860326456687, 8.395255867577383 ], [ -83.078261382871162, 8.394702957599748 ], [ -83.078554579078329, 8.394243723814457 ], [ -83.078599011107798, 8.393815356498701 ], [ -83.078545156514906, 8.39321772784934 ], [ -83.078421246949873, 8.392195395454793 ], [ -83.078260590134036, 8.391691860095703 ], [ -83.078253343437211, 8.391416676626196 ], [ -83.078324795846527, 8.391247813949956 ], [ -83.078613642860887, 8.390957599344128 ], [ -83.078752330761461, 8.390733859649231 ], [ -83.078819973996644, 8.390506024448444 ], [ -83.07883654105683, 8.390175864338651 ], [ -83.078825911035494, 8.389660887674703 ], [ -83.078854478559819, 8.389263929560745 ], [ -83.078957769408788, 8.388985072963578 ], [ -83.079254757651498, 8.388588741611468 ], [ -83.079516339778792, 8.388141226340627 ], [ -83.079635400303275, 8.387870268799695 ], [ -83.079656015772471, 8.387496879511165 ], [ -83.079625453444081, 8.387064403659616 ], [ -83.079523636373239, 8.386718243883182 ], [ -83.079366444372369, 8.386419126390003 ], [ -83.079184772787528, 8.386102266456748 ], [ -83.078853456241433, 8.385643918603586 ], [ -83.078656910214036, 8.385277524945696 ], [ -83.101130276025003, 8.383956394659057 ], [ -83.106804128970765, 8.384417114058765 ], [ -83.115200420878338, 8.385785971334691 ], [ -83.117248013618038, 8.382624493085023 ], [ -83.117715862598004, 8.373357649107836 ], [ -83.120000117647237, 8.363641436066626 ], [ -83.113205388573348, 8.354137766053766 ], [ -83.113222802414612, 8.34260992518267 ], [ -83.112544327652842, 8.341026653226958 ], [ -83.115954769513877, 8.336963101405916 ], [ -83.116250750630044, 8.336586901143068 ], [ -83.115168364859869, 8.335873874619843 ], [ -83.113489687293367, 8.334673991827749 ], [ -83.111536012998926, 8.332935223926437 ], [ -83.110457167048168, 8.332035704977677 ], [ -83.109719508771889, 8.331444818473253 ], [ -83.109147127699615, 8.330963238985582 ], [ -83.108379188546991, 8.330507181837389 ], [ -83.10698618213776, 8.32981606049171 ], [ -83.105633075808029, 8.329034528731727 ], [ -83.103887919681284, 8.328199442761914 ], [ -83.1024426216552, 8.32758607361594 ], [ -83.101505149139697, 8.327181545656316 ], [ -83.100073128866924, 8.326464352052836 ], [ -83.098784271265927, 8.325838345048378 ], [ -83.097183544284121, 8.324809216027683 ], [ -83.095335198479816, 8.323779519479899 ], [ -83.093812270827698, 8.322932290152218 ], [ -83.092016076200309, 8.321902697011478 ], [ -83.091065805417813, 8.321407251325413 ], [ -83.090167669447112, 8.320911921140546 ], [ -83.08907419294178, 8.32035123735565 ], [ -83.087981048193896, 8.319647763186136 ], [ -83.086315504521735, 8.318739725427983 ], [ -83.084780343261713, 8.317869001463933 ], [ -83.083386864861382, 8.31687226806241 ], [ -83.082202815510414, 8.316038760477102 ], [ -83.081539596014238, 8.315414147032145 ], [ -83.081084085793307, 8.315140496718291 ], [ -83.080237986656698, 8.314697190959873 ], [ -83.079014215555588, 8.314136183171749 ], [ -83.078100969276349, 8.313697030688818 ], [ -83.077087243284254, 8.313252111594428 ], [ -83.075713854861561, 8.312549190900667 ], [ -83.074742334373369, 8.31203259794195 ], [ -83.073704797984391, 8.311503889017615 ], [ -83.072596430636324, 8.31100586782609 ], [ -83.071958599169008, 8.310679859411012 ], [ -83.071162102609051, 8.310140359468358 ], [ -83.070022684829212, 8.309533655841571 ], [ -83.068847806269645, 8.308687639581125 ], [ -83.067384623911906, 8.307882812814483 ], [ -83.066053163166458, 8.307239765066333 ], [ -83.064475967653053, 8.30641073736362 ], [ -83.063000624267573, 8.305677632188035 ], [ -83.061633238160439, 8.3049986025877 ], [ -83.060655343069783, 8.304655402309001 ], [ -83.059467596573384, 8.30418611198337 ], [ -83.058616096266093, 8.303716416239384 ], [ -83.057599181478054, 8.303120737126646 ], [ -83.056956478428717, 8.302717318380191 ], [ -83.056198496501281, 8.302313627417497 ], [ -83.054920944682834, 8.301488304755345 ], [ -83.053970745523785, 8.301005760412096 ], [ -83.053293912504344, 8.300653670935066 ], [ -83.052265192968363, 8.300007738859094 ], [ -83.051248755965545, 8.299220666801695 ], [ -83.050289528601539, 8.298615537377458 ], [ -83.049022587237516, 8.298134068456694 ], [ -83.048270229995978, 8.297850837553508 ], [ -83.047450245162835, 8.297420512076167 ], [ -83.046682388868618, 8.296990311591525 ], [ -83.045589269179487, 8.296338657092456 ], [ -83.044704317724111, 8.295830287607155 ], [ -83.044014817063413, 8.295335365106501 ], [ -83.043299693673688, 8.294658651526529 ], [ -83.04221990056088, 8.293890194115152 ], [ -83.041348273558597, 8.29326502333088 ], [ -83.040789101332606, 8.292770411246488 ], [ -83.040307994349405, 8.292327908028591 ], [ -83.039748917470916, 8.291794351500279 ], [ -83.03929425480581, 8.291196142469332 ], [ -83.038800402379252, 8.290636780288207 ], [ -83.038215362651528, 8.290064217835596 ], [ -83.037695165443509, 8.289621617849249 ], [ -83.037214192063828, 8.289127190365368 ], [ -83.03630402841884, 8.288281243928161 ], [ -83.035849720753191, 8.287540246138853 ], [ -83.035420626129678, 8.28714978548822 ], [ -83.034600930524888, 8.286615594945369 ], [ -83.033937459308376, 8.286146682650161 ], [ -83.032857645215216, 8.285404165826481 ], [ -83.032154957309046, 8.284987079319846 ], [ -83.031192431969899, 8.284244843042286 ], [ -83.030151595420762, 8.283554337899584 ], [ -83.029306203610915, 8.282877285595697 ], [ -83.028655648770496, 8.282460322356194 ], [ -83.028122634941241, 8.281939795929331 ], [ -83.02749836727088, 8.281432028425648 ], [ -83.026861295621998, 8.28083336407996 ], [ -83.02635412424722, 8.280403765365545 ], [ -83.025560967552408, 8.279687892317201 ], [ -83.024689974739104, 8.27882903990521 ], [ -83.024078974391458, 8.278230435654734 ], [ -83.023493399082966, 8.277891507181815 ], [ -83.023012104228727, 8.277539851289177 ], [ -83.022400788362347, 8.277071050420869 ], [ -83.021867371969748, 8.276719267627403 ], [ -83.021125585284935, 8.276315048761642 ], [ -83.020566334821183, 8.275872334673476 ], [ -83.019850579917303, 8.275481159262323 ], [ -83.019135022823704, 8.275012100250231 ], [ -83.018432496051332, 8.274543070336101 ], [ -83.017339712859098, 8.273800486152314 ], [ -83.016780341737444, 8.273409690447846 ], [ -83.016247096749453, 8.272992996812766 ], [ -83.015726786556087, 8.272615275882083 ], [ -83.015128292168086, 8.272237363566166 ], [ -83.014490996673729, 8.271742526909101 ], [ -83.013905664202028, 8.271312722370013 ], [ -83.01343735579502, 8.270987050296862 ], [ -83.012526509178571, 8.270452594448974 ], [ -83.011785133004949, 8.26989259413503 ], [ -83.011329696607007, 8.269631856520974 ], [ -83.010731599707043, 8.26909817035107 ], [ -83.009495476295911, 8.26836819315689 ], [ -83.008675955028011, 8.267795014564852 ], [ -83.008077994407856, 8.267209404224719 ], [ -83.007140812197164, 8.266791698417711 ], [ -83.006203144673776, 8.266568697980729 ], [ -83.005357115151966, 8.266177176324932 ], [ -83.004693390141682, 8.265838029667654 ], [ -83.003834659697844, 8.265316666104285 ], [ -83.003066853532246, 8.264912355086452 ], [ -83.002494087196595, 8.26467727596202 ], [ -83.001817370240872, 8.264325111052203 ], [ -83.00088052763779, 8.263777587402009 ], [ -83.000164687812784, 8.26343830397362 ], [ -82.999657111582735, 8.263190402463188 ], [ -82.999058648512914, 8.262812469412845 ], [ -82.998368841109937, 8.262486228068898 ], [ -82.997588115331894, 8.262042932363691 ], [ -82.997119601368098, 8.261808107470516 ], [ -82.996377709241756, 8.261468752743435 ], [ -82.995675006452743, 8.261090552072472 ], [ -82.994555984876555, 8.260451694205861 ], [ -82.994205144636638, 8.260061395156574 ], [ -82.993932554876494, 8.259645331117026 ], [ -82.993738410823738, 8.259125620273903 ], [ -82.993739824520347, 8.25856745789476 ], [ -82.993728635759581, 8.257840515519014 ], [ -82.993722875693194, 8.257239956323254 ], [ -82.993592011578571, 8.256761186569937 ], [ -82.993335512674975, 8.256108665667528 ], [ -82.992850565266437, 8.25558116227127 ], [ -82.992184681357202, 8.255382130300495 ], [ -82.991338284689235, 8.25534411628095 ], [ -82.99056333646935, 8.255539520844765 ], [ -82.989902357052202, 8.25598764089823 ], [ -82.989667710191796, 8.256025990206044 ], [ -82.989394170633176, 8.255986358880117 ], [ -82.98858717662813, 8.255633845800668 ], [ -82.988066818698684, 8.255295035322579 ], [ -82.986883006457177, 8.254526190466825 ], [ -82.98636281707752, 8.254122476016173 ], [ -82.9855825534205, 8.253510415264987 ], [ -82.985231661988436, 8.253146071211244 ], [ -82.984763732223485, 8.252690564718915 ], [ -82.984295238018703, 8.252455726951306 ], [ -82.983671045109375, 8.25196088393883 ], [ -82.983281099823728, 8.251583457886506 ], [ -82.983086576483004, 8.25121950907967 ], [ -82.983008958680514, 8.250998643396745 ], [ -82.982671101248968, 8.250634328866816 ], [ -82.982345878895799, 8.250425816045636 ], [ -82.982007956113989, 8.250087462247292 ], [ -82.981683565421818, 8.249554435310426 ], [ -82.981410960617978, 8.249151346470134 ], [ -82.980916746607321, 8.248786635241787 ], [ -82.980237887464199, 8.24830137748949 ], [ -82.979802875367739, 8.247977324569751 ], [ -82.97944706931068, 8.247718491025189 ], [ -82.978615143507653, 8.246937540124559 ], [ -82.978368637232236, 8.24652153467169 ], [ -82.978188216467174, 8.245742242782766 ], [ -82.977811613534755, 8.245248021648059 ], [ -82.977434909632862, 8.244792742867968 ], [ -82.977344400128686, 8.244519921057051 ], [ -82.977267587011013, 8.243987522900071 ], [ -82.977086034848895, 8.243649566528312 ], [ -82.976865193483661, 8.243389391994064 ], [ -82.976683374944585, 8.243155278232038 ], [ -82.976410146862818, 8.242998815062528 ], [ -82.976319337927876, 8.242842817318285 ], [ -82.97609796149797, 8.242790329690701 ], [ -82.975824366576035, 8.242776651474063 ], [ -82.975590361981972, 8.242568363558918 ], [ -82.97527781171425, 8.242502662916214 ], [ -82.97501748015975, 8.242398154440504 ], [ -82.974770547408554, 8.24215089205612 ], [ -82.974341395400828, 8.241825283467346 ], [ -82.973977696081889, 8.241383015212781 ], [ -82.973665883256942, 8.241031743036997 ], [ -82.973224005581926, 8.240589274271246 ], [ -82.972925189592871, 8.240251016462608 ], [ -82.972678626002789, 8.239860969716593 ], [ -82.972315466178742, 8.239211013343635 ], [ -82.972134121176921, 8.238795172127604 ], [ -82.972231377991534, 8.238321872520231 ], [ -82.9718008089054, 8.23761309035913 ], [ -82.970906962789968, 8.236903122238971 ], [ -82.970106492007446, 8.235916472539403 ], [ -82.969737778658228, 8.235177079894253 ], [ -82.969863309146803, 8.234408185956223 ], [ -82.969710315295558, 8.233853958002097 ], [ -82.969579560486295, 8.233810835322005 ], [ -82.969292229285912, 8.233494327838423 ], [ -82.968653236067169, 8.232667382612657 ], [ -82.968107900892903, 8.231837089698374 ], [ -82.967770962935788, 8.231204685830049 ], [ -82.967586582243769, 8.231017792587146 ], [ -82.966964319792169, 8.230559611555002 ], [ -82.966522861648599, 8.230069573999858 ], [ -82.965714562010916, 8.229139026542132 ], [ -82.96503252797406, 8.228247376987667 ], [ -82.964547943592891, 8.227607413968313 ], [ -82.964168605362318, 8.227070613770652 ], [ -82.963499173395704, 8.226005535484688 ], [ -82.962633993028476, 8.224625556071022 ], [ -82.958662781533548, 8.22661620165221 ], [ -82.959788471177674, 8.231139007379143 ], [ -82.959097764333421, 8.236336429741673 ], [ -82.959503023111395, 8.23796464234152 ], [ -82.9593133007982, 8.24221369412504 ], [ -82.959534954739965, 8.244926514099854 ], [ -82.960930549803692, 8.250715633695846 ], [ -82.960692055978143, 8.250423813282696 ], [ -82.960593819382851, 8.250266325001734 ], [ -82.960480027764049, 8.250022318203028 ], [ -82.960405723490098, 8.249766622159196 ], [ -82.960339126717329, 8.249581699641411 ], [ -82.960244930911273, 8.24938884502382 ], [ -82.960107236554123, 8.249231254308965 ], [ -82.959984917537838, 8.249137979804443 ], [ -82.959813404396215, 8.249087417053639 ], [ -82.959627009235192, 8.24906924490892 ], [ -82.959532410006076, 8.24907729022004 ], [ -82.959437507035247, 8.249107077214445 ], [ -82.959235807357132, 8.249283440941664 ], [ -82.958930260579351, 8.249652729074123 ], [ -82.958712497810794, 8.249935182808269 ], [ -82.958499123533926, 8.250048620924224 ], [ -82.958281895614448, 8.250126673956739 ], [ -82.958135693526941, 8.250204909701935 ], [ -82.957965577384627, 8.250373494255422 ], [ -82.957751862741944, 8.250616649962016 ], [ -82.957656533002194, 8.25085618050465 ], [ -82.95755695992824, 8.251209696095533 ], [ -82.957472819230389, 8.251696900039995 ], [ -82.95741675155486, 8.252011219038115 ], [ -82.957376437654858, 8.25233737426559 ], [ -82.957292749917471, 8.25265162133952 ], [ -82.957051442777242, 8.252882912993469 ], [ -82.956841938650598, 8.25302387627022 ], [ -82.956442733263202, 8.253278341406185 ], [ -82.956205402446571, 8.253497849349758 ], [ -82.956086397232511, 8.253737317598896 ], [ -82.956074073433371, 8.253922034975629 ], [ -82.956093173062115, 8.254161864885322 ], [ -82.956159747630636, 8.254354648351271 ], [ -82.956273735264475, 8.254523972084211 ], [ -82.956564906966051, 8.254839195417709 ], [ -82.956887552516278, 8.255189879089874 ], [ -82.957068309998789, 8.255477300161864 ], [ -82.957083465766388, 8.255717119818748 ], [ -82.957079179142156, 8.25584682571948 ], [ -82.95701944425555, 8.256055004773728 ], [ -82.956932087402109, 8.256263110060013 ], [ -82.956828873232368, 8.256498690239207 ], [ -82.956725495625875, 8.256797164703958 ], [ -82.956618119987425, 8.25711528082546 ], [ -82.956546256814008, 8.257433491242152 ], [ -82.956490003042205, 8.257818564585905 ], [ -82.956502722740808, 8.258233791310376 ], [ -82.956559014111363, 8.258482791961725 ], [ -82.953155462508889, 8.258476225560274 ], [ -82.94815338113608, 8.26366529026245 ], [ -82.948144950972292, 8.267959916808438 ], [ -82.948301311882901, 8.267857252334117 ], [ -82.948449032864644, 8.267705650092765 ], [ -82.94882812901956, 8.267601825984242 ], [ -82.949344717824744, 8.267555058596489 ], [ -82.951091638374507, 8.267503739959803 ], [ -82.951912428505679, 8.267498904614984 ], [ -82.952318901515554, 8.267653707205001 ], [ -82.952535634239155, 8.267933799996996 ], [ -82.952561683878344, 8.26869557290836 ], [ -82.952734978709501, 8.269485683442177 ], [ -82.952887487921188, 8.270177907631119 ], [ -82.953270889730135, 8.271101341043948 ], [ -82.953788264890903, 8.271766568266443 ], [ -82.954397319983102, 8.272250341555207 ], [ -82.954952359082299, 8.273170904765347 ], [ -82.955122085356237, 8.274081570881551 ], [ -82.955070989606, 8.27483615524431 ], [ -82.955110823775954, 8.275550743705532 ], [ -82.955734318102657, 8.27691161439154 ], [ -82.955842628286788, 8.277739989020343 ], [ -82.956028951392582, 8.278914481027535 ], [ -82.95645877781655, 8.279779797644498 ], [ -82.956888751045199, 8.28009073266106 ], [ -82.957366958506, 8.280317347756796 ], [ -82.958718692196626, 8.280504313005524 ], [ -82.959813081090971, 8.280512405427233 ], [ -82.960434398996071, 8.280341067260077 ], [ -82.960913832484593, 8.280101225635015 ], [ -82.961873643409078, 8.279259904202354 ], [ -82.96238591915872, 8.278532721156342 ], [ -82.962823792859012, 8.278088365245321 ], [ -82.963102599440148, 8.278110053996361 ], [ -82.963744025697665, 8.278295157196556 ], [ -82.964800990952213, 8.278528506805836 ], [ -82.965810808806225, 8.278683114018428 ], [ -82.967248196007176, 8.278756132808729 ], [ -82.968052167417838, 8.278935243025431 ], [ -82.96848152336041, 8.279290418517764 ], [ -82.968966396274709, 8.279878675281939 ], [ -82.970200110324939, 8.281465839120973 ], [ -82.971665665436973, 8.283830057827496 ], [ -82.972506874259992, 8.285195653589662 ], [ -82.973408222588162, 8.286470825221684 ], [ -82.974519949184483, 8.288144435393583 ], [ -82.975173121056415, 8.288770389404363 ], [ -82.975565340944925, 8.289022971376497 ], [ -82.975799217988438, 8.289014253886865 ], [ -82.976108291171641, 8.28886596674525 ], [ -82.976820286373197, 8.288448503968814 ], [ -82.97840903204083, 8.287429827714856 ], [ -82.980016421298686, 8.286432883720833 ], [ -82.980501370935173, 8.286093450964065 ], [ -82.98081828525234, 8.285622557826363 ], [ -82.981025135653624, 8.284983668428982 ], [ -82.981314872001022, 8.282804097334097 ], [ -82.981626371457963, 8.282390844030758 ], [ -82.982012206139046, 8.281715722182033 ], [ -82.982437320214785, 8.280086813257917 ], [ -82.982793546484871, 8.278646408050045 ], [ -82.983338552744968, 8.277452817587307 ], [ -82.984007951246411, 8.276993299869734 ], [ -82.98484126079309, 8.276219730231627 ], [ -82.985587557889446, 8.275506203577335 ], [ -82.985753759228245, 8.275341537648483 ], [ -82.985877144851827, 8.275100757761109 ], [ -82.985864079526749, 8.274723362115873 ], [ -82.985757751365341, 8.273373337879285 ], [ -82.985826456011267, 8.272976220758185 ], [ -82.986171386094398, 8.272515874705267 ], [ -82.986593144054368, 8.272188498931211 ], [ -82.988482508779924, 8.271312773480021 ], [ -82.989093355524119, 8.271111660078217 ], [ -82.989921057843389, 8.27098228711435 ], [ -82.990389115634144, 8.271067328049542 ], [ -82.990777612233714, 8.271403741820455 ], [ -82.990949907713855, 8.271928292080736 ], [ -82.991194712045299, 8.273140948516529 ], [ -82.991481438048595, 8.273757047415321 ], [ -82.991860490340684, 8.273864572536811 ], [ -82.992323464536611, 8.273881464871804 ], [ -82.992764613952431, 8.27397458732724 ], [ -82.99309128653428, 8.274254938944397 ], [ -82.993238867376903, 8.275075260031999 ], [ -82.993288240312452, 8.275853878994026 ], [ -82.993356230982187, 8.276743406520467 ], [ -82.993572888132704, 8.277290472482589 ], [ -82.993793451414518, 8.277694902509282 ], [ -82.994670661503278, 8.278507742512911 ], [ -82.995565946353068, 8.279572202697402 ], [ -82.996544855704812, 8.280860491902311 ], [ -82.99726183380568, 8.282157441487543 ], [ -82.997809784472281, 8.283714858570619 ], [ -82.998117057220455, 8.284932921460449 ], [ -82.998442391972148, 8.285284896122711 ], [ -82.998641487124928, 8.285620829097001 ], [ -82.998930059388726, 8.286357848749375 ], [ -82.999127114694204, 8.287089571968554 ], [ -82.999288478359986, 8.287781808720259 ], [ -82.999602632178991, 8.288395811963564 ], [ -82.999954267835079, 8.288753092153089 ], [ -83.000437525596766, 8.289079255970169 ], [ -83.000953122670921, 8.289101510825292 ], [ -83.001374285783598, 8.28901346604243 ], [ -83.002227307071237, 8.288769265917979 ], [ -83.003017305795325, 8.288477735617937 ], [ -83.003475141811776, 8.288452673853822 ], [ -83.003900960081467, 8.288605730251353 ], [ -83.004278618614094, 8.28907837877628 ], [ -83.004597541519558, 8.289891554808651 ], [ -83.004784222413448, 8.290982183156567 ], [ -83.004745834615292, 8.291600544059781 ], [ -83.004497041471453, 8.292192174184105 ], [ -83.00361425962042, 8.293804248381615 ], [ -83.003201975898861, 8.294542221255931 ], [ -83.002990618616167, 8.294892851245411 ], [ -83.003021093804179, 8.295327942995765 ], [ -83.003189048107942, 8.295496080745824 ], [ -83.003635802480233, 8.295696361328037 ], [ -83.004187845716828, 8.295875939318664 ], [ -83.00462875603354, 8.296306817650636 ], [ -83.005413436623087, 8.296943165708603 ], [ -83.006175824997698, 8.297798904228252 ], [ -83.006877717799028, 8.29848026315857 ], [ -83.007849162249173, 8.299279340491015 ], [ -83.008721425383754, 8.299763698352438 ], [ -83.010130752171918, 8.300508716584071 ], [ -83.010975892035518, 8.300922358593413 ], [ -83.012231653851018, 8.301659238722433 ], [ -83.013466163063597, 8.302479921866167 ], [ -83.014028549465834, 8.302738132089868 ], [ -83.014688971848884, 8.302873839686992 ], [ -83.015669855341059, 8.30290990807687 ], [ -83.016722229666314, 8.302917749654478 ], [ -83.01846531845672, 8.302906239129301 ], [ -83.019289877109699, 8.302997456681926 ], [ -83.020309705799605, 8.303398295691018 ], [ -83.021127427237033, 8.303812783645698 ], [ -83.021797671478808, 8.303873659079986 ], [ -83.022760547436334, 8.303902230445637 ], [ -83.02336024174862, 8.303971835987708 ], [ -83.023864587705191, 8.304298027216406 ], [ -83.02454185491159, 8.304918146550751 ], [ -83.025228833720789, 8.305868483986156 ], [ -83.025568756280066, 8.306723631054805 ], [ -83.025524966977201, 8.307410120116105 ], [ -83.02532306872169, 8.308195804453115 ], [ -83.024910573558515, 8.309028143688471 ], [ -83.024482761715348, 8.309669140553822 ], [ -83.024035463884303, 8.310210508420589 ], [ -83.023489714254708, 8.31066515272445 ], [ -83.023074936751954, 8.310821368834027 ], [ -83.022829851932855, 8.310981934238846 ], [ -83.022718844436639, 8.311186068530573 ], [ -83.022734026765647, 8.311429821252803 ], [ -83.023004980058914, 8.311802172716884 ], [ -83.023474297364174, 8.31211080773268 ], [ -83.024462427090256, 8.312574457118151 ], [ -83.025527651752455, 8.313073232886719 ], [ -83.026641783665681, 8.31365598694491 ], [ -83.026970577490033, 8.31404813207247 ], [ -83.027159323515164, 8.314328124397198 ], [ -83.027256447095624, 8.314775611366734 ], [ -83.027099852605019, 8.315683701636697 ], [ -83.027112902457162, 8.316082063329709 ], [ -83.027276580490707, 8.316398923230983 ], [ -83.02764523588003, 8.316446755315882 ], [ -83.027968255563181, 8.316335733082839 ], [ -83.028418221712826, 8.315959466248387 ], [ -83.028861737678056, 8.315352571910823 ], [ -83.029910359945404, 8.314048325051013 ], [ -83.030865499224561, 8.313666299275427 ], [ -83.031757097538645, 8.313444844484181 ], [ -83.033083405884042, 8.313343247345049 ], [ -83.033546112640906, 8.313491125450135 ], [ -83.034022490817321, 8.313785790010986 ], [ -83.034428488960529, 8.314171130041844 ], [ -83.03507185596267, 8.315039237714366 ], [ -83.035686444041247, 8.316200780658562 ], [ -83.036210183882517, 8.31721535078567 ], [ -83.036741453396232, 8.318020288823515 ], [ -83.037367331354133, 8.31853500736052 ], [ -83.038480576177093, 8.31839487676101 ], [ -83.039645613818465, 8.318257927694223 ], [ -83.040663189076056, 8.318169537345483 ], [ -83.041574139611754, 8.317887481071047 ], [ -83.042475161683925, 8.317440134850177 ], [ -83.043241236235474, 8.316903880467475 ], [ -83.043768774978503, 8.31636006360708 ], [ -83.044211948164033, 8.315885924770873 ], [ -83.044732991697856, 8.315125453039984 ], [ -83.045069700933439, 8.315154214259174 ], [ -83.045335911346982, 8.315322572942048 ], [ -83.04579103495243, 8.31570802066496 ], [ -83.046126612848624, 8.316204993739149 ], [ -83.046426588287815, 8.316918518982261 ], [ -83.04656515561085, 8.317645635238071 ], [ -83.046571057785599, 8.318106875734756 ], [ -83.046506642866163, 8.318630843813654 ], [ -83.046350562445099, 8.319343275204361 ], [ -83.046201834625961, 8.319915958942534 ], [ -83.046234854194722, 8.320768608990623 ], [ -83.046436179561468, 8.321656606414653 ], [ -83.046715176688721, 8.322342126955299 ], [ -83.04718970332047, 8.323412473635456 ], [ -83.048035086765125, 8.324903007926601 ], [ -83.048685079597618, 8.325952808473255 ], [ -83.049510215986089, 8.3271148418044 ], [ -83.049992496132134, 8.328066403284124 ], [ -83.050211891600696, 8.328739114416503 ], [ -83.050250270640518, 8.329191262893376 ], [ -83.050387306569164, 8.329647576759733 ], [ -83.050749481312664, 8.330033671991433 ], [ -83.051438822072143, 8.330593510793024 ], [ -83.051713760859741, 8.331148425890314 ], [ -83.051703831404922, 8.331993550759497 ], [ -83.051603742420781, 8.332582949270163 ], [ -83.051649606424519, 8.333204142798973 ], [ -83.051786021825635, 8.333919897083652 ], [ -83.051926593011345, 8.334549179359794 ], [ -83.051699145782877, 8.33473483105797 ], [ -83.051341175134752, 8.335082384054015 ], [ -83.050787342359527, 8.335611733823891 ], [ -83.050514708109475, 8.335874304698532 ], [ -83.050270750808991, 8.336150643656497 ], [ -83.049870019639243, 8.336582375629563 ], [ -83.049591641205325, 8.336720170243909 ], [ -83.049052972104462, 8.336701572238116 ], [ -83.048583983328854, 8.336613909941384 ], [ -83.047749893380512, 8.336594599825636 ], [ -83.047158714002393, 8.336731641734675 ], [ -83.046671088927184, 8.337163163116417 ], [ -83.0464959701862, 8.337716585476505 ], [ -83.046424823200837, 8.338391413503485 ], [ -83.046440229021158, 8.339204910809581 ], [ -83.046604960184908, 8.33997288158276 ], [ -83.046950160949777, 8.340326806491003 ], [ -83.047522531276215, 8.340782507119116 ], [ -83.047873492009884, 8.34117277208815 ], [ -83.048055017705764, 8.34156263007173 ], [ -83.047949963458407, 8.341886896591593 ], [ -83.04686711543242, 8.342325640451845 ], [ -83.045628115695493, 8.342660158415775 ], [ -83.043997634116451, 8.343188440170326 ], [ -83.042836514146771, 8.343652945014799 ], [ -83.041492512954633, 8.344285752085367 ], [ -83.04106161368874, 8.344609227961469 ], [ -83.040225406905151, 8.345450951545647 ], [ -83.039533454521703, 8.345929561288683 ], [ -83.037484036633231, 8.347209678308916 ], [ -83.03551730176504, 8.348196589421661 ], [ -83.033529065290622, 8.349205040790604 ], [ -83.030859223654332, 8.350603158042343 ], [ -83.02913055432272, 8.351626195839629 ], [ -83.028533138868355, 8.352023061920702 ], [ -83.027627312500428, 8.352286391011441 ], [ -83.026736192031862, 8.352277214744763 ], [ -83.025340469550528, 8.352022204549304 ], [ -83.023776796994198, 8.35158508296572 ], [ -83.022556690792953, 8.351253626160055 ], [ -83.021034254813245, 8.351166006925613 ], [ -83.020283181175245, 8.3512759630611 ], [ -83.019814031116027, 8.350883461218146 ], [ -83.019239492091344, 8.350654137675409 ], [ -83.018860585681409, 8.350653199281128 ], [ -83.01849699516498, 8.350840979926451 ], [ -83.018327781679645, 8.35116551404761 ], [ -83.018287452767794, 8.351627919847882 ], [ -83.018182176552841, 8.352030057365061 ], [ -83.018128680281961, 8.35257511046348 ], [ -83.018153383265727, 8.353120359239185 ], [ -83.018152377280899, 8.353522755201004 ], [ -83.017942139296522, 8.353858517902333 ], [ -83.017509424068081, 8.354329150522874 ], [ -83.016828760427273, 8.35504025936271 ], [ -83.015901446301612, 8.35547297122292 ], [ -83.015259680233086, 8.355361310814944 ], [ -83.013855964206599, 8.354797011669795 ], [ -83.012903927700989, 8.354595475403059 ], [ -83.011978127983483, 8.354425450178054 ], [ -83.010994162771411, 8.354365340149769 ], [ -83.010168037377881, 8.354321345313428 ], [ -83.009790211903763, 8.354412776317194 ], [ -83.009777576379776, 8.354728196646054 ], [ -83.009572089267635, 8.355123960850502 ], [ -83.009467228745208, 8.355357349417861 ], [ -83.009015281743416, 8.355717849904819 ], [ -83.008438836076252, 8.35579109359969 ], [ -83.007795816271397, 8.355655832801078 ], [ -83.007302433799282, 8.355658527037935 ], [ -83.00711987019757, 8.355857709911227 ], [ -83.006845175920816, 8.356246438109654 ], [ -83.006675177628168, 8.356466682469851 ], [ -83.006230286467201, 8.357153536208834 ], [ -83.005812119123547, 8.357580844350137 ], [ -83.005461276913948, 8.357949528740892 ], [ -83.004967255955776, 8.358203792315807 ], [ -83.003913067231252, 8.358334789731307 ], [ -83.003442826920079, 8.358549802862681 ], [ -83.002891913042959, 8.359154773896091 ], [ -83.015588352643547, 8.366862652422924 ], [ -83.018078625754939, 8.370483633185376 ], [ -83.016018592504693, 8.380199622099644 ], [ -83.020816199676403, 8.388345410464554 ], [ -83.020926262631718, 8.38839967712749 ], [ -83.021068018285789, 8.388539329799677 ], [ -83.021130579559284, 8.38867878585825 ], [ -83.021125177563576, 8.388767217176273 ], [ -83.021076832373197, 8.388861438688929 ], [ -83.020947021966677, 8.388976829985269 ], [ -83.020787303218881, 8.389065093303971 ], [ -83.020609192749617, 8.38910865904772 ], [ -83.020451356158418, 8.38918418214323 ], [ -83.020383029159106, 8.389278353906393 ], [ -83.02037982559736, 8.389375634943036 ], [ -83.020444757050385, 8.389455396668092 ], [ -83.020595623121423, 8.389502940369171 ], [ -83.020909288753515, 8.389562683694848 ], [ -83.021190138140554, 8.389722580023021 ], [ -83.021364319636049, 8.389917590415246 ], [ -83.021425826699257, 8.390183077259612 ], [ -83.021448250286056, 8.390335648579391 ], [ -83.020944598386805, 8.391062959097136 ], [ -83.021663578631845, 8.393760450070642 ], [ -83.023843472310944, 8.39549544055599 ], [ -83.026025530553753, 8.39637087459222 ], [ -83.027759362581477, 8.398486730615097 ], [ -83.029122096338, 8.400919374051854 ], [ -83.026877028743698, 8.403710343906454 ], [ -83.023241124204446, 8.405964396198041 ], [ -83.027777486624245, 8.40800665698985 ], [ -83.034344578855453, 8.414589276545643 ], [ -83.040236541958691, 8.420476327962827 ], [ -83.045903986927186, 8.425006679103111 ] ] ] ] } },
{ "type": "Feature", "properties": { "Id": 23, "TERRITORIO": "GUAYMI DE COTO BRUS", "DECRETO": "29449", "AÑO": "2001", "CLASIF": "CREF y PAFT", "AE_2018": 1127.24, "AE_2019": 940.71, "AE_2020": 940.71, "AE_2021": 940.71, "AE_2023": 2707.25, "AE_2024": 1611.02, "AE_2017": null, "AE_2022": 2277.26, "PRIMER DESEMBOLSO": 2024, "SEGUNDO DESEMBOLSO": null, "BLOQUE": "NGABE" }, "geometry": { "type": "MultiPolygon", "coordinates": [ [ [ [ -83.14967450676096, 8.810614217901129 ], [ -83.161598275591658, 8.812213001202391 ], [ -83.163871444339506, 8.811718799342046 ], [ -83.163846356654275, 8.811191466004956 ], [ -83.164016647388706, 8.810755498791172 ], [ -83.164186989271755, 8.810296566042041 ], [ -83.163987755533924, 8.809913363815941 ], [ -83.164111680989123, 8.809561500019138 ], [ -83.164112695543096, 8.809109846317211 ], [ -83.164236861232069, 8.808650810801005 ], [ -83.164397239016139, 8.807915950132069 ], [ -83.16449015621464, 8.807663534796127 ], [ -83.164502473256448, 8.807319078287122 ], [ -83.164898628868002, 8.806971646771187 ], [ -83.165958264683127, 8.806323306085257 ], [ -83.166498215379207, 8.805769500593748 ], [ -83.166904001733357, 8.804985741655418 ], [ -83.167059459383225, 8.804297118462047 ], [ -83.167003325227952, 8.803588888566965 ], [ -83.166928336816468, 8.80270837439322 ], [ -83.166872245680239, 8.801981006299441 ], [ -83.166536541397022, 8.801110441090525 ], [ -83.166830211650648, 8.800559917055825 ], [ -83.167046821147679, 8.800055153314931 ], [ -83.167416967696653, 8.799719143332636 ], [ -83.167879153861264, 8.7995211297092 ], [ -83.168326358679209, 8.799139357881934 ], [ -83.168466145029711, 8.798573181228733 ], [ -83.168545254286357, 8.797608800399951 ], [ -83.168794178996947, 8.796415137716945 ], [ -83.169304308467019, 8.795421087258532 ], [ -83.16980290986362, 8.794773482283754 ], [ -83.159812902266125, 8.788656732047452 ], [ -83.159977075273545, 8.788273132398922 ], [ -83.160208894550408, 8.787848785711958 ], [ -83.160417472892547, 8.787493283662155 ], [ -83.160672403167723, 8.787057505282325 ], [ -83.160938876815806, 8.786621752355234 ], [ -83.161031892884893, 8.78632340647046 ], [ -83.161009400588298, 8.786059252750341 ], [ -83.160952382393262, 8.78574909022414 ], [ -83.160722165888046, 8.78546150777275 ], [ -83.160399708709733, 8.785127789678157 ], [ -83.160042546381874, 8.784828441449415 ], [ -83.159950795723859, 8.784564132545869 ], [ -83.159819161721174, 8.784135852195229 ], [ -83.153006354287683, 8.781187878465659 ], [ -83.15258996437197, 8.781255936602131 ], [ -83.152082128027487, 8.781231830024566 ], [ -83.151655118181026, 8.781196421791572 ], [ -83.151054912837537, 8.781183588861669 ], [ -83.150512368920147, 8.781193850307991 ], [ -83.149946478713332, 8.781318886668808 ], [ -83.149506768839188, 8.781363837415578 ], [ -83.144371966451232, 8.780949742204657 ], [ -83.131432473132051, 8.772341555997109 ], [ -83.122570750366179, 8.77232862412429 ], [ -83.101225700321905, 8.763254824416361 ], [ -83.077138120337295, 8.764754299369709 ], [ -83.068965183411706, 8.760491540011 ], [ -83.064644727175178, 8.762518927694304 ], [ -83.0644000967539, 8.763432639882488 ], [ -83.064337849153077, 8.763708065649041 ], [ -83.064198003663435, 8.764243570319962 ], [ -83.063949932615515, 8.764977837306695 ], [ -83.063655538575659, 8.765773228872831 ], [ -83.063438397946641, 8.76644633135345 ], [ -83.062580823031141, 8.766287085511788 ], [ -83.062184801980095, 8.766131623639547 ], [ -83.06136823147088, 8.766548173355831 ], [ -83.060501587064863, 8.766936424748517 ], [ -83.060397159364541, 8.767154332180002 ], [ -83.060304331422543, 8.767349304364711 ], [ -83.060003079209295, 8.767807855000814 ], [ -83.059065559144557, 8.76883894572655 ], [ -83.058603291140798, 8.769067444369202 ], [ -83.058175678244368, 8.769284545417344 ], [ -83.057667385007818, 8.769455514785932 ], [ -83.056847797660126, 8.769487916677427 ], [ -83.055682784562123, 8.769186461955179 ], [ -83.05497879444124, 8.769150254030171 ], [ -83.05442453481237, 8.769240726689075 ], [ -83.053719614867404, 8.769571953609097 ], [ -83.052772132303886, 8.769971465582707 ], [ -83.052114253177507, 8.769958332730559 ], [ -83.051548623749227, 8.769979877738237 ], [ -83.051086904475113, 8.769990200508309 ], [ -83.050417775151175, 8.769862211076353 ], [ -83.049691051170541, 8.76968814673717 ], [ -83.049126299524275, 8.769365216189218 ], [ -83.048319015824518, 8.769099087054329 ], [ -83.047730041381371, 8.769223909579051 ], [ -83.047325654009725, 8.769383644034658 ], [ -83.046909891394705, 8.76949699282962 ], [ -83.044864895008701, 8.769493557883022 ], [ -83.04494615024889, 8.769771228537055 ], [ -83.044960913710455, 8.770016224941608 ], [ -83.044883418582089, 8.77023036794588 ], [ -83.044767349947747, 8.770482688728306 ], [ -83.044697450978802, 8.770735125335337 ], [ -83.044573374723143, 8.771109905284479 ], [ -83.044649795007999, 8.771316782286585 ], [ -83.044756623274409, 8.771669180570582 ], [ -83.044778983869463, 8.771952471528833 ], [ -83.045223841611346, 8.77220669457048 ], [ -83.044857670680926, 8.773743181358132 ], [ -83.042578020694606, 8.778079392157643 ], [ -83.040756721882062, 8.780110713043646 ], [ -83.039845871514615, 8.781239391400595 ], [ -83.038934471529785, 8.782684529543321 ], [ -83.034842144106761, 8.783943404685891 ], [ -83.034385338283457, 8.785298890960647 ], [ -83.031201738505999, 8.786649697395831 ], [ -83.027109181529767, 8.787998905329093 ], [ -83.027101274744311, 8.792519781539529 ], [ -83.033463887417994, 8.792530737049463 ], [ -83.033772200284361, 8.792801512018746 ], [ -83.034036288141976, 8.793341861936225 ], [ -83.034230971395374, 8.793939446614152 ], [ -83.034218298001036, 8.794375745447596 ], [ -83.034412772784648, 8.795053705305783 ], [ -83.034596092749936, 8.795582365584973 ], [ -83.035021875267105, 8.796088682362484 ], [ -83.035528667939445, 8.796514829563549 ], [ -83.035977984367605, 8.796848969999154 ], [ -83.036265639030532, 8.797205661060364 ], [ -83.036449437532625, 8.797550603836509 ], [ -83.036632879183685, 8.798033334259962 ], [ -83.036666469246313, 8.798435304575126 ], [ -83.036884363537197, 8.798987017389633 ], [ -83.037079438412903, 8.799435330295847 ], [ -83.037274395919439, 8.799929572383549 ], [ -83.037423714569044, 8.800217013860017 ], [ -83.037630511740275, 8.800596462242247 ], [ -83.037768170004753, 8.800929804269979 ], [ -83.037709890649353, 8.801147821541194 ], [ -83.037524605930656, 8.80137699554369 ], [ -83.03737401072506, 8.801583294280983 ], [ -83.037327096091531, 8.801870233921901 ], [ -83.0373262353488, 8.802203221785774 ], [ -83.037440836155426, 8.802525022575956 ], [ -83.037624904059697, 8.802766623389378 ], [ -83.037935295731046, 8.803261160487128 ], [ -83.038060876925073, 8.803801154570737 ], [ -83.037944317205017, 8.804237188155788 ], [ -83.037804670644178, 8.804673162629587 ], [ -83.037538343662462, 8.804993989139968 ], [ -83.037421782822875, 8.805430022430198 ], [ -83.037489528400442, 8.806015798193998 ], [ -83.037765351541125, 8.806487282400067 ], [ -83.037995268201058, 8.806855307613128 ], [ -83.038317414238634, 8.807269498065924 ], [ -83.038834849067456, 8.808051624645943 ], [ -83.03934121684496, 8.808650003338954 ], [ -83.039732744769182, 8.809018440524209 ], [ -83.040106416105161, 8.809628041539865 ], [ -83.040163708656721, 8.809792769291228 ], [ -83.040193770689172, 8.810072251431711 ], [ -83.040197371364172, 8.810167947802556 ], [ -83.040254624523868, 8.810347984998975 ], [ -83.040427451322998, 8.81047473234886 ], [ -83.040607993009786, 8.810593844990425 ], [ -83.040723111732532, 8.810716617822278 ], [ -83.040926602426936, 8.810889372767111 ], [ -83.041158216627551, 8.811079490734997 ], [ -83.041328063388306, 8.811417630921458 ], [ -83.041260652750978, 8.811446165017582 ], [ -83.041125830539585, 8.811503233167823 ], [ -83.040938112392126, 8.811555381711569 ], [ -83.040889978151739, 8.811569611916585 ], [ -83.040755118838973, 8.811641033720173 ], [ -83.040678001587878, 8.811703032639308 ], [ -83.040596074219863, 8.811765020169624 ], [ -83.04054292007946, 8.811860571710964 ], [ -83.040465518908746, 8.812032610017889 ], [ -83.040517994381375, 8.812200196053031 ], [ -83.040594568830571, 8.812348705967151 ], [ -83.040719241600058, 8.812497338603363 ], [ -83.040829792588539, 8.812526326647893 ], [ -83.04089198717206, 8.812655662211771 ], [ -83.040944426802312, 8.812837601107432 ], [ -83.040987233928604, 8.813024299152838 ], [ -83.041030152103119, 8.813167939420181 ], [ -83.041068284866611, 8.813301998216433 ], [ -83.041125583184751, 8.813464811875017 ], [ -83.041134808709273, 8.813617933644132 ], [ -83.041119787200188, 8.813847544034045 ], [ -83.041051918746319, 8.814053097351561 ], [ -83.040916639010916, 8.814287184618969 ], [ -83.040762552326441, 8.814353772621354 ], [ -83.040651827124478, 8.814391764356081 ], [ -83.040541101902988, 8.814429756055707 ], [ -83.040401493952061, 8.814477243241742 ], [ -83.040257038804427, 8.814539070978759 ], [ -83.040223258620415, 8.814582043672148 ], [ -83.040179784996127, 8.814653697574441 ], [ -83.040169942471607, 8.814739790338836 ], [ -83.040179352801076, 8.814821148544135 ], [ -83.040212712268314, 8.814940842228449 ], [ -83.040265287584816, 8.815070153334798 ], [ -83.04033221743147, 8.815228207961249 ], [ -83.040327148914201, 8.815328665902838 ], [ -83.040245195935725, 8.8154002215442 ], [ -83.040206680528044, 8.815414476167826 ], [ -83.040033328010054, 8.815490582956317 ], [ -83.039956223046758, 8.815547797926069 ], [ -83.039888699458686, 8.815619390336559 ], [ -83.039806314830273, 8.815858396809752 ], [ -83.039786865138424, 8.815939680371381 ], [ -83.039748126345756, 8.816040053156451 ], [ -83.039714173873762, 8.816150005613514 ], [ -83.039694798278177, 8.816202584298619 ], [ -83.039593420842039, 8.816345855021956 ], [ -83.039525983544507, 8.816383956975937 ], [ -83.039420030692483, 8.816436314348062 ], [ -83.039338078202505, 8.81650786974498 ], [ -83.039241633414974, 8.816603310300929 ], [ -83.039135593915262, 8.816689157038184 ], [ -83.039082426217334, 8.816789491924325 ], [ -83.039024411236127, 8.816904167380052 ], [ -83.038971155992854, 8.817037992599285 ], [ -83.038879200451234, 8.81725783667547 ], [ -83.038840325185305, 8.817410836247781 ], [ -83.03877737614927, 8.817573342575116 ], [ -83.038752906546094, 8.817735947330144 ], [ -83.038742854131328, 8.817903373591747 ], [ -83.038824200908479, 8.818066249056651 ], [ -83.038799854981249, 8.818181010574143 ], [ -83.038761177493939, 8.818257461122926 ], [ -83.038741654073888, 8.818367450344217 ], [ -83.03874134476952, 8.818487057976466 ], [ -83.038784064499396, 8.818707247427028 ], [ -83.038836527435691, 8.818879617348649 ], [ -83.0389081436319, 8.819085526842716 ], [ -83.038970128065344, 8.819296196315747 ], [ -83.038989021525822, 8.819430206049628 ], [ -83.038959753987058, 8.819588013898937 ], [ -83.038954572661723, 8.819731531293764 ], [ -83.038978176436061, 8.819903827375132 ], [ -83.039021094318983, 8.82004746691803 ], [ -83.039158872994747, 8.820336793804671 ], [ -83.039181723002514, 8.820428711293989 ], [ -83.039181584467144, 8.820482294776655 ], [ -83.039188894677551, 8.820631585318925 ], [ -83.039184739385391, 8.820750225646503 ], [ -83.039149761731551, 8.820884097567953 ], [ -83.039095544128429, 8.821017920260612 ], [ -83.039099194716314, 8.821094479096974 ], [ -83.039118295173097, 8.821148112700694 ], [ -83.039206550339642, 8.821244025574956 ], [ -83.039325500215767, 8.821374463181227 ], [ -83.039363870342513, 8.821416663685042 ], [ -83.039455953474587, 8.821520240621041 ], [ -83.03950581885988, 8.821581608114505 ], [ -83.03959014655058, 8.821708129951986 ], [ -83.039632276246934, 8.821784787190349 ], [ -83.039689639117398, 8.821922722439622 ], [ -83.039720205268523, 8.822007005325197 ], [ -83.039739178169881, 8.822110395264895 ], [ -83.039758179844469, 8.822202302896985 ], [ -83.039750187827167, 8.822317106269152 ], [ -83.039615222812998, 8.822427757787063 ], [ -83.039549738298177, 8.822454383136582 ], [ -83.039388065506003, 8.822476934375855 ], [ -83.039307228196364, 8.822488209966256 ], [ -83.039260993550272, 8.822511056444093 ], [ -83.03916851434515, 8.822560576513656 ], [ -83.039153083298999, 8.822575846568459 ], [ -83.039064342807862, 8.822667479434212 ], [ -83.039018009129848, 8.82272859991687 ], [ -83.038960082108787, 8.822808828320259 ], [ -83.038917536625874, 8.822892924140715 ], [ -83.038886594362694, 8.822954083992938 ], [ -83.038874793092262, 8.823053568027319 ], [ -83.038886119088886, 8.823137801720058 ], [ -83.038920562470025, 8.823210611299109 ], [ -83.038970437858367, 8.823268150836423 ], [ -83.039024240107395, 8.823295081346879 ], [ -83.039112544286979, 8.823371856810697 ], [ -83.039158561274164, 8.823433213612303 ], [ -83.039200720729752, 8.823498388601317 ], [ -83.039200572247751, 8.823555800112352 ], [ -83.039223501568316, 8.823617097831951 ], [ -83.03929636577989, 8.823712971354764 ], [ -83.039365381469523, 8.823808835020795 ], [ -83.039380604723746, 8.823873940177087 ], [ -83.039414899800505, 8.824004162143039 ], [ -83.039383829741666, 8.824115079280702 ], [ -83.039317978665181, 8.824283319312906 ], [ -83.039202054858762, 8.824470568789161 ], [ -83.039047799241004, 8.824600307318061 ], [ -83.038893602935019, 8.824707082074429 ], [ -83.038801123112307, 8.824756601984118 ], [ -83.038716329586904, 8.824809969609925 ], [ -83.038627588408161, 8.824901601389023 ], [ -83.038588890223863, 8.824985706982075 ], [ -83.03858481470462, 8.825073728390869 ], [ -83.038630673271953, 8.82519632479716 ], [ -83.038684337071714, 8.825276838841983 ], [ -83.038745706128026, 8.825353545453407 ], [ -83.038776371309723, 8.825399553473162 ], [ -83.038818481356316, 8.825483865078553 ], [ -83.038856752748288, 8.825564339695656 ], [ -83.038868108469714, 8.825637091085804 ], [ -83.03886399337415, 8.825740421932542 ], [ -83.038855950453438, 8.825874362691804 ], [ -83.038886219490166, 8.826073468638612 ], [ -83.038859056143764, 8.826161430937944 ], [ -83.038801068130368, 8.826264623837542 ], [ -83.038639145123909, 8.826383179241654 ], [ -83.03852590653986, 8.826461830988062 ], [ -83.038475246523035, 8.826521505406859 ], [ -83.038434107944639, 8.826619478486119 ], [ -83.038416932205593, 8.826751003503995 ], [ -83.038416746379639, 8.826822768767919 ], [ -83.038438229784063, 8.826885019391629 ], [ -83.038469383307728, 8.826928159003744 ], [ -83.038546145098678, 8.827004904192185 ], [ -83.038606139954695, 8.827055293702927 ], [ -83.03867814724768, 8.827110497691612 ], [ -83.038757351414148, 8.827172897035807 ], [ -83.038858824893651, 8.827241892016909 ], [ -83.038971772701743, 8.827275671790726 ], [ -83.039065462628059, 8.827316578261843 ], [ -83.039135083469219, 8.82736460003191 ], [ -83.039238263136326, 8.827455765700785 ], [ -83.039305405523763, 8.82753248704004 ], [ -83.039355693346735, 8.827616342168149 ], [ -83.039427608041578, 8.827707428675822 ], [ -83.039438302352437, 8.827850029188211 ], [ -83.039442976506891, 8.827902668408081 ], [ -83.039433146417835, 8.827983976446861 ], [ -83.039437745398558, 8.828065322318965 ], [ -83.039480800208082, 8.82815633495926 ], [ -83.039552889195974, 8.828180440767943 ], [ -83.039721486273535, 8.828085186018658 ], [ -83.039866096362857, 8.827965947597191 ], [ -83.04000578383166, 8.827889755436626 ], [ -83.040097347182893, 8.827823008486753 ], [ -83.040251453077147, 8.827751637725406 ], [ -83.040342818514645, 8.827761440602291 ], [ -83.040496688545232, 8.827780970700585 ], [ -83.040684229766924, 8.827800587707211 ], [ -83.040862076273839, 8.827848885799416 ], [ -83.041006264918778, 8.827892313184419 ], [ -83.041232335332893, 8.827892890768096 ], [ -83.041410367251032, 8.827869424193848 ], [ -83.041593283549744, 8.827817263143086 ], [ -83.041776371744419, 8.827698122164589 ], [ -83.041964221656571, 8.827598130847479 ], [ -83.042132781838745, 8.82751722690303 ], [ -83.042339698194638, 8.827484265223111 ], [ -83.042561044504765, 8.827451339330972 ], [ -83.042791998137076, 8.827423222435216 ], [ -83.042965146438462, 8.827428448604255 ], [ -83.043133483550861, 8.827433661524184 ], [ -83.043306545594689, 8.827472377919591 ], [ -83.043426561568111, 8.827563586364594 ], [ -83.043532122967051, 8.827664326298018 ], [ -83.043656886842484, 8.827779468124708 ], [ -83.043762337477347, 8.827923266686359 ], [ -83.043824522812855, 8.828057386642984 ], [ -83.043896180057374, 8.828248942676035 ], [ -83.043939038920968, 8.828416503992198 ], [ -83.044044354325294, 8.828612930382558 ], [ -83.044135338337739, 8.828771045010443 ], [ -83.044216801229879, 8.828890861037872 ], [ -83.044303369152829, 8.828895866139547 ], [ -83.044394981366693, 8.828809981497223 ], [ -83.044592659414633, 8.828628679664751 ], [ -83.044713193102496, 8.828518946302449 ], [ -83.044896540185405, 8.828299333452021 ], [ -83.045017332084242, 8.828089129678006 ], [ -83.045123570798481, 8.827926732434921 ], [ -83.045263601822313, 8.8277165784028 ], [ -83.045475500684404, 8.827616645501021 ], [ -83.04567769367695, 8.827550179317914 ], [ -83.04589705417645, 8.827541167741554 ], [ -83.046062292568379, 8.827629619768111 ], [ -83.046165923099423, 8.82773322563216 ], [ -83.046346455053367, 8.827859990775709 ], [ -83.046469355539116, 8.827952162230487 ], [ -83.046715196004868, 8.828121195572441 ], [ -83.046988041219549, 8.828263505384379 ], [ -83.047230201410414, 8.8283674618453 ], [ -83.047468591688983, 8.828440788555339 ], [ -83.047691678687158, 8.828479629987527 ], [ -83.047880231799581, 8.828480108399765 ], [ -83.048018819059649, 8.828457495167074 ], [ -83.048180592489601, 8.828396665404158 ], [ -83.048353999097245, 8.828301418754508 ], [ -83.048496541878251, 8.828236712911442 ], [ -83.048662046084502, 8.828221822908056 ], [ -83.048781325155971, 8.828225952413909 ], [ -83.048892887394885, 8.828237717564756 ], [ -83.048977426560413, 8.828283861426762 ], [ -83.049065695824211, 8.828375944351126 ], [ -83.049142470104528, 8.828448861392058 ], [ -83.049222935305792, 8.828583026975473 ], [ -83.049211067819044, 8.828709303389147 ], [ -83.04911069565884, 8.828835355553739 ], [ -83.048933264744221, 8.828999487687138 ], [ -83.048871510474072, 8.829072052777011 ], [ -83.048813554861042, 8.829163766030849 ], [ -83.04876325542692, 8.829270807348463 ], [ -83.048747716547012, 8.82932817998568 ], [ -83.048720348274699, 8.829496519519003 ], [ -83.048727819049716, 8.829584570532401 ], [ -83.048792970953741, 8.829688078244098 ], [ -83.048927348125773, 8.829807070081399 ], [ -83.04907734268464, 8.829838070279891 ], [ -83.049342641756724, 8.829922946527704 ], [ -83.049504102096293, 8.829984595667073 ], [ -83.049626964929374, 8.83009207571099 ], [ -83.049807509100745, 8.830215012276778 ], [ -83.049918896575079, 8.830295672099194 ], [ -83.050061117638876, 8.830357271403431 ], [ -83.050203416189618, 8.830388251698952 ], [ -83.050411161923975, 8.830407914269616 ], [ -83.050676871993716, 8.830332037836385 ], [ -83.050919435976923, 8.830279066577285 ], [ -83.05116980297916, 8.830184012405125 ], [ -83.05147792058095, 8.830077622534121 ], [ -83.051739723882733, 8.830024699348924 ], [ -83.051920650061803, 8.829998364536333 ], [ -83.052086106219747, 8.830002609725476 ], [ -83.052209105795839, 8.830056505341393 ], [ -83.052347381805944, 8.830156369168103 ], [ -83.052462559011076, 8.830260001790878 ], [ -83.052535398731592, 8.830367354649361 ], [ -83.052615797198129, 8.830528312401238 ], [ -83.052734636746735, 8.830704675880218 ], [ -83.05284213828358, 8.830800634690684 ], [ -83.053011227763292, 8.830889093683325 ], [ -83.053203649656169, 8.830881924063856 ], [ -83.053319217797025, 8.830832458835273 ], [ -83.053523408261327, 8.830737286556239 ], [ -83.053708183404197, 8.830710960614379 ], [ -83.053896874556841, 8.830657851535051 ], [ -83.05408542820696, 8.83065832694394 ], [ -83.05427006677921, 8.83068558440675 ], [ -83.051572837548306, 8.834153509598845 ], [ -83.057932415256957, 8.836424481747049 ], [ -83.064298029095227, 8.835078641968373 ], [ -83.066113162376794, 8.836889950872948 ], [ -83.064748090653069, 8.837791908902938 ], [ -83.065201876117442, 8.838244736815671 ], [ -83.065297801196152, 8.838205918478828 ], [ -83.065372839745194, 8.838206105562355 ], [ -83.065436333903349, 8.838206263852074 ], [ -83.065499784664013, 8.838223645702525 ], [ -83.065569037468066, 8.838229559551435 ], [ -83.065655490246655, 8.838281446070246 ], [ -83.065736199775316, 8.838321836708896 ], [ -83.065793719294334, 8.838402357227999 ], [ -83.065845510020111, 8.838465639784022 ], [ -83.06592611839298, 8.838546217821204 ], [ -83.065983565688725, 8.8386554442739 ], [ -83.066041129594723, 8.838718741193167 ], [ -83.06611010690159, 8.838833738489367 ], [ -83.066254137425148, 8.838943180603691 ], [ -83.066323244932505, 8.839006506242022 ], [ -83.06636932143536, 8.839046809597859 ], [ -83.066478575225162, 8.839213578204065 ], [ -83.066605318263299, 8.83931149469776 ], [ -83.066749247981306, 8.839461124998598 ], [ -83.066829885660383, 8.839530220495444 ], [ -83.067037542018852, 8.839588149692144 ], [ -83.067112667546027, 8.839553889300085 ], [ -83.067222527470122, 8.839479526727175 ], [ -83.06740765811395, 8.839313491728513 ], [ -83.067544570107856, 8.839193265609666 ], [ -83.067571786806255, 8.839082336810007 ], [ -83.067568178652422, 8.838986640073083 ], [ -83.067537865699677, 8.83879901723637 ], [ -83.067507445995304, 8.838653496784499 ], [ -83.067465520396453, 8.838492638065908 ], [ -83.067465857240705, 8.838358676579226 ], [ -83.067466117087776, 8.838255335092761 ], [ -83.067516364768267, 8.838167427589948 ], [ -83.067585842855109, 8.838083395091758 ], [ -83.067670607291461, 8.838041504151628 ], [ -83.067728367751059, 8.838026337241432 ], [ -83.067805244103198, 8.838060975785723 ], [ -83.067828227074358, 8.838103135589458 ], [ -83.067870268245088, 8.838218064727466 ], [ -83.067900822751028, 8.838310000381847 ], [ -83.067950578864256, 8.838417294325465 ], [ -83.068015718539826, 8.838528453695734 ], [ -83.068134568993216, 8.838704814157744 ], [ -83.068184363688289, 8.838796797625243 ], [ -83.068230320184341, 8.838884944362158 ], [ -83.068291621794884, 8.838992266068519 ], [ -83.068349007377705, 8.839126371047985 ], [ -83.068368045561968, 8.83920679559513 ], [ -83.068444653000483, 8.839348603613589 ], [ -83.068471388718109, 8.839429047287677 ], [ -83.068548168381227, 8.83950196094883 ], [ -83.06859431822204, 8.839513558087891 ], [ -83.06864832627042, 8.839460107159658 ], [ -83.06868319991419, 8.839364506018434 ], [ -83.068756459479857, 8.839307275715093 ], [ -83.068833547643294, 8.839257710182348 ], [ -83.06895681353032, 8.839208258425383 ], [ -83.069037634186472, 8.839204631970615 ], [ -83.069137561362922, 8.839254638078636 ], [ -83.069218161072627, 8.83933904265907 ], [ -83.06926031807086, 8.839408042122418 ], [ -83.069290426449811, 8.839607632381417 ], [ -83.069742006148289, 8.841416718125764 ], [ -83.072470307613202, 8.840742979519602 ], [ -83.074741141750934, 8.841876843855344 ], [ -83.080649359813123, 8.842338344445151 ], [ -83.082013685467132, 8.841888415192839 ], [ -83.081107512301912, 8.840078625465944 ], [ -83.081585168744439, 8.836723144107427 ], [ -83.081734322849726, 8.836733971154947 ], [ -83.082003579135289, 8.836780560493249 ], [ -83.082218942375306, 8.836834673037101 ], [ -83.082434286753426, 8.836896440722851 ], [ -83.082588212795528, 8.836896817378461 ], [ -83.08292684938499, 8.836897645796666 ], [ -83.083134629834817, 8.83690580834867 ], [ -83.08339622777612, 8.836937068277395 ], [ -83.083557869368221, 8.836929808090208 ], [ -83.083873417253642, 8.836930579222045 ], [ -83.084196830933948, 8.836862474229099 ], [ -83.084427663408647, 8.836886002988292 ], [ -83.084550690771778, 8.836932233437684 ], [ -83.084727327973624, 8.837085765449013 ], [ -83.084835000051498, 8.837116648613172 ], [ -83.08496578079108, 8.837139932834953 ], [ -83.085196593747057, 8.837171115501683 ], [ -83.085381229956553, 8.837202186292695 ], [ -83.08568127184121, 8.837248848164986 ], [ -83.085912010415328, 8.837310651472956 ], [ -83.086258231142196, 8.837357425481517 ], [ -83.086458390932563, 8.837334948204047 ], [ -83.086681715884083, 8.837281906894894 ], [ -83.08684347078264, 8.837228715495968 ], [ -83.087082508196445, 8.837045577270757 ], [ -83.087298400031841, 8.836885346666246 ], [ -83.087552886664923, 8.836679280654662 ], [ -83.087846155262781, 8.836350828233924 ], [ -83.087954636772068, 8.836052545587368 ], [ -83.088032258378675, 8.835784808205121 ], [ -83.088048290389565, 8.835524576337967 ], [ -83.088064436167642, 8.835218413737815 ], [ -83.088041987176098, 8.834958088283898 ], [ -83.0880195381975, 8.834697762828254 ], [ -83.088066355326234, 8.834437605799033 ], [ -83.088205489481112, 8.834192982928201 ], [ -83.08835196262244, 8.834093823458375 ], [ -83.088429019218907, 8.834055735961952 ], [ -83.088583056251608, 8.834010179296985 ], [ -83.088760088835528, 8.83400295503329 ], [ -83.088960078533717, 8.834049370978235 ], [ -83.089090614313719, 8.834172168637194 ], [ -83.089213397273966, 8.834317912489118 ], [ -83.089336179419945, 8.834463656307278 ], [ -83.089428215793205, 8.834594014804432 ], [ -83.089535530789803, 8.834770341398739 ], [ -83.089642940708103, 8.834908392499161 ], [ -83.089765724117939, 8.835054136211184 ], [ -83.089919348360084, 8.835176989675601 ], [ -83.090057656507426, 8.835269186443634 ], [ -83.090172987687367, 8.835315396393462 ], [ -83.090411327934689, 8.835415490140397 ], [ -83.090618827596643, 8.835538473121581 ], [ -83.090741630366239, 8.83567656219549 ], [ -83.090841212195357, 8.835868179489882 ], [ -83.090948397812951, 8.836098090008615 ], [ -83.091040190386991, 8.836327964097391 ], [ -83.091078109687714, 8.836557706680441 ], [ -83.09109258285865, 8.836932839051443 ], [ -83.091116941483307, 8.83720005866801 ], [ -83.09111673046128, 8.837286177153242 ], [ -83.091139481723317, 8.837424023603768 ], [ -83.091191122275447, 8.83755045664566 ], [ -83.091219786476429, 8.837630903857963 ], [ -83.091271384878894, 8.837774560590404 ], [ -83.091300091306877, 8.837837785005878 ], [ -83.091380536872165, 8.837987252913914 ], [ -83.091466881312655, 8.838085063704925 ], [ -83.091593688625679, 8.838160007460393 ], [ -83.091732081743558, 8.838217755446079 ], [ -83.091899265820288, 8.838304280367375 ], [ -83.092014528821508, 8.838379196031115 ], [ -83.092152711287596, 8.83852306238002 ], [ -83.09230242430273, 8.838672697874857 ], [ -83.092492459798265, 8.838856879451075 ], [ -83.092630740959436, 8.838960557017126 ], [ -83.09275747769189, 8.83906420659916 ], [ -83.092889931484123, 8.83919083595798 ], [ -83.093091553276366, 8.8393578206078 ], [ -83.093264342020078, 8.839513252881321 ], [ -83.093454434575023, 8.839674469111829 ], [ -83.093627293789083, 8.839801195067768 ], [ -83.093846149794686, 8.840002668664757 ], [ -83.094105635472062, 8.840112380938749 ], [ -83.094319000125083, 8.840199015618811 ], [ -83.094538262435464, 8.840233992997558 ], [ -83.094705673346525, 8.840228656118967 ], [ -83.094867507283269, 8.840142927899285 ], [ -83.095127610813208, 8.840000023233184 ], [ -83.09535296756566, 8.839902965586464 ], [ -83.095537918320147, 8.839805810294219 ], [ -83.095745902967238, 8.839731675560056 ], [ -83.09590175424205, 8.839732051508889 ], [ -83.096046019905572, 8.839749623272439 ], [ -83.096224834343928, 8.839801725927005 ], [ -83.096368903278389, 8.839899674927176 ], [ -83.096593966887923, 8.839923182542956 ], [ -83.096859365633264, 8.8399754935887 ], [ -83.097020822468352, 8.84004477788409 ], [ -83.097238190327175, 8.840238958756286 ], [ -83.105657429058894, 8.836726019097375 ], [ -83.107698314145637, 8.839667687550232 ], [ -83.114289017924037, 8.839677590314594 ], [ -83.117467344035632, 8.841942768883941 ], [ -83.130818436269621, 8.848608580669822 ], [ -83.131089023944639, 8.84840299931032 ], [ -83.131262489463211, 8.848279005833044 ], [ -83.13138057955436, 8.848178806607956 ], [ -83.131467446833099, 8.848059396881279 ], [ -83.131496555872133, 8.847954206492982 ], [ -83.131521395675094, 8.847823553601589 ], [ -83.131552763410454, 8.847739802114402 ], [ -83.131607347424207, 8.84760213691772 ], [ -83.131682889818535, 8.847388734825723 ], [ -83.131778112235864, 8.847152412129697 ], [ -83.131914601670744, 8.846836979179342 ], [ -83.131979877391416, 8.846693596448013 ], [ -83.132025901011389, 8.846554954728692 ], [ -83.132091183141227, 8.846409180516787 ], [ -83.132163725119071, 8.846244285056928 ], [ -83.132187950280581, 8.846170182251987 ], [ -83.132197834917307, 8.846057770117609 ], [ -83.132212473266918, 8.845969291785421 ], [ -83.132234309873425, 8.845888007235891 ], [ -83.132277810309077, 8.845799595760058 ], [ -83.132333337354481, 8.845711212134546 ], [ -83.132400900385932, 8.845618071635634 ], [ -83.132456269648401, 8.845596670354711 ], [ -83.132526070861189, 8.845575301582256 ], [ -83.132643991739243, 8.845546868012825 ], [ -83.132776382835232, 8.845501722219701 ], [ -83.132858287193216, 8.845446890934779 ], [ -83.132925839760944, 8.845358535038701 ], [ -83.132959685995871, 8.845284454429811 ], [ -83.133003147004359, 8.845212788439007 ], [ -83.133085096035543, 8.845138819141152 ], [ -83.133162263277598, 8.845052876906371 ], [ -83.133196115029136, 8.844976403910429 ], [ -83.133208403705822, 8.844863998177322 ], [ -83.133235123387323, 8.844751625831377 ], [ -83.133338713645685, 8.844680098902369 ], [ -83.133410902276836, 8.844665911672923 ], [ -83.13347825879552, 8.844661283638191 ], [ -83.13358413127014, 8.844642390446859 ], [ -83.133704468300024, 8.844609177353371 ], [ -83.133791222108783, 8.844537611353992 ], [ -83.133873176427954, 8.84446124949385 ], [ -83.133935985013295, 8.844344175763549 ], [ -83.133989061398438, 8.84427492422509 ], [ -83.134056506369788, 8.844232020158692 ], [ -83.134121535741272, 8.844193894333307 ], [ -83.134205811408634, 8.844153421505915 ], [ -83.134282799374816, 8.844144030832243 ], [ -83.13435976499018, 8.844144208670615 ], [ -83.134504063783879, 8.844149325885875 ], [ -83.134578618500925, 8.844151890481008 ], [ -83.134662850344185, 8.844130555509292 ], [ -83.134781994827605, 8.844072269119321 ], [ -83.134839801900029, 8.844036806370148 ], [ -83.134909183239841, 8.843988738507027 ], [ -83.134985491435714, 8.843940687526169 ], [ -83.13508952050968, 8.843886959192742 ], [ -83.135216674873178, 8.843818356746601 ], [ -83.135294150871289, 8.843764567060612 ], [ -83.1354178917056, 8.843674139604452 ], [ -83.135512698213404, 8.84361464852752 ], [ -83.135592515222385, 8.843547084074736 ], [ -83.135690718697646, 8.843433823952347 ], [ -83.135731756910843, 8.84336932819096 ], [ -83.135794486635547, 8.843285745287551 ], [ -83.135864375590202, 8.843226100793821 ], [ -83.135931798778174, 8.843192764883087 ], [ -83.136028082974278, 8.843159495508296 ], [ -83.136100322335409, 8.843123779201699 ], [ -83.136153337029711, 8.843080363148223 ], [ -83.136218953919354, 8.842996307617419 ], [ -83.136288383054961, 8.842927571680645 ], [ -83.136357821083962, 8.842855007591385 ], [ -83.136485000721748, 8.84277492204963 ], [ -83.136665940262844, 8.842744719143704 ], [ -83.136766021897827, 8.842733467054 ], [ -83.136896925509419, 8.842706975109424 ], [ -83.137116391780722, 8.842657722640405 ], [ -83.137278126216543, 8.842612164377563 ], [ -83.137389779291084, 8.842589456090005 ], [ -83.13766952624799, 8.842475129533513 ], [ -83.137756130608366, 8.842467290955009 ], [ -83.137877332754911, 8.842475607693201 ], [ -83.137945412100905, 8.842490691787287 ], [ -83.138040009685128, 8.842520764339746 ], [ -83.138127651064337, 8.842563451806427 ], [ -83.138199762215081, 8.842594882166006 ], [ -83.138232400881392, 8.842625577983325 ], [ -83.138268879516289, 8.842660109884278 ], [ -83.138309183866866, 8.842704219170061 ], [ -83.138353426057165, 8.842710062242329 ], [ -83.138390046147478, 8.842683353852859 ], [ -83.138449810045358, 8.842633732428153 ], [ -83.138530734569557, 8.842586074624929 ], [ -83.138598150771443, 8.842555608851463 ], [ -83.138679053028881, 8.842517519552585 ], [ -83.138732995574912, 8.842488935957807 ], [ -83.138796509531673, 8.84248142742317 ], [ -83.138840737462388, 8.842493011739149 ], [ -83.138898413267682, 8.842514195545153 ], [ -83.138969525335852, 8.842548806968885 ], [ -83.139046406263148, 8.842585345715017 ], [ -83.139098228803775, 8.84264096406041 ], [ -83.139136596402778, 8.842690811056782 ], [ -83.139182717693117, 8.842715796437853 ], [ -83.139248138344314, 8.842715946721965 ], [ -83.139296285372964, 8.842696919228686 ], [ -83.139375237424758, 8.842670307969273 ], [ -83.139436865196515, 8.842629103747782 ], [ -83.139489873716599, 8.842588556927851 ], [ -83.139530883434958, 8.84253602248311 ], [ -83.139574304004384, 8.842481101194039 ], [ -83.139641710125943, 8.842454940750267 ], [ -83.139697017514678, 8.84245985248047 ], [ -83.13975710776927, 8.842476736150841 ], [ -83.139874877435958, 8.842512890304898 ], [ -83.140016698420752, 8.842549098718774 ], [ -83.140112838809713, 8.842578026037996 ], [ -83.140269041784308, 8.842635797832566 ], [ -83.140434109068309, 8.842673495217687 ], [ -83.140603388295204, 8.842693021590213 ], [ -83.14083822129426, 8.842655284813826 ], [ -83.140972999287115, 8.842617317620716 ], [ -83.141177116810056, 8.842548889431606 ], [ -83.141331242711772, 8.842465036635156 ], [ -83.141477707194596, 8.842365855373988 ], [ -83.141631903864081, 8.842251380917093 ], [ -83.141766858874121, 8.842136863223798 ], [ -83.141898606433003, 8.842011467556496 ], [ -83.141978773779073, 8.841958064974492 ], [ -83.14203730646777, 8.841941358325439 ], [ -83.142094246102644, 8.841947612478005 ], [ -83.142169647625266, 8.841958501956594 ], [ -83.142260434767678, 8.841972489890576 ], [ -83.142344924218861, 8.841964023336237 ], [ -83.142443121028933, 8.841935541356552 ], [ -83.142610745680955, 8.841838321201738 ], [ -83.142743922775921, 8.841660644286552 ], [ -83.142888670119333, 8.841471510184904 ], [ -83.143010301298276, 8.841293806740891 ], [ -83.143097231820377, 8.841144730617152 ], [ -83.143097550289482, 8.841006938225922 ], [ -83.143017002619246, 8.840891927208006 ], [ -83.142872945774826, 8.840782512281944 ], [ -83.142705811954812, 8.840667303181059 ], [ -83.142556022772723, 8.840540650107446 ], [ -83.142348563286262, 8.840390900561003 ], [ -83.142158393546936, 8.840252673168301 ], [ -83.141968251435799, 8.840102962168434 ], [ -83.141766444285949, 8.840004897346549 ], [ -83.141605017983025, 8.839918407585337 ], [ -83.141484104495518, 8.839786079831805 ], [ -83.141463266525037, 8.839644411772234 ], [ -83.141436603964138, 8.839525696636652 ], [ -83.141413842511426, 8.839384024169853 ], [ -83.141417982873094, 8.839257724164291 ], [ -83.141418337342927, 8.839104621961388 ], [ -83.141411013696214, 8.838943847653502 ], [ -83.141384323689124, 8.838836614230097 ], [ -83.141349964453397, 8.838717880558386 ], [ -83.141350212585522, 8.838610709738623 ], [ -83.14136590643983, 8.838480608029009 ], [ -83.141385395928111, 8.838373481276747 ], [ -83.141393580015389, 8.838162983592804 ], [ -83.141393872423819, 8.83803667476622 ], [ -83.14135182537548, 8.837914096230698 ], [ -83.141309716322169, 8.837818310172151 ], [ -83.141259796276771, 8.837772265107926 ], [ -83.14119833071679, 8.837726193591511 ], [ -83.1411522586004, 8.837680157329386 ], [ -83.141090882614989, 8.837595809797236 ], [ -83.141052603832392, 8.837507687914474 ], [ -83.140995111249964, 8.837408040231921 ], [ -83.140941440912016, 8.837319883077074 ], [ -83.140883903153622, 8.83723937157243 ], [ -83.140807108201045, 8.837166472258316 ], [ -83.140757373589608, 8.83704004880274 ], [ -83.140765265347838, 8.836955859962723 ], [ -83.140807826333116, 8.836856440627933 ], [ -83.140884958090297, 8.836783894022053 ], [ -83.140992867728642, 8.83671524516795 ], [ -83.141077678389678, 8.836650370625696 ], [ -83.141181722343745, 8.836589367373128 ], [ -83.141270372882659, 8.836528329739378 ], [ -83.141362942160256, 8.836436680267569 ], [ -83.141467171127147, 8.836295298569588 ], [ -83.141548328584989, 8.836146209497416 ], [ -83.141621799060246, 8.83599327464046 ], [ -83.141729893387421, 8.835844247173629 ], [ -83.141880425121187, 8.835649385137861 ], [ -83.142010914618496, 8.835509116667314 ], [ -83.141573224719551, 8.831127642525905 ], [ -83.149309024325817, 8.824809298070655 ], [ -83.145685793140828, 8.815762434925693 ], [ -83.14967450676096, 8.810614217901129 ] ] ] ] } },
{ "type": "Feature", "properties": { "Id": 8, "TERRITORIO": "CABECAR TALAMANCA", "DECRETO": "29448", "AÑO": "2001", "CLASIF": "CREF y PAFT", "AE_2018": 12647.89, "AE_2019": 11499.03, "AE_2020": 12232.71, "AE_2021": 12745.66, "AE_2023": 15348.87, "AE_2024": 14073.58, "AE_2017": null, "AE_2022": 15562.26, "PRIMER DESEMBOLSO": 2023, "SEGUNDO DESEMBOLSO": 2024, "BLOQUE": "TALAMANCA CARIBE" }, "geometry": { "type": "MultiPolygon", "coordinates": [ [ [ [ -82.920880785231333, 9.638789241657918 ], [ -82.925394671500229, 9.641777465939061 ], [ -82.916753936574679, 9.656903466033155 ], [ -82.941548416684526, 9.650714675923235 ], [ -82.943252857695228, 9.641179920011787 ], [ -82.96548948225373, 9.637787169851096 ], [ -82.979151092887747, 9.640072995180136 ], [ -82.979423267672075, 9.639954069732156 ], [ -82.979559855505698, 9.639903283847298 ], [ -82.979706965872296, 9.639879799382875 ], [ -82.979962496356478, 9.639873379009879 ], [ -82.980184210007664, 9.639890780086615 ], [ -82.980519258503278, 9.639894163177649 ], [ -82.980813450447755, 9.639856760127097 ], [ -82.981052302321018, 9.639785704727361 ], [ -82.981562933856722, 9.639514524446579 ], [ -82.982112247372314, 9.639205182829713 ], [ -82.982546840107332, 9.638970253832159 ], [ -82.982812241831652, 9.638887316418367 ], [ -82.982942117929085, 9.638783048023699 ], [ -82.983035872436943, 9.638666713998393 ], [ -82.983057564813393, 9.638466445109033 ], [ -82.983042963718162, 9.638310920088802 ], [ -82.98297160023985, 9.637993766179719 ], [ -82.982918573357253, 9.637589956993621 ], [ -82.982928212657072, 9.6373896543593 ], [ -82.982959042728837, 9.637156522341806 ], [ -82.98304088699517, 9.636992311554314 ], [ -82.983146980386721, 9.636780332465005 ], [ -82.983352638120508, 9.63652379592336 ], [ -82.98357634723024, 9.636276282609463 ], [ -82.983896715740016, 9.635948324034269 ], [ -82.984220104443025, 9.635617383323179 ], [ -82.984407297710192, 9.635489363088661 ], [ -82.984567062058247, 9.635465913578347 ], [ -82.984732780453626, 9.635466401417425 ], [ -82.984886320809579, 9.635508713614181 ], [ -82.985093792971853, 9.635652845385593 ], [ -82.985319208028869, 9.635841880784708 ], [ -82.98550863778182, 9.635973998404959 ], [ -82.985704334347574, 9.636025406265551 ], [ -82.98588518934352, 9.636002016377629 ], [ -82.986096218629342, 9.635963767189502 ], [ -82.986297452715021, 9.635910139760915 ], [ -82.986469544968713, 9.635794033014571 ], [ -82.986708146820078, 9.635603372974339 ], [ -82.987044231545653, 9.635258113564564 ], [ -82.987207513987386, 9.635064839730246 ], [ -82.987240505320031, 9.63491423876614 ], [ -82.98724468726293, 9.634724085073634 ], [ -82.987180311179884, 9.634487085433236 ], [ -82.987044307918438, 9.634020241359444 ], [ -82.987027277968949, 9.633668561868266 ], [ -82.987053474247105, 9.633370832277185 ], [ -82.987097290681575, 9.633227439605117 ], [ -82.987209803863465, 9.633084248599916 ], [ -82.987391056491532, 9.632926906273127 ], [ -82.987564842012276, 9.632848480017294 ], [ -82.987818074660055, 9.632802578384593 ], [ -82.988515883656078, 9.632808212278812 ], [ -82.989072669995181, 9.63281702073534 ], [ -82.989401884385927, 9.632753400143844 ], [ -82.989633553380315, 9.632664378454759 ], [ -82.989876227123816, 9.632521565788778 ], [ -82.990205869517339, 9.632314424177292 ], [ -82.990546750762292, 9.6319745574968 ], [ -82.990959978447549, 9.631624138093862 ], [ -82.99147829089604, 9.631195088871712 ], [ -82.991829888639273, 9.63089830754239 ], [ -82.992395170172585, 9.630480157814914 ], [ -82.992989270722035, 9.630097970152049 ], [ -82.993405660475148, 9.629898254681164 ], [ -82.993698950634226, 9.62975558838885 ], [ -82.994024727211013, 9.629630956949029 ], [ -82.994263453064974, 9.629599359226169 ], [ -82.994737024446579, 9.629625855952861 ], [ -82.995105730769339, 9.629655634073583 ], [ -82.995290075184627, 9.629674111231477 ], [ -82.995571848063804, 9.629757457085795 ], [ -82.995994430924867, 9.629909383188044 ], [ -82.996482104424132, 9.630057912534625 ], [ -82.996843327517567, 9.630173780152123 ], [ -82.997164851655228, 9.630264416872956 ], [ -82.997389010494487, 9.630268655568157 ], [ -82.997642178930136, 9.630244274022948 ], [ -82.997938754960927, 9.630212843600821 ], [ -82.998314916320624, 9.630167290847924 ], [ -82.998539379979348, 9.630067477932608 ], [ -82.998742300121449, 9.629917366546248 ], [ -82.998902104811606, 9.629673843919351 ], [ -82.999033260978507, 9.629336946638412 ], [ -82.999121282285444, 9.628913812881068 ], [ -82.999115212826908, 9.628519108801369 ], [ -82.999166867873669, 9.628167629559629 ], [ -82.999319652766644, 9.627852322599235 ], [ -82.999645943308224, 9.627551871494465 ], [ -83.000109667255714, 9.62723746684531 ], [ -83.000428325842009, 9.627073339948195 ], [ -83.000855470417434, 9.62690235018518 ], [ -83.001347402230181, 9.626832011750254 ], [ -83.001940485018096, 9.62679066944818 ], [ -83.002415583459054, 9.626870981160488 ], [ -83.002844155325391, 9.627034877074541 ], [ -83.003123453212723, 9.627140934441606 ], [ -83.003364408816097, 9.627170334602086 ], [ -83.003721245565444, 9.627137875865111 ], [ -83.004439515897559, 9.627149516844568 ], [ -83.004757575670268, 9.627188705339528 ], [ -83.005007949708443, 9.627294677858957 ], [ -83.005330508873584, 9.627443913954892 ], [ -83.005658155318258, 9.627502266771323 ], [ -83.006178718759699, 9.627532470331674 ], [ -83.006665674485845, 9.62751473447158 ], [ -83.0069403208675, 9.627563366637432 ], [ -83.007084818943554, 9.627606838066349 ], [ -83.007359353738636, 9.627693740975142 ], [ -83.0075135639742, 9.6277133219038 ], [ -83.007648545694678, 9.627713709984304 ], [ -83.007894574834523, 9.627657008303142 ], [ -83.008410611006454, 9.627586729042815 ], [ -83.008748054066899, 9.627592482600486 ], [ -83.009003332894991, 9.627669760189539 ], [ -83.009272963618855, 9.627785353815087 ], [ -83.009677450993124, 9.627944388161977 ], [ -83.00992320143196, 9.62798336636542 ], [ -83.010289737039571, 9.627931792970015 ], [ -83.010849424326793, 9.62777073741851 ], [ -83.011274059758037, 9.627633216001929 ], [ -83.011872494020778, 9.627410076333792 ], [ -83.012480569784685, 9.627186964938339 ], [ -83.012882358264122, 9.627168978382667 ], [ -83.013079943042982, 9.627193463435594 ], [ -83.013277387178704, 9.627265790001358 ], [ -83.01357572209622, 9.627458005332397 ], [ -83.014071488096448, 9.627727330934809 ], [ -83.014538442839623, 9.62795830037183 ], [ -83.01484158457896, 9.628155312837775 ], [ -83.01507707010488, 9.628409542835227 ], [ -83.015340734350858, 9.62892219364991 ], [ -83.015594173265043, 9.629635746709782 ], [ -83.015771796386034, 9.629894593888604 ], [ -83.015944889516774, 9.630052963203157 ], [ -83.016166414072003, 9.630134923953676 ], [ -83.016460513583539, 9.63012619349462 ], [ -83.016889653334928, 9.630098711766662 ], [ -83.01712586120766, 9.630104168974512 ], [ -83.017304080625365, 9.630157301164466 ], [ -83.017429188095932, 9.630238988378746 ], [ -83.017544542690899, 9.630358917469648 ], [ -83.017726629339506, 9.630742165195525 ], [ -83.017946411011494, 9.631426914924182 ], [ -83.018050701639211, 9.632039577311371 ], [ -83.018024798315722, 9.632661436117242 ], [ -83.0180138165112, 9.63312546159362 ], [ -83.018065974876734, 9.633427008429825 ], [ -83.018252843166081, 9.63382462099495 ], [ -83.018503826769248, 9.634209257950046 ], [ -83.018774061077636, 9.634535943787117 ], [ -83.019101580136294, 9.634850831389274 ], [ -83.019378076027195, 9.635096802147416 ], [ -83.019603807379099, 9.63518415591483 ], [ -83.019877861938525, 9.635231979458156 ], [ -83.020282722824518, 9.635266616776198 ], [ -83.02066820419067, 9.635334689341857 ], [ -83.021361923009863, 9.635508885587258 ], [ -83.021766688094942, 9.635577011685251 ], [ -83.022099319393135, 9.635582739320627 ], [ -83.022446579664077, 9.635531098991422 ], [ -83.022974437593248, 9.635544553818331 ], [ -83.025295640208626, 9.635579825785319 ], [ -83.025751506284905, 9.635480648611601 ], [ -83.026048323425641, 9.63536666854216 ], [ -83.026569788089873, 9.635088269528547 ], [ -83.027004329567106, 9.634859858851216 ], [ -83.027582986482344, 9.634811258044893 ], [ -83.028074618428832, 9.634848523047904 ], [ -83.028392493642983, 9.634957062189144 ], [ -83.028761027644165, 9.635051388687645 ], [ -83.029057515446539, 9.635052223396052 ], [ -83.029419537429305, 9.634895367803756 ], [ -83.029759947375126, 9.634709744587065 ], [ -83.030144338559566, 9.634316135728254 ], [ -83.030412944871031, 9.633950907365174 ], [ -83.030572466150986, 9.633800655970667 ], [ -83.03082599559373, 9.633650668604194 ], [ -83.031217020905203, 9.633465185934732 ], [ -83.031550360354217, 9.633222133397043 ], [ -83.031898776414238, 9.632763835326841 ], [ -83.032327183670859, 9.632147886551088 ], [ -83.032994633996125, 9.631389082038604 ], [ -83.033625740605544, 9.630694761869323 ], [ -83.034256661086815, 9.630065023875686 ], [ -83.034705899691531, 9.629750529466801 ], [ -83.035437238924175, 9.629408118257439 ], [ -83.036111731382832, 9.629099274362018 ], [ -83.040221097565507, 9.623455699397164 ], [ -83.043864416425208, 9.623913880337485 ], [ -83.047282289321075, 9.623015523977431 ], [ -83.050706249686129, 9.618500786441178 ], [ -83.056628948785473, 9.617832513210878 ], [ -83.05891136322596, 9.614897974756634 ], [ -83.068465018150405, 9.622146237133549 ], [ -83.072564604045112, 9.622152830878555 ], [ -83.091685326635485, 9.628963659215332 ], [ -83.094878202930033, 9.626256333609971 ], [ -83.104996893143394, 9.622203409082735 ], [ -83.109005377792471, 9.622209460711574 ], [ -83.122132825962012, 9.616352395909852 ], [ -83.118500005612773, 9.608888287780632 ], [ -83.11821481886561, 9.607849931981956 ], [ -83.118145145710898, 9.606830712122413 ], [ -83.118325053429203, 9.606235533544117 ], [ -83.118500414320806, 9.605532698624762 ], [ -83.11865423412425, 9.604772397960446 ], [ -83.118605230957357, 9.604147930486505 ], [ -83.118534945729621, 9.603365528470372 ], [ -83.118659578863458, 9.602705621094678 ], [ -83.11868240295621, 9.60226792218049 ], [ -83.118574866125755, 9.601908830525268 ], [ -83.118626745358, 9.601420971682149 ], [ -83.118700667157796, 9.600796817149027 ], [ -83.11880284603879, 9.600431082683231 ], [ -83.118869704585293, 9.599742322548749 ], [ -83.11884949436751, 9.599168163977444 ], [ -83.118742812988813, 9.598478962051088 ], [ -83.118556296891924, 9.597904378289867 ], [ -83.11828267618651, 9.597458747663135 ], [ -83.117878567222306, 9.597141959452427 ], [ -83.117467229622932, 9.596825152405609 ], [ -83.117302852003917, 9.596589535785954 ], [ -83.117243332814937, 9.596455146088715 ], [ -83.117243332814937, 9.596455146088696 ], [ -83.117010056769061, 9.596475882777385 ], [ -83.116680444924043, 9.59652652367642 ], [ -83.116232136875425, 9.596525379766307 ], [ -83.115762471947406, 9.596395005811763 ], [ -83.115394372068465, 9.596135717616196 ], [ -83.115098785910419, 9.595797673354985 ], [ -83.11455219246325, 9.595126484521472 ], [ -83.113903259170144, 9.594419151058439 ], [ -83.113049645290474, 9.593639528302912 ], [ -83.112027349220071, 9.592847511886715 ], [ -83.111100580712048, 9.592377562924806 ], [ -83.108143120479781, 9.590338901624509 ], [ -83.108218327788521, 9.590150202622132 ], [ -83.108238154383216, 9.589942139822131 ], [ -83.108235269909798, 9.589797257007932 ], [ -83.108185274924338, 9.589560309212612 ], [ -83.108084420710981, 9.589416523163399 ], [ -83.107933067260376, 9.589229548248939 ], [ -83.107819336395892, 9.589106215978362 ], [ -83.107745705499156, 9.588982166003554 ], [ -83.107659654716116, 9.588712149048094 ], [ -83.107666992410401, 9.588589124858679 ], [ -83.107681727641378, 9.588342127320644 ], [ -83.107689106135425, 9.588316745526049 ], [ -83.107791436001889, 9.588088146889707 ], [ -83.107936742953498, 9.587822996521304 ], [ -83.108125673974627, 9.587464665665594 ], [ -83.108151972673966, 9.587415221901582 ], [ -83.108358196732738, 9.587027507690241 ], [ -83.108504025580999, 9.586561419418794 ], [ -83.108635541885718, 9.586037885436953 ], [ -83.10902171856155, 9.584905015956739 ], [ -83.109181399893615, 9.584495096808512 ], [ -83.109465756708971, 9.583765119399455 ], [ -83.109527088618535, 9.583640834195386 ], [ -83.109662404424043, 9.583407211239145 ], [ -83.109683751450987, 9.583379503720789 ], [ -83.109703530923568, 9.58335383093114 ], [ -83.109904933890689, 9.583121839476201 ], [ -83.110078305812138, 9.582907886053418 ], [ -83.110501069794552, 9.582477129777546 ], [ -83.110532039768358, 9.582447315000215 ], [ -83.110958503310457, 9.582072010864774 ], [ -83.111229187325691, 9.581785651447033 ], [ -83.111760541462374, 9.581356431055319 ], [ -83.112205052807923, 9.580955694570166 ], [ -83.112688399293958, 9.580449802647601 ], [ -83.113036353347937, 9.580106226725649 ], [ -83.113471321575304, 9.579667189509941 ], [ -83.113742074204779, 9.579352122563254 ], [ -83.113896943490062, 9.579113306353344 ], [ -83.11389960740803, 9.579106483544725 ], [ -83.113974239174368, 9.578915364532316 ], [ -83.113993994307322, 9.578864773322865 ], [ -83.114091216785695, 9.57854926273153 ], [ -83.114188515288788, 9.578205046929357 ], [ -83.114333940977659, 9.577889657495957 ], [ -83.114585462373398, 9.577555404266167 ], [ -83.114952867066478, 9.577144897601762 ], [ -83.115232311298499, 9.576909556406115 ], [ -83.115239438996241, 9.576903657208657 ], [ -83.11563789837065, 9.576599678317386 ], [ -83.115641722072439, 9.576596280487509 ], [ -83.115812628843557, 9.576467728140253 ], [ -83.116005857849686, 9.576305555515868 ], [ -83.116218639079179, 9.576038180130245 ], [ -83.116431644386154, 9.575684689020951 ], [ -83.116780085986193, 9.575149741138443 ], [ -83.117302644703869, 9.574385592635752 ], [ -83.11741917757, 9.57423552704079 ], [ -83.117659754584608, 9.573962123920431 ], [ -83.117844087952292, 9.573774585319814 ], [ -83.118085616249274, 9.573574261405488 ], [ -83.11844307535425, 9.57327854652166 ], [ -83.118713524034263, 9.573078295556867 ], [ -83.119244385176174, 9.572830861711935 ], [ -83.11956320665054, 9.572563754676489 ], [ -83.119862650882325, 9.572334869031206 ], [ -83.119929567574886, 9.572223439305892 ], [ -83.12001755993532, 9.572076913106585 ], [ -83.120230609736907, 9.571704282802266 ], [ -83.120292180475801, 9.571572164303845 ], [ -83.120395405228891, 9.57135066639367 ], [ -83.12046362628044, 9.571063783302069 ], [ -83.120527191494759, 9.570814129482121 ], [ -83.120570753447225, 9.570643040738751 ], [ -83.120592435362354, 9.570596015163426 ], [ -83.120716169632885, 9.570327649484279 ], [ -83.120890604733844, 9.569974057124316 ], [ -83.121045611996593, 9.569677826297896 ], [ -83.121161762318721, 9.569496318711229 ], [ -83.121335754057952, 9.569314959259634 ], [ -83.12156758713968, 9.569133744231479 ], [ -83.121623511104787, 9.569080728684742 ], [ -83.121734315835099, 9.568975685260753 ], [ -83.121809183663729, 9.568904710134419 ], [ -83.121955303155062, 9.568768434586959 ], [ -83.121983125642842, 9.568742486520101 ], [ -83.122003198979215, 9.568687145291999 ], [ -83.122047931643493, 9.568563818721097 ], [ -83.122080216269964, 9.568474812254037 ], [ -83.122051909463977, 9.568235529976056 ], [ -83.121898352860924, 9.567967223768795 ], [ -83.121831339186869, 9.567785252655602 ], [ -83.121855864071165, 9.567649329594428 ], [ -83.121860675532332, 9.567622663341558 ], [ -83.121986563688452, 9.567402905471951 ], [ -83.122088922662059, 9.567270746765946 ], [ -83.122112304364563, 9.567240558031495 ], [ -83.122132369782989, 9.56693441807537 ], [ -83.122084685007181, 9.566733357702903 ], [ -83.122095060494303, 9.566446329599129 ], [ -83.122144495922527, 9.566172367837215 ], [ -83.122180714880187, 9.566074284983701 ], [ -83.122461409784506, 9.565634841838628 ], [ -83.122566664388131, 9.565535454212498 ], [ -83.12275324508667, 9.565414595048207 ], [ -83.123149422408702, 9.56505199189569 ], [ -83.123477947625375, 9.564756197490954 ], [ -83.123893333234449, 9.564422347258418 ], [ -83.124318479355253, 9.564040681044316 ], [ -83.124579372575056, 9.563802124032351 ], [ -83.125052521400917, 9.563497125014823 ], [ -83.12546787955614, 9.563172841630593 ], [ -83.125688735900894, 9.562918398930963 ], [ -83.125757937809453, 9.56283867332399 ], [ -83.126076844261448, 9.562533282749184 ], [ -83.126395870412196, 9.56218005208647 ], [ -83.126567685842986, 9.561967982156258 ], [ -83.126589283374614, 9.561941323628513 ], [ -83.126629853113101, 9.561861293481577 ], [ -83.126629853113116, 9.561861293481561 ], [ -83.126701073252079, 9.561720802097705 ], [ -83.126715237627565, 9.561692860029211 ], [ -83.126715237627565, 9.561692860029195 ], [ -83.126750782355472, 9.561570551020605 ], [ -83.126750782355472, 9.561570551020589 ], [ -83.12678031809665, 9.56146891654614 ], [ -83.12678031809665, 9.561468916546124 ], [ -83.126793040852462, 9.561425137180839 ], [ -83.126793040852476, 9.561425137180823 ], [ -83.126802251049426, 9.561369657044438 ], [ -83.126851785910262, 9.561071249984931 ], [ -83.126899766559745, 9.560751470372459 ], [ -83.126899766559745, 9.560751470372443 ], [ -83.126910626596114, 9.560679088428932 ], [ -83.126914730962213, 9.560629095154527 ], [ -83.126925176068482, 9.560543682140285 ], [ -83.126966043440476, 9.560256084489019 ], [ -83.126980393051781, 9.560155100757338 ], [ -83.127107431505934, 9.559927204510187 ], [ -83.127182914039437, 9.559751626129504 ], [ -83.127328727282929, 9.559431439293334 ], [ -83.127396187734846, 9.559283304841037 ], [ -83.127437088141718, 9.558980705256795 ], [ -83.127453513980925, 9.558912382233752 ], [ -83.127466035320865, 9.558840681598818 ], [ -83.127539114843657, 9.558422211584134 ], [ -83.12758048017065, 9.558329233687207 ], [ -83.127744175905192, 9.557961283021468 ], [ -83.127911259592523, 9.557649529363028 ], [ -83.1281288169872, 9.557391725659866 ], [ -83.128128816987214, 9.557391725659848 ], [ -83.128253704500281, 9.557294565853937 ], [ -83.12830751280012, 9.557257067201769 ], [ -83.12856820679616, 9.557095055108478 ], [ -83.129069994896284, 9.556895374075339 ], [ -83.129446268291119, 9.556771925395269 ], [ -83.129938463582903, 9.556553082597219 ], [ -83.130507974975615, 9.556257883180082 ], [ -83.130884587158704, 9.556000473410194 ], [ -83.13097204501949, 9.555928502398599 ], [ -83.131174391138842, 9.555761984486725 ], [ -83.131424941046319, 9.555514543269148 ], [ -83.131444990135179, 9.555494743599274 ], [ -83.131754266489935, 9.555179753492496 ], [ -83.131986375358437, 9.554883708653492 ], [ -83.132238731344287, 9.554463945863695 ], [ -83.132264243539083, 9.554420457593157 ], [ -83.132397737740789, 9.554174602135632 ], [ -83.132432964618559, 9.554109725117781 ], [ -83.132627049873847, 9.553601879991357 ], [ -83.13286053921037, 9.552838773944121 ], [ -83.13291300761, 9.552640635861383 ], [ -83.132995197012818, 9.552407976936218 ], [ -83.133189275422595, 9.551901328319147 ], [ -83.13339241289799, 9.551624346414059 ], [ -83.133565991186828, 9.551353808471093 ], [ -83.133588292832528, 9.551323041954653 ], [ -83.133678052373625, 9.551199210561188 ], [ -83.133995347787661, 9.550808288850302 ], [ -83.134100819267303, 9.55069849117843 ], [ -83.134156472970915, 9.550631120589223 ], [ -83.134847036888232, 9.549919702389722 ], [ -83.140087945209501, 9.547440897037847 ], [ -83.142821618562863, 9.545522638518825 ], [ -83.144416281482194, 9.543875985813916 ], [ -83.145921639714913, 9.541141863846603 ], [ -83.152630973138187, 9.533896911152478 ], [ -83.157872786485328, 9.530513742573643 ], [ -83.169255200377947, 9.532337407168187 ], [ -83.182018915823051, 9.522861174198914 ], [ -83.191138391384669, 9.513831876558589 ], [ -83.188435847826341, 9.491135151615968 ], [ -83.190928436684956, 9.465235382515251 ], [ -83.18264622585076, 9.461834211471229 ], [ -83.180636252403559, 9.466804245410408 ], [ -83.146744590222767, 9.478150148580198 ], [ -83.107778918128602, 9.471222125078134 ], [ -83.092511423437116, 9.451308109871496 ], [ -83.079656096406751, 9.461233304368617 ], [ -83.078732741524036, 9.469142895686865 ], [ -83.059358041297699, 9.483351497533734 ], [ -83.06298428061568, 9.493302706674756 ], [ -83.063010853835607, 9.493352810608879 ], [ -83.063069441062211, 9.493463278278497 ], [ -83.063075654280837, 9.493836461271965 ], [ -83.063073294856608, 9.494704786587368 ], [ -83.063158379505992, 9.495314998334058 ], [ -83.063237212136144, 9.495566380451271 ], [ -83.063438499620005, 9.495975967609443 ], [ -83.063545796543764, 9.496392479788591 ], [ -83.06374671447, 9.496938416442466 ], [ -83.06391205666435, 9.49727614353575 ], [ -83.064032132295537, 9.497601790028476 ], [ -83.064055278886116, 9.497951099530786 ], [ -83.064106664297768, 9.498549259766047 ], [ -83.064163843479832, 9.498788622596969 ], [ -83.064284388110366, 9.499053795200807 ], [ -83.064307558087833, 9.499104765139474 ], [ -83.064331029648713, 9.499334468786234 ], [ -83.064392859591095, 9.499636038736554 ], [ -83.064498166143238, 9.49989945092978 ], [ -83.064704309078436, 9.500297089414406 ], [ -83.064934742337016, 9.500623032721236 ], [ -83.065213264348301, 9.500987374956917 ], [ -83.065684083301349, 9.501524463468225 ], [ -83.065933834817329, 9.501836104426769 ], [ -83.066336082884931, 9.502188940961883 ], [ -83.066409797729719, 9.50225360093998 ], [ -83.066919394120077, 9.502709458970942 ], [ -83.067659496103161, 9.503467337807814 ], [ -83.068101497962118, 9.503970857170247 ], [ -83.068591083919159, 9.504699359444414 ], [ -83.068821150357437, 9.505164040911756 ], [ -83.069007883228011, 9.505676073814433 ], [ -83.069041201572063, 9.505767434951315 ], [ -83.069088733090652, 9.506011556098562 ], [ -83.069099208737228, 9.506240096740342 ], [ -83.069106937594441, 9.50640869374946 ], [ -83.069057541786904, 9.506853492571567 ], [ -83.069108543972519, 9.507326412339109 ], [ -83.068786962006669, 9.507559317285978 ], [ -83.068215002838244, 9.507884314711854 ], [ -83.067642984357249, 9.508230837513548 ], [ -83.067349614225108, 9.508452520444367 ], [ -83.067034460527196, 9.508710024948403 ], [ -83.066846191486064, 9.508827931805989 ], [ -83.066567648591032, 9.508913302970161 ], [ -83.066310966724743, 9.508934145391068 ], [ -83.065906161224873, 9.508929475744768 ], [ -83.065512278511079, 9.508896127942307 ], [ -83.06512911222849, 9.508909456196557 ], [ -83.064951498525303, 9.509095563040461 ], [ -83.064823650873393, 9.509235158813603 ], [ -83.064801251496789, 9.509497033947847 ], [ -83.064692049490475, 9.509780205025519 ], [ -83.064460015210656, 9.510041516905595 ], [ -83.063966764936183, 9.510660944938904 ], [ -83.063795941603331, 9.511008537354225 ], [ -83.063697384216042, 9.511363498307093 ], [ -83.063363664596608, 9.511800358173048 ], [ -83.063135565784123, 9.511943271718954 ], [ -83.06294391081542, 9.511975050047885 ], [ -83.062672623273968, 9.51204967305355 ], [ -83.062350468226924, 9.512221038644794 ], [ -83.062103693059512, 9.512408155020367 ], [ -83.061915454482957, 9.512512902517186 ], [ -83.061779830318017, 9.512543588450242 ], [ -83.061727385373956, 9.512555453942577 ], [ -83.061476784889877, 9.512554780519682 ], [ -83.061192604154925, 9.512496606522186 ], [ -83.060792489188799, 9.512538589114957 ], [ -83.060425793917247, 9.512695481374077 ], [ -83.060174577516406, 9.512919661281645 ], [ -83.059991462266566, 9.513188319591633 ], [ -83.059486869158107, 9.513270244357662 ], [ -83.059369211041314, 9.513288436981677 ], [ -83.058992682414996, 9.513346656116907 ], [ -83.058498708229777, 9.513345324543348 ], [ -83.05801692853548, 9.51329020255298 ], [ -83.057643352576122, 9.513319096607795 ], [ -83.057166910339518, 9.513515158203452 ], [ -83.056497482793375, 9.513788439002054 ], [ -83.056201465156505, 9.51409263183089 ], [ -83.055748477152548, 9.514521982262915 ], [ -83.055211723782492, 9.514741798335038 ], [ -83.054645228089768, 9.514823987638717 ], [ -83.054151318165438, 9.51479872935543 ], [ -83.053904427214619, 9.514762178692667 ], [ -83.053772144697021, 9.514672117756671 ], [ -83.05360386350317, 9.514528136649956 ], [ -83.053495940412205, 9.514342455922078 ], [ -83.053430366866635, 9.514091109887888 ], [ -83.05337667596649, 9.513899596480224 ], [ -83.053256539723648, 9.513773686622857 ], [ -83.053118331133405, 9.513647727722789 ], [ -83.052859295339488, 9.51364702516419 ], [ -83.052607809467759, 9.513676778325229 ], [ -83.05236515690622, 9.513705486635441 ], [ -83.052021290846099, 9.513853260404783 ], [ -83.052248054271715, 9.51405291773747 ], [ -83.052377602039741, 9.514261380975665 ], [ -83.052438463945123, 9.514473245216294 ], [ -83.052444374264113, 9.514722049869718 ], [ -83.052444942282179, 9.514745961083571 ], [ -83.052453458166596, 9.515153835500504 ], [ -83.052476911898069, 9.515387128303555 ], [ -83.052518537002996, 9.515584588739186 ], [ -83.052734335257128, 9.515973887820412 ], [ -83.052895537543705, 9.516500583941434 ], [ -83.05300867954513, 9.51697930858713 ], [ -83.053194028212801, 9.517488129294307 ], [ -83.053487581122567, 9.518080967949569 ], [ -83.053793611828993, 9.518518354139488 ], [ -83.054382337368068, 9.519117970266272 ], [ -83.054971326079468, 9.519621905968407 ], [ -83.055271730650048, 9.519915749080091 ], [ -83.055361353425141, 9.520185100877157 ], [ -83.055378588345988, 9.52049014020948 ], [ -83.055335827598427, 9.520705311044473 ], [ -83.055130429582789, 9.52091406360006 ], [ -83.05491890902033, 9.521158679314032 ], [ -83.054538593708173, 9.521444698866231 ], [ -83.054230435807, 9.521778756411654 ], [ -83.053982455638916, 9.522136897331741 ], [ -83.053921390419731, 9.522435742769716 ], [ -83.053968729651643, 9.522746843344342 ], [ -83.054082563719618, 9.522974399696379 ], [ -83.054232430458072, 9.523243915083672 ], [ -83.054520804389725, 9.523531748531562 ], [ -83.054953483118283, 9.523921634568023 ], [ -83.055398226728826, 9.52430557314616 ], [ -83.055692067617926, 9.524796747802483 ], [ -83.055724600713887, 9.524875399879292 ], [ -83.055907512993116, 9.525317610276975 ], [ -83.056079086220606, 9.525759653402954 ], [ -83.056188667312682, 9.526041977729662 ], [ -83.056488240668656, 9.526640808918913 ], [ -83.056686206059112, 9.526946335370315 ], [ -83.057008130118916, 9.527197137633836 ], [ -83.059046475586172, 9.533755271068458 ], [ -83.053544100468386, 9.55612281498578 ], [ -83.053087061956035, 9.556336388227647 ], [ -83.05255916908007, 9.556595089858668 ], [ -83.052151360366679, 9.557003622286826 ], [ -83.051849191133115, 9.557337688356776 ], [ -83.051673807633307, 9.557576418168965 ], [ -83.051546590701122, 9.557827240424096 ], [ -83.051428468927938, 9.558057155901459 ], [ -83.051337432477155, 9.558296115640262 ], [ -83.051101411817911, 9.558675213368062 ], [ -83.050805214608658, 9.559027237166642 ], [ -83.050508958743777, 9.559400190203084 ], [ -83.050270188650401, 9.559683597884925 ], [ -83.050133691826588, 9.560021105453322 ], [ -83.049969866671901, 9.560436281029581 ], [ -83.049751492698874, 9.560967922417003 ], [ -83.049599991019107, 9.561284458914981 ], [ -83.049455001426836, 9.561424596046404 ], [ -83.049222759900715, 9.561525623892532 ], [ -83.048950622632802, 9.561639771035173 ], [ -83.048757251524762, 9.561720879316821 ], [ -83.04859241801897, 9.561790017707549 ], [ -83.048173136119757, 9.561986216146872 ], [ -83.04778971441722, 9.562287164404669 ], [ -83.047502130185009, 9.562681367850015 ], [ -83.0472966918785, 9.562893103093979 ], [ -83.047188118871262, 9.562937655472785 ], [ -83.047124839723352, 9.562943463390177 ], [ -83.046793467184159, 9.562942554405938 ], [ -83.046573516117263, 9.562956900921655 ], [ -83.046178523008109, 9.563084987724107 ], [ -83.045657337464192, 9.563309607902996 ], [ -83.045121612293471, 9.563562892120869 ], [ -83.044498746677007, 9.563952285145804 ], [ -83.043994894078708, 9.56444246868706 ], [ -83.043313432026792, 9.565100805620977 ], [ -83.042828042581633, 9.565451103053649 ], [ -83.042574651558198, 9.565572400667955 ], [ -83.042147570669641, 9.565754218019116 ], [ -83.041648618254186, 9.56597700327889 ], [ -83.041412803723745, 9.56608229546271 ], [ -83.041054639250646, 9.566181774525969 ], [ -83.040635119362392, 9.566245202261493 ], [ -83.040092830436492, 9.566258055420723 ], [ -83.039636107362796, 9.566270679635906 ], [ -83.036212890946288, 9.57055935493227 ], [ -83.030281857158201, 9.576425859185509 ], [ -83.030075239233398, 9.576253812820418 ], [ -83.02971393437241, 9.576181041763981 ], [ -83.029345399102255, 9.576108248310492 ], [ -83.028991569860267, 9.575949381528877 ], [ -83.028702812693126, 9.575790698384342 ], [ -83.028329188842221, 9.575565753866462 ], [ -83.028175907877056, 9.575473469576023 ], [ -83.026715106966165, 9.574224866659735 ], [ -83.026289804377839, 9.573876798991316 ], [ -83.026181316684657, 9.573788012747306 ], [ -83.025758003886125, 9.573487816855369 ], [ -83.025475165908745, 9.573367419660853 ], [ -83.025053512363698, 9.573330355965712 ], [ -83.024770333675278, 9.573329560377628 ], [ -83.024426733563786, 9.573388396271081 ], [ -83.024271872296737, 9.573443338795325 ], [ -83.024058828564122, 9.573518924229948 ], [ -83.023835661606128, 9.573602018398754 ], [ -83.023467839779826, 9.573702647867522 ], [ -83.023280874733615, 9.573767902877306 ], [ -83.023003720373126, 9.573767122766789 ], [ -83.022612552257911, 9.573604557457937 ], [ -83.022028923390224, 9.57332184646477 ], [ -83.021445244218484, 9.573057075066489 ], [ -83.020933507960507, 9.572918086487924 ], [ -83.020439982791302, 9.572731309937637 ], [ -83.019604793361765, 9.572609052382893 ], [ -83.019440235403195, 9.572584963852091 ], [ -83.018620895724268, 9.572558727992735 ], [ -83.017650862175486, 9.5725559839626 ], [ -83.016695149037545, 9.572630142853743 ], [ -83.016000938780664, 9.572671231480353 ], [ -83.015629822396107, 9.572660612178888 ], [ -83.01536963717453, 9.572626385185517 ], [ -83.015001372286264, 9.572531548152735 ], [ -83.014993950486087, 9.572529636656062 ], [ -83.014411276586401, 9.572336619303464 ], [ -83.014031470103035, 9.572206269655329 ], [ -83.01375445576474, 9.572157640499148 ], [ -83.01339911581907, 9.572108790319854 ], [ -83.013170285840758, 9.572066279066391 ], [ -83.012827255892844, 9.57192776038209 ], [ -83.011516547502097, 9.570973188641759 ], [ -83.010548735044068, 9.570204975373894 ], [ -83.00923180770549, 9.569322142551103 ], [ -83.008786357910751, 9.569183328007911 ], [ -83.008382840483492, 9.569128354123253 ], [ -83.007882663070518, 9.569162806424725 ], [ -83.007430391546379, 9.569299056923111 ], [ -83.006989977616485, 9.569501121553268 ], [ -83.006742830517979, 9.569542275313704 ], [ -83.006544077212709, 9.569517786531245 ], [ -83.006399649909156, 9.569457571996677 ], [ -83.00623147241194, 9.569277686933523 ], [ -83.005618803391187, 9.568630078370926 ], [ -83.005131738391512, 9.568299777329866 ], [ -83.004716398550386, 9.568167025501944 ], [ -83.004113937961748, 9.56815333723809 ], [ -83.003511373011634, 9.568175528718518 ], [ -83.003167586801524, 9.568300123968433 ], [ -83.002793568259236, 9.56846051491674 ], [ -83.002268472868181, 9.568775951175123 ], [ -83.001888272004678, 9.568990143076997 ], [ -83.001435842013123, 9.569180206687875 ], [ -83.001037984315559, 9.569250822548513 ], [ -83.000610194765741, 9.569255571058962 ], [ -83.000118498269174, 9.569233106694169 ], [ -82.99944637587825, 9.569141467893672 ], [ -82.998958541719389, 9.56907547627346 ], [ -82.998763270948871, 9.569096442947822 ], [ -82.998574945117412, 9.569214305070727 ], [ -82.998381566069227, 9.569412286316453 ], [ -82.998106154828747, 9.569641129178478 ], [ -82.997666570599961, 9.569969962540808 ], [ -82.99738150388616, 9.570203559420595 ], [ -82.997202884179913, 9.570298725638825 ], [ -82.997019668582055, 9.570317332075152 ], [ -82.99678831000594, 9.570316663603606 ], [ -82.996557176024623, 9.570239449235022 ], [ -82.996335807223105, 9.570119209000291 ], [ -82.996057106368667, 9.56982657259328 ], [ -82.995610619058141, 9.569222488027092 ], [ -82.995456998140781, 9.569011543795822 ], [ -82.99522597599821, 9.568896057600256 ], [ -82.995100700736955, 9.568881341940516 ], [ -82.994902997038579, 9.568909474141615 ], [ -82.994748619340442, 9.568956869157731 ], [ -82.99453096140634, 9.569214578807808 ], [ -82.994332146305069, 9.569620649374013 ], [ -82.994210861102445, 9.569888206626233 ], [ -82.994075394477292, 9.570060040706016 ], [ -82.993930528229185, 9.570150518581309 ], [ -82.993809958468646, 9.570174089217856 ], [ -82.9936219508226, 9.570183113025468 ], [ -82.993491867210551, 9.57016360024455 ], [ -82.993323464511008, 9.570062645616821 ], [ -82.992986798454638, 9.569812896458089 ], [ -82.992100029285638, 9.569093709345042 ], [ -82.991879780906345, 9.569003367530525 ], [ -82.991760528447628, 9.5689886699704 ], [ -82.991554360175599, 9.569027539576718 ], [ -82.990972031476431, 9.569133490648827 ], [ -82.990407789953593, 9.569235904120749 ], [ -82.989702882018761, 9.569230264544009 ], [ -82.989110187073052, 9.569174718039626 ], [ -82.988894983896486, 9.569089952771533 ], [ -82.988642573964597, 9.568873933890927 ], [ -82.988456172817777, 9.568747809474425 ], [ -82.988263533367643, 9.568693426835129 ], [ -82.987998542822652, 9.568656773696357 ], [ -82.987727703109897, 9.568560302379863 ], [ -82.98752315674956, 9.568458044622114 ], [ -82.987294865244806, 9.568236115659996 ], [ -82.987221130951212, 9.568158331912533 ], [ -82.986976535787974, 9.567900303443952 ], [ -82.986569269041411, 9.567079842797174 ], [ -82.986335767853603, 9.566582813587475 ], [ -82.986023130254068, 9.566360637784598 ], [ -82.985770119687402, 9.566347938119996 ], [ -82.985492852212332, 9.566388990576534 ], [ -82.985118865031637, 9.566537399260747 ], [ -82.984654185664851, 9.566793185047604 ], [ -82.984256080781464, 9.566947503558815 ], [ -82.983864143841288, 9.567053997845239 ], [ -82.983496750103328, 9.567011062258059 ], [ -82.983117448174212, 9.566920249655729 ], [ -82.982570037119345, 9.566631603047048 ], [ -82.982022698223986, 9.566319034094093 ], [ -82.981360495585861, 9.566137691862995 ], [ -82.980715762903543, 9.566159720305233 ], [ -82.980689978391226, 9.566165865559741 ], [ -82.980269601782609, 9.566266051377632 ], [ -82.979823226477734, 9.566444142898705 ], [ -82.979310363546276, 9.566693800069109 ], [ -82.978851651229718, 9.566967533769688 ], [ -82.978573900559113, 9.567083528553102 ], [ -82.978453508505922, 9.567133806105749 ], [ -82.977965118055835, 9.567257950196584 ], [ -82.977921509660547, 9.567517207403965 ], [ -82.97244331299683, 9.574287726746492 ], [ -82.972357223505043, 9.574051136981669 ], [ -82.972111899544004, 9.573885359757416 ], [ -82.971679286341569, 9.573489395463982 ], [ -82.971334126310381, 9.57286405430315 ], [ -82.971075446000214, 9.572332258457696 ], [ -82.970779709198339, 9.572101746065913 ], [ -82.970389486313678, 9.572036005644867 ], [ -82.969948350132796, 9.572070575767183 ], [ -82.96955061786484, 9.572098099476754 ], [ -82.969152451090224, 9.572269144291869 ], [ -82.968768420119318, 9.572547869119276 ], [ -82.968499916110474, 9.572877170520815 ], [ -82.968317997772203, 9.573264137449373 ], [ -82.968172034330564, 9.573715796032108 ], [ -82.96814859719413, 9.573823994067899 ], [ -82.967988728690429, 9.574562025708531 ], [ -82.967864193601727, 9.575099860339515 ], [ -82.967834580267876, 9.575329405807206 ], [ -82.967631425192039, 9.57556561148149 ], [ -82.967380058461586, 9.575732660521577 ], [ -82.96729817219115, 9.575787078633084 ], [ -82.966914394114511, 9.575979688993161 ], [ -82.966566789662664, 9.57616523193744 ], [ -82.966472213203232, 9.576358702996929 ], [ -82.966519103567308, 9.576595084858619 ], [ -82.966522065228034, 9.576610014430075 ], [ -82.966694934854232, 9.576825811589011 ], [ -82.966875187027583, 9.576991396989699 ], [ -82.966997512350346, 9.577185515830179 ], [ -82.967003960174566, 9.577443872680007 ], [ -82.966959995183601, 9.577637494548155 ], [ -82.966858513348512, 9.577723304886524 ], [ -82.966641265757502, 9.577837474549883 ], [ -82.966409815650081, 9.577865489213629 ], [ -82.966171071710036, 9.577915011469978 ], [ -82.966059641298585, 9.578118127327274 ], [ -82.966048353522623, 9.58399474572262 ], [ -82.957383596731788, 9.589628862267087 ], [ -82.957175878555887, 9.589847670140053 ], [ -82.957025516850322, 9.590153395593243 ], [ -82.95687458458238, 9.590645694812983 ], [ -82.956838505845596, 9.591147908384638 ], [ -82.956765287811507, 9.591446689424551 ], [ -82.956559075695637, 9.591888590223318 ], [ -82.956558307664082, 9.592139749876761 ], [ -82.956666140409936, 9.592343395318847 ], [ -82.956990993921906, 9.592511813720709 ], [ -82.957122454453184, 9.592871011350917 ], [ -82.957097147204465, 9.593265615704862 ], [ -82.956890420365468, 9.59387495695149 ], [ -82.956865624635526, 9.594102122670638 ], [ -82.956984997506851, 9.594473244745204 ], [ -82.95758577616435, 9.595049135036412 ], [ -82.957827205924147, 9.595732358700429 ], [ -82.95750904831651, 9.596496072072794 ], [ -82.957254923645507, 9.596842147855462 ], [ -82.957099798409502, 9.597018966006324 ], [ -82.956710737752246, 9.597462431142111 ], [ -82.955948135872205, 9.598572417623211 ], [ -82.955632323411464, 9.59938474706747 ], [ -82.955400463596746, 9.600328890673994 ], [ -82.955301564115601, 9.601141875867258 ], [ -82.955335517992566, 9.601859579456162 ], [ -82.955453938003089, 9.60254165930162 ], [ -82.955584224959694, 9.603283575189039 ], [ -82.955798980638178, 9.603989867288705 ], [ -82.955990185029265, 9.604516685711728 ], [ -82.956337319211485, 9.605283175495977 ], [ -82.956503688831617, 9.606049119826832 ], [ -82.956574201184281, 9.60663537423499 ], [ -82.956524750271598, 9.607041867821254 ], [ -82.956366182200682, 9.607663311572999 ], [ -82.956207831506532, 9.60821299482091 ], [ -82.956180834179818, 9.609157756310362 ], [ -82.956243915193966, 9.60955499725311 ], [ -82.956287241599455, 9.609827840805668 ], [ -82.956490022795037, 9.610510175108374 ], [ -82.956547106823521, 9.61062753218644 ], [ -82.956705589479625, 9.610953346989193 ], [ -82.956980973354277, 9.611540219453023 ], [ -82.957792940918694, 9.613362117733697 ], [ -82.954602686173175, 9.61426008284155 ], [ -82.946622521696256, 9.618765111049138 ], [ -82.939784989191878, 9.621237997960479 ], [ -82.935903205689144, 9.62620284538715 ], [ -82.927236974898477, 9.631836196856206 ], [ -82.922767792675785, 9.634313483039305 ], [ -82.920880785231333, 9.638789241657918 ] ] ] ] } },
{ "type": "Feature", "properties": { "Id": 3, "TERRITORIO": "CABAGRA", "DECRETO": "13571", "AÑO": "1982", "CLASIF": "CREF y PAFT", "AE_2018": 9110.48, "AE_2019": 9110.48, "AE_2020": 9110.48, "AE_2021": 9110.48, "AE_2023": 13331.32, "AE_2024": 1158.09, "AE_2017": null, "AE_2022": 12337.98, "PRIMER DESEMBOLSO": 2024, "SEGUNDO DESEMBOLSO": 2025, "BLOQUE": "PACIFICO SUR" }, "geometry": { "type": "MultiPolygon", "coordinates": [ [ [ [ -83.248956391238224, 9.15408408263006 ], [ -83.249101823858183, 9.153820504080084 ], [ -83.250949173360127, 9.140035637557702 ], [ -83.248688137718204, 9.133927625705761 ], [ -83.248692871894093, 9.131667225402886 ], [ -83.245960075177777, 9.133243500948353 ], [ -83.24414053017189, 9.13323971871837 ], [ -83.242772561475419, 9.134819156780372 ], [ -83.241637339638388, 9.13391249227084 ], [ -83.239585717480679, 9.136168688010676 ], [ -83.234354977405474, 9.135932225527851 ], [ -83.226850315412136, 9.13546445817822 ], [ -83.225268082559879, 9.131166136411913 ], [ -83.229382335234021, 9.122359830189911 ], [ -83.230975830375684, 9.121685054211442 ], [ -83.231898557137526, 9.115809979101254 ], [ -83.234635951788661, 9.111972960608513 ], [ -83.236456950152856, 9.111298849182003 ], [ -83.236462708950057, 9.108586372216962 ], [ -83.237832226089523, 9.106328869686649 ], [ -83.237835577692977, 9.104746591094088 ], [ -83.225788436234339, 9.10178235012997 ], [ -83.226256634651634, 9.095454222518919 ], [ -83.213986878155339, 9.090455120129379 ], [ -83.206956935218741, 9.081849616559238 ], [ -83.199682800121863, 9.080477918035168 ], [ -83.19603804766615, 9.083408746506734 ], [ -83.192851739438751, 9.084531666923878 ], [ -83.190798073801773, 9.087691634789328 ], [ -83.187836568162595, 9.089945284735101 ], [ -83.186912508663184, 9.096498235417878 ], [ -83.185542111203631, 9.098981402362586 ], [ -83.180075630284975, 9.102857399055367 ], [ -83.179843820227376, 9.104665147189911 ], [ -83.173692866784151, 9.10912627940032 ], [ -83.164592829662681, 9.110507845991647 ], [ -83.159598390252683, 9.106608774375088 ], [ -83.150742102820715, 9.100712435387862 ], [ -83.148240513283881, 9.100706597277288 ], [ -83.145052572609771, 9.102507645804824 ], [ -83.139595641720661, 9.102042453009378 ], [ -83.135961366671069, 9.100225513292274 ], [ -83.126407619147358, 9.101105696980845 ], [ -83.12184911466808, 9.105162951575059 ], [ -83.120702603717206, 9.109228885475893 ], [ -83.120008453147065, 9.11397380519773 ], [ -83.120679766106377, 9.118270050502424 ], [ -83.113613297684111, 9.124580983810633 ], [ -83.109514540920244, 9.126605353529641 ], [ -83.106743460352504, 9.142646265083819 ], [ -83.104004602808189, 9.146482056823483 ], [ -83.104452338193425, 9.149421487811452 ], [ -83.101258474710647, 9.153482556204988 ], [ -83.099893788875931, 9.153479169299366 ], [ -83.085729135284041, 9.179212419578983 ], [ -83.086862888691101, 9.180571603609534 ], [ -83.087307406415263, 9.184867163560384 ], [ -83.079551935859214, 9.193436898670415 ], [ -83.076346964030733, 9.201113427395788 ], [ -83.074748365074882, 9.203595733097997 ], [ -83.074968938507368, 9.206308614196299 ], [ -83.071778879022233, 9.208334516882701 ], [ -83.070405205710216, 9.21172141418611 ], [ -83.072446532503548, 9.213987102677342 ], [ -83.072896707771974, 9.215796545944547 ], [ -83.073804940747195, 9.216476922099995 ], [ -83.076981916291331, 9.219423686022528 ], [ -83.076063038837802, 9.222811649807264 ], [ -83.076511348724537, 9.225299153416314 ], [ -83.079233035116644, 9.228470622871484 ], [ -83.078543773764594, 9.231000288568024 ], [ -83.079674481863719, 9.233670257809106 ], [ -83.076482752574179, 9.236147930776669 ], [ -83.073524686280734, 9.236366405480446 ], [ -83.071916623077527, 9.242012698001835 ], [ -83.073262347029114, 9.2492490960854 ], [ -83.084623584861035, 9.255153528048821 ], [ -83.091453735379545, 9.253362409079811 ], [ -83.100542739489498, 9.25790619146518 ], [ -83.102814443400149, 9.259268199531869 ], [ -83.102352316649245, 9.261979353609984 ], [ -83.105988023072797, 9.263796785658302 ], [ -83.109626740505405, 9.264483757275878 ], [ -83.112120762926338, 9.267880595163213 ], [ -83.113249059852691, 9.271499972284243 ], [ -83.116199825254867, 9.274220050218085 ], [ -83.118702681179514, 9.274226222857767 ], [ -83.121658417360266, 9.275137491329772 ], [ -83.127117439940193, 9.275829739432822 ], [ -83.130532077270558, 9.275159545138044 ], [ -83.134625414309255, 9.276073930970282 ], [ -83.13461156035784, 9.281724634956131 ], [ -83.14006494320644, 9.284676908379929 ], [ -83.143241541696398, 9.288301216555594 ], [ -83.145059684251805, 9.289209769901774 ], [ -83.144824597283545, 9.292373616896214 ], [ -83.151645579459142, 9.294650038637768 ], [ -83.153912019185398, 9.298272141904361 ], [ -83.157777242020998, 9.299637029347954 ], [ -83.157542253088721, 9.302800892469033 ], [ -83.159135126059425, 9.302804649980935 ], [ -83.160948142626793, 9.305747590261639 ], [ -83.164585938427734, 9.30711195719511 ], [ -83.168879946607746, 9.319102124269133 ], [ -83.176376232077715, 9.324545142008647 ], [ -83.176494961645048, 9.324631347525029 ], [ -83.183432139182685, 9.313552171465352 ], [ -83.18343220588801, 9.313552060409666 ], [ -83.182759094208919, 9.305866073210142 ], [ -83.185958568923837, 9.295246764253717 ], [ -83.185958652404679, 9.295246481449473 ], [ -83.184826611880055, 9.291402334565356 ], [ -83.184826589305445, 9.291402256758154 ], [ -83.186881320689864, 9.285979933199458 ], [ -83.189388686136397, 9.282592540093869 ], [ -83.192574834176028, 9.282144527688969 ], [ -83.194172137525314, 9.278756105822902 ], [ -83.198272521671399, 9.274918824245246 ], [ -83.198272737833761, 9.274918622202284 ], [ -83.197596882296409, 9.269719202932148 ], [ -83.197596848307171, 9.269718940655485 ], [ -83.19964780366513, 9.267009419315078 ], [ -83.199648085736953, 9.267009046535552 ], [ -83.198740291945313, 9.265199584586439 ], [ -83.198528641133024, 9.253445878771567 ], [ -83.198528632190772, 9.253445406790162 ], [ -83.200351493010245, 9.251413421623145 ], [ -83.202177989284408, 9.246443518976342 ], [ -83.20217817974472, 9.246443001326499 ], [ -83.202643006710886, 9.238532247172838 ], [ -83.199695195757641, 9.230165542139176 ], [ -83.197648928467089, 9.229258615171064 ], [ -83.194019257332826, 9.221117410614982 ], [ -83.194019003821651, 9.221116842246419 ], [ -83.196068925743532, 9.219311213070837 ], [ -83.199261200293307, 9.214116685855151 ], [ -83.199292075421837, 9.214121842118958 ], [ -83.200625888053125, 9.214344587198376 ], [ -83.201977388347601, 9.212781978364028 ], [ -83.201992578775943, 9.212764913766616 ], [ -83.206544737108459, 9.211188992616711 ], [ -83.207683686852604, 9.210060231061927 ], [ -83.207683747330208, 9.210059634459457 ], [ -83.207684063789699, 9.210059321417207 ], [ -83.207914624628074, 9.207799980880658 ], [ -83.207914700918266, 9.207799229704014 ], [ -83.210191338454536, 9.206445738472974 ], [ -83.214748203535095, 9.200122727545674 ], [ -83.214748720149501, 9.200122010778115 ], [ -83.211125647721303, 9.186555353298514 ], [ -83.208761629146494, 9.1851960982137 ], [ -83.209769229408764, 9.179321658343184 ], [ -83.20976946446909, 9.179320287266691 ], [ -83.212040505825939, 9.182035772613967 ], [ -83.216135131837063, 9.182040856964221 ], [ -83.21818499729099, 9.180009010659271 ], [ -83.22432382519807, 9.182502977169349 ], [ -83.226377055610953, 9.17775869668286 ], [ -83.22842304998521, 9.178891188092248 ], [ -83.230470878435995, 9.17844139698806 ], [ -83.237987250059902, 9.170539044008471 ], [ -83.242313299970661, 9.167154247339516 ], [ -83.242313671817172, 9.167153956076357 ], [ -83.243457680523704, 9.161278186932391 ], [ -83.246189514755002, 9.159022646713259 ], [ -83.248925375171368, 9.154053190390716 ], [ -83.248956391238224, 9.15408408263006 ] ] ] ] } },
{ "type": "Feature", "properties": { "Id": 9, "TERRITORIO": "ALTO CHIRRIPO", "DECRETO": "16057", "AÑO": "1982", "CLASIF": "CREF y PAFT", "AE_2018": 5489.08, "AE_2019": 55923.03, "AE_2020": 53909.69, "AE_2021": 54913.43, "AE_2023": 57313.56, "AE_2024": 55831.7, "AE_2017": null, "AE_2022": 56211.99, "PRIMER DESEMBOLSO": 2024, "SEGUNDO DESEMBOLSO": null, "BLOQUE": "CENTRO NORTE" }, "geometry": { "type": "MultiPolygon", "coordinates": [ [ [ [ -83.500413801160263, 9.941826423484548 ], [ -83.512662617590223, 9.93766677657463 ], [ -83.510975072826341, 9.934253595070896 ], [ -83.510981778256706, 9.931767170758169 ], [ -83.510078468378623, 9.928690539382124 ], [ -83.513275288094306, 9.926800090625076 ], [ -83.514195991750626, 9.923637990590008 ], [ -83.513972596027784, 9.921829076727946 ], [ -83.511920775812698, 9.921823652990073 ], [ -83.508525353842316, 9.912547311886252 ], [ -83.508301998502716, 9.910738397630896 ], [ -83.508989091714, 9.909519584474644 ], [ -83.510133043136861, 9.908030833990153 ], [ -83.505809745766612, 9.905080615030306 ], [ -83.506495511172972, 9.904404295662504 ], [ -83.506728640659475, 9.902596591120334 ], [ -83.506960663821673, 9.901105372928678 ], [ -83.506784593328049, 9.898754070477867 ], [ -83.505825924191768, 9.899203668087845 ], [ -83.50516289344516, 9.891606931332264 ], [ -83.508362294908025, 9.888631626713037 ], [ -83.512468596973591, 9.887466855249134 ], [ -83.512473453374326, 9.885658539924021 ], [ -83.515215121301736, 9.883314824738305 ], [ -83.517949518638304, 9.883683923555539 ], [ -83.519317926767101, 9.883416102812165 ], [ -83.520460723946201, 9.882288867903783 ], [ -83.520691041156567, 9.881385274830434 ], [ -83.519782990277889, 9.880026526620311 ], [ -83.517959380181381, 9.880021746530053 ], [ -83.517050445395938, 9.878889252326983 ], [ -83.517967817582488, 9.876857367746046 ], [ -83.516338582547348, 9.872332325635895 ], [ -83.514340264456223, 9.869388711814821 ], [ -83.514121248458892, 9.865997549421891 ], [ -83.516404636570968, 9.864420971060055 ], [ -83.517997308866882, 9.865555245140653 ], [ -83.519366140228612, 9.865106795488336 ], [ -83.519465553180908, 9.861942497659959 ], [ -83.520522165847183, 9.858780566962549 ], [ -83.52076308518086, 9.853808252243011 ], [ -83.518943853969901, 9.852176137464342 ], [ -83.519129606238224, 9.85086559860523 ], [ -83.517583091839995, 9.849505460936014 ], [ -83.517814736940196, 9.848149828040674 ], [ -83.516313860641432, 9.846789831688135 ], [ -83.514855118910916, 9.846786002167892 ], [ -83.514396832690238, 9.84768892314691 ], [ -83.511659218904512, 9.848585810556731 ], [ -83.510744006479939, 9.849939767589305 ], [ -83.509833540564074, 9.849485267417695 ], [ -83.508238030367963, 9.849481046591508 ], [ -83.506647502007496, 9.847668456295917 ], [ -83.506744476292397, 9.84540828822451 ], [ -83.506427920907015, 9.844503231133391 ], [ -83.506659403729074, 9.843192803603108 ], [ -83.505747943843801, 9.843099872892298 ], [ -83.505295451315206, 9.841787681365657 ], [ -83.502657792847401, 9.839520137798518 ], [ -83.498010743490966, 9.83860306504045 ], [ -83.497553125651351, 9.839280025601813 ], [ -83.496186882387903, 9.838779129295856 ], [ -83.493448660693076, 9.839947423842672 ], [ -83.489578879868503, 9.83812872823551 ], [ -83.488651858446389, 9.843551165749334 ], [ -83.478838186339814, 9.848271966210204 ], [ -83.477017643077602, 9.847227143056234 ], [ -83.474829541794108, 9.847221139956774 ], [ -83.466974389857327, 9.852080805832303 ], [ -83.459676715005457, 9.853416369073575 ], [ -83.45059051123927, 9.842090001326708 ], [ -83.43987815284224, 9.842059651180813 ], [ -83.429749437392445, 9.828921754063733 ], [ -83.42875068598552, 9.827562585601092 ], [ -83.427157343605614, 9.82687985508235 ], [ -83.426937244460674, 9.824166764394331 ], [ -83.42603436259337, 9.821225583552138 ], [ -83.426039668531104, 9.819417289826884 ], [ -83.426956656595394, 9.817611623285039 ], [ -83.444043108661603, 9.819832155944432 ], [ -83.445243301506693, 9.811358919083954 ], [ -83.44534845813844, 9.810616490608679 ], [ -83.450174345153727, 9.809921084926485 ], [ -83.450384322137339, 9.809891222022094 ], [ -83.450886151323402, 9.809805913304151 ], [ -83.451407229014478, 9.809749343767409 ], [ -83.451773596652956, 9.809903039989726 ], [ -83.451966190905409, 9.810123439458712 ], [ -83.452158630960724, 9.810439527330201 ], [ -83.452283486836762, 9.810784213813738 ], [ -83.452359852827342, 9.811281925554596 ], [ -83.452300864559319, 9.811951661422064 ], [ -83.452290760253177, 9.812229147152282 ], [ -83.452415680608212, 9.812535557115963 ], [ -83.452473018964056, 9.81287056486037 ], [ -83.452672773011983, 9.81286624282691 ], [ -83.458597076031765, 9.813108579145092 ], [ -83.461322234773434, 9.816506326161019 ], [ -83.464296813521997, 9.817189208062002 ], [ -83.464789141472494, 9.817631088009836 ], [ -83.469116667460796, 9.818637232270504 ], [ -83.471626723650061, 9.817513668968219 ], [ -83.474365346979923, 9.816164873700448 ], [ -83.478251272396633, 9.812107001815798 ], [ -83.477331624189517, 9.815043088301847 ], [ -83.474805552221682, 9.822043538804138 ], [ -83.473432638017329, 9.824074320549943 ], [ -83.474335720918418, 9.827241333187521 ], [ -83.475472671137396, 9.828148759159854 ], [ -83.477526336092708, 9.827250078977739 ], [ -83.479349644792407, 9.827255062190842 ], [ -83.479808583062962, 9.826126091274054 ], [ -83.481452604235599, 9.825000194454503 ], [ -83.483003044979384, 9.824778348351538 ], [ -83.483460666304438, 9.824101408281045 ], [ -83.485283961349324, 9.8241063568434 ], [ -83.487341759568707, 9.821625243397962 ], [ -83.497840635320344, 9.816229015653638 ], [ -83.497850463438198, 9.812612378653577 ], [ -83.501496289075988, 9.812848588670112 ], [ -83.502409779912128, 9.812172946429216 ], [ -83.503551647332174, 9.811271669188718 ], [ -83.506300244421084, 9.80607983671776 ], [ -83.50744208030217, 9.80517854451155 ], [ -83.510511759938609, 9.799309590265587 ], [ -83.50951733973956, 9.796142421623875 ], [ -83.507788859419236, 9.794781835599675 ], [ -83.507245610174692, 9.79342417748536 ], [ -83.504975439849531, 9.790253383394081 ], [ -83.504525483658526, 9.787991833982046 ], [ -83.502483156834117, 9.784821785875675 ], [ -83.500159960646982, 9.784363263977614 ], [ -83.501578485663941, 9.782332772742931 ], [ -83.504540360671214, 9.782566740453976 ], [ -83.506368894524783, 9.780537196176738 ], [ -83.508202193890497, 9.776699265122025 ], [ -83.50958502744119, 9.771051938106885 ], [ -83.507311584327368, 9.769011718031747 ], [ -83.508913170317143, 9.766529353334745 ], [ -83.510965853016302, 9.765856688541803 ], [ -83.513702142440778, 9.765185882982703 ], [ -83.515983850907134, 9.764061571002724 ], [ -83.520456774677854, 9.761586948040994 ], [ -83.520551996116424, 9.760004849866446 ], [ -83.525114208357508, 9.758208433763564 ], [ -83.529906235462022, 9.755598592993996 ], [ -83.53104813487937, 9.754606881336397 ], [ -83.532871064285956, 9.754611556918405 ], [ -83.535842744604651, 9.750911860672135 ], [ -83.53675396552309, 9.75100470131928 ], [ -83.539264975107557, 9.749202470406633 ], [ -83.540640364697055, 9.745950863292867 ], [ -83.548168179106838, 9.742669517513081 ], [ -83.549314757926126, 9.739733746723326 ], [ -83.551138826806195, 9.739286318039424 ], [ -83.55799888583654, 9.730081589383763 ], [ -83.559360144517896, 9.732435816559242 ], [ -83.561407188692954, 9.733887568659327 ], [ -83.563457286358826, 9.734118433968261 ], [ -83.565504206198469, 9.735705478600906 ], [ -83.567099187413575, 9.735709407314804 ], [ -83.571661855053776, 9.733460010693198 ], [ -83.576902471055334, 9.733472789566239 ], [ -83.57977230013833, 9.733931705463773 ], [ -83.581227307526476, 9.735291452795547 ], [ -83.583144713741518, 9.733939957040842 ], [ -83.583969604666706, 9.732133643409071 ], [ -83.586254471395279, 9.729426398285337 ], [ -83.595576923846764, 9.737586093610224 ], [ -83.598095460498911, 9.732619132647484 ], [ -83.602203885134799, 9.729508913438352 ], [ -83.603577351199334, 9.726754276517996 ], [ -83.604945505925386, 9.726305449341485 ], [ -83.604953052594837, 9.723140828478325 ], [ -83.605869775534643, 9.720882486280836 ], [ -83.599498522730968, 9.717476278437067 ], [ -83.598589719497824, 9.716343997258779 ], [ -83.598591696211017, 9.715521196502543 ], [ -83.599505397060597, 9.714537798196439 ], [ -83.599736090968889, 9.713272496683938 ], [ -83.600018337113895, 9.691482374181227 ], [ -83.597744619185534, 9.689668345231601 ], [ -83.596836969505077, 9.688083928873329 ], [ -83.59524273627828, 9.687854013942017 ], [ -83.594334864744326, 9.686495459297134 ], [ -83.594564825236006, 9.685591789307765 ], [ -83.594567549130304, 9.68446156578598 ], [ -83.592747169941717, 9.683552994518266 ], [ -83.592295233757383, 9.681969658941583 ], [ -83.590932803252286, 9.680157970741385 ], [ -83.588657972109687, 9.678796141860824 ], [ -83.578635102796341, 9.678320393377785 ], [ -83.57681139741652, 9.678767986148296 ], [ -83.575447860966634, 9.6774084162866 ], [ -83.573854128232966, 9.677042648003445 ], [ -83.573819557065377, 9.672431281553054 ], [ -83.574915910392946, 9.671303748992628 ], [ -83.575010382636435, 9.669992870795362 ], [ -83.565440818056544, 9.670602853480466 ], [ -83.56341128943231, 9.662460117089712 ], [ -83.562259074631157, 9.667656282636644 ], [ -83.559066857423176, 9.6687784067569 ], [ -83.557698278843105, 9.669453209125217 ], [ -83.554506031211503, 9.670575291158098 ], [ -83.551776646000562, 9.668760422439101 ], [ -83.549951879279178, 9.66966010637309 ], [ -83.548354967622672, 9.670560445795839 ], [ -83.547215433233518, 9.670738285605028 ], [ -83.546302455357491, 9.67145943033643 ], [ -83.54425334227075, 9.671002024421384 ], [ -83.529426228138561, 9.678650792774697 ], [ -83.525761641899734, 9.686100845597677 ], [ -83.519609932348672, 9.686310525786698 ], [ -83.516878444661529, 9.685399329320925 ], [ -83.51464957954677, 9.68403702246375 ], [ -83.511551260516697, 9.684028934322489 ], [ -83.510647274092122, 9.68131400246665 ], [ -83.510743342055704, 9.679505911451942 ], [ -83.509835841319457, 9.678147149954439 ], [ -83.508474388302915, 9.676154318659552 ], [ -83.500965241341049, 9.672924590438464 ], [ -83.498919816818002, 9.671110833216298 ], [ -83.494823532937389, 9.66951768649157 ], [ -83.495967281936259, 9.667712273863362 ], [ -83.498023467351842, 9.665457167544028 ], [ -83.499127240462059, 9.661617314194896 ], [ -83.502595194789876, 9.659591872208937 ], [ -83.507633288491519, 9.649432835983271 ], [ -83.510379847007655, 9.644693340027592 ], [ -83.509947586073238, 9.635650477518054 ], [ -83.500895541899453, 9.613925985721815 ], [ -83.444408827587779, 9.613772451235722 ], [ -83.444357392053433, 9.631855673390108 ], [ -83.424511074481515, 9.64197135329599 ], [ -83.388271985298886, 9.649101581851163 ], [ -83.329462929229834, 9.661353280466408 ], [ -83.3276330556197, 9.663607709006209 ], [ -83.321704490969864, 9.665397003286659 ], [ -83.320963481221881, 9.66901114485049 ], [ -83.314390864804722, 9.672606318688947 ], [ -83.310724889006664, 9.678923333080556 ], [ -83.305875326422736, 9.685055958841337 ], [ -83.30591168678626, 9.68794933941205 ], [ -83.303388117326776, 9.693139762495035 ], [ -83.30245719439462, 9.699013644304307 ], [ -83.302631608952126, 9.70150060700052 ], [ -83.300159418370413, 9.705109318418188 ], [ -83.301151607648876, 9.708276982137273 ], [ -83.301039884402741, 9.714605594507523 ], [ -83.3017203520333, 9.715511972849121 ], [ -83.298976029462892, 9.718667660469102 ], [ -83.297834696616761, 9.719342103071366 ], [ -83.288923936102762, 9.726998468459128 ], [ -83.287329076589003, 9.7269932464345 ], [ -83.283675751141672, 9.729468130834002 ], [ -83.278207630627904, 9.729450106104332 ], [ -83.275474345476056, 9.729214886741707 ], [ -83.272290902322695, 9.727395789422761 ], [ -83.266368705262849, 9.726923871848866 ], [ -83.264996631764589, 9.72845650859216 ], [ -83.263158854381146, 9.733016387264799 ], [ -83.259734428162375, 9.735039361927845 ], [ -83.259047006235278, 9.736167153052586 ], [ -83.259725153974799, 9.737751611754431 ], [ -83.258806687239641, 9.739782739667865 ], [ -83.257641067923089, 9.747463895199786 ], [ -83.255809270365646, 9.750170361311053 ], [ -83.255806168950343, 9.751074482499554 ], [ -83.257162523794292, 9.754243488155554 ], [ -83.256693893876431, 9.757858337003704 ], [ -83.25851218175184, 9.759220558584843 ], [ -83.26009426765097, 9.763068355423007 ], [ -83.259176592036752, 9.764918787599081 ], [ -83.258946608094192, 9.765550913831641 ], [ -83.255387224798682, 9.766894841117956 ], [ -83.254835141409359, 9.768475275065125 ], [ -83.253463935396397, 9.769600686450321 ], [ -83.253003587663642, 9.770955299622862 ], [ -83.251628483677223, 9.773210908846703 ], [ -83.246146740166111, 9.776808143774829 ], [ -83.243396364225745, 9.781319290173343 ], [ -83.239927369512372, 9.78288999819906 ], [ -83.238375395034438, 9.78356261242693 ], [ -83.238138786473726, 9.786093323039532 ], [ -83.236990564871817, 9.788530353121983 ], [ -83.239709572534764, 9.793060212139869 ], [ -83.24060830253525, 9.796679838437729 ], [ -83.244248049025217, 9.798500634910322 ], [ -83.242876044869405, 9.79985211554995 ], [ -83.242639265568997, 9.802337591363298 ], [ -83.243772493498653, 9.804059441697992 ], [ -83.24650282102381, 9.805289620413218 ], [ -83.246575993578986, 9.810262565722068 ], [ -83.246024395819603, 9.811616841616765 ], [ -83.248937593986653, 9.812756767426198 ], [ -83.250116955516347, 9.814343132214567 ], [ -83.25101583845867, 9.817962735578876 ], [ -83.25008978819784, 9.822254243501551 ], [ -83.251441965856728, 9.82682454583953 ], [ -83.253264568493321, 9.827011763252802 ], [ -83.253265681724855, 9.827012874061355 ], [ -83.253265682735162, 9.82701287506946 ], [ -83.253266032618768, 9.827012910303649 ], [ -83.253266067352115, 9.82701291389116 ], [ -83.253568491884721, 9.827314915516368 ], [ -83.254173369448466, 9.827918946693833 ], [ -83.254173371166729, 9.827918946592971 ], [ -83.257820263163836, 9.82770485596936 ], [ -83.257820263759982, 9.827704856045402 ], [ -83.26003929694312, 9.827987901088134 ], [ -83.261465086193041, 9.828169758978722 ], [ -83.26400675451525, 9.828719126896875 ], [ -83.26465340881191, 9.828858894468819 ], [ -83.267384479432224, 9.82999808190883 ], [ -83.269209332323882, 9.82955222017843 ], [ -83.272627123169968, 9.829789841563255 ], [ -83.278324782565235, 9.829808830346941 ], [ -83.279689295672014, 9.830717348002333 ], [ -83.280823963996255, 9.832530630748836 ], [ -83.284686711074031, 9.835706360548286 ], [ -83.288778092745545, 9.839109970759157 ], [ -83.288778082512323, 9.839110066575277 ], [ -83.28854160582722, 9.841595494955616 ], [ -83.288992657446201, 9.8430887390459 ], [ -83.287831000012559, 9.849730276765177 ], [ -83.292612486863348, 9.851192700343887 ], [ -83.293737737970588, 9.855626511356794 ], [ -83.301729065562057, 9.851357404211241 ], [ -83.306289693820545, 9.850693940924488 ], [ -83.319490852594782, 9.856387134086413 ], [ -83.326314512405915, 9.860703889818382 ], [ -83.334714808650347, 9.871353375467663 ], [ -83.334706048305847, 9.871429429553139 ], [ -83.334480567697383, 9.873386930577757 ], [ -83.335390831322329, 9.873841891599444 ], [ -83.336300448683204, 9.874522821275502 ], [ -83.336261609027332, 9.874712138071864 ], [ -83.336068731815601, 9.875652274460247 ], [ -83.335307115647993, 9.876402709429522 ], [ -83.33378206142514, 9.877905358334015 ], [ -83.333550332791418, 9.879034807819849 ], [ -83.333550332791404, 9.879034807819867 ], [ -83.335134553755424, 9.882656299477224 ], [ -83.336501491874358, 9.882886765167278 ], [ -83.337181514773278, 9.884472612267473 ], [ -83.337181514773931, 9.884472612269015 ], [ -83.336495465864402, 9.8851485696752 ], [ -83.33558517321508, 9.884693606196636 ], [ -83.334742468236584, 9.884899627092938 ], [ -83.334672622833793, 9.884916702489281 ], [ -83.334669193667011, 9.885593296630917 ], [ -83.334669193667011, 9.885593296630933 ], [ -83.335578063511448, 9.886500306341512 ], [ -83.336553368071563, 9.886890703388186 ], [ -83.336716370040975, 9.886955950178946 ], [ -83.337019565988911, 9.887258520055362 ], [ -83.337625250275735, 9.887862953092041 ], [ -83.341724022544554, 9.889231969558411 ], [ -83.342330632015845, 9.889635631908289 ], [ -83.342406489948317, 9.889686111618319 ], [ -83.34126372172986, 9.891040383639838 ], [ -83.340118991624649, 9.892619111420728 ], [ -83.339656676679866, 9.894198313618892 ], [ -83.341022246523636, 9.894880780038084 ], [ -83.341022246930777, 9.894880779787606 ], [ -83.341723812154868, 9.894449157097981 ], [ -83.342849608765704, 9.893756529698894 ], [ -83.343532778919638, 9.893984702614919 ], [ -83.34444310956826, 9.894439643093529 ], [ -83.345576220791727, 9.896477598005179 ], [ -83.346258723095019, 9.896931743352809 ], [ -83.346941198647627, 9.897385869247127 ], [ -83.347054606188507, 9.89749903281834 ], [ -83.347395663733252, 9.897839358710403 ], [ -83.347734513521118, 9.898789787812184 ], [ -83.347847461002999, 9.899106592026236 ], [ -83.346935102000913, 9.899647818303407 ], [ -83.348757390890142, 9.900105518180565 ], [ -83.349442768053891, 9.899655668044947 ], [ -83.350126641725254, 9.899657808445467 ], [ -83.350577645695594, 9.901241399071697 ], [ -83.351941951331554, 9.90237572806274 ], [ -83.353539048281064, 9.901928505637557 ], [ -83.354447456931069, 9.903061414259019 ], [ -83.354421509502188, 9.903237458366075 ], [ -83.354421509063229, 9.903237461344238 ], [ -83.354374389817735, 9.903557202904887 ], [ -83.354328428619766, 9.90386909392625 ], [ -83.35423650603343, 9.904492875062235 ], [ -83.354214391039875, 9.904642951811693 ], [ -83.356493127881194, 9.904650038807779 ], [ -83.356494011820288, 9.904650041553877 ], [ -83.356494012731417, 9.90465004155671 ], [ -83.357409991203923, 9.903296551788003 ], [ -83.357410008267692, 9.903291146498576 ], [ -83.357417127124009, 9.901036221526887 ], [ -83.359244599199769, 9.900679527744046 ], [ -83.359698079703008, 9.900591013808505 ], [ -83.360040032537867, 9.900366542170023 ], [ -83.361068807510478, 9.899691208685221 ], [ -83.363261442807612, 9.899697981073864 ], [ -83.363261442807627, 9.899697981073864 ], [ -83.363467707268029, 9.89969861681312 ], [ -83.363804310407204, 9.899699655591364 ], [ -83.364628300540318, 9.898617179894492 ], [ -83.365631316539535, 9.898620269668402 ], [ -83.367221315286457, 9.900388394311937 ], [ -83.367905193825536, 9.900390495924348 ], [ -83.368774790246874, 9.899353537216024 ], [ -83.372688943828138, 9.901535393972708 ], [ -83.373830168731317, 9.901086836633496 ], [ -83.375199147706496, 9.900684145363632 ], [ -83.376569221060024, 9.899965145733226 ], [ -83.376567260044226, 9.900598038815332 ], [ -83.37747891202919, 9.900646087732456 ], [ -83.378852160487483, 9.898841901583877 ], [ -83.379316669091381, 9.896130898915981 ], [ -83.381141782428045, 9.895684445651575 ], [ -83.382523329351386, 9.891394140866746 ], [ -83.385494462080288, 9.888916905564111 ], [ -83.389145267163002, 9.887797965002944 ], [ -83.392110628998125, 9.88712848597474 ], [ -83.393937129787489, 9.88613922912686 ], [ -83.395757866207234, 9.887094054753112 ], [ -83.39762960816725, 9.886240613988249 ], [ -83.399549958027109, 9.884438132418806 ], [ -83.401692685922853, 9.88444450230463 ], [ -83.403748510199478, 9.88309459689383 ], [ -83.40511754299817, 9.882646625781401 ], [ -83.40625990901971, 9.881745708536979 ], [ -83.408084696112383, 9.881344135180166 ], [ -83.41128438818204, 9.878596055130556 ], [ -83.412196172939559, 9.878598734555133 ], [ -83.412876022904214, 9.879956974585111 ], [ -83.413787809848444, 9.879959651722519 ], [ -83.417886860863462, 9.881327754543884 ], [ -83.421074855260883, 9.882467022119458 ], [ -83.423123648686854, 9.883377274837597 ], [ -83.429057160440678, 9.881134507982351 ], [ -83.428242582233892, 9.879097811078401 ], [ -83.440095853312528, 9.87913184988339 ], [ -83.442049805959755, 9.88139762362893 ], [ -83.444100020600871, 9.881855696782058 ], [ -83.445917388269294, 9.884121057161138 ], [ -83.446141535605719, 9.88547791484886 ], [ -83.44773575090619, 9.885979801277875 ], [ -83.447274695828526, 9.887696346971987 ], [ -83.447728451930431, 9.888420999777166 ], [ -83.450914436884531, 9.890238591064179 ], [ -83.453412023757949, 9.893636406416656 ], [ -83.454090528759977, 9.895446697669737 ], [ -83.455408946595512, 9.896806564263464 ], [ -83.456089636844283, 9.897938606145198 ], [ -83.456817866642609, 9.89839266220369 ], [ -83.455902643059304, 9.899520191390247 ], [ -83.455442888805507, 9.900875110862277 ], [ -83.456580026481106, 9.901782607194002 ], [ -83.457031558848172, 9.903366087462221 ], [ -83.457716132290102, 9.90314198127496 ], [ -83.457942812174039, 9.903594672192074 ], [ -83.456801114438576, 9.904269626326514 ], [ -83.456796594284896, 9.90585188535532 ], [ -83.455426976234548, 9.906480938721465 ], [ -83.454508029644444, 9.909010035813921 ], [ -83.453590904861926, 9.910815760977146 ], [ -83.453131124866232, 9.912170674127147 ], [ -83.452440681796304, 9.914429124849393 ], [ -83.452435619852835, 9.916192208483579 ], [ -83.454070039491668, 9.918592897888981 ], [ -83.454020709958485, 9.919858577354484 ], [ -83.45492824267123, 9.921443352061964 ], [ -83.454010351934429, 9.923475032397233 ], [ -83.453779821223279, 9.924378567722908 ], [ -83.454913721397503, 9.926416194818961 ], [ -83.454679015421974, 9.928675923493879 ], [ -83.452623087118326, 9.930026130080135 ], [ -83.451706443589927, 9.931605756787658 ], [ -83.455805646034307, 9.933199554075728 ], [ -83.459219511334226, 9.935243663651885 ], [ -83.461360020989147, 9.936153759995237 ], [ -83.463089006528037, 9.937514597768605 ], [ -83.465820923655258, 9.93896859413041 ], [ -83.46823675359326, 9.939291469919917 ], [ -83.469007815182749, 9.940695165402444 ], [ -83.47082800033202, 9.942056349014148 ], [ -83.473109135421339, 9.941610320438098 ], [ -83.475157021116217, 9.943062620523534 ], [ -83.482445143344535, 9.945705682854923 ], [ -83.482558788856778, 9.945704158070605 ], [ -83.482595142264074, 9.945526438424221 ], [ -83.493792812599466, 9.945425431657515 ], [ -83.500413801160263, 9.941826423484548 ] ] ] ] } },
{ "type": "Feature", "properties": { "Id": 24, "TERRITORIO": "ABROJO MONTEZUMA", "DECRETO": "29960", "AÑO": "2001", "CLASIF": "CREF y PAFT", "AE_2018": 1461.87, "AE_2019": 1461.87, "AE_2020": 1461.87, "AE_2021": 1461.87, "AE_2023": 1461.87, "AE_2024": 1461.87, "AE_2017": null, "AE_2022": 1461.87, "PRIMER DESEMBOLSO": 2023, "SEGUNDO DESEMBOLSO": null, "BLOQUE": "NGABE" }, "geometry": { "type": "MultiPolygon", "coordinates": [ [ [ [ -82.830670781638915, 8.636608967293219 ], [ -82.833799120120005, 8.637878267746343 ], [ -82.835080078844584, 8.638721767031624 ], [ -82.835311503336271, 8.639354048439081 ], [ -82.834801736891677, 8.640843617207633 ], [ -82.834544426597517, 8.641734111633637 ], [ -82.834922044799981, 8.643220708057976 ], [ -82.835581512036384, 8.644507237897562 ], [ -82.83593225199192, 8.645355088156947 ], [ -82.836275491936561, 8.646296199776513 ], [ -82.83696645712368, 8.646721690268921 ], [ -82.83785146002198, 8.647363052657896 ], [ -82.838714190451157, 8.648212451460527 ], [ -82.839424486384274, 8.649391495638488 ], [ -82.840078404252068, 8.650139785497673 ], [ -82.840811556757544, 8.650924204563893 ], [ -82.841549236697659, 8.652584122513638 ], [ -82.843918055290501, 8.656150646339233 ], [ -82.844680573335069, 8.656770097023212 ], [ -82.845501846773558, 8.657038095478663 ], [ -82.846352558618406, 8.657112424544273 ], [ -82.8477490305918, 8.657941887857007 ], [ -82.8492473022431, 8.658498966735928 ], [ -82.850359824311397, 8.660224583680925 ], [ -82.85135982847153, 8.661009786108457 ], [ -82.852202448122924, 8.661378302768965 ], [ -82.853350892752928, 8.662026159313424 ], [ -82.854861678588989, 8.66322073278517 ], [ -82.855244042123175, 8.664300950600026 ], [ -82.855652512553306, 8.665156124979177 ], [ -82.856626236967386, 8.666346057985113 ], [ -82.857092472731424, 8.667178690164885 ], [ -82.857190550402393, 8.668530492144656 ], [ -82.857309455974246, 8.66895543675952 ], [ -82.857919550692259, 8.669914082880865 ], [ -82.858331272293782, 8.670890074138686 ], [ -82.858934670083713, 8.672075947270296 ], [ -82.859040229875333, 8.672871756486124 ], [ -82.858858584083364, 8.673391349525586 ], [ -82.85855047286077, 8.67365492454808 ], [ -82.858460175158498, 8.673976210816308 ], [ -82.858963762821546, 8.674384362987201 ], [ -82.858978430967866, 8.675009025566951 ], [ -82.861944782722674, 8.669002728785479 ], [ -82.863163328651638, 8.670542332254687 ], [ -82.864253219607463, 8.671431842077695 ], [ -82.865343952170548, 8.672041464051565 ], [ -82.866254721354949, 8.672144634800098 ], [ -82.867572237123284, 8.67208157189595 ], [ -82.868792776728128, 8.67229568774046 ], [ -82.86959074737949, 8.672336322743231 ], [ -82.870175520694062, 8.672931286701379 ], [ -82.870935030635152, 8.672971803451386 ], [ -82.871810035632052, 8.672974390101146 ], [ -82.872559478982964, 8.67316798072827 ], [ -82.873292327480328, 8.673819427587851 ], [ -82.878516956263226, 8.673875824826924 ], [ -82.879224930960177, 8.673010822958513 ], [ -82.879655877236956, 8.672431567913518 ], [ -82.880324022838536, 8.672028512912689 ], [ -82.881019810287881, 8.671982388230189 ], [ -82.889193766720027, 8.673808048714426 ], [ -82.897361132541448, 8.678798113467977 ], [ -82.90145057698227, 8.678580568445431 ], [ -82.903274978204848, 8.675193686687772 ], [ -82.908456204912582, 8.674282101011 ], [ -82.908579254755352, 8.673567783257718 ], [ -82.908227415524308, 8.672733678404812 ], [ -82.90771553973255, 8.67184714277613 ], [ -82.907414652501032, 8.671152576706707 ], [ -82.907418257437428, 8.670907398125294 ], [ -82.908967635428496, 8.668650144854302 ], [ -82.908483453586982, 8.666981910589078 ], [ -82.907891170308645, 8.66507948295474 ], [ -82.906706887143486, 8.664794846818763 ], [ -82.905431831439969, 8.662761680122248 ], [ -82.905649882174131, 8.662657301035425 ], [ -82.906493353525462, 8.663024911771688 ], [ -82.906868198648709, 8.663094944808964 ], [ -82.907207356875887, 8.663021285157356 ], [ -82.907566212017741, 8.662827465657667 ], [ -82.907706052458522, 8.662557679841553 ], [ -82.907687850056206, 8.662422521529937 ], [ -82.907527184813361, 8.662287220079575 ], [ -82.90728543028095, 8.662127409998329 ], [ -82.907268478325093, 8.661875755271279 ], [ -82.907495650358854, 8.661245490258224 ], [ -82.907604426152744, 8.661036493829076 ], [ -82.90779072994458, 8.661037026130792 ], [ -82.908330749253935, 8.661331607830705 ], [ -82.908721069980672, 8.661437367768444 ], [ -82.909190537651853, 8.66146621747953 ], [ -82.909657268859419, 8.661333590781089 ], [ -82.910177498061131, 8.660985834270996 ], [ -82.910544180852725, 8.660537167128949 ], [ -82.910574429136105, 8.660049257971055 ], [ -82.911212801939953, 8.659160623875319 ], [ -82.911262583053016, 8.658565734059319 ], [ -82.911416620758573, 8.65829107568133 ], [ -82.912052345723922, 8.657694862297278 ], [ -82.912230883941561, 8.657258821233034 ], [ -82.912392884608025, 8.65629944311334 ], [ -82.912538899967245, 8.655677913196422 ], [ -82.912847168314812, 8.655154654995842 ], [ -82.913208098054739, 8.654935275919495 ], [ -82.914283709942211, 8.654809552075392 ], [ -82.915060365674222, 8.654698840740412 ], [ -82.915556086856768, 8.654513661977969 ], [ -82.916322585523474, 8.653783851946885 ], [ -82.916789977497885, 8.653416791276145 ], [ -82.917425328842484, 8.6531554585662 ], [ -82.918613838536032, 8.652795226600155 ], [ -82.920056644393597, 8.652612713096977 ], [ -82.921179507678445, 8.651668607434516 ], [ -82.921680652725755, 8.651451882051671 ], [ -82.922746014459179, 8.651510674351217 ], [ -82.923540249386036, 8.651726472263816 ], [ -82.922852484451298, 8.650824544497148 ], [ -82.922430602975197, 8.650257955855006 ], [ -82.922607127221752, 8.649408026586267 ], [ -82.922628062105247, 8.648673727755479 ], [ -82.922611786002591, 8.647147058707526 ], [ -82.921896276863791, 8.645696241320111 ], [ -82.920193767619196, 8.644215075875552 ], [ -82.92042405643403, 8.642678448576032 ], [ -82.910620849401198, 8.638137628680335 ], [ -82.904714272463494, 8.638577573718859 ], [ -82.86835509150383, 8.646186224425753 ], [ -82.863815174819209, 8.644820114517247 ], [ -82.863311932823848, 8.644740452388547 ], [ -82.863019874764049, 8.644743172887607 ], [ -82.86259365685342, 8.644996669042873 ], [ -82.862360457544213, 8.645269043945817 ], [ -82.861314100112779, 8.645944891600818 ], [ -82.860631784326017, 8.645265516025393 ], [ -82.860418095180464, 8.645463820031273 ], [ -82.860182957901444, 8.645721467325583 ], [ -82.859840611057976, 8.645659444340607 ], [ -82.85938679069622, 8.64550022928497 ], [ -82.858896632576332, 8.645434174217336 ], [ -82.857929427967747, 8.64529797874969 ], [ -82.856751869862663, 8.644349699927664 ], [ -82.855528226059491, 8.643412520035412 ], [ -82.854989668713628, 8.642957927896553 ], [ -82.854626745375967, 8.642461863928466 ], [ -82.85404709996817, 8.642029531148026 ], [ -82.853177848718047, 8.641673828687173 ], [ -82.852462695026034, 8.641691248024241 ], [ -82.851665885074326, 8.641298815034357 ], [ -82.850889360449969, 8.641335073033304 ], [ -82.849758968062034, 8.641555936288455 ], [ -82.849351844484588, 8.642051064353264 ], [ -82.848829241089518, 8.642300738063915 ], [ -82.838638556340229, 8.628715404283875 ], [ -82.838596743744588, 8.628695397069238 ], [ -82.838523934012187, 8.628924814002712 ], [ -82.838436659814292, 8.629168536624212 ], [ -82.83836371914218, 8.629441008854473 ], [ -82.838334262015906, 8.629641850726458 ], [ -82.838317953704887, 8.630258949453236 ], [ -82.838288320894293, 8.630517199642087 ], [ -82.838200958265276, 8.630789628098805 ], [ -82.837983713502837, 8.631090366603825 ], [ -82.837853216828179, 8.631319607606349 ], [ -82.837650393857857, 8.63162039044022 ], [ -82.837345696608196, 8.632222259872449 ], [ -82.837157163311645, 8.632566143173941 ], [ -82.836987263178344, 8.632783844869804 ], [ -82.836491133341156, 8.633425256511586 ], [ -82.836187400141313, 8.633711379856482 ], [ -82.835901866746667, 8.633875896663959 ], [ -82.835827982513607, 8.633918466790233 ], [ -82.835235317925054, 8.63436637050493 ], [ -82.834820840745152, 8.634709563990681 ], [ -82.834406377514753, 8.63504797440909 ], [ -82.833939373414495, 8.635276189495157 ], [ -82.833467502506522, 8.635523526588399 ], [ -82.833171578577563, 8.635620032008601 ], [ -82.831581404486784, 8.635706857669287 ], [ -82.830670781638915, 8.636608967293219 ] ] ] ] } },
{ "type": "Feature", "properties": { "Id": 10, "TERRITORIO": "BAJO CHIRRIPO", "DECRETO": "21904", "AÑO": "1992", "CLASIF": "CREF y PAFT", "AE_2018": 9874.54, "AE_2019": 8875.38, "AE_2020": 8875.38, "AE_2021": 9875.17, "AE_2023": 11906.13, "AE_2024": 11732.2, "AE_2017": null, "AE_2022": 9875.17, "PRIMER DESEMBOLSO": 2025, "SEGUNDO DESEMBOLSO": null, "BLOQUE": "TALAMANCA CARIBE" }, "geometry": { "type": "MultiPolygon", "coordinates": [ [ [ [ -83.253266032618768, 9.827012910303649 ], [ -83.253266067352115, 9.82701291389116 ], [ -83.253568491884721, 9.827314915516368 ], [ -83.254173369448466, 9.827918946693833 ], [ -83.254173371166729, 9.827918946592971 ], [ -83.257820263163836, 9.82770485596936 ], [ -83.257820263759982, 9.827704856045402 ], [ -83.26003929694312, 9.827987901088134 ], [ -83.261465086193041, 9.828169758978722 ], [ -83.26400675451525, 9.828719126896875 ], [ -83.26465340881191, 9.828858894468819 ], [ -83.267384479432224, 9.82999808190883 ], [ -83.269209332323882, 9.82955222017843 ], [ -83.272627123169968, 9.829789841563255 ], [ -83.278324782565235, 9.829808830346941 ], [ -83.279689295672014, 9.830717348002333 ], [ -83.280823963996255, 9.832530630748836 ], [ -83.284686711074031, 9.835706360548286 ], [ -83.288778092745545, 9.839109970759157 ], [ -83.288778082512323, 9.839110066575277 ], [ -83.28854160582722, 9.841595494955616 ], [ -83.288992657446201, 9.8430887390459 ], [ -83.287831000012559, 9.849730276765177 ], [ -83.292612486863348, 9.851192700343887 ], [ -83.293737737970588, 9.855626511356794 ], [ -83.301729065562057, 9.851357404211241 ], [ -83.306289693820545, 9.850693940924488 ], [ -83.319490852594782, 9.856387134086413 ], [ -83.326314512405915, 9.860703889818382 ], [ -83.334714808650347, 9.871353375467663 ], [ -83.334706048305847, 9.871429429553139 ], [ -83.334480567697383, 9.873386930577757 ], [ -83.335390831322329, 9.873841891599444 ], [ -83.336300448683204, 9.874522821275502 ], [ -83.336261609027332, 9.874712138071864 ], [ -83.336068731815601, 9.875652274460247 ], [ -83.335307115647993, 9.876402709429522 ], [ -83.33378206142514, 9.877905358334015 ], [ -83.333550332791418, 9.879034807819849 ], [ -83.333550332791404, 9.879034807819867 ], [ -83.335134553755424, 9.882656299477224 ], [ -83.336501491874358, 9.882886765167278 ], [ -83.337181514773278, 9.884472612267473 ], [ -83.337181514773931, 9.884472612269015 ], [ -83.336495465864402, 9.8851485696752 ], [ -83.33558517321508, 9.884693606196636 ], [ -83.334742468236584, 9.884899627092938 ], [ -83.334672622833793, 9.884916702489281 ], [ -83.334669193667011, 9.885593296630917 ], [ -83.334669193667011, 9.885593296630933 ], [ -83.335578063511448, 9.886500306341512 ], [ -83.336553368071563, 9.886890703388186 ], [ -83.336716370040975, 9.886955950178946 ], [ -83.337019565988911, 9.887258520055362 ], [ -83.337625250275735, 9.887862953092041 ], [ -83.341724022544554, 9.889231969558411 ], [ -83.342330632015845, 9.889635631908289 ], [ -83.342406489948317, 9.889686111618319 ], [ -83.34126372172986, 9.891040383639838 ], [ -83.340118991624649, 9.892619111420728 ], [ -83.339656676679866, 9.894198313618892 ], [ -83.341022246523636, 9.894880780038084 ], [ -83.341022246930777, 9.894880779787606 ], [ -83.341723812154868, 9.894449157097981 ], [ -83.342849608765704, 9.893756529698894 ], [ -83.343532778919638, 9.893984702614919 ], [ -83.34444310956826, 9.894439643093529 ], [ -83.345576220791727, 9.896477598005179 ], [ -83.346258723095019, 9.896931743352809 ], [ -83.346941198647627, 9.897385869247127 ], [ -83.347054606188507, 9.89749903281834 ], [ -83.347395663733252, 9.897839358710403 ], [ -83.347734513521118, 9.898789787812184 ], [ -83.347847461002999, 9.899106592026236 ], [ -83.346935102000913, 9.899647818303407 ], [ -83.348757390890142, 9.900105518180565 ], [ -83.349442768053891, 9.899655668044947 ], [ -83.350126641725254, 9.899657808445467 ], [ -83.350577645695594, 9.901241399071697 ], [ -83.351941951331554, 9.90237572806274 ], [ -83.353539048281064, 9.901928505637557 ], [ -83.354447456931069, 9.903061414259019 ], [ -83.354421509502188, 9.903237458366075 ], [ -83.354421509063229, 9.903237461344238 ], [ -83.354374389817735, 9.903557202904887 ], [ -83.354328428619766, 9.90386909392625 ], [ -83.35423650603343, 9.904492875062235 ], [ -83.354214391039875, 9.904642951811693 ], [ -83.356493127881194, 9.904650038807779 ], [ -83.356494011820288, 9.904650041553877 ], [ -83.356494012731417, 9.90465004155671 ], [ -83.357409991203923, 9.903296551788003 ], [ -83.357410008267692, 9.903291146498576 ], [ -83.357417127124009, 9.901036221526887 ], [ -83.359244599199769, 9.900679527744046 ], [ -83.359698079703008, 9.900591013808505 ], [ -83.360040032537867, 9.900366542170023 ], [ -83.361068807510478, 9.899691208685221 ], [ -83.363261442807612, 9.899697981073864 ], [ -83.363261442807627, 9.899697981073864 ], [ -83.362203221210478, 9.902634727046298 ], [ -83.363788026656081, 9.906210849693823 ], [ -83.366966024111861, 9.910560411090549 ], [ -83.366407405394853, 9.914175185103653 ], [ -83.366910257468362, 9.927738920317523 ], [ -83.370549583667781, 9.930462344745536 ], [ -83.374635052184956, 9.936171283912918 ], [ -83.382832738616614, 9.939360718787229 ], [ -83.380086654047716, 9.942697787705477 ], [ -83.380077541156041, 9.945636220736976 ], [ -83.380065622660524, 9.949478785875415 ], [ -83.379329415931068, 9.951556045870607 ], [ -83.384828370863787, 9.957630349860462 ], [ -83.385051054394097, 9.959439308058247 ], [ -83.39096408025901, 9.964429684733142 ], [ -83.391189267117184, 9.965334538740001 ], [ -83.388450374362037, 9.966230331146466 ], [ -83.3850160024015, 9.970966884021646 ], [ -83.38182179594655, 9.971635568900952 ], [ -83.380679709373169, 9.97231023117471 ], [ -83.379806522619958, 9.974568004686192 ], [ -83.376334498738117, 9.976591912239545 ], [ -83.372684975075416, 9.977033297707205 ], [ -83.37039936703998, 9.978834828167772 ], [ -83.3719790842175, 9.984264346495348 ], [ -83.358070026777227, 9.984221224735778 ], [ -83.355326421817239, 9.986472711479525 ], [ -83.349613728791581, 9.99029744497625 ], [ -83.344141231385194, 9.990280175474901 ], [ -83.344147780883631, 9.98824589540056 ], [ -83.337072091085943, 9.990484319973676 ], [ -83.333882781028834, 9.989569748453516 ], [ -83.332073444973148, 9.985043231808707 ], [ -83.326601056106554, 9.985025679056298 ], [ -83.325699086133369, 9.981858354420444 ], [ -83.320234068109158, 9.979580701967226 ], [ -83.315892311385738, 9.982505261299165 ], [ -83.313376001427528, 9.984892751138057 ], [ -83.312915281234055, 9.986337883372109 ], [ -83.310635118569635, 9.986330449000349 ], [ -83.296042103728013, 9.986282500656786 ], [ -83.296056708659009, 9.981942746871704 ], [ -83.295007851670064, 9.98193927682431 ], [ -83.293140266598797, 9.981300310044009 ], [ -83.292646730115635, 9.978812353064853 ], [ -83.291645064210144, 9.978356864347179 ], [ -83.289222616041087, 9.979930765217761 ], [ -83.287401596274194, 9.979020514031875 ], [ -83.287867019599915, 9.976309709615528 ], [ -83.286961054113419, 9.974498442712623 ], [ -83.28514072698853, 9.973362384053578 ], [ -83.284225823723602, 9.974218273425764 ], [ -83.284219522119031, 9.976071705434798 ], [ -83.283303499621155, 9.977198704026284 ], [ -83.282391465947384, 9.97719565290164 ], [ -83.280802816198459, 9.974930273489059 ], [ -83.278752324214068, 9.974471170938935 ], [ -83.277174829042039, 9.96881530065234 ], [ -83.279690036898756, 9.966789711389788 ], [ -83.280149867270197, 9.965661079656085 ], [ -83.278789032475757, 9.963622053084579 ], [ -83.276967289030736, 9.962938035568532 ], [ -83.278119980136964, 9.959099269718402 ], [ -83.278589365853904, 9.955032227299741 ], [ -83.280194245938432, 9.952325065047319 ], [ -83.279745698778356, 9.950063313654685 ], [ -83.26880221816009, 9.950026483892101 ], [ -83.263803631967747, 9.945036858271949 ], [ -83.261979751508576, 9.945030659766926 ], [ -83.260162155045023, 9.943216248733485 ], [ -83.258339789451767, 9.942758057094052 ], [ -83.256519066186485, 9.941847656294019 ], [ -83.25652535164356, 9.940039437663859 ], [ -83.256072520422492, 9.939133810015889 ], [ -83.256764002123745, 9.936921053756786 ], [ -83.256312417597002, 9.935608586392668 ], [ -83.256092036719878, 9.933483091843735 ], [ -83.255183913410946, 9.932349931788949 ], [ -83.253133112119912, 9.932071489271394 ], [ -83.249720906948951, 9.929845159977358 ], [ -83.246987586684099, 9.929157815667997 ], [ -83.230573543380117, 9.929100906448292 ], [ -83.229994773426299, 9.927898648855551 ], [ -83.229972910214471, 9.927853234774172 ], [ -83.228855106178116, 9.929669023770444 ], [ -83.226039508426595, 9.931395986126624 ], [ -83.22537155872304, 9.932252405465796 ], [ -83.225149291636427, 9.932657119646132 ], [ -83.224948786623486, 9.933629426317092 ], [ -83.22479598590769, 9.933851517574235 ], [ -83.22377071600647, 9.933471316166584 ], [ -83.221341055664411, 9.93207756369012 ], [ -83.220624339427118, 9.931442506240392 ], [ -83.222075715388385, 9.930845315422443 ], [ -83.222277963338271, 9.92952318357224 ], [ -83.224340984441753, 9.929361110377965 ], [ -83.22458213405487, 9.929077413991696 ], [ -83.224785400783375, 9.927147209092244 ], [ -83.223827121879808, 9.926841847393137 ], [ -83.223465844170491, 9.925786484007407 ], [ -83.223274897109889, 9.924642300888866 ], [ -83.225273980219811, 9.922179757543564 ], [ -83.225441337057802, 9.922468895814228 ], [ -83.227564154812114, 9.924937219195195 ], [ -83.227763010920938, 9.925043703458369 ], [ -83.228643727399955, 9.92523974717809 ], [ -83.229000037352407, 9.924890743028712 ], [ -83.229228798240442, 9.924558230087639 ], [ -83.229732238299306, 9.924846416671455 ], [ -83.230923281686287, 9.92529762266277 ], [ -83.23104909325302, 9.925185707215944 ], [ -83.236989208531853, 9.919901543404658 ], [ -83.236998144936905, 9.917370044816964 ], [ -83.226521210628121, 9.914621935578712 ], [ -83.225162023613223, 9.912130996446505 ], [ -83.223799114559895, 9.910770058205143 ], [ -83.221975440044119, 9.91076365611346 ], [ -83.217869770626322, 9.911427604834026 ], [ -83.216459735163426, 9.910518393140917 ], [ -83.216516586822124, 9.907354154759656 ], [ -83.216065592808775, 9.905996411488706 ], [ -83.211514669126387, 9.903719894279167 ], [ -83.21061029565989, 9.901637240566842 ], [ -83.209699164079396, 9.901453081632072 ], [ -83.209202622200607, 9.900095085037727 ], [ -83.207880505784118, 9.900090390986524 ], [ -83.20720149708896, 9.898731788383785 ], [ -83.207436251051092, 9.896924396683222 ], [ -83.209035245889723, 9.895980691551726 ], [ -83.209959488269234, 9.892412628746589 ], [ -83.213836131130776, 9.891973834366032 ], [ -83.215003545398503, 9.884293014767193 ], [ -83.216604029344197, 9.882942510989084 ], [ -83.217750031798957, 9.881138205730473 ], [ -83.221627455577988, 9.880428118168441 ], [ -83.222541408875472, 9.879798292236138 ], [ -83.222544632163363, 9.878894186871564 ], [ -83.224142552811728, 9.878221671619803 ], [ -83.224822384748293, 9.879354132065025 ], [ -83.226416281098054, 9.879811882572204 ], [ -83.227330225414661, 9.87918204279379 ], [ -83.229836910259635, 9.879371913506395 ], [ -83.232804183255055, 9.878252299589223 ], [ -83.234855141381018, 9.878395128002724 ], [ -83.235540822631421, 9.87785493499228 ], [ -83.236328394366481, 9.874422121786608 ], [ -83.238521469183752, 9.873073728944327 ], [ -83.238750998187626, 9.872622481861784 ], [ -83.240357718471003, 9.869463666776445 ], [ -83.240362475630207, 9.868107501641877 ], [ -83.241827755764191, 9.866304517630031 ], [ -83.243572171688584, 9.862693816993612 ], [ -83.242852209978722, 9.859979029913102 ], [ -83.241312073114315, 9.857261207200601 ], [ -83.242687646466536, 9.855005688395613 ], [ -83.234705138101859, 9.843225269006671 ], [ -83.251443465635688, 9.826825689254512 ], [ -83.253265681724855, 9.827012874061355 ], [ -83.253265682735162, 9.82701287506946 ], [ -83.253266032618768, 9.827012910303649 ] ] ], [ [ [ -83.214770553892421, 9.920500184860279 ], [ -83.214656044551916, 9.920257966992242 ], [ -83.214454542207221, 9.920037922994338 ], [ -83.214364995567621, 9.919828267165069 ], [ -83.214221221619297, 9.919479893284263 ], [ -83.214052913561446, 9.91925229706508 ], [ -83.213723591409632, 9.919268196181291 ], [ -83.213428119128082, 9.919210499347752 ], [ -83.21274884184767, 9.918878400443504 ], [ -83.21241331223635, 9.918718236418648 ], [ -83.212321261781781, 9.918585932599305 ], [ -83.212215333968516, 9.918433681350391 ], [ -83.212088607889044, 9.918263348762538 ], [ -83.211761965304518, 9.918158146851235 ], [ -83.211389970236709, 9.918329540708676 ], [ -83.210860737461786, 9.918358431072297 ], [ -83.210311770177967, 9.91825857420157 ], [ -83.210105507774784, 9.917980191684672 ], [ -83.210068063684787, 9.917703907222332 ], [ -83.209956843689554, 9.917349588062217 ], [ -83.20990230560011, 9.917083760041022 ], [ -83.209926840150544, 9.916654708625185 ], [ -83.209905095419444, 9.916351907425446 ], [ -83.209910566710349, 9.915857309293379 ], [ -83.20986589109323, 9.915603810316156 ], [ -83.209887872393764, 9.915301094881976 ], [ -83.209881706361543, 9.915088296447559 ], [ -83.210128516729938, 9.91508731607291 ], [ -83.210243479969918, 9.91513291507305 ], [ -83.210550774368116, 9.915328665366395 ], [ -83.210684432340486, 9.915405631979368 ], [ -83.210774332765027, 9.915440453640642 ], [ -83.210779528186166, 9.915469560100416 ], [ -83.210815753591191, 9.915424535662044 ], [ -83.210836131239773, 9.915399206137984 ], [ -83.210930203689614, 9.91524940124394 ], [ -83.210970149850525, 9.91525795221092 ], [ -83.211017517575328, 9.915293966673536 ], [ -83.211057927738878, 9.915324691102196 ], [ -83.211108465893105, 9.915457605515369 ], [ -83.211204269179618, 9.915498381846358 ], [ -83.211455336280792, 9.915443691951733 ], [ -83.211764445053632, 9.91526446420127 ], [ -83.212055441273208, 9.915109694079286 ], [ -83.212504758776902, 9.914967205082165 ], [ -83.212755620830677, 9.914787276389644 ], [ -83.212823935320088, 9.914738279281483 ], [ -83.213040162805157, 9.914563786889813 ], [ -83.213143188103999, 9.914480646020809 ], [ -83.213332355535229, 9.914107871083417 ], [ -83.213478280169781, 9.913648863715801 ], [ -83.213681772153635, 9.913347899368519 ], [ -83.213872973461164, 9.912961743421153 ], [ -83.214188508650096, 9.912701876131067 ], [ -83.214625077453903, 9.912546246322112 ], [ -83.215132467455518, 9.912346463830252 ], [ -83.215625158432317, 9.912232778077733 ], [ -83.216016443642431, 9.91213321836014 ], [ -83.216491948261634, 9.912012720262176 ], [ -83.216761318827423, 9.911935539305871 ], [ -83.216985884414498, 9.911830451301686 ], [ -83.217215073905166, 9.911716110397816 ], [ -83.217387116756825, 9.911608758687834 ], [ -83.217580016357303, 9.91155363083495 ], [ -83.217796597615632, 9.911518057914638 ], [ -83.217837314974247, 9.911503917558962 ], [ -83.217938767502602, 9.911468684743435 ], [ -83.218001402233895, 9.911491767049714 ], [ -83.218120572204967, 9.911468728511128 ], [ -83.218187609837884, 9.911461579425229 ], [ -83.218186880261868, 9.911504731854555 ], [ -83.218186643708577, 9.911518751354931 ], [ -83.218196294563924, 9.911636589456309 ], [ -83.218194783468348, 9.911735966735794 ], [ -83.218194995865687, 9.911873020530509 ], [ -83.218213540697306, 9.911881238693434 ], [ -83.218228060430377, 9.911900321225831 ], [ -83.218257859606396, 9.91202657831702 ], [ -83.218289087664871, 9.912097404968842 ], [ -83.218320542812094, 9.912129339999062 ], [ -83.21839521421316, 9.912172006195531 ], [ -83.218518106478029, 9.912190211806154 ], [ -83.218535371839209, 9.912249716296547 ], [ -83.218433408140584, 9.9128583507327 ], [ -83.218664031008544, 9.91316391758269 ], [ -83.218972776329011, 9.913679031129433 ], [ -83.219037101882819, 9.913854775480035 ], [ -83.219181634291601, 9.914096340387797 ], [ -83.219273570639984, 9.914391294523538 ], [ -83.219383131084228, 9.914757323845958 ], [ -83.219514109455375, 9.915073236538353 ], [ -83.219669233839085, 9.915343745725473 ], [ -83.219800305106659, 9.915651809055193 ], [ -83.21985961738379, 9.915757646600635 ], [ -83.219896749455728, 9.915989651928133 ], [ -83.21989982707035, 9.916008893145685 ], [ -83.219930340125899, 9.916440578649784 ], [ -83.219895891405713, 9.916891107585352 ], [ -83.219925675422118, 9.917201918946159 ], [ -83.220114477464463, 9.917598738301619 ], [ -83.220164410149266, 9.917996364941326 ], [ -83.220582298471498, 9.918318984494993 ], [ -83.220845617289513, 9.918522269894785 ], [ -83.220785478801517, 9.918572824636561 ], [ -83.220794845590689, 9.918582045725756 ], [ -83.221209677735828, 9.918990409737958 ], [ -83.223449550700963, 9.920600432386951 ], [ -83.225127730521478, 9.921924906697454 ], [ -83.225210216693924, 9.922087242532992 ], [ -83.223084668033465, 9.924633063124107 ], [ -83.223300667623079, 9.925831789717757 ], [ -83.223667765840219, 9.926993023706627 ], [ -83.22455204102468, 9.927236534379944 ], [ -83.224387512898545, 9.928984719838985 ], [ -83.224238675419898, 9.929171993833474 ], [ -83.22230699868237, 9.929323255268727 ], [ -83.22156845230532, 9.929273333353922 ], [ -83.220353069433372, 9.928260545875897 ], [ -83.219469215554454, 9.928884342864036 ], [ -83.218466921877038, 9.928186003010378 ], [ -83.217508639275195, 9.928337435042195 ], [ -83.216898016955852, 9.928098353580836 ], [ -83.216745583895772, 9.92727107940725 ], [ -83.215994613276365, 9.926698671259672 ], [ -83.216368790197919, 9.92625650520395 ], [ -83.216138462354863, 9.926185904500571 ], [ -83.215753227153698, 9.925837073958995 ], [ -83.21549876438948, 9.925508506395449 ], [ -83.215233489020605, 9.925461009233254 ], [ -83.214717905433673, 9.92526493372705 ], [ -83.214474607165215, 9.925304895880782 ], [ -83.214219813995314, 9.925166490772888 ], [ -83.214039616507549, 9.924893961224727 ], [ -83.213593381009503, 9.924938054282549 ], [ -83.212667179611032, 9.924565367414205 ], [ -83.214294957405841, 9.922573040209612 ], [ -83.215253610612891, 9.921553109108755 ], [ -83.215057409306269, 9.921147837423764 ], [ -83.21488023770462, 9.920781872076461 ], [ -83.214770553892421, 9.920500184860279 ] ] ], [ [ [ -83.250367457224357, 9.95504507442417 ], [ -83.250021404625116, 9.955024584002077 ], [ -83.249559567239061, 9.954962095753018 ], [ -83.249437170849944, 9.954489631492153 ], [ -83.249572378303924, 9.954320171132933 ], [ -83.249893114382473, 9.953949697391325 ], [ -83.25098217283066, 9.952711463019472 ], [ -83.251505805137867, 9.952207365175502 ], [ -83.251589935110914, 9.952126373845887 ], [ -83.252264563340148, 9.951469054827946 ], [ -83.252493225163022, 9.951480839462842 ], [ -83.252902259907785, 9.951481753543934 ], [ -83.253276653851188, 9.951546037922867 ], [ -83.253419447835668, 9.95160004406692 ], [ -83.253737493138544, 9.951711916863397 ], [ -83.254161747434281, 9.951910024904873 ], [ -83.254396429606757, 9.952035573072127 ], [ -83.25475192634417, 9.952197394993028 ], [ -83.254971903782021, 9.952287017498028 ], [ -83.255170028220249, 9.952376491736075 ], [ -83.256933155734359, 9.952496068199556 ], [ -83.258064457343949, 9.952153845100755 ], [ -83.258333857499451, 9.952062668542805 ], [ -83.258959441759856, 9.951951177386773 ], [ -83.259427880780521, 9.951857641797238 ], [ -83.259793442261156, 9.95173181782363 ], [ -83.260267235573025, 9.951712566110702 ], [ -83.260741622503545, 9.951713615183689 ], [ -83.261194890256746, 9.951732881906802 ], [ -83.26194898353512, 9.951693443224286 ], [ -83.262381163333345, 9.951675236747374 ], [ -83.262507614737814, 9.951619166509886 ], [ -83.262614580062561, 9.951578568819222 ], [ -83.262842737058378, 9.951515782693837 ], [ -83.262934650568425, 9.951370558837828 ], [ -83.263114052678787, 9.95116015911371 ], [ -83.263226577386931, 9.951198779617778 ], [ -83.263296475700443, 9.951253379592556 ], [ -83.26336716561029, 9.951248576226508 ], [ -83.263466221410937, 9.951297846426339 ], [ -83.26360157610047, 9.951346760749198 ], [ -83.263659205434081, 9.951381999976682 ], [ -83.263771292650901, 9.951404290067391 ], [ -83.263949235115263, 9.951467558668469 ], [ -83.264048468382455, 9.951525211175291 ], [ -83.264157699725985, 9.951612531688271 ], [ -83.26440837948364, 9.951770541715117 ], [ -83.264698922398907, 9.951759433507306 ], [ -83.264938181534944, 9.951746791949006 ], [ -83.265111056150658, 9.951705054466995 ], [ -83.265340481498868, 9.95162224408074 ], [ -83.265475219292853, 9.951573610987897 ], [ -83.265797172737706, 9.951561774275222 ], [ -83.266220023129293, 9.951398124808266 ], [ -83.26629099994598, 9.951384102156174 ], [ -83.26633854029248, 9.951365514712201 ], [ -83.266475921479184, 9.951336163708966 ], [ -83.266745292382367, 9.95125737013576 ], [ -83.266891605130311, 9.951177801186756 ], [ -83.267047143340761, 9.951058524509033 ], [ -83.267103453077411, 9.951063653120748 ], [ -83.267192233036297, 9.951095103059162 ], [ -83.267258770903254, 9.951138086001992 ], [ -83.267310146608892, 9.951161356664954 ], [ -83.267382168773395, 9.951229839612449 ], [ -83.267429106527288, 9.951256539803815 ], [ -83.267459398123108, 9.95169162018191 ], [ -83.268027596906492, 9.951519557483554 ], [ -83.267981395628496, 9.951880344424378 ], [ -83.267559830859639, 9.953851879194422 ], [ -83.267289473793781, 9.954711037546234 ], [ -83.267029810672611, 9.955693721566183 ], [ -83.26658419029043, 9.956927944255442 ], [ -83.266183875554148, 9.957489825820778 ], [ -83.26609782765145, 9.959066278747345 ], [ -83.265633230563367, 9.959631772046857 ], [ -83.265093835955312, 9.96092703867162 ], [ -83.264908139627664, 9.961674969306229 ], [ -83.26481297852159, 9.963013212977712 ], [ -83.264731590630973, 9.963953079248743 ], [ -83.26426604247483, 9.964580475379016 ], [ -83.263169276301582, 9.966446756505839 ], [ -83.262853304947527, 9.966680596144972 ], [ -83.262189966643206, 9.967388478635659 ], [ -83.261990519381385, 9.967789827377723 ], [ -83.261742586987381, 9.968248833672666 ], [ -83.26149630241764, 9.968720969333793 ], [ -83.261389012482937, 9.968696953714106 ], [ -83.261357675959104, 9.968679418658105 ], [ -83.261197254275416, 9.968558470803593 ], [ -83.261054938069393, 9.968415214998968 ], [ -83.261041279147605, 9.96836527752966 ], [ -83.26091705186974, 9.968127310291619 ], [ -83.260901228029581, 9.967961502769809 ], [ -83.260060521653926, 9.966881133651739 ], [ -83.259476728825447, 9.966211438855801 ], [ -83.259365526144748, 9.965513483779446 ], [ -83.259248358101289, 9.96520764611383 ], [ -83.259245671258086, 9.965100194052171 ], [ -83.259223411985147, 9.964209971499354 ], [ -83.259098010914954, 9.96353562659027 ], [ -83.258942358788076, 9.96317866882187 ], [ -83.258854501263755, 9.963041423398231 ], [ -83.258696270458287, 9.962931652491601 ], [ -83.258597099883943, 9.962861801866886 ], [ -83.258479624616967, 9.962816604713931 ], [ -83.2583155510642, 9.962617543698505 ], [ -83.258199415330054, 9.962513962497761 ], [ -83.258045472778846, 9.962271210743326 ], [ -83.257814726531606, 9.962122599392682 ], [ -83.257684555473375, 9.962015014163949 ], [ -83.257534289285545, 9.961921292249913 ], [ -83.257502290611086, 9.961875520765961 ], [ -83.257364793011391, 9.961767842291497 ], [ -83.257315726221179, 9.961729415863086 ], [ -83.256926138822195, 9.961426098266127 ], [ -83.256739991693067, 9.961224815792336 ], [ -83.256683626160992, 9.961116795879873 ], [ -83.256412472475418, 9.96059704629849 ], [ -83.256400267254875, 9.960164937508532 ], [ -83.256353958988541, 9.959973334507488 ], [ -83.256246004156026, 9.959478866364186 ], [ -83.256190524317915, 9.959209094747042 ], [ -83.256097453183997, 9.959045725337948 ], [ -83.256026810536497, 9.958903314432566 ], [ -83.256026252482457, 9.958902070934551 ], [ -83.256026215817712, 9.958901347559999 ], [ -83.256026748815231, 9.958897951078146 ], [ -83.256049808452161, 9.958799675263663 ], [ -83.256183680357083, 9.958229145946229 ], [ -83.25629105239328, 9.957710521636491 ], [ -83.256030371470459, 9.957593352034731 ], [ -83.254655273751041, 9.956697556791758 ], [ -83.254470017355388, 9.956539925085696 ], [ -83.253379891018582, 9.955612351671256 ], [ -83.252986015601053, 9.955165742625621 ], [ -83.252656758114597, 9.954804159642338 ], [ -83.251526238676519, 9.954775825116185 ], [ -83.250815290407147, 9.955023699712161 ], [ -83.250367457224357, 9.95504507442417 ] ] ], [ [ [ -83.200313067902499, 9.968725021156279 ], [ -83.20013102996873, 9.968597731075853 ], [ -83.19966648347507, 9.968369932584807 ], [ -83.199448502960436, 9.968088734411834 ], [ -83.199412266455212, 9.968016237810602 ], [ -83.19893176334871, 9.967155168258886 ], [ -83.198624371505375, 9.966367081575664 ], [ -83.198624567881069, 9.966312806863941 ], [ -83.198753394297029, 9.966014748952587 ], [ -83.199175979782396, 9.965229259670078 ], [ -83.199287308409453, 9.964723083490904 ], [ -83.199296662952648, 9.964659796006339 ], [ -83.199278740660162, 9.964569273883367 ], [ -83.199270369159677, 9.964361187739822 ], [ -83.199099520015622, 9.963664045388191 ], [ -83.199136935386989, 9.963410893637532 ], [ -83.19915557748169, 9.963302407826596 ], [ -83.199183442015311, 9.963166818277072 ], [ -83.199367570788709, 9.962715177569923 ], [ -83.199459177963888, 9.962615998059189 ], [ -83.199523540476378, 9.962480538419848 ], [ -83.199651873944063, 9.962318168568213 ], [ -83.199835184073336, 9.962092671950025 ], [ -83.199935358095416, 9.962147303721604 ], [ -83.200154251709009, 9.962175218654274 ], [ -83.200436525503804, 9.962339048239951 ], [ -83.200618659200714, 9.962439199661636 ], [ -83.200792059707055, 9.962430769707725 ], [ -83.200928766078462, 9.96247648552535 ], [ -83.20122961692114, 9.962549919499764 ], [ -83.201375153937803, 9.962677079047491 ], [ -83.201448413044844, 9.962604972802332 ], [ -83.201666880758509, 9.962750481793526 ], [ -83.20199448663827, 9.962995883782927 ], [ -83.202141002903488, 9.962851669182063 ], [ -83.202295959261605, 9.962897448851338 ], [ -83.202578267781846, 9.963052229449696 ], [ -83.202724327620857, 9.963034656025981 ], [ -83.203007386915957, 9.962981383561255 ], [ -83.203262746877513, 9.96301847249396 ], [ -83.20333561367535, 9.963054913571769 ], [ -83.203965834466217, 9.962885274319802 ], [ -83.203820067921356, 9.962821436107296 ], [ -83.20403081442133, 9.962577942882215 ], [ -83.204159713873167, 9.962181240978353 ], [ -83.203896129538649, 9.9619713893465 ], [ -83.204043523917193, 9.96158293629866 ], [ -83.204309669739985, 9.961158721114669 ], [ -83.20410964569291, 9.960959003293695 ], [ -83.204075622962037, 9.960271392401928 ], [ -83.203976394679756, 9.95995443333859 ], [ -83.20394106826565, 9.959628655965107 ], [ -83.204027054595386, 9.959375935436746 ], [ -83.204195937616106, 9.959377962368491 ], [ -83.204327387181849, 9.959433265826366 ], [ -83.204605204768782, 9.959625121220176 ], [ -83.204795517341481, 9.959562089687738 ], [ -83.204974550461884, 9.959211649395099 ], [ -83.205211500059193, 9.959252705260898 ], [ -83.205899968196903, 9.95884418441781 ], [ -83.206014360626241, 9.959075143434914 ], [ -83.2063002597489, 9.958743724541392 ], [ -83.2064620159573, 9.958922944524899 ], [ -83.206927985866301, 9.958752717171434 ], [ -83.207094144314823, 9.958219594684453 ], [ -83.207613276548997, 9.958345293440056 ], [ -83.20785070185353, 9.958475667938115 ], [ -83.207796342170127, 9.958266428279357 ], [ -83.207751565809929, 9.958095271505767 ], [ -83.207733965351125, 9.957914290941133 ], [ -83.207951917176942, 9.958103608521601 ], [ -83.208253544150821, 9.958060859238312 ], [ -83.208782570481787, 9.958117000482989 ], [ -83.209139660338607, 9.95777451478226 ], [ -83.209186288473447, 9.957699942279842 ], [ -83.209590984416039, 9.95783601934145 ], [ -83.210062445708033, 9.957918875279972 ], [ -83.210350765225115, 9.957960948487843 ], [ -83.210825595939824, 9.958062723451695 ], [ -83.211223960393596, 9.958365888900465 ], [ -83.211789919463683, 9.959022026715717 ], [ -83.212181695191788, 9.959449858352002 ], [ -83.212372038124698, 9.95969458423332 ], [ -83.212686732358534, 9.960097591311966 ], [ -83.21288421428261, 9.960348708632177 ], [ -83.213032796864198, 9.960601395031588 ], [ -83.213249705571911, 9.960897764209118 ], [ -83.213628162023127, 9.961351568794035 ], [ -83.213888958944935, 9.961626699465018 ], [ -83.214605142526011, 9.962587616924131 ], [ -83.215080994408964, 9.963100746999226 ], [ -83.21545373400923, 9.963489688361715 ], [ -83.215591263528765, 9.963634492321615 ], [ -83.215595611656781, 9.963638791620561 ], [ -83.215626621118787, 9.963671628407354 ], [ -83.215629167734221, 9.963674540190326 ], [ -83.215631343789198, 9.963676810994732 ], [ -83.215632187931789, 9.963677725221887 ], [ -83.215458613038052, 9.964128886863987 ], [ -83.215402508887095, 9.964508619568708 ], [ -83.21541121358085, 9.964626246354969 ], [ -83.21531150860622, 9.964906809889662 ], [ -83.215043187311437, 9.965294994453798 ], [ -83.214622407977444, 9.965907250456922 ], [ -83.21398956065336, 9.966476263187538 ], [ -83.213778801655891, 9.966918185601331 ], [ -83.21345202403235, 9.967329181692499 ], [ -83.213292915356689, 9.967594031202385 ], [ -83.213178710299246, 9.967925195106414 ], [ -83.213061902562089, 9.968344778101841 ], [ -83.213143303347749, 9.968562311880376 ], [ -83.213142365039701, 9.96882464085717 ], [ -83.21312330638527, 9.969050722152392 ], [ -83.213195398798732, 9.969304262650347 ], [ -83.21331252596724, 9.969638519455557 ], [ -83.213758163524247, 9.970138465627082 ], [ -83.214294266006661, 9.97052018801292 ], [ -83.213535898642377, 9.970807343799594 ], [ -83.213262735399312, 9.970887537161786 ], [ -83.212942620441467, 9.971094468490868 ], [ -83.212376066649682, 9.97131862349929 ], [ -83.211946580826364, 9.971488984943244 ], [ -83.211644779097554, 9.971677886872031 ], [ -83.211352587501253, 9.971731133748195 ], [ -83.210041246504687, 9.972461308779797 ], [ -83.209185069587136, 9.972845396710662 ], [ -83.208875450713606, 9.972916463333416 ], [ -83.2082276448578, 9.97289608540108 ], [ -83.207434133134242, 9.972793777319037 ], [ -83.206968827542894, 9.972774041005065 ], [ -83.206265751089717, 9.972898198377766 ], [ -83.205362513972958, 9.97285881956619 ], [ -83.204942767809115, 9.972857333397798 ], [ -83.204386245622146, 9.972828224804116 ], [ -83.203765782758552, 9.972816979738388 ], [ -83.202890182154334, 9.972705324598332 ], [ -83.202552624716844, 9.972686034633599 ], [ -83.202205681877416, 9.972739080097361 ], [ -83.20189546810137, 9.972728932949012 ], [ -83.201466858878177, 9.972655043142602 ], [ -83.201367557434622, 9.972310361615731 ], [ -83.201836214307448, 9.971810175807493 ], [ -83.202019874102788, 9.971128248341714 ], [ -83.201828448703253, 9.971073293007185 ], [ -83.201736284801228, 9.971326251715711 ], [ -83.20148952038555, 9.971433927049199 ], [ -83.200842243133053, 9.97126880183866 ], [ -83.200358200390056, 9.971384677905712 ], [ -83.20023369496208, 9.971384235833662 ], [ -83.200020369636775, 9.971141603670976 ], [ -83.20010732643955, 9.971000780855755 ], [ -83.200223879036159, 9.970923037763725 ], [ -83.200424232675985, 9.970787883144265 ], [ -83.200935649978646, 9.970672103183183 ], [ -83.201190394487639, 9.970881063813572 ], [ -83.20164751949541, 9.970638447980969 ], [ -83.201512411192923, 9.970149488821013 ], [ -83.201157164370315, 9.969976355397723 ], [ -83.200993504548833, 9.9698129473281 ], [ -83.201268492183516, 9.969470179491324 ], [ -83.201014271666907, 9.969116486660843 ], [ -83.200650129874163, 9.968879998984189 ], [ -83.200313067902499, 9.968725021156279 ] ] ] ] } },
{ "type": "Feature", "properties": { "Id": 4, "TERRITORIO": "BRIBRI DE KEKOLDI", "DECRETO": "29956/7267", "AÑO": "2001/1977", "CLASIF": "CREF y PAFT", "AE_2018": 2175.22, "AE_2019": 2938.3, "AE_2020": 2938.3, "AE_2021": 2070.24, "AE_2023": 2070.24, "AE_2024": 2070.24, "AE_2017": null, "AE_2022": 2070.24, "PRIMER DESEMBOLSO": 2025, "SEGUNDO DESEMBOLSO": null, "BLOQUE": "TALAMANCA CARIBE" }, "geometry": { "type": "MultiPolygon", "coordinates": [ [ [ [ -82.874021279107183, 9.636698567572697 ], [ -82.867358685491624, 9.642108757947666 ], [ -82.865265714328757, 9.640974124284705 ], [ -82.858615939369713, 9.640507629375422 ], [ -82.853894716305106, 9.637833781686123 ], [ -82.853247418560144, 9.637467177640012 ], [ -82.838415686755027, 9.629297501739048 ], [ -82.828009236929603, 9.62735474428859 ], [ -82.823300650115812, 9.625737424313586 ], [ -82.819443782466706, 9.625211223666467 ], [ -82.816784144722305, 9.624848340621018 ], [ -82.816561157845328, 9.624817913586115 ], [ -82.812007731164002, 9.624084157829426 ], [ -82.797176838727864, 9.618009350444591 ], [ -82.794219489029473, 9.616797908422125 ], [ -82.793805573685958, 9.616402106700505 ], [ -82.792014992441921, 9.615813551993647 ], [ -82.784509276718794, 9.612397869464296 ], [ -82.775332107501825, 9.608221240982706 ], [ -82.774508279636848, 9.608181918192235 ], [ -82.765357963864744, 9.60774502824099 ], [ -82.759621457348345, 9.608332491108849 ], [ -82.757660415176971, 9.60853329353532 ], [ -82.745172493992612, 9.609811735909121 ], [ -82.742076196893947, 9.610128644748949 ], [ -82.741894459165479, 9.609947364407931 ], [ -82.739937959191295, 9.606868326621669 ], [ -82.735996710364503, 9.6006656080014 ], [ -82.734881155416986, 9.600127661648571 ], [ -82.722804130217213, 9.594303518824736 ], [ -82.716403922770354, 9.603328098543695 ], [ -82.711393585866574, 9.603315188131594 ], [ -82.711384548510807, 9.606763126605051 ], [ -82.711381142942798, 9.608061656956693 ], [ -82.716083590333042, 9.612338940387653 ], [ -82.719106271482971, 9.615088247322866 ], [ -82.721000243058342, 9.622010780822636 ], [ -82.721272148304678, 9.623004582599856 ], [ -82.720005301211373, 9.624964467267791 ], [ -82.715875311306007, 9.631353587733306 ], [ -82.715846412307585, 9.642428591299765 ], [ -82.71609888368414, 9.642495608103966 ], [ -82.716416549329338, 9.642625949743392 ], [ -82.716883199584174, 9.642876436430068 ], [ -82.717378142789812, 9.64329445401226 ], [ -82.717694761388856, 9.643702239688304 ], [ -82.717996612767479, 9.644191291350682 ], [ -82.718274198047283, 9.644723306011537 ], [ -82.718543661733648, 9.645093246496051 ], [ -82.718860490994757, 9.645446020811969 ], [ -82.719278770473579, 9.645741768656285 ], [ -82.719621776367333, 9.645865026171203 ], [ -82.719935913257061, 9.645973824362787 ], [ -82.720308289736607, 9.645978796527825 ], [ -82.720573092719448, 9.645956847549193 ], [ -82.720763984223268, 9.645941024194272 ], [ -82.72116451539155, 9.645830094425133 ], [ -82.721502605746863, 9.64565913887515 ], [ -82.721831180195736, 9.645454662006191 ], [ -82.72228600836506, 9.645006687410515 ], [ -82.723107881264255, 9.644378295938104 ], [ -82.723600947475063, 9.644016566096145 ], [ -82.723900254106013, 9.643902867627434 ], [ -82.723907074371766, 9.643901726733956 ], [ -82.724180027185028, 9.643856066094145 ], [ -82.724502932531152, 9.643876397136236 ], [ -82.724816034459025, 9.643939743330751 ], [ -82.725196427241912, 9.644055957785026 ], [ -82.725802777379371, 9.644335650172932 ], [ -82.726245407722175, 9.644566902581438 ], [ -82.726629978288258, 9.644855341673336 ], [ -82.727158626597685, 9.645287821567265 ], [ -82.727759781458786, 9.64566795072602 ], [ -82.728351012725426, 9.646124578058988 ], [ -82.728783414086308, 9.646513648887447 ], [ -82.729072024546625, 9.646682142354216 ], [ -82.729629086213933, 9.646930553340967 ], [ -82.730037257612963, 9.647032515490706 ], [ -82.730329721257462, 9.647137637797082 ], [ -82.730586070345282, 9.647231863846388 ], [ -82.730777689886395, 9.647232569897369 ], [ -82.73132011748865, 9.647205866157767 ], [ -82.731797278604091, 9.647229149025279 ], [ -82.73222739842322, 9.647263021081963 ], [ -82.732552441875271, 9.647357498546404 ], [ -82.732848669049616, 9.647423167894715 ], [ -82.733123472026605, 9.647417002717043 ], [ -82.733304620817364, 9.64731721333678 ], [ -82.733359186548654, 9.647227719596883 ], [ -82.733392262693457, 9.647084332013705 ], [ -82.733345891105046, 9.646915537530278 ], [ -82.733216242773338, 9.646778727535102 ], [ -82.733126392952144, 9.646634887946423 ], [ -82.733116230123812, 9.646451874776547 ], [ -82.733178120869738, 9.646337295007012 ], [ -82.733293895733354, 9.646316194772275 ], [ -82.733477734442118, 9.646463966909657 ], [ -82.733657516575747, 9.646730122097855 ], [ -82.733772155105342, 9.64701397305079 ], [ -82.733742387699337, 9.647239891331397 ], [ -82.733669461425833, 9.647404660213203 ], [ -82.73355685893732, 9.647544168416214 ], [ -82.733317648241851, 9.647701148101012 ], [ -82.733096662303211, 9.647818731629561 ], [ -82.733002324643593, 9.647908077211287 ], [ -82.732958457455183, 9.648037075014171 ], [ -82.732990553754348, 9.648155587460732 ], [ -82.733160227013286, 9.648224379967051 ], [ -82.73328676833674, 9.648224845339664 ], [ -82.73346791755985, 9.648125054119191 ], [ -82.73364191565301, 9.648003710570912 ], [ -82.733874070989003, 9.647800062208592 ], [ -82.734161139734454, 9.647413641396355 ], [ -82.734339153592401, 9.647184680687154 ], [ -82.734454995655753, 9.647145641453989 ], [ -82.73454155262877, 9.647203363127664 ], [ -82.734624227182863, 9.647332826057161 ], [ -82.734681111061178, 9.647591351675343 ], [ -82.734656098161764, 9.647835226444647 ], [ -82.734607142969722, 9.648035959571168 ], [ -82.734451900529564, 9.648298489831857 ], [ -82.734257610118277, 9.648690035712503 ], [ -82.734179301726599, 9.649059284871392 ], [ -82.734096088649167, 9.649558273600404 ], [ -82.734125582598281, 9.649728797733323 ], [ -82.734209452871866, 9.649860657167201 ], [ -82.734469314565445, 9.649983195891227 ], [ -82.734914432086711, 9.6501977040742 ], [ -82.73586878357375, 9.650751872008783 ], [ -82.738643769557541, 9.647792995435942 ], [ -82.739880813425486, 9.646473950056439 ], [ -82.740846049234804, 9.646108328232984 ], [ -82.74612801452966, 9.647025586701822 ], [ -82.748118820572401, 9.646886993682145 ], [ -82.754435576335098, 9.646447162351668 ], [ -82.761428410510575, 9.645960117443272 ], [ -82.761801396306794, 9.645934135466213 ], [ -82.763217266909479, 9.643725385418882 ], [ -82.766350224697874, 9.644398895249338 ], [ -82.775384914709576, 9.646340959374296 ], [ -82.777879706945924, 9.64687718653407 ], [ -82.777935170812697, 9.645744241733158 ], [ -82.781363611774736, 9.645559180559673 ], [ -82.78189174990591, 9.645530669743726 ], [ -82.782805562060744, 9.644402746223737 ], [ -82.783986657747079, 9.644530613886976 ], [ -82.789636878158291, 9.64514226297203 ], [ -82.791908706251974, 9.647588672367739 ], [ -82.790995019789705, 9.648671409543986 ], [ -82.792358937992475, 9.649804743524905 ], [ -82.795188061128655, 9.647822432984295 ], [ -82.795556814946465, 9.646015131906486 ], [ -82.79604187108913, 9.645837365752003 ], [ -82.796482619577461, 9.645596727113343 ], [ -82.796528683212202, 9.64558152698082 ], [ -82.796805387820413, 9.64549022049906 ], [ -82.797248322291097, 9.645482797314742 ], [ -82.79758546583362, 9.645570679993918 ], [ -82.798151116671491, 9.645793902399808 ], [ -82.799302792851506, 9.646443725328682 ], [ -82.800364083810223, 9.647093230168633 ], [ -82.801491125216401, 9.647895445102101 ], [ -82.802576372397411, 9.648589873936734 ], [ -82.802898528526029, 9.648656771821507 ], [ -82.803568089373599, 9.648655746095756 ], [ -82.807397095000042, 9.647624955573274 ], [ -82.817412253597425, 9.650541142553857 ], [ -82.824479879576771, 9.647664218480081 ], [ -82.831995375500412, 9.648088078558393 ], [ -82.835642695944571, 9.646785364791301 ], [ -82.8386832103253, 9.651900250337969 ], [ -82.842167352666223, 9.65563807141003 ], [ -82.844045700882077, 9.657653132805258 ], [ -82.844098662887177, 9.657709116440351 ], [ -82.844078860691909, 9.657790135950012 ], [ -82.843998948014161, 9.657897504886678 ], [ -82.843879175017349, 9.658029853825077 ], [ -82.843723368456452, 9.658126202518915 ], [ -82.843665055626445, 9.65826114992816 ], [ -82.843664418918721, 9.65844771594139 ], [ -82.843721715535082, 9.658610559626277 ], [ -82.843870349916017, 9.658850250751373 ], [ -82.844057371610006, 9.659142692538621 ], [ -82.844167407103271, 9.659391822153978 ], [ -82.844214604521909, 9.659688578295532 ], [ -82.844223088350986, 9.660028257887385 ], [ -82.844275156105994, 9.660310679823539 ], [ -82.844386327462274, 9.660697545732639 ], [ -82.844400464495493, 9.66096967534483 ], [ -82.84437866970363, 9.661175903458073 ], [ -82.844311616056473, 9.661399920890695 ], [ -82.84411212604445, 9.661581634958507 ], [ -82.843794848205135, 9.661843679204901 ], [ -82.84364643818158, 9.662067421170748 ], [ -82.843615815793967, 9.662210832855749 ], [ -82.843624355125613, 9.662357366716771 ], [ -82.843672076648076, 9.662501041768609 ], [ -82.843800948205001, 9.662704787513448 ], [ -82.843923649425918, 9.662950372654285 ], [ -82.844032947680333, 9.663303616955471 ], [ -82.857945588233477, 9.666467797941957 ], [ -82.857946079371501, 9.666739197580442 ], [ -82.857975514542872, 9.666945599347795 ], [ -82.857949430132223, 9.667175137140536 ], [ -82.857901780565967, 9.667365138623408 ], [ -82.857861389122633, 9.667547986180519 ], [ -82.857867374346071, 9.667917558541784 ], [ -82.857788052585093, 9.668107214287263 ], [ -82.857676237507363, 9.668239115460963 ], [ -82.857534758379714, 9.668374986155026 ], [ -82.857436755101773, 9.66848588362501 ], [ -82.857414660732246, 9.668604211389237 ], [ -82.85742142053148, 9.668744161887492 ], [ -82.857453514430503, 9.668877020375367 ], [ -82.857579669627995, 9.668995839048153 ], [ -82.857669342782515, 9.669121712664479 ], [ -82.857683903875682, 9.669271257377057 ], [ -82.857686239776271, 9.669471588006331 ], [ -82.857676352262999, 9.669722708170621 ], [ -82.857733372733151, 9.669791665646365 ], [ -82.857829623155268, 9.669842813844172 ], [ -82.857944116449104, 9.669846184818976 ], [ -82.858055676595654, 9.669825625295408 ], [ -82.858233658436006, 9.669766418374426 ], [ -82.858402440888753, 9.669755018622203 ], [ -82.858544041638297, 9.669761469965367 ], [ -82.858691569317457, 9.669797837311416 ], [ -82.858857186690585, 9.669831277728445 ], [ -82.859062116454325, 9.669822988200384 ], [ -82.85926414503875, 9.669781798375343 ], [ -82.859496546826506, 9.669668954257043 ], [ -82.859786420861795, 9.66949052131649 ], [ -82.860043370906297, 9.669246201417577 ], [ -82.860278975457661, 9.669076557833741 ], [ -82.860402649338482, 9.669038098018751 ], [ -82.860492986693814, 9.669056337138661 ], [ -82.860598166482802, 9.669140402939171 ], [ -82.860733229737534, 9.669299316897192 ], [ -82.860883246307992, 9.669491167316519 ], [ -82.861111476516896, 9.669722146689564 ], [ -82.861327101864759, 9.67011752979003 ], [ -82.861524567570626, 9.670536771585393 ], [ -82.861740294418325, 9.670902254831208 ], [ -82.861977294447129, 9.671213991273349 ], [ -82.862118455473478, 9.671351993016071 ], [ -82.862352753895323, 9.671571033300575 ], [ -82.862560236416371, 9.671700286414524 ], [ -82.862764906200425, 9.671769731852349 ], [ -82.862924527512035, 9.67179417897691 ], [ -82.86311132048229, 9.671803766805688 ], [ -82.86327711849404, 9.671783385050386 ], [ -82.863415889131502, 9.671736006140479 ], [ -82.863594064018869, 9.671619989364286 ], [ -82.863775289200305, 9.671492022186783 ], [ -82.863859742077381, 9.671468380632087 ], [ -82.863962182470985, 9.671471709822562 ], [ -82.864163838615085, 9.671541144482211 ], [ -82.864362482783335, 9.671610569079354 ], [ -82.864565776610803, 9.671611240802312 ], [ -82.864749255549469, 9.671530521768849 ], [ -82.864918063116491, 9.671511942742322 ], [ -82.865052510409697, 9.671675038960258 ], [ -82.865143423527471, 9.671881045146474 ], [ -82.865185385388656, 9.672306948088965 ], [ -82.865227670039005, 9.672637172636136 ], [ -82.865299042480643, 9.672919657123312 ], [ -82.865447505809684, 9.673216746809876 ], [ -82.865678250720251, 9.67341843044165 ], [ -82.865875904572007, 9.673423867045436 ], [ -82.866054402435452, 9.673390968888409 ], [ -82.866295656650706, 9.673334358733317 ], [ -82.866445002691236, 9.673368338737866 ], [ -82.866560103011352, 9.673550505499129 ], [ -82.86668897888751, 9.673938423709373 ], [ -82.8669043648935, 9.67440795244136 ], [ -82.867245423073953, 9.674782217776507 ], [ -82.867884649479024, 9.675382308293285 ], [ -82.868668562315491, 9.675968523723959 ], [ -82.868988684773726, 9.676237074891235 ], [ -82.86910391533992, 9.676380969997201 ], [ -82.869146507859725, 9.67662030369647 ], [ -82.869102315577848, 9.676859351673366 ], [ -82.869014956582447, 9.677031282897735 ], [ -82.868927341468819, 9.677279756161361 ], [ -82.868895410900862, 9.677456654015439 ], [ -82.868877739068111, 9.677874943864246 ], [ -82.868837327485025, 9.678064969296237 ], [ -82.86874994397067, 9.678244076548049 ], [ -82.868680772513059, 9.678383777171407 ], [ -82.868673083910863, 9.678520093102158 ], [ -82.868712261007929, 9.678699615410149 ], [ -82.868798528305874, 9.678854180525457 ], [ -82.868939202311736, 9.67895869297511 ], [ -82.869083649548728, 9.679016574973282 ], [ -82.869246178806065, 9.679074516455428 ], [ -82.869535421472264, 9.679086232181819 ], [ -82.869710053238052, 9.679128665683642 ], [ -82.869925906001697, 9.679244738316136 ], [ -82.870140738202863, 9.679180953082238 ], [ -82.870161843654415, 9.678976422850443 ], [ -82.870285422929612, 9.678786670800299 ], [ -82.870600888897158, 9.67852579099188 ], [ -82.870988387295284, 9.678351258927352 ], [ -82.871429824450374, 9.678266600338002 ], [ -82.871816685916372, 9.678282222063444 ], [ -82.872171100082056, 9.678269035440778 ], [ -82.872605043232255, 9.67826328396322 ], [ -82.872880014008501, 9.678217543603207 ], [ -82.873207951179694, 9.678047357078597 ], [ -82.87355620056573, 9.67771362776922 ], [ -82.873876415462391, 9.677111910893545 ], [ -82.874157683304006, 9.676767197702281 ], [ -82.874415181763482, 9.676538414238845 ], [ -82.874567183982364, 9.676499445623918 ], [ -82.87475897346259, 9.676457020053986 ], [ -82.875048886707503, 9.676194377520494 ], [ -82.87554596825882, 9.675686521786599 ], [ -82.875897396733606, 9.675483162236562 ], [ -82.876299173513274, 9.675362487577521 ], [ -82.876476676284156, 9.67526619501197 ], [ -82.87661470347534, 9.675080074577442 ], [ -82.876707977015727, 9.67465018929061 ], [ -82.876752405820667, 9.674338186362151 ], [ -82.876846883553824, 9.674198566348798 ], [ -82.876977248906726, 9.674141586044239 ], [ -82.877168941592188, 9.67412786184947 ], [ -82.877403943121834, 9.674139393246419 ], [ -82.877523423250551, 9.674093140639776 ], [ -82.877608202349109, 9.67384983703619 ], [ -82.877615061677176, 9.673598706645395 ], [ -82.877929316951708, 9.673336619776869 ], [ -82.878014918160133, 9.672966147549639 ], [ -82.87831773327224, 9.672518647867964 ], [ -82.878361068793794, 9.672171958379934 ], [ -82.878193157045473, 9.671920255609837 ], [ -82.878043247839628, 9.671692532424736 ], [ -82.878030961162835, 9.671399478831367 ], [ -82.878007382076959, 9.67087676247716 ], [ -82.878062850578914, 9.67050619355029 ], [ -82.878232722275328, 9.670165896363493 ], [ -82.878282204011583, 9.669783347371359 ], [ -82.878199377536021, 9.669316647145234 ], [ -82.878170970374896, 9.668796307060799 ], [ -82.877930145594107, 9.668361385248323 ], [ -82.877934893974853, 9.667672159546578 ], [ -82.878052314294791, 9.667155882575074 ], [ -82.878112831584943, 9.666352387399549 ], [ -82.878329527005548, 9.664975336639198 ], [ -82.878409896925689, 9.663999686437331 ], [ -82.878700937729064, 9.663464840145609 ], [ -82.87910850901423, 9.66268161046327 ], [ -82.879225988303745, 9.662146197846962 ], [ -82.879382922675191, 9.661343015922821 ], [ -82.879712908125654, 9.660693482051032 ], [ -82.880255778327822, 9.659815014394894 ], [ -82.880681674324748, 9.65931887605427 ], [ -82.881300666501915, 9.658746821552626 ], [ -82.881952858649669, 9.658335774727991 ], [ -82.882083942347208, 9.65796172339383 ], [ -82.886109272954798, 9.650285526842561 ], [ -82.884933096735523, 9.646440689836817 ], [ -82.884548883806289, 9.646435633771047 ], [ -82.884475526353029, 9.6464346685061 ], [ -82.88412588005859, 9.646492803417729 ], [ -82.8838122850633, 9.646544943438457 ], [ -82.883445559703929, 9.646687391998642 ], [ -82.883409222844961, 9.646701506561927 ], [ -82.88323774946943, 9.646801411502297 ], [ -82.883008584825845, 9.646853291034809 ], [ -82.882726064613806, 9.646875135075438 ], [ -82.88256331850539, 9.646887717653005 ], [ -82.880070039271956, 9.64123189723686 ], [ -82.874021279107183, 9.636698567572697 ] ] ] ] } },
{ "type": "Feature", "properties": { "Id": 16, "TERRITORIO": "GUATUSO MALEKU", "DECRETO": "5904", "AÑO": "1976", "CLASIF": "CREF y PAFT", "AE_2018": 133.14, "AE_2019": 133.14, "AE_2020": 133.14, "AE_2021": 133.14, "AE_2023": 133.14, "AE_2024": 133.14, "AE_2017": null, "AE_2022": 133.14, "PRIMER DESEMBOLSO": 2024, "SEGUNDO DESEMBOLSO": null, "BLOQUE": "CENTRO NORTE" }, "geometry": { "type": "MultiPolygon", "coordinates": [ [ [ [ -84.806290570868782, 10.707872409244176 ], [ -84.806219459350928, 10.70775553783097 ], [ -84.806162239252828, 10.707699246064809 ], [ -84.806104723525962, 10.70753006837599 ], [ -84.806046760316519, 10.70719155819314 ], [ -84.805977318344887, 10.70683050501829 ], [ -84.805770607656513, 10.706356924376431 ], [ -84.805735383170472, 10.705984489123098 ], [ -84.805803242126672, 10.705747254071433 ], [ -84.806088027938927, 10.705532036422463 ], [ -84.806419008167495, 10.705519891681593 ], [ -84.806716014035828, 10.705609433028362 ], [ -84.807035939867419, 10.705732777328651 ], [ -84.807264133177782, 10.70569832051639 ], [ -84.807412218401552, 10.705585057716304 ], [ -84.807491520463316, 10.705359075460622 ], [ -84.807513838962336, 10.705167115058533 ], [ -84.807535921097553, 10.704884842144397 ], [ -84.807569328172164, 10.704568677340134 ], [ -84.807659866108196, 10.704274939932713 ], [ -84.807864358474717, 10.703913178624425 ], [ -84.808354031393051, 10.703482948609649 ], [ -84.808866973608687, 10.703221981193741 ], [ -84.809151665913177, 10.702972891487171 ], [ -84.809276534449722, 10.702712936258594 ], [ -84.809253314308776, 10.702566240087499 ], [ -84.809116018027751, 10.702442425110908 ], [ -84.808681864692602, 10.702285509997173 ], [ -84.80813375061598, 10.702196624566955 ], [ -84.807768262579117, 10.702107259877883 ], [ -84.807516618341552, 10.7019047179091 ], [ -84.807299274914712, 10.701724662295613 ], [ -84.806955958947668, 10.701386894995144 ], [ -84.806886673389528, 10.701082283011793 ], [ -84.806943111598855, 10.700845081836583 ], [ -84.807056682629323, 10.700630302792904 ], [ -84.807295810646877, 10.700415202472941 ], [ -84.807854226491131, 10.700086390551542 ], [ -84.808412615741531, 10.69974628513233 ], [ -84.808697272773387, 10.699485911572271 ], [ -84.808936039664061, 10.699135347248173 ], [ -84.809117735929362, 10.698784930762361 ], [ -84.80922001006175, 10.698615339178859 ], [ -84.809492745714223, 10.698163089687634 ], [ -84.809685822482507, 10.697801355291714 ], [ -84.809878511310771, 10.697292873503187 ], [ -84.810059511998631, 10.696682824340263 ], [ -84.810240067223887, 10.695903443570622 ], [ -84.810443748889099, 10.695236891136185 ], [ -84.810682596968903, 10.694920189009604 ], [ -84.811126895098809, 10.694602957458111 ], [ -84.811446087780297, 10.694455375984646 ], [ -84.81192534464202, 10.694408975516733 ], [ -84.812256073747719, 10.69430651933852 ], [ -84.812449475393137, 10.694068954714893 ], [ -84.812448904735902, 10.693854473819025 ], [ -84.812379881774163, 10.693651461890195 ], [ -84.812082406234993, 10.693381310148133 ], [ -84.811579482657109, 10.693111695844999 ], [ -84.811350667722479, 10.692909094451053 ], [ -84.811224370561888, 10.692627210552589 ], [ -84.811166402158094, 10.692288703027245 ], [ -84.811188149227391, 10.691882258737602 ], [ -84.81136980638945, 10.691520554151582 ], [ -84.811608684495539, 10.691215142272485 ], [ -84.812155244737838, 10.690728312962092 ], [ -84.812656688497754, 10.690444796323865 ], [ -84.812884725769393, 10.69035389693137 ], [ -84.813363554131882, 10.690149454940357 ], [ -84.814127417338767, 10.689831384515161 ], [ -84.814469253744221, 10.689616009922794 ], [ -84.814651176653229, 10.689355899711051 ], [ -84.814696018999086, 10.68905099276405 ], [ -84.814695115914759, 10.688712340796149 ], [ -84.814522771543565, 10.688283826518891 ], [ -84.814110646087229, 10.687822067397818 ], [ -84.813687419540585, 10.687473226785288 ], [ -84.813412712578142, 10.687180441212742 ], [ -84.813240764290498, 10.686898678677139 ], [ -84.813125817606021, 10.686594185075817 ], [ -84.813045051908375, 10.686267026205112 ], [ -84.813009850981828, 10.68590588706035 ], [ -84.812985912056504, 10.685488270744264 ], [ -84.81306490547901, 10.685149410640078 ], [ -84.81318967246105, 10.684855582066589 ], [ -84.813382853969529, 10.684539003628892 ], [ -84.813815933107264, 10.684300814464882 ], [ -84.814055433069214, 10.684232457300835 ], [ -84.814386238936137, 10.684163865601105 ], [ -84.814717102976573, 10.68411784874383 ], [ -84.814979311611197, 10.684004278302529 ], [ -84.815115606875494, 10.683755574218941 ], [ -84.815046467317316, 10.683507410544491 ], [ -84.814909057633287, 10.683338438114664 ], [ -84.814714545441717, 10.683158328189879 ], [ -84.814497123917917, 10.682944414383954 ], [ -84.814222601944394, 10.682719357453182 ], [ -84.814130728800563, 10.682505116186611 ], [ -84.814107087766672, 10.682200388539263 ], [ -84.814220587483845, 10.681963031426445 ], [ -84.814300120112819, 10.681827362215319 ], [ -84.814208363827305, 10.681658273128837 ], [ -84.814059782235063, 10.681579639725827 ], [ -84.8138538935208, 10.681410849599212 ], [ -84.813567688461816, 10.68108422562894 ], [ -84.813395559120607, 10.680734728230714 ], [ -84.813040221859936, 10.680159938483829 ], [ -84.812661938663041, 10.67954005174848 ], [ -84.812272149819762, 10.678886329932434 ], [ -84.811962106286003, 10.678175957002662 ], [ -84.811847522539594, 10.678006923591742 ], [ -84.811664612660607, 10.677894519038814 ], [ -84.811401993825839, 10.677850041918047 ], [ -84.811128019531324, 10.677828180244813 ], [ -84.81077406485764, 10.677772652322849 ], [ -84.810271258706265, 10.677536894234795 ], [ -84.809756892100552, 10.677244724537539 ], [ -84.80889945191042, 10.676693804578559 ], [ -84.808418815908624, 10.676209644995566 ], [ -84.807560662915606, 10.675387793780665 ], [ -84.806805408142125, 10.674633411395082 ], [ -84.806176355926226, 10.674127046273849 ], [ -84.805764447726219, 10.673733008160257 ], [ -84.805569385972788, 10.673338410943956 ], [ -84.8054770707692, 10.672954838923172 ], [ -84.805407317070234, 10.672469610867303 ], [ -84.80538312534236, 10.671950396475573 ], [ -84.805290602063465, 10.671487805979574 ], [ -84.805026768161142, 10.670980496494465 ], [ -84.804637634115423, 10.670563822402181 ], [ -84.804405353541185, 10.670356020140142 ], [ -84.809884713003783, 10.667183563202627 ], [ -84.80851090633719, 10.665377463698885 ], [ -84.801875384291861, 10.65951080876116 ], [ -84.801492424056548, 10.659283561310133 ], [ -84.801349404445176, 10.658902626536824 ], [ -84.801246439427473, 10.658320900016589 ], [ -84.801225101324306, 10.657919585306372 ], [ -84.801081872925252, 10.657458369745527 ], [ -84.800756155298743, 10.657037764861927 ], [ -84.800308909163917, 10.656697739477027 ], [ -84.800003584810582, 10.656317214882547 ], [ -84.799779312036009, 10.655896349656787 ], [ -84.799575273198016, 10.655455359572457 ], [ -84.799290399189374, 10.65513499366538 ], [ -84.798883894742673, 10.654855065574209 ], [ -84.798538206525663, 10.654554919728746 ], [ -84.798151681044928, 10.654154531456099 ], [ -84.797866597137187, 10.65375388791772 ], [ -84.797524403810982, 10.653188637616426 ], [ -84.800493496782607, 10.652280199374001 ], [ -84.80048125619156, 10.644143484093057 ], [ -84.801131710676927, 10.643625040022275 ], [ -84.801881306788957, 10.643221752637213 ], [ -84.802326795699003, 10.642899515689159 ], [ -84.802649983805182, 10.642356831619281 ], [ -84.802750686450423, 10.642075620600565 ], [ -84.802790370803393, 10.641734347657952 ], [ -84.802829264010526, 10.641092054070466 ], [ -84.802888448186351, 10.640449704005899 ], [ -84.803028777948882, 10.639807150721884 ], [ -84.803108828339901, 10.639385502285961 ], [ -84.803229554508619, 10.639003892073703 ], [ -84.803329995874336, 10.63862232924995 ], [ -84.803329047864253, 10.6382610972266 ], [ -84.803267134139872, 10.637859886137189 ], [ -84.80308339430492, 10.637418842667744 ], [ -84.80261531824145, 10.636858122825553 ], [ -84.802269019035023, 10.636317154782866 ], [ -84.801983531752057, 10.6357559605435 ], [ -84.801738302559215, 10.635074253056592 ], [ -84.801533907695671, 10.634492787068725 ], [ -84.801310069967812, 10.63423246643187 ], [ -84.801046179383079, 10.634172934604065 ], [ -84.800782501844509, 10.63419367508815 ], [ -84.800599968552262, 10.634214210176511 ], [ -84.800336288181057, 10.634234951201439 ], [ -84.800113183575107, 10.634255590373654 ], [ -84.79991030999166, 10.63425610751648 ], [ -84.799626292075217, 10.634256831283137 ], [ -84.799423369872372, 10.634237275211392 ], [ -84.799179869146371, 10.634217829572082 ], [ -84.798936475584512, 10.634238517767827 ], [ -84.798612040173083, 10.634299548118953 ], [ -84.798247232852532, 10.634440958482021 ], [ -84.797659689456566, 10.634743481826625 ], [ -84.796281669747401, 10.63532897192232 ], [ -84.795612396646874, 10.635410943530736 ], [ -84.795145431602336, 10.635271645635763 ], [ -84.794698334892672, 10.634971750318437 ], [ -84.794271002468747, 10.634471115395597 ], [ -84.793945318560347, 10.634050495865608 ], [ -84.793598985605868, 10.633489451132824 ], [ -84.792744593547866, 10.632588518055059 ], [ -84.791951793286358, 10.631968390959409 ], [ -84.791342459356542, 10.631688966234988 ], [ -84.790637553944336, 10.631500665317578 ], [ -84.7938248857254, 10.623811344184144 ], [ -84.798388967333352, 10.620188351043126 ], [ -84.798379490776085, 10.613859771792347 ], [ -84.803167736661521, 10.607524120302809 ], [ -84.803148248035441, 10.59464091934816 ], [ -84.798358168989793, 10.599620452709793 ], [ -84.797715698465183, 10.600375620341365 ], [ -84.796827032624677, 10.600894326716707 ], [ -84.795843989269869, 10.601320137472067 ], [ -84.79508305005541, 10.60159298787449 ], [ -84.794467259536788, 10.60173847354265 ], [ -84.793988400942453, 10.601883612657021 ], [ -84.793304543963842, 10.602181667998472 ], [ -84.792577788933002, 10.602437488695111 ], [ -84.791474401931069, 10.602660394962962 ], [ -84.791055092285362, 10.60266992028882 ], [ -84.790584263056402, 10.602611834191832 ], [ -84.790070752961952, 10.60259618949012 ], [ -84.789865823444742, 10.60277449861575 ], [ -84.789763367170821, 10.602867888689216 ], [ -84.78967807100635, 10.602978168038776 ], [ -84.78960150997824, 10.6031561549004 ], [ -84.789524880116772, 10.603308744733624 ], [ -84.789431198480642, 10.603486775416615 ], [ -84.789380223346015, 10.603630836043035 ], [ -84.789260952641641, 10.603842798306383 ], [ -84.78910756479128, 10.60409717473124 ], [ -84.788697959873403, 10.604555393474119 ], [ -84.788186396445838, 10.605301729117796 ], [ -84.787614425544064, 10.605853481772842 ], [ -84.787127686608073, 10.606269558637155 ], [ -84.786811719490217, 10.606532811965176 ], [ -84.786410534432932, 10.606940203626158 ], [ -84.785983266283679, 10.607186800217667 ], [ -84.785735563584268, 10.607373681379261 ], [ -84.785488353694831, 10.607755292008211 ], [ -84.78515560925635, 10.608154047441845 ], [ -84.784891244194185, 10.608518768120348 ], [ -84.784532650361385, 10.608849854368994 ], [ -84.784208180372573, 10.609138527406897 ], [ -84.783884103291925, 10.609579591462976 ], [ -84.783534257400561, 10.609986857389194 ], [ -84.783124657993085, 10.610453532833157 ], [ -84.782817302218717, 10.610742160191373 ], [ -84.78204856513814, 10.61132826019297 ], [ -84.78132228999263, 10.611787257858786 ], [ -84.780236772220334, 10.612323342629272 ], [ -84.779535952951392, 10.612697610469086 ], [ -84.779031412994954, 10.612851253267614 ], [ -84.778432666829744, 10.612979735806018 ], [ -84.778099011205754, 10.613022894871785 ], [ -84.777594256849753, 10.613091879417423 ], [ -84.777363294236906, 10.613134779225501 ], [ -84.77705520237383, 10.613135540746944 ], [ -84.776772739714701, 10.613119307158792 ], [ -84.776438955409432, 10.613111663986713 ], [ -84.776122390665392, 10.61314630760665 ], [ -84.775814685643695, 10.613299467629314 ], [ -84.775532797068195, 10.613511822137754 ], [ -84.775310971614701, 10.613783302130814 ], [ -84.775166186899781, 10.61406305419365 ], [ -84.775004051738719, 10.614249716674713 ], [ -84.774756270592476, 10.614411191084573 ], [ -84.774431573945492, 10.614615187158096 ], [ -84.774184045074236, 10.614878258595217 ], [ -84.773817024510791, 10.615268622942255 ], [ -84.773561047290855, 10.615574048028396 ], [ -84.773250933331497, 10.615929799411044 ], [ -84.77291436031588, 10.616033826320576 ], [ -84.772829356951732, 10.616263784146405 ], [ -84.772769847066357, 10.616423639727795 ], [ -84.772676305365579, 10.616660934282693 ], [ -84.772411745359662, 10.616957911193445 ], [ -84.772078887064765, 10.617322790757614 ], [ -84.771344472985959, 10.617959578886932 ], [ -84.770721014377685, 10.618477566486407 ], [ -84.770037688981049, 10.619012632085347 ], [ -84.769456872587355, 10.619471248117645 ], [ -84.768995316684638, 10.619709439026892 ], [ -84.768311137547698, 10.619905845783045 ], [ -84.767626538427365, 10.619932916111088 ], [ -84.767121408431464, 10.61985795051584 ], [ -84.766676229016952, 10.619799774787307 ], [ -84.766102570394693, 10.619699571985674 ], [ -84.765614620182831, 10.619649964754201 ], [ -84.765349439545972, 10.619701407099601 ], [ -84.765144379465326, 10.619837371360322 ], [ -84.764931116001321, 10.620117286151478 ], [ -84.76470092653706, 10.620473440237069 ], [ -84.764530624832076, 10.620820984516845 ], [ -84.764360402362527, 10.621202389788859 ], [ -84.764198800216292, 10.621609178554921 ], [ -84.764062480774555, 10.621855039928127 ], [ -84.763866268014837, 10.622109513545778 ], [ -84.76349058472141, 10.622466018785094 ], [ -84.763302696603773, 10.622627341188275 ], [ -84.763063397711036, 10.622763386538324 ], [ -84.762807071042772, 10.6229333424674 ], [ -84.762584991011778, 10.623111677229101 ], [ -84.762388611928856, 10.623298417960374 ], [ -84.762217924690361, 10.623493564729188 ], [ -84.76216676135715, 10.623569884405711 ], [ -84.762124433080189, 10.623756253919069 ], [ -84.762013760310651, 10.623993582936283 ], [ -84.761954439743889, 10.624230790077442 ], [ -84.761835543843787, 10.624603608483891 ], [ -84.761750505308441, 10.624823941005664 ], [ -84.7616743180604, 10.625162787286675 ], [ -84.76158111742005, 10.625544006366745 ], [ -84.76148748067375, 10.625747432663609 ], [ -84.761376513170063, 10.625866229692232 ], [ -84.761231207171946, 10.62594278377693 ], [ -84.761051522580956, 10.625960150767714 ], [ -84.760863316690646, 10.625994473457975 ], [ -84.760657957074599, 10.626011904232845 ], [ -84.76046948059772, 10.625936161469909 ], [ -84.760375189113489, 10.625877123031117 ], [ -84.76026376222805, 10.625809662075886 ], [ -84.760092508797641, 10.625776210762409 ], [ -84.759938457285912, 10.625776585343184 ], [ -84.759810227211062, 10.625836158697034 ], [ -84.759741991171552, 10.625929455400625 ], [ -84.759750883735279, 10.626064900718886 ], [ -84.75983682310364, 10.626208623608481 ], [ -84.76005124496308, 10.626394368038829 ], [ -84.760359606344934, 10.626495219937935 ], [ -84.760736471651285, 10.626612839846226 ], [ -84.761070545810796, 10.626730559366946 ], [ -84.761276176663245, 10.626823192583672 ], [ -84.761379176812994, 10.626941473605623 ], [ -84.761447917807331, 10.627051375502576 ], [ -84.761448213314566, 10.627169907305472 ], [ -84.761431323997826, 10.627263078043404 ], [ -84.76130311463605, 10.627331121358823 ], [ -84.761029453520564, 10.627416450490438 ], [ -84.760866902699732, 10.627442246200523 ], [ -84.760670247473598, 10.627518918156751 ], [ -84.760482168117363, 10.62760403951909 ], [ -84.760353998452032, 10.627689016626586 ], [ -84.760242986119579, 10.627790881883097 ], [ -84.760209131159726, 10.627943363992317 ], [ -84.760201626813966, 10.628098420402646 ], [ -84.760245200472141, 10.628198328355946 ], [ -84.760292354203116, 10.628283938706534 ], [ -84.760361306107455, 10.628426645639561 ], [ -84.760401273599825, 10.628526557774473 ], [ -84.760430378465585, 10.628615783808884 ], [ -84.760459476328791, 10.628701434234351 ], [ -84.760488676643263, 10.628829950278224 ], [ -84.760517808093539, 10.628929893154417 ], [ -84.760532491030659, 10.62902629449723 ], [ -84.760558004662144, 10.629122671411899 ], [ -84.760572659281237, 10.629208360419915 ], [ -84.760576528346405, 10.629311934673883 ], [ -84.760576809443492, 10.629426231825228 ], [ -84.760584324722259, 10.629544083456601 ], [ -84.760559253102983, 10.629626294879968 ], [ -84.760523322428867, 10.629697820206804 ], [ -84.760469321666861, 10.629762244384382 ], [ -84.760411721609557, 10.629830244755873 ], [ -84.760393940511307, 10.629941015456236 ], [ -84.760437611774378, 10.630080211551794 ], [ -84.760496751353998, 10.63023392669924 ], [ -84.760625488838329, 10.630377544656493 ], [ -84.760754076956488, 10.630461899821688 ], [ -84.760882665140954, 10.630546254024805 ], [ -84.761054005216025, 10.630613571191866 ], [ -84.761199752090533, 10.630714816097749 ], [ -84.761311434613006, 10.630883876004241 ], [ -84.761474280066139, 10.630976612630278 ], [ -84.761628522124369, 10.631052435791892 ], [ -84.761799822468731, 10.631102821987801 ], [ -84.761971058035996, 10.63112780823349 ], [ -84.762108121561866, 10.631178273735555 ], [ -84.762219510652699, 10.631228801513101 ], [ -84.762296640042692, 10.631270948484524 ], [ -84.762433768537477, 10.631346810973247 ], [ -84.762545199782579, 10.631414277286686 ], [ -84.762673786982845, 10.631498625269311 ], [ -84.762819326374995, 10.631515206791807 ], [ -84.763024736053282, 10.631514707585133 ], [ -84.76321281416827, 10.631429582801932 ], [ -84.763691698155426, 10.631267557832041 ], [ -84.763982606485285, 10.631232980628585 ], [ -84.764273581587872, 10.631223807514781 ], [ -84.764436195356211, 10.631223411582932 ], [ -84.764538938998541, 10.631240092901674 ], [ -84.764616114466435, 10.631299170691237 ], [ -84.764650643648565, 10.631417618993583 ], [ -84.764633822057419, 10.631536192371618 ], [ -84.764539889016049, 10.631621085093657 ], [ -84.764403201434035, 10.631723016137828 ], [ -84.764257916506054, 10.631808034728429 ], [ -84.764112608608642, 10.63188458755106 ], [ -84.763890333816548, 10.631986726711741 ], [ -84.763685286260824, 10.632131157145022 ], [ -84.763565907890069, 10.632309243029674 ], [ -84.763472352178709, 10.632546531831299 ], [ -84.763421527256611, 10.632758319398558 ], [ -84.763430696323539, 10.633003828615154 ], [ -84.76343971261953, 10.633190069726743 ], [ -84.763405818594691, 10.633325614305283 ], [ -84.763346306626531, 10.633486624801819 ], [ -84.763243959265878, 10.63363080522239 ], [ -84.763064650856464, 10.633800569118771 ], [ -84.762833922461056, 10.633945064235073 ], [ -84.762440832528455, 10.634191549156251 ], [ -84.762064792970136, 10.634412589505549 ], [ -84.761868445161539, 10.634616262641023 ], [ -84.761672457736992, 10.634963869063702 ], [ -84.761672982711787, 10.635175529077157 ], [ -84.761673486708659, 10.635378726990771 ], [ -84.761750998806136, 10.635573268597442 ], [ -84.761879758434105, 10.635725352417492 ], [ -84.762016990311764, 10.635843551643656 ], [ -84.762239769264994, 10.635944611485977 ], [ -84.762428231389848, 10.636011883354785 ], [ -84.762608282795966, 10.636138443112726 ], [ -84.762831249601035, 10.636315697520269 ], [ -84.763037083279059, 10.636484527652909 ], [ -84.763319542046332, 10.636492307322142 ], [ -84.76370464550304, 10.636474440552529 ], [ -84.763944145723571, 10.636414588190888 ], [ -84.764123688625901, 10.636337955571197 ], [ -84.764739201047135, 10.636048591377293 ], [ -84.765260758033691, 10.635835657854754 ], [ -84.765936457698515, 10.635656212150307 ], [ -84.766278577904359, 10.63556224546595 ], [ -84.766449581886036, 10.635494093669298 ], [ -84.76660342577496, 10.635409055810905 ], [ -84.766791296386984, 10.635239263631853 ], [ -84.766884911732802, 10.635027372020399 ], [ -84.766978319166057, 10.634730816114921 ], [ -84.767080348717982, 10.634459635474464 ], [ -84.767216736721622, 10.634239173483053 ], [ -84.76744723033616, 10.634001551643209 ], [ -84.767797538936719, 10.633763628434476 ], [ -84.768173384368708, 10.633466382999744 ], [ -84.768549224491963, 10.63316913717135 ], [ -84.768796982182863, 10.632990728825577 ], [ -84.769010711797705, 10.632897073848529 ], [ -84.769250396971842, 10.63291342074378 ], [ -84.769404665639101, 10.632997708278101 ], [ -84.769524721286217, 10.633090543554324 ], [ -84.769636300323072, 10.633217268895521 ], [ -84.769705109345551, 10.633352563020344 ], [ -84.769765382667742, 10.633496346521516 ], [ -84.769817073276513, 10.633631688019374 ], [ -84.76984311141436, 10.6337755536566 ], [ -84.769843557071795, 10.63395334777668 ], [ -84.7698352741251, 10.634063430978351 ], [ -84.769809957488917, 10.634207426192363 ], [ -84.76981031825818, 10.634351354806146 ], [ -84.769819386444311, 10.63455453134805 ], [ -84.769956688819903, 10.634698124014424 ], [ -84.770273376493236, 10.63470581173471 ], [ -84.770555606069266, 10.634620456895837 ], [ -84.771000444328678, 10.634534696046153 ], [ -84.771352492992946, 10.634481486907902 ], [ -84.771968609494593, 10.634435521416934 ], [ -84.772546321411511, 10.634434099850738 ], [ -84.772860915484856, 10.634458726135268 ], [ -84.773092082158627, 10.634489904218629 ], [ -84.773227217979951, 10.634622919414779 ], [ -84.773240407517122, 10.634762583432488 ], [ -84.773112459201485, 10.634934345327522 ], [ -84.772990768456296, 10.635042594169033 ], [ -84.772875418001519, 10.635119077198867 ], [ -84.772695921706756, 10.635214768775317 ], [ -84.772580588908539, 10.635297600065773 ], [ -84.772574536961841, 10.635443660802231 ], [ -84.772658336711885, 10.635583154624701 ], [ -84.772851146849064, 10.635677925766899 ], [ -84.773108197067771, 10.635791590058473 ], [ -84.773448742890153, 10.635924098968379 ], [ -84.77376353417894, 10.636024925368913 ], [ -84.774026873575451, 10.636087773484453 ], [ -84.774245521170172, 10.636245982980045 ], [ -84.774399945735226, 10.636391643161131 ], [ -84.774548002774949, 10.636556375023876 ], [ -84.774689639655918, 10.636721120847142 ], [ -84.77475422966333, 10.63687971206269 ], [ -84.774780241931737, 10.637012992263429 ], [ -84.774793446550703, 10.637159007215132 ], [ -84.774813043125462, 10.637292308675303 ], [ -84.774819813247589, 10.637431986591009 ], [ -84.774833051795596, 10.637590700962923 ], [ -84.774865676841159, 10.637800167308155 ], [ -84.774988057144597, 10.637964962300272 ], [ -84.77536089477924, 10.638173586189062 ], [ -84.77584271153475, 10.638324792776418 ], [ -84.77639517096199, 10.638488524184714 ], [ -84.776883585726381, 10.638709558696256 ], [ -84.777185652634699, 10.638854859793378 ], [ -84.777449348790384, 10.639057401178597 ], [ -84.777571716693785, 10.639215842136041 ], [ -84.777617018235446, 10.639361779099358 ], [ -84.777604728983889, 10.639577704724511 ], [ -84.777566500867749, 10.639692097720816 ], [ -84.777380686156121, 10.63982590168404 ], [ -84.77723967343384, 10.639908802855599 ], [ -84.77710501578548, 10.639966285601046 ], [ -84.776919055141192, 10.640042945070574 ], [ -84.776765122889557, 10.640094124307975 ], [ -84.776643401314786, 10.640189675154739 ], [ -84.776566662332257, 10.640304162499419 ], [ -84.776489983902508, 10.64044405230495 ], [ -84.776445453715255, 10.640602905898502 ], [ -84.776343150896579, 10.64076190610232 ], [ -84.776208828102952, 10.640952736544145 ], [ -84.776035784040957, 10.641061111888318 ], [ -84.775638164880235, 10.641208138396136 ], [ -84.775169838296264, 10.641317249701912 ], [ -84.774983796113432, 10.641362156371748 ], [ -84.774849103464149, 10.641406938792942 ], [ -84.77475950939747, 10.641515110016902 ], [ -84.774805197534647, 10.641813441487878 ], [ -84.774882837210399, 10.642054542142379 ], [ -84.774979718629012, 10.642289248628394 ], [ -84.775089501573206, 10.642549322199832 ], [ -84.775385570213629, 10.642859733203824 ], [ -84.775745624288945, 10.643087441082502 ], [ -84.775919295751891, 10.643226708682427 ], [ -84.775951742109626, 10.6433663229462 ], [ -84.77594566069763, 10.643499687760995 ], [ -84.775933125787759, 10.643620364519267 ], [ -84.775888578006288, 10.643772873317097 ], [ -84.775824611886733, 10.643861928113319 ], [ -84.775741437989353, 10.643970081933892 ], [ -84.775651920173203, 10.644110000641623 ], [ -84.77551756533687, 10.6442881296427 ], [ -84.775427970744545, 10.64439629836847 ], [ -84.775332100034291, 10.644561632624324 ], [ -84.77526193591828, 10.644739599185561 ], [ -84.775185480526176, 10.644968387446195 ], [ -84.775115542680567, 10.645235253575288 ], [ -84.775103332862642, 10.645482931793431 ], [ -84.775104247326169, 10.645844867680406 ], [ -84.775169337209007, 10.64620030281999 ], [ -84.775343651378876, 10.646593568131607 ], [ -84.775678754134631, 10.647107076699296 ], [ -84.77618782341203, 10.647874149527118 ], [ -84.776760812901884, 10.648533115830562 ], [ -84.777018292824366, 10.648811873815522 ], [ -84.777159908554893, 10.648963917573525 ], [ -84.777295208303102, 10.649160431032287 ], [ -84.777321239181546, 10.649300060927727 ], [ -84.777347304116034, 10.649452393845502 ], [ -84.777341210016715, 10.649579403914917 ], [ -84.777328801628599, 10.649750887370969 ], [ -84.777239461927323, 10.649960651070076 ], [ -84.777188367509964, 10.650062373744417 ], [ -84.777175849118478, 10.650189406071084 ], [ -84.777201896154779, 10.65033538431665 ], [ -84.777304961529239, 10.650474829472742 ], [ -84.777433443574353, 10.650512607443801 ], [ -84.777619608032211, 10.650512145561494 ], [ -84.777780042685777, 10.650492698639139 ], [ -84.778017492838458, 10.650466713864407 ], [ -84.778165218791713, 10.650498091747574 ], [ -84.778293814664053, 10.650580319557218 ], [ -84.778377507783802, 10.650675361045193 ], [ -84.778467762082997, 10.650827537083059 ], [ -84.778519425913984, 10.650948052548634 ], [ -84.778616118924148, 10.651106559115913 ], [ -84.778706459579965, 10.651290477698678 ], [ -84.778777458787943, 10.651442701466634 ], [ -84.778854877776041, 10.651594909255781 ], [ -84.778970778244087, 10.651734315541665 ], [ -84.779086406360776, 10.651765780867695 ], [ -84.779169720076766, 10.651708423754997 ], [ -84.779272056877332, 10.651562120184028 ], [ -84.779380830334688, 10.651422148963997 ], [ -84.779502865575395, 10.651447248010463 ], [ -84.779567295618975, 10.651542335243422 ], [ -84.779618817442739, 10.651605704500877 ], [ -84.779651332135671, 10.651770723266095 ], [ -84.779747914768876, 10.651884776516784 ], [ -84.779921334719845, 10.651922446998899 ], [ -84.780062493668979, 10.651896694842421 ], [ -84.780287061241353, 10.651851686158553 ], [ -84.780466787774984, 10.651844890174216 ], [ -84.780550463902983, 10.651933579948548 ], [ -84.780589403421004, 10.652098582571758 ], [ -84.780557563509632, 10.652200256859082 ], [ -84.780480739805242, 10.65228299442148 ], [ -84.780371869613518, 10.652384863269203 ], [ -84.780243741104513, 10.652486782752401 ], [ -84.780134839354005, 10.652575950312066 ], [ -84.780019516903977, 10.652665135630128 ], [ -84.779949176378054, 10.652773259525047 ], [ -84.779930224122779, 10.652893952266394 ], [ -84.779936917573323, 10.653001884394916 ], [ -84.779969145485254, 10.65305260391775 ], [ -84.780052629783611, 10.653065100085715 ], [ -84.780129675421193, 10.653071250315433 ], [ -84.78023239208207, 10.653070994542116 ], [ -84.780347973234242, 10.653083410699352 ], [ -84.780412246824881, 10.653114997965329 ], [ -84.780470198608626, 10.653184702128376 ], [ -84.780528165673445, 10.6532607564343 ], [ -84.780564601579314, 10.653469738375463 ], [ -84.780549999891903, 10.653710602049594 ], [ -84.780489705052815, 10.653936528586884 ], [ -84.78042945300983, 10.654177499651627 ], [ -84.780338729943978, 10.65440349925397 ], [ -84.780293810366771, 10.654689587733403 ], [ -84.780309638417734, 10.654930374694699 ], [ -84.780355820736247, 10.655140979573881 ], [ -84.780508605760929, 10.655381425301908 ], [ -84.780620226950319, 10.656377197112356 ], [ -84.771493037112791, 10.665430733467632 ], [ -84.771518903719468, 10.665600484255849 ], [ -84.771416702797652, 10.665803929980651 ], [ -84.771276011812603, 10.666020176368042 ], [ -84.771109709061989, 10.666261878482635 ], [ -84.770994728838673, 10.666490758199277 ], [ -84.770995176574587, 10.666668554612865 ], [ -84.771085436282121, 10.666820726214095 ], [ -84.771252572940924, 10.6669092126312 ], [ -84.771412983830402, 10.666877068038323 ], [ -84.771541139050001, 10.666781504500554 ], [ -84.771662760292799, 10.666641506524794 ], [ -84.771739460893585, 10.666507971299032 ], [ -84.771816177431447, 10.666380783507185 ], [ -84.771880068961579, 10.666259979341808 ], [ -84.771963110261069, 10.666094677428026 ], [ -84.772046196767761, 10.665948425083007 ], [ -84.772161367259343, 10.665795746976695 ], [ -84.772250908373522, 10.665662176350002 ], [ -84.772417626360621, 10.6655855679418 ], [ -84.772546033405575, 10.665591601198722 ], [ -84.77265539148064, 10.665680232223055 ], [ -84.772777784671788, 10.665845018949078 ], [ -84.772939446967939, 10.666308162576211 ], [ -84.773101459813361, 10.666911001445342 ], [ -84.773234067102166, 10.667225274431813 ], [ -84.77327778129532, 10.667375179902351 ], [ -84.773328741509857, 10.667535786126479 ], [ -84.773379557401427, 10.667639240910605 ], [ -84.773441264061489, 10.667764102490167 ], [ -84.77347758442022, 10.667846162972209 ], [ -84.773535714156054, 10.667985319504936 ], [ -84.773593814126158, 10.668113760137128 ], [ -84.773622945375124, 10.668210128121896 ], [ -84.773641361961396, 10.668352953893981 ], [ -84.773641903588342, 10.668567259965732 ], [ -84.773617232129908, 10.668806634991808 ], [ -84.773617549901687, 10.668931643771044 ], [ -84.773632301096953, 10.669053049394311 ], [ -84.773693842929035, 10.669113618260871 ], [ -84.773776933356515, 10.669127702525076 ], [ -84.773838297365486, 10.66911683298874 ], [ -84.773924836531037, 10.669066614748631 ], [ -84.773982385968992, 10.668977178168838 ], [ -84.774086659088738, 10.668798327246739 ], [ -84.774176373983366, 10.668576658436121 ], [ -84.774388373656549, 10.668158228678122 ], [ -84.774802237183536, 10.667600004251746 ], [ -84.775065369192276, 10.667410047323596 ], [ -84.775216968411641, 10.667384668794995 ], [ -84.775314486327815, 10.667391575678431 ], [ -84.775426512645254, 10.667423439623876 ], [ -84.775491612359218, 10.667462569223453 ], [ -84.775553146050953, 10.667519563954235 ], [ -84.77562194573342, 10.667594398776027 ], [ -84.775716179177451, 10.667729897883502 ], [ -84.775767124437223, 10.667883358780173 ], [ -84.77578953618314, 10.668176188763082 ], [ -84.775754278708106, 10.668515600233777 ], [ -84.775697236759811, 10.668805055215691 ], [ -84.775589474626344, 10.66903034472891 ], [ -84.775482106855279, 10.669412790604555 ], [ -84.775486820392388, 10.669848541121564 ], [ -84.775530718979283, 10.670069884475787 ], [ -84.775632236447038, 10.670230363041362 ], [ -84.775809599652177, 10.67039422907953 ], [ -84.776084343349723, 10.670511414928152 ], [ -84.776337192870002, 10.670539360693926 ], [ -84.776672902224163, 10.670488523239374 ], [ -84.777037350406161, 10.670380463225674 ], [ -84.777365684404401, 10.670268922372294 ], [ -84.77763258241967, 10.670139673093139 ], [ -84.777805738828818, 10.670071379478053 ], [ -84.777964607944014, 10.670063841384296 ], [ -84.778029742164691, 10.670113684441668 ], [ -84.77805520648387, 10.670188628216463 ], [ -84.778062611616136, 10.670260047634313 ], [ -84.778062775056611, 10.670324337482178 ], [ -84.778062929435634, 10.67038506260276 ], [ -84.778055851183467, 10.670442224689083 ], [ -84.778052412400697, 10.670510096381843 ], [ -84.778009341858521, 10.670613788272185 ], [ -84.777908586583976, 10.670753337104102 ], [ -84.777760826960375, 10.670871576310716 ], [ -84.777609396021134, 10.670964817087945 ], [ -84.777353269568778, 10.671069038456844 ], [ -84.776959893904746, 10.67116287918655 ], [ -84.776487143310362, 10.671285495059474 ], [ -84.776321114262572, 10.67131805319638 ], [ -84.776194879415272, 10.67137908475506 ], [ -84.776057901144043, 10.671475865467579 ], [ -84.77593539340711, 10.671583322564022 ], [ -84.775881352185152, 10.671633462577999 ], [ -84.775802126797004, 10.671719381267255 ], [ -84.775769805979124, 10.67179089838962 ], [ -84.77572309782667, 10.671883882188403 ], [ -84.775716098791563, 10.671973194616953 ], [ -84.775719955498133, 10.672069621377561 ], [ -84.775727431679883, 10.672169611144305 ], [ -84.775789075097705, 10.672269471082965 ], [ -84.776046147993853, 10.672536719443826 ], [ -84.776415053039017, 10.672760827071142 ], [ -84.776762257971683, 10.672970704708328 ], [ -84.776986476468323, 10.673098727375411 ], [ -84.777358735575476, 10.67321924340094 ], [ -84.777709522976195, 10.673418391434808 ], [ -84.778027850535381, 10.673631909529997 ], [ -84.778179818574387, 10.673749398676403 ], [ -84.778263091192755, 10.673834915391593 ], [ -84.778353643812963, 10.673941843136404 ], [ -84.778426123404373, 10.674041672778921 ], [ -84.778466071812247, 10.674130873767734 ], [ -84.778506084754852, 10.674245066702257 ], [ -84.778528138273103, 10.674395028669112 ], [ -84.778528456395037, 10.674520038166314 ], [ -84.778503511382837, 10.674652256326558 ], [ -84.778460495045181, 10.674777377319293 ], [ -84.77839232004294, 10.674948992164969 ], [ -84.778345664999435, 10.675063406260604 ], [ -84.778306105425898, 10.675127797670164 ], [ -84.778230549414701, 10.675238710800354 ], [ -84.778154961589223, 10.675335341495035 ], [ -84.778082867874062, 10.675385523206247 ], [ -84.777978231853524, 10.675421500657853 ], [ -84.777877211745079, 10.675457469984815 ], [ -84.77777619068992, 10.675493436570779 ], [ -84.777657147279797, 10.675543741297686 ], [ -84.77752727245344, 10.675594068395137 ], [ -84.777415544291387, 10.675680070139112 ], [ -84.777350814683061, 10.67578738418468 ], [ -84.777332947522439, 10.675862435694675 ], [ -84.777358434982389, 10.675944524287743 ], [ -84.777448895377717, 10.676015736291538 ], [ -84.777528479950149, 10.676069115404959 ], [ -84.777712803432507, 10.676129377956121 ], [ -84.777990976387102, 10.67617154517586 ], [ -84.778225801077355, 10.676210250770454 ], [ -84.778341422300429, 10.676234965929723 ], [ -84.778464294473864, 10.676270378029288 ], [ -84.778641370024815, 10.676319943020008 ], [ -84.77879668733803, 10.676333843205461 ], [ -84.77890492399618, 10.676294283613245 ], [ -84.778991329548617, 10.676190483639532 ], [ -84.779070346736091, 10.676022415454124 ], [ -84.779113228318224, 10.675843715931043 ], [ -84.779141643464044, 10.675657914819491 ], [ -84.779152275588913, 10.675579308380385 ], [ -84.779162910454161, 10.675500702838157 ], [ -84.779180748013573, 10.675414932675027 ], [ -84.779209361424606, 10.675307710106335 ], [ -84.779227198972649, 10.675221943557471 ], [ -84.779263047824571, 10.675118272222409 ], [ -84.77931698074606, 10.675025269043545 ], [ -84.779435901690491, 10.674928534608684 ], [ -84.779576690032698, 10.674910324656517 ], [ -84.779667064109233, 10.674945816425545 ], [ -84.779757497363079, 10.675006310069524 ], [ -84.77981543024768, 10.675066888352589 ], [ -84.77985531362441, 10.675131081809825 ], [ -84.779884417598836, 10.675213159331154 ], [ -84.779931633928896, 10.675320196433161 ], [ -84.779989777281358, 10.675462921542669 ], [ -84.780022405247763, 10.675512846959792 ], [ -84.780055097885949, 10.675587770642588 ], [ -84.780116743417267, 10.675687626846248 ], [ -84.780167528475744, 10.675776796907002 ], [ -84.780218328123667, 10.675873108166757 ], [ -84.780258297354692, 10.67596944825042 ], [ -84.780287406990794, 10.676055099490192 ], [ -84.780331032275157, 10.676169284003111 ], [ -84.780360141961125, 10.676254937944449 ], [ -84.780389258029118, 10.67634416113232 ], [ -84.78041512908726, 10.676576260722474 ], [ -84.78040104081397, 10.676715594022893 ], [ -84.780383212663537, 10.676804935281822 ], [ -84.780365382674091, 10.676894275640469 ], [ -84.780340269765887, 10.676958626707746 ], [ -84.780293569667549, 10.677055185789447 ], [ -84.780261240342256, 10.677123129553419 ], [ -84.780210877782437, 10.67719826046782 ], [ -84.780138917034648, 10.677302022910704 ], [ -84.780020138471954, 10.677455906242983 ], [ -84.779876238557435, 10.677670574945031 ], [ -84.779811582338027, 10.677806464202298 ], [ -84.779801102423605, 10.677945788486667 ], [ -84.779812292714013, 10.67808506142725 ], [ -84.779866776957007, 10.678209939352108 ], [ -84.780018733479011, 10.67832028524716 ], [ -84.780116405211217, 10.678387906405801 ], [ -84.780253834291756, 10.678466143331645 ], [ -84.780373168143527, 10.678530135642841 ], [ -84.780478067391599, 10.67859773953896 ], [ -84.780521520887234, 10.678644063146759 ], [ -84.780572261024972, 10.678715373304513 ], [ -84.780594090801088, 10.678779608073768 ], [ -84.780605079103665, 10.678840305168249 ], [ -84.780608889255021, 10.678918871037574 ], [ -84.780594747259769, 10.679036778017084 ], [ -84.78056245704569, 10.67911901234082 ], [ -84.780526552653569, 10.679201251166292 ], [ -84.78047978120874, 10.679269231017692 ], [ -84.780368244104238, 10.679430241282949 ], [ -84.780235283567038, 10.679687743886696 ], [ -84.78015977104161, 10.67981294257334 ], [ -84.780087843435837, 10.679930993765495 ], [ -84.780033949176044, 10.680038278580428 ], [ -84.779972885817415, 10.680167021285323 ], [ -84.77992265756221, 10.680295726095038 ], [ -84.779897569853915, 10.680370800243418 ], [ -84.779890644903062, 10.680488682866454 ], [ -84.779901864572651, 10.680638671634336 ], [ -84.779963526673157, 10.68074567078186 ], [ -84.780010649273052, 10.680813418056072 ], [ -84.780104766915798, 10.680902477180434 ], [ -84.780227683983469, 10.680955744596691 ], [ -84.780325271880926, 10.68098764876027 ], [ -84.780426432004347, 10.681005252443954 ], [ -84.78051671043464, 10.681005026997303 ], [ -84.780599725898526, 10.680986963392552 ], [ -84.780704325099649, 10.680936699860638 ], [ -84.781028740485837, 10.68070372072453 ], [ -84.781270137381895, 10.68048523762543 ], [ -84.781536593850547, 10.680180969672765 ], [ -84.781982989354205, 10.679633366913967 ], [ -84.782213476496821, 10.679386339174428 ], [ -84.782274730658813, 10.679332613463897 ], [ -84.78236130027112, 10.679293103247854 ], [ -84.782440647054301, 10.679253614705427 ], [ -84.782509259222536, 10.679253442951543 ], [ -84.782577955478303, 10.679285414240693 ], [ -84.782668363183518, 10.679335198266266 ], [ -84.7827046025089, 10.679385109770349 ], [ -84.782758973878686, 10.679463555290626 ], [ -84.782777267727838, 10.679556370918467 ], [ -84.782806394015523, 10.679649166647842 ], [ -84.782817456854232, 10.67973843473218 ], [ -84.782824898224092, 10.679824138100832 ], [ -84.782835979358794, 10.679920546473031 ], [ -84.782847012041742, 10.679999097796486 ], [ -84.782854383018318, 10.680056228241327 ], [ -84.782865433104149, 10.68014192889588 ], [ -84.78288013574867, 10.680241900168109 ], [ -84.782912876306767, 10.680334685919883 ], [ -84.782956348708495, 10.680388153950734 ], [ -84.783039613534271, 10.680470096282933 ], [ -84.783162498823714, 10.680509074699419 ], [ -84.783263538111456, 10.6804802466034 ], [ -84.783387712240526, 10.680415405676268 ], [ -84.783524264259114, 10.680257021324334 ], [ -84.78375183685101, 10.67998552577496 ], [ -84.78391090038113, 10.679702908281943 ], [ -84.783956001807866, 10.679488313007374 ], [ -84.783966692929766, 10.67920607210865 ], [ -84.783908903591993, 10.678923998426413 ], [ -84.783839440283856, 10.678540362882382 ], [ -84.783850504939807, 10.678404871281494 ], [ -84.783850041999059, 10.678224255773328 ], [ -84.783849636935599, 10.678066218332031 ], [ -84.783883529843536, 10.677930666775765 ], [ -84.783985958971783, 10.677817522469303 ], [ -84.784145426499165, 10.677692945965482 ], [ -84.784328036018536, 10.677692490593584 ], [ -84.784442341821006, 10.677759933008341 ], [ -84.784579617078734, 10.677883765067421 ], [ -84.78476280967736, 10.678109077408838 ], [ -84.784957441567272, 10.678345653617733 ], [ -84.785049009126183, 10.678447017475758 ], [ -84.785140745170679, 10.678616118211595 ], [ -84.785243610640578, 10.678672303540631 ], [ -84.785357599024366, 10.678615573476824 ], [ -84.785437229392073, 10.678513775100674 ], [ -84.7854939770816, 10.678389456904796 ], [ -84.785550754639814, 10.678276427728353 ], [ -84.785550435683376, 10.67815225563354 ], [ -84.785595623688693, 10.677971521862155 ], [ -84.785755322611507, 10.677937256814694 ], [ -84.785858210550032, 10.678004730093182 ], [ -84.785949926088364, 10.678162541524481 ], [ -84.786121704298623, 10.678387878970122 ], [ -84.786224945308348, 10.67859081591013 ], [ -84.786357706600498, 10.678811485073027 ], [ -84.786443894047608, 10.679039861898925 ], [ -84.786495796931646, 10.679251393566011 ], [ -84.786547658167478, 10.679445991220685 ], [ -84.786599498605071, 10.679632119601772 ], [ -84.786694199372505, 10.679843547122548 ], [ -84.786788863099233, 10.680038038788593 ], [ -84.786900751502714, 10.680274820036827 ], [ -84.787012573776067, 10.680486193468591 ], [ -84.787184470419689, 10.680756687146362 ], [ -84.787364511400085, 10.680866299381533 ], [ -84.787527194238862, 10.68088282540198 ], [ -84.787792554691848, 10.680882156637219 ], [ -84.788045478432309, 10.680870842869462 ], [ -84.788242732232035, 10.680808437595834 ], [ -84.788570017945702, 10.680755223075874 ], [ -84.788777059874434, 10.680754700620543 ], [ -84.788921630396146, 10.680801959295488 ], [ -84.789042203136162, 10.680877853350768 ], [ -84.789124290983537, 10.680968133316243 ], [ -84.789187095194819, 10.681048934887016 ], [ -84.789201908757491, 10.681191765464645 ], [ -84.789192573337075, 10.681306089392038 ], [ -84.789159175844674, 10.681425233091106 ], [ -84.789077591813367, 10.681530210573996 ], [ -84.788957437563639, 10.681616235805512 ], [ -84.788832370615125, 10.681664175083661 ], [ -84.788664029711953, 10.681736036664844 ], [ -84.788442638728142, 10.681774693607663 ], [ -84.788317496112342, 10.681794058917212 ], [ -84.788144158330951, 10.681794496117531 ], [ -84.787932285410704, 10.681790269561523 ], [ -84.787802426592009, 10.681847746686689 ], [ -84.78772078060824, 10.681928910862942 ], [ -84.787682583160148, 10.682052829171866 ], [ -84.787707025700826, 10.682195638297888 ], [ -84.787794099711007, 10.68235257742012 ], [ -84.788016128691027, 10.682561569656247 ], [ -84.788204136430238, 10.682646811053154 ], [ -84.788416046794836, 10.682665328789701 ], [ -84.788579744078717, 10.682660149488832 ], [ -84.788748097798219, 10.682593055036644 ], [ -84.788993317923271, 10.682459089645683 ], [ -84.789233799080606, 10.682353708192531 ], [ -84.789469635168231, 10.682315012367596 ], [ -84.789657505065932, 10.682347880599163 ], [ -84.789787695880193, 10.682418983757184 ], [ -84.789874598709531, 10.682509247687467 ], [ -84.789903811089204, 10.682632995809621 ], [ -84.789904143348778, 10.682761578653896 ], [ -84.789909718853252, 10.683056832032305 ], [ -84.789948880003251, 10.683304376947641 ], [ -84.790074548725755, 10.683489790792484 ], [ -84.790243382665778, 10.683608422261216 ], [ -84.790416895626251, 10.683674656526005 ], [ -84.790580656768, 10.683693292724348 ], [ -84.790830828554761, 10.683611701340183 ], [ -84.791249218109911, 10.683410621827072 ], [ -84.79153299398142, 10.683290844718817 ], [ -84.792153747331483, 10.683141636625813 ], [ -84.79276508402647, 10.683073416731505 ], [ -84.793010619180436, 10.683063268455077 ], [ -84.793261211682832, 10.683143589748957 ], [ -84.793372316524056, 10.683281421017826 ], [ -84.79340168742084, 10.683467074258093 ], [ -84.793382985368623, 10.683681430718742 ], [ -84.793248658664098, 10.683872264918927 ], [ -84.792936372593076, 10.684139749099252 ], [ -84.792571027334034, 10.684369270232734 ], [ -84.792359523166127, 10.684507914628902 ], [ -84.79216735217571, 10.684675087424756 ], [ -84.792085768451571, 10.684780066563766 ], [ -84.792052347141379, 10.684889684403732 ], [ -84.79212007842969, 10.685013334567964 ], [ -84.7922310362883, 10.685094013299967 ], [ -84.792317778288506, 10.685122370875691 ], [ -84.792568247048479, 10.685155070311652 ], [ -84.79271281055513, 10.685197567142096 ], [ -84.792818817427261, 10.685225869362283 ], [ -84.792915238590652, 10.685273247268158 ], [ -84.793006871949913, 10.685330163444014 ], [ -84.793117792151733, 10.685396555872114 ], [ -84.793190152963476, 10.685448761005473 ], [ -84.793262489063153, 10.685491436418403 ], [ -84.793344482331861, 10.68554361343732 ], [ -84.793407275358547, 10.685619655921277 ], [ -84.793508698416545, 10.685738453018514 ], [ -84.793595584968799, 10.685819198688247 ], [ -84.793605497268146, 10.685928704764011 ], [ -84.793591436576179, 10.686076373615824 ], [ -84.793543607810889, 10.68620031694801 ], [ -84.793457232725174, 10.686314832941235 ], [ -84.793361226962986, 10.686429376085751 ], [ -84.7931930234747, 10.686553623261116 ], [ -84.79287600688464, 10.68685445789594 ], [ -84.792679182836494, 10.687083549732296 ], [ -84.792631316502295, 10.687193206086086 ], [ -84.792617301998192, 10.687359925290689 ], [ -84.792632043556949, 10.687474184487353 ], [ -84.792690135455089, 10.687593099003371 ], [ -84.792830140661025, 10.687735612375532 ], [ -84.793023077587691, 10.68786370613495 ], [ -84.793148371493544, 10.687901488062176 ], [ -84.793316870634783, 10.687891534893289 ], [ -84.793403421137526, 10.687843691551357 ], [ -84.793576269190567, 10.687652757541779 ], [ -84.793888494317599, 10.687361458717209 ], [ -84.79414311012475, 10.687136979158415 ], [ -84.794330651787149, 10.687041256219722 ], [ -84.79456175224945, 10.687031143215563 ], [ -84.79474964833696, 10.687073526981129 ], [ -84.7948895243116, 10.687163658127735 ], [ -84.795029458655094, 10.687277596730777 ], [ -84.795159809293963, 10.687410611946376 ], [ -84.795246890489736, 10.687567548554245 ], [ -84.795290701294533, 10.687748409307721 ], [ -84.795329764794033, 10.687957850620016 ], [ -84.795339903732923, 10.688153081336132 ], [ -84.795349980719706, 10.688324505439914 ], [ -84.795365018166123, 10.688553058390776 ], [ -84.795394453010317, 10.688762528714808 ], [ -84.795399494277973, 10.688848239397991 ], [ -84.795409313691025, 10.688919647342855 ], [ -84.795419226832621, 10.689029158709953 ], [ -84.79541943578954, 10.689110116367139 ], [ -84.795419671381481, 10.689200601001518 ], [ -84.795429545513556, 10.689295824609005 ], [ -84.795420179773146, 10.689395858029739 ], [ -84.795386709720617, 10.689486433029257 ], [ -84.795333940996514, 10.689562759374759 ], [ -84.795228160130094, 10.689620177466008 ], [ -84.795117432594154, 10.689629983738232 ], [ -84.795016244846167, 10.689601668350504 ], [ -84.794948721043028, 10.689558980285481 ], [ -84.794881123828318, 10.689487720292641 ], [ -84.794770154919377, 10.689402278284136 ], [ -84.794572384923313, 10.689269435411651 ], [ -84.794321607651753, 10.689117672224372 ], [ -84.79414809680803, 10.689056203038595 ], [ -84.793993894615284, 10.689008972523924 ], [ -84.793859022622939, 10.688990264901385 ], [ -84.793656713750522, 10.688962206070599 ], [ -84.793517034241745, 10.688948274039234 ], [ -84.793372597085749, 10.68895340270609 ], [ -84.793189648572508, 10.688963392642744 ], [ -84.792977805193587, 10.688973455840189 ], [ -84.792833316736278, 10.688959535711325 ], [ -84.792732135322467, 10.688935978541359 ], [ -84.792597207111953, 10.688893460112013 ], [ -84.79250079076283, 10.688850844803991 ], [ -84.792409209445964, 10.688812977106638 ], [ -84.792293531752165, 10.688770410600013 ], [ -84.792163448738549, 10.68874216483681 ], [ -84.791999690319244, 10.688723530565049 ], [ -84.791860065802879, 10.688728648130517 ], [ -84.79174938958576, 10.688757501746673 ], [ -84.79160027190494, 10.688815028498768 ], [ -84.791350106725389, 10.688901386071226 ], [ -84.791186504916084, 10.688944662369607 ], [ -84.791071078500906, 10.688997339097394 ], [ -84.790950899257794, 10.689073841843745 ], [ -84.790830778851301, 10.689174156612664 ], [ -84.79071551071101, 10.689288749638147 ], [ -84.790595417522326, 10.689398584984689 ], [ -84.79047537354333, 10.689527471565308 ], [ -84.790403330683176, 10.689599091461153 ], [ -84.790345748023853, 10.689675433754726 ], [ -84.790288174917393, 10.689756539543202 ], [ -84.790249840447629, 10.689828075007762 ], [ -84.79022594473949, 10.689899568507798 ], [ -84.790192521410006, 10.690009187107451 ], [ -84.790187920952079, 10.690090160644862 ], [ -84.790183375688954, 10.690194945354214 ], [ -84.790227053517015, 10.69032818016303 ], [ -84.790289990172894, 10.690458193852185 ], [ -84.7903544343242, 10.690553275088993 ], [ -84.790476832898364, 10.690711713062386 ], [ -84.790534844799552, 10.690800463987372 ], [ -84.790650818487308, 10.690958918142536 ], [ -84.790708978425556, 10.691104815610029 ], [ -84.790741391506216, 10.691225378511817 ], [ -84.790741720284245, 10.691352374632871 ], [ -84.79072917240201, 10.69146670484238 ], [ -84.790703773413938, 10.691574714718969 ], [ -84.790657282527022, 10.691649822063267 ], [ -84.790625397227856, 10.69173245041581 ], [ -84.790587100506556, 10.69182144516407 ], [ -84.790503905699481, 10.691923253009254 ], [ -84.790459142740289, 10.691993214527544 ], [ -84.79042075191839, 10.692044113032537 ], [ -84.79033752230157, 10.692133219695343 ], [ -84.790279888082253, 10.692190516156327 ], [ -84.790215828718587, 10.692247824349442 ], [ -84.790171090304483, 10.692324135935193 ], [ -84.790087873313496, 10.692419593576858 ], [ -84.790030270012281, 10.692489587536532 ], [ -84.789972668510899, 10.69255958057847 ], [ -84.789889384793952, 10.692629641300424 ], [ -84.789799766246503, 10.692731465236099 ], [ -84.789671692737002, 10.692858786173701 ], [ -84.789620691327087, 10.692998610664638 ], [ -84.789620970446364, 10.69310656005166 ], [ -84.789640494822649, 10.693208106075675 ], [ -84.789666436126438, 10.693309637673927 ], [ -84.789692496050421, 10.693455618313276 ], [ -84.789750592253071, 10.693576119054342 ], [ -84.789782921352611, 10.693664932338876 ], [ -84.789828039616381, 10.693734668192358 ], [ -84.789905399480077, 10.693855118347908 ], [ -84.789976216530178, 10.693931137503615 ], [ -84.790047038186216, 10.694007156628803 ], [ -84.790130796878145, 10.694121242165544 ], [ -84.790182439038546, 10.694229061521247 ], [ -84.790259843894248, 10.694368556519372 ], [ -84.790330696769743, 10.694457275814081 ], [ -84.790401565208455, 10.694552344309185 ], [ -84.790478923690586, 10.694672794290042 ], [ -84.790562762196927, 10.694818628486946 ], [ -84.790646702183409, 10.695002560661852 ], [ -84.79073696421645, 10.695148380334508 ], [ -84.790762860407398, 10.695230861419558 ], [ -84.79080174309901, 10.695370458349192 ], [ -84.790802039139749, 10.695484755097453 ], [ -84.790802285842915, 10.69558000238702 ], [ -84.790796097324105, 10.695668918530208 ], [ -84.790783550307822, 10.695783245103316 ], [ -84.790783714773298, 10.695846741788746 ], [ -84.790764702376322, 10.69594204058316 ], [ -84.790745784059538, 10.696075431070881 ], [ -84.790726722307312, 10.696151682214099 ], [ -84.790701551455371, 10.696348585641452 ], [ -84.790676051684542, 10.696418500218201 ], [ -84.79062493515913, 10.69651387671987 ], [ -84.79058025567987, 10.696615587071369 ], [ -84.790554739420699, 10.696679152424096 ], [ -84.790529256023135, 10.696755411687983 ], [ -84.790497367518498, 10.696838041856395 ], [ -84.790478254504933, 10.696895239919243 ], [ -84.790420880701276, 10.697054129345661 ], [ -84.790382657357142, 10.697168524552534 ], [ -84.790376499760228, 10.697270136415028 ], [ -84.790376779249172, 10.697378081232518 ], [ -84.790376976552835, 10.697454283583154 ], [ -84.790409258825576, 10.697524047276726 ], [ -84.790467239256827, 10.697600096940166 ], [ -84.790538057374405, 10.697676115878314 ], [ -84.790666747320032, 10.69778373627247 ], [ -84.790859523300426, 10.697846748495701 ], [ -84.791097121443443, 10.697865194939753 ], [ -84.791244723403054, 10.697839419179923 ], [ -84.791347316738424, 10.697788364079649 ], [ -84.791437053165041, 10.697730985969658 ], [ -84.791520352442873, 10.697667275810636 ], [ -84.791597083758006, 10.697546437176904 ], [ -84.791648200119695, 10.697451061435634 ], [ -84.791692811622539, 10.697323947771544 ], [ -84.791711907961769, 10.69726040224384 ], [ -84.791730922862499, 10.697165107024208 ], [ -84.791749953302102, 10.697076159212436 ], [ -84.791807637498437, 10.697037914615111 ], [ -84.791865351879423, 10.697012369347823 ], [ -84.791910296346842, 10.697012255306296 ], [ -84.791987354989473, 10.697018408115502 ], [ -84.792096666031497, 10.697081630487428 ], [ -84.792141737750711, 10.697132313750876 ], [ -84.792219178187281, 10.697284513778312 ], [ -84.792245073167322, 10.697366995596294 ], [ -84.792271101834146, 10.697500275634738 ], [ -84.792290527669536, 10.697563723390891 ], [ -84.792309983740878, 10.697639873195065 ], [ -84.792335898921522, 10.69772870510787 ], [ -84.792355372410498, 10.697811203213744 ], [ -84.792368413344448, 10.697887368395323 ], [ -84.792413716013456, 10.698026948725399 ], [ -84.792536131708601, 10.698191735651646 ], [ -84.792658347825139, 10.698280322027404 ], [ -84.792741928230427, 10.698324556298758 ], [ -84.792818939565976, 10.698311663043558 ], [ -84.792908739988917, 10.698279685894926 ], [ -84.792972814653666, 10.698228725429333 ], [ -84.793023895838786, 10.698120647453566 ], [ -84.793036406305376, 10.697993621539069 ], [ -84.793036191834474, 10.697911070932124 ], [ -84.793029588804615, 10.697841241396359 ], [ -84.792997202353121, 10.69773337371767 ], [ -84.792945367023393, 10.697549361687253 ], [ -84.792925511296531, 10.697320818184023 ], [ -84.792976577707947, 10.697206391906329 ], [ -84.793066328302345, 10.697155364385072 ], [ -84.793156215424361, 10.697155135951288 ], [ -84.793291105712896, 10.69718019373297 ], [ -84.793394061518953, 10.697268834221374 ], [ -84.793477824205979, 10.697382917774 ], [ -84.793567990173457, 10.697490632146497 ], [ -84.793671091994156, 10.697636414533436 ], [ -84.793767959470358, 10.697852061752366 ], [ -84.793909847873906, 10.69809934427423 ], [ -84.79398086969384, 10.698251560107074 ], [ -84.79408419131552, 10.698479891081567 ], [ -84.794116471802667, 10.698549658845888 ], [ -84.794155224357269, 10.698638456082602 ], [ -84.794200435226315, 10.698739938091297 ], [ -84.794239171317884, 10.698822388815231 ], [ -84.794265066990135, 10.698904869505 ], [ -84.794271752053916, 10.699006449559825 ], [ -84.794278385731417, 10.699088983796951 ], [ -84.794259324735023, 10.699165231475446 ], [ -84.794240228847485, 10.699228777121945 ], [ -84.794221148554087, 10.699298669267533 ], [ -84.794201988392132, 10.699336818068442 ], [ -84.794137918307285, 10.699387780581338 ], [ -84.793990330635424, 10.699419904246048 ], [ -84.793887653798976, 10.699439219593184 ], [ -84.79376582772754, 10.69950302477366 ], [ -84.793701823583064, 10.69957938585425 ], [ -84.793650697465338, 10.699668411767822 ], [ -84.793650862588436, 10.699731908393249 ], [ -84.793696034058115, 10.69982069115985 ], [ -84.793779663671614, 10.699883977261237 ], [ -84.793888909117101, 10.699921797535442 ], [ -84.794030190165714, 10.699934139235518 ], [ -84.794197086986742, 10.699921013237203 ], [ -84.794293245028499, 10.699863619769198 ], [ -84.794408644016627, 10.699799828937762 ], [ -84.794543224196218, 10.699704238445714 ], [ -84.794658542226372, 10.699608697863429 ], [ -84.794831642698512, 10.699513008245816 ], [ -84.794972793070968, 10.69947455043272 ], [ -84.795114054628385, 10.699480539740497 ], [ -84.795197667861899, 10.699537474432404 ], [ -84.795262138550981, 10.699638909874469 ], [ -84.795294540752238, 10.699753125541628 ], [ -84.795288464796101, 10.699886484321601 ], [ -84.795256612275793, 10.6999818160145 ], [ -84.795199107279061, 10.700089906162194 ], [ -84.795128668900389, 10.700159933761158 ], [ -84.79501329938293, 10.700236425994328 ], [ -84.794929983697287, 10.700293786057141 ], [ -84.794833792584186, 10.700338480400076 ], [ -84.79475037853372, 10.700357743357305 ], [ -84.794622054440936, 10.700389822796071 ], [ -84.79450655152624, 10.700415513954857 ], [ -84.794410313455373, 10.700441157827836 ], [ -84.794314124033022, 10.700485850206123 ], [ -84.794243765240793, 10.70058762639003 ], [ -84.794244112298358, 10.700720972440266 ], [ -84.794372798405277, 10.700828592019807 ], [ -84.794706725243174, 10.700853141305627 ], [ -84.795027744505973, 10.700852323410679 ], [ -84.79532293285915, 10.700794422365087 ], [ -84.795553884529369, 10.700723988166025 ], [ -84.795803915129355, 10.700583650741363 ], [ -84.796021795032104, 10.700424349224113 ], [ -84.796162678745972, 10.700284294517404 ], [ -84.796233020242937, 10.700176170551554 ], [ -84.796284070107163, 10.70005538917496 ], [ -84.796309400387031, 10.699921980362241 ], [ -84.796302683291543, 10.699807698373503 ], [ -84.796289561180217, 10.699699786498826 ], [ -84.796250772901146, 10.699598288466927 ], [ -84.79621198648293, 10.699496792231162 ], [ -84.796160359631685, 10.699395324231968 ], [ -84.796160028353029, 10.69926833105578 ], [ -84.796204722798876, 10.699172968330579 ], [ -84.796320040072828, 10.699077426278699 ], [ -84.796473977988228, 10.699019884719164 ], [ -84.796673021713303, 10.699025724932826 ], [ -84.79687869238046, 10.69910775082503 ], [ -84.797065180377331, 10.699221573622802 ], [ -84.797238877818231, 10.699354475817923 ], [ -84.797354725647025, 10.699462122425535 ], [ -84.797483216750649, 10.699493545704421 ], [ -84.797624346432613, 10.699448733904934 ], [ -84.797720353326582, 10.699334192078824 ], [ -84.797816176652148, 10.699149802654471 ], [ -84.797899043242353, 10.698920997091376 ], [ -84.798020284283112, 10.698634943826272 ], [ -84.798109653367391, 10.698437871440131 ], [ -84.798186415332566, 10.698329729773453 ], [ -84.798346688245772, 10.698240421285828 ], [ -84.798590494162923, 10.698176300465823 ], [ -84.798866384759606, 10.698105743561033 ], [ -84.79913595523233, 10.698073305309752 ], [ -84.799309322069576, 10.6980792105389 ], [ -84.799476284894396, 10.698091484034981 ], [ -84.799591933356197, 10.698122941183085 ], [ -84.799720455470961, 10.698167054743008 ], [ -84.79986840598697, 10.698274623546284 ], [ -84.7999585734606, 10.698382341311358 ], [ -84.800055227299154, 10.698515434869506 ], [ -84.800113508915643, 10.69870577992107 ], [ -84.800184550549062, 10.698864348727998 ], [ -84.800249218776912, 10.699041975258886 ], [ -84.800275184501501, 10.699149860263999 ], [ -84.800314105376231, 10.699302150409425 ], [ -84.800359564461544, 10.699498877515762 ], [ -84.800398583541607, 10.69968927279071 ], [ -84.8004439937054, 10.69986694955757 ], [ -84.800470139126062, 10.700044677546197 ], [ -84.800502693195327, 10.700216040747387 ], [ -84.800522454970576, 10.700406485394883 ], [ -84.80054206594555, 10.700539780915758 ], [ -84.800568078237475, 10.700666708052776 ], [ -84.800600749063207, 10.700882518335211 ], [ -84.800626796580474, 10.701022150182752 ], [ -84.80067203686913, 10.701136331280363 ], [ -84.800820307645253, 10.701364541487591 ], [ -84.801013336686822, 10.701522791415286 ], [ -84.801257376979933, 10.701547565286127 ], [ -84.801539773895513, 10.701508739873249 ], [ -84.801764386105702, 10.701470064533098 ], [ -84.801918372206387, 10.701431570590525 ], [ -84.802149459644298, 10.701411924245811 ], [ -84.802290743278633, 10.701424263933086 ], [ -84.802380741932126, 10.701468479853903 ], [ -84.802477300409294, 10.701563479113204 ], [ -84.802548141747479, 10.70164584240519 ], [ -84.802593400461262, 10.70176637325835 ], [ -84.802600138519722, 10.701887000498951 ], [ -84.802587565221927, 10.70198863061143 ], [ -84.80258134675536, 10.702064846514919 ], [ -84.802543123010011, 10.702179239287981 ], [ -84.802511255018032, 10.702268225080322 ], [ -84.802466545503023, 10.702357229440429 ], [ -84.802389837987718, 10.702484425098683 ], [ -84.802358084967466, 10.702617852542419 ], [ -84.802326299439926, 10.70273857978172 ], [ -84.802300920686406, 10.702852943109246 ], [ -84.802288312054188, 10.702941875730749 ], [ -84.802301369714129, 10.703024393096936 ], [ -84.802333706301539, 10.703113199261695 ], [ -84.802366073598847, 10.70321471738025 ], [ -84.802424122092319, 10.703316163098577 ], [ -84.802565710938481, 10.703442796235382 ], [ -84.802713546263448, 10.703505910899517 ], [ -84.802861283222626, 10.703530931220417 ], [ -84.803175948951576, 10.703555523470504 ], [ -84.803349365324451, 10.703580473812199 ], [ -84.803516483515182, 10.703649889457605 ], [ -84.803632268230942, 10.703732137556973 ], [ -84.803703075129036, 10.703801803038495 ], [ -84.803773953558007, 10.703896870686165 ], [ -84.803819114574779, 10.703979298889985 ], [ -84.803864323080859, 10.704080780095046 ], [ -84.803903132151049, 10.704188627021523 ], [ -84.803935501917962, 10.704290141303183 ], [ -84.803967887527804, 10.704398004774196 ], [ -84.804000290813789, 10.704512218333608 ], [ -84.804064931916159, 10.704677145370466 ], [ -84.804155537151274, 10.704949955095708 ], [ -84.804207419652315, 10.705146662064045 ], [ -84.804227082917819, 10.705299011982266 ], [ -84.804233767925965, 10.705400592446306 ], [ -84.804240476080636, 10.705508522084402 ], [ -84.804240743957408, 10.705610118191634 ], [ -84.804241062052952, 10.705730759160824 ], [ -84.804241296450712, 10.705819655979425 ], [ -84.804247917252226, 10.705895835145235 ], [ -84.804299601843951, 10.706016350862789 ], [ -84.804357567833193, 10.706086049257488 ], [ -84.804486078115531, 10.706123817673477 ], [ -84.804723733970135, 10.706161300773468 ], [ -84.804903560538477, 10.706179887974214 ], [ -84.805064156378521, 10.70621122318544 ], [ -84.805141349650327, 10.706268169695484 ], [ -84.80523792641003, 10.706369519802744 ], [ -84.805289509043035, 10.706451932952676 ], [ -84.805309105903476, 10.706578880562022 ], [ -84.805309374158838, 10.706680474827399 ], [ -84.805296801685643, 10.706782102254873 ], [ -84.805252143688691, 10.706890167200999 ], [ -84.805200983747739, 10.706966497343814 ], [ -84.805104822214531, 10.70702389598018 ], [ -84.805002247110593, 10.707081304818937 ], [ -84.804912495963677, 10.707132334001205 ], [ -84.804809951563954, 10.707202445689147 ], [ -84.804745913541794, 10.707266110540434 ], [ -84.804701272041299, 10.707380525517928 ], [ -84.80470155687776, 10.707488472599724 ], [ -84.804701891973565, 10.707615465442984 ], [ -84.804715016665739, 10.707723375768092 ], [ -84.804779524897967, 10.707837505410403 ], [ -84.804876049058507, 10.707919805318069 ], [ -84.805011014550544, 10.707970256159905 ], [ -84.805158819034361, 10.708020671976133 ], [ -84.805325819951619, 10.708045639397865 ], [ -84.805589061050199, 10.708044959338444 ], [ -84.805691671713305, 10.708000246858553 ], [ -84.805871294365531, 10.707942633223009 ], [ -84.805974024247163, 10.707942367678831 ], [ -84.806185831303978, 10.707916421344313 ], [ -84.806290570868782, 10.707872409244176 ] ] ] ] } },
{ "type": "Feature", "properties": { "Id": 7, "TERRITORIO": "TERRABA", "DECRETO": "22203", "AÑO": "1993", "CLASIF": "Sin CREF ni PAFT", "AE_2018": null, "AE_2019": null, "AE_2020": null, "AE_2021": null, "AE_2023": null, "AE_2024": null, "AE_2017": null, "AE_2022": null, "PRIMER DESEMBOLSO": null, "SEGUNDO DESEMBOLSO": null, "BLOQUE": "PACIFICO SUR" }, "geometry": { "type": "MultiPolygon", "coordinates": [ [ [ [ -83.293947430728522, 9.01337785876566 ], [ -83.293950457403866, 9.01342957910572 ], [ -83.293988589108238, 9.013539963178582 ], [ -83.294060444461067, 9.013804543603898 ], [ -83.294062029021177, 9.013810490295494 ], [ -83.294083542834684, 9.013950960529202 ], [ -83.294090511442391, 9.014047935507149 ], [ -83.294100285123122, 9.014209354864002 ], [ -83.294098687198229, 9.014288777140035 ], [ -83.294095231824571, 9.014357347837226 ], [ -83.294094154562899, 9.014368195972027 ], [ -83.294027553657912, 9.014566965155861 ], [ -83.293937539659936, 9.014857603975083 ], [ -83.293885456677771, 9.015025932168948 ], [ -83.293790180496671, 9.01531654592246 ], [ -83.293784644685758, 9.015376781669092 ], [ -83.293794131923008, 9.015699323886638 ], [ -83.293797693719256, 9.015728102299423 ], [ -83.293830266967859, 9.015895925934565 ], [ -83.29387107042885, 9.016031396950847 ], [ -83.293870318061167, 9.016030149991558 ], [ -83.294000387504184, 9.016332682351345 ], [ -83.294031024319253, 9.016407976922 ], [ -83.294099570314074, 9.01656205070311 ], [ -83.294175412875205, 9.016746308338785 ], [ -83.294187951201422, 9.016778991257654 ], [ -83.2942270020568, 9.016889271404976 ], [ -83.294263458850821, 9.017017595326333 ], [ -83.294329772682119, 9.017271679864226 ], [ -83.294400035562347, 9.017533425246899 ], [ -83.294420199724939, 9.017613422239732 ], [ -83.294421370353689, 9.017618273348246 ], [ -83.294466278311916, 9.017727353966981 ], [ -83.294467356246201, 9.01773008188564 ], [ -83.294498153113068, 9.017783992424064 ], [ -83.294569259321889, 9.017864864851234 ], [ -83.294666668424696, 9.017966243676486 ], [ -83.29475281999359, 9.01804532828622 ], [ -83.294920608519618, 9.018221477104293 ], [ -83.295055092328681, 9.018344260375578 ], [ -83.295208572689205, 9.018460385244714 ], [ -83.295230746613157, 9.01847278861959 ], [ -83.29540390600404, 9.018555049121924 ], [ -83.295538669624548, 9.018632343610745 ], [ -83.29559923062304, 9.018668269391824 ], [ -83.2956184766132, 9.018676202264217 ], [ -83.295778320052221, 9.018744195698108 ], [ -83.29591385846031, 9.01880157521447 ], [ -83.296008071189689, 9.018847463831515 ], [ -83.296047029051195, 9.018869423759092 ], [ -83.296107552143781, 9.018910031066493 ], [ -83.296230321630262, 9.018990594814504 ], [ -83.296327979704444, 9.019048039022648 ], [ -83.296344713572111, 9.019056949515916 ], [ -83.296460238928873, 9.019110634155121 ], [ -83.296570727352545, 9.01916116898558 ], [ -83.296726035601154, 9.019240938446213 ], [ -83.29673639653798, 9.019246775144071 ], [ -83.296947661690325, 9.019374780579891 ], [ -83.297049016334, 9.019447111907256 ], [ -83.297146334542475, 9.019531938155209 ], [ -83.297312992927203, 9.019679555725919 ], [ -83.297490009871495, 9.019837593115717 ], [ -83.297510332657666, 9.019857070274119 ], [ -83.297732735391946, 9.020077352007769 ], [ -83.297920930054929, 9.020259878360154 ], [ -83.29804458481037, 9.020383354718467 ], [ -83.298113375779323, 9.020447015546779 ], [ -83.298143770688867, 9.020471905423152 ], [ -83.298175640595829, 9.020495844558626 ], [ -83.298416275597305, 9.020676767713757 ], [ -83.298522060397048, 9.0207634952819 ], [ -83.298567496108745, 9.020800588667869 ], [ -83.298596672538181, 9.020827511682933 ], [ -83.298649425249479, 9.020901410433058 ], [ -83.298692206211925, 9.020934997661149 ], [ -83.298752285205012, 9.020959951977781 ], [ -83.298837884128247, 9.020980924571237 ], [ -83.298854184357069, 9.020984386155531 ], [ -83.298953403687491, 9.021008011531586 ], [ -83.298993927388182, 9.021019681916304 ], [ -83.299034331702018, 9.021037892503996 ], [ -83.299107904053912, 9.021070207790823 ], [ -83.299120414258667, 9.021077955764106 ], [ -83.299222684055792, 9.021147899051938 ], [ -83.299421492337146, 9.021282007869535 ], [ -83.299495952218251, 9.021335971031032 ], [ -83.299624901178831, 9.021408202406283 ], [ -83.299660811439665, 9.021426361677198 ], [ -83.299796245280135, 9.02148502310558 ], [ -83.299957266036628, 9.021562598240466 ], [ -83.299961192087778, 9.021564336023363 ], [ -83.300102311028041, 9.02165173842566 ], [ -83.300257875488441, 9.021747601183964 ], [ -83.300282909627256, 9.021762077796799 ], [ -83.300358302669096, 9.021787648616845 ], [ -83.300448171366739, 9.021803902330504 ], [ -83.300481109451425, 9.021803411652604 ], [ -83.300630905858583, 9.021789280474842 ], [ -83.300832781767269, 9.021763635893938 ], [ -83.300881005168279, 9.021768800912305 ], [ -83.300955676785449, 9.021787864155558 ], [ -83.301016084250975, 9.021813614987632 ], [ -83.301076598570717, 9.021848190665034 ], [ -83.301093671362864, 9.021858840942707 ], [ -83.301284034318797, 9.021992384675896 ], [ -83.301415433088934, 9.022088861912188 ], [ -83.301487616206529, 9.022118670683719 ], [ -83.301532430354143, 9.022137361998793 ], [ -83.301595813975283, 9.02215533381915 ], [ -83.301622051399463, 9.02215893110759 ], [ -83.30175367156852, 9.022165638312503 ], [ -83.301812966453809, 9.022164792607937 ], [ -83.302044055370231, 9.022156020527097 ], [ -83.302081755549722, 9.022152059187707 ], [ -83.302146321506569, 9.022145910931835 ], [ -83.30234229606738, 9.022142367553206 ], [ -83.302373906438518, 9.022143866055586 ], [ -83.302444257724488, 9.022166317706606 ], [ -83.302466455274796, 9.022176716461317 ], [ -83.302568287746041, 9.022231851497054 ], [ -83.30270213140524, 9.022312739239224 ], [ -83.302756168398162, 9.022330066319421 ], [ -83.302877048049837, 9.022351078247388 ], [ -83.303016152400801, 9.022371632279732 ], [ -83.303030786877841, 9.022381509866289 ], [ -83.303092745755222, 9.022409230622262 ], [ -83.303199741297504, 9.022499373040763 ], [ -83.303215525903767, 9.022536200398587 ], [ -83.303257820716439, 9.022650484376134 ], [ -83.303295263092949, 9.022757860198215 ], [ -83.303332993517614, 9.022861762724672 ], [ -83.303356842314784, 9.02295151071721 ], [ -83.303362053805571, 9.022976343624542 ], [ -83.303396690422971, 9.023123059225227 ], [ -83.303397592611176, 9.023135862849502 ], [ -83.303401221347684, 9.023278155699796 ], [ -83.303448989729802, 9.023347013278777 ], [ -83.304869611397407, 9.024433191805876 ], [ -83.305344101124234, 9.024410153679133 ], [ -83.305512995367152, 9.024367770478923 ], [ -83.305659982595145, 9.024265700885493 ], [ -83.305895148842509, 9.024032263409412 ], [ -83.305941703188495, 9.024489060004672 ], [ -83.305878838374596, 9.024627114245588 ], [ -83.305801552997295, 9.024699971152298 ], [ -83.305640087366257, 9.024807931701742 ], [ -83.305399304093115, 9.024943183871558 ], [ -83.305356603101828, 9.025113630136662 ], [ -83.305352803389894, 9.025312188347097 ], [ -83.305312955462398, 9.025707498727666 ], [ -83.30529049333046, 9.026228639525568 ], [ -83.305319258414812, 9.026677190737939 ], [ -83.305345210238855, 9.026889575744381 ], [ -83.305378468227261, 9.026958012180929 ], [ -83.305641735959242, 9.02732708693167 ], [ -83.305864400299569, 9.027597475706926 ], [ -83.305967617216112, 9.027724372494177 ], [ -83.306365243533321, 9.028350015588739 ], [ -83.306639265880975, 9.028679995537388 ], [ -83.3067275578411, 9.028775668511923 ], [ -83.306901156604852, 9.028909372219697 ], [ -83.307154405294966, 9.029039616991321 ], [ -83.307368002333092, 9.029113329436891 ], [ -83.307539831803638, 9.029168049344875 ], [ -83.307725916258761, 9.029203571872827 ], [ -83.307963282197321, 9.029222392691493 ], [ -83.308434421250581, 9.029247385489498 ], [ -83.308558685707268, 9.02926001569587 ], [ -83.309058843379432, 9.029378363979044 ], [ -83.309082405288819, 9.029308940674897 ], [ -83.309114618958034, 9.029238439595511 ], [ -83.309174569465114, 9.029203533744015 ], [ -83.309234619683039, 9.029187914086881 ], [ -83.309327761946363, 9.029189825287657 ], [ -83.310000544109187, 9.029416753614775 ], [ -83.31010744613495, 9.029448527290153 ], [ -83.310222452411622, 9.029450896174618 ], [ -83.310307407389729, 9.029391389329165 ], [ -83.310376350463457, 9.029348335476948 ], [ -83.310416964675937, 9.029327471085233 ], [ -83.310490985546053, 9.029354861865359 ], [ -83.310706035168138, 9.029523496120165 ], [ -83.31080725114559, 9.02963720509068 ], [ -83.31101921967263, 9.029948539124582 ], [ -83.311160774096223, 9.030067007315445 ], [ -83.311348826780318, 9.030212977211031 ], [ -83.311536059359042, 9.030345446169045 ], [ -83.311620521118627, 9.030411699620291 ], [ -83.311763865389111, 9.030560171443316 ], [ -83.312005295086891, 9.030934020537229 ], [ -83.312131663849328, 9.031026907992343 ], [ -83.312197615491456, 9.03106978088179 ], [ -83.312341212356714, 9.031114028867989 ], [ -83.312429747129144, 9.031162179180726 ], [ -83.312493588600617, 9.031190698830523 ], [ -83.312586440718775, 9.031259653191 ], [ -83.312694080081087, 9.03134187300445 ], [ -83.313314589680175, 9.03156406001289 ], [ -83.313487122099559, 9.031553514888625 ], [ -83.316684443425672, 9.03090229083301 ], [ -83.320009922956586, 9.033418908424197 ], [ -83.32126922172742, 9.034390348635471 ], [ -83.321532890654126, 9.034565617710312 ], [ -83.322535580501309, 9.035232978492136 ], [ -83.322893636441307, 9.03540760751209 ], [ -83.3244222534816, 9.036155954038287 ], [ -83.324830118545094, 9.036354456468564 ], [ -83.324968069113481, 9.036421694755251 ], [ -83.324871968523638, 9.03655662441567 ], [ -83.324710133827125, 9.036783868788872 ], [ -83.324587694106356, 9.036955797593865 ], [ -83.3245265471555, 9.037041660391488 ], [ -83.324497099467592, 9.037083011098664 ], [ -83.323984656493067, 9.037861871781278 ], [ -83.323703352247193, 9.03825580354974 ], [ -83.32339468794639, 9.038584269306728 ], [ -83.323236639900756, 9.038752458216633 ], [ -83.323206763165146, 9.038784251774661 ], [ -83.322598239441263, 9.03937649457362 ], [ -83.322595248360017, 9.039464820643788 ], [ -83.322614342158118, 9.039456459731095 ], [ -83.322625797900855, 9.039465358981671 ], [ -83.322887422855885, 9.03954000245092 ], [ -83.323398597311467, 9.039692422150871 ], [ -83.323663111694714, 9.039817613825049 ], [ -83.323975115162341, 9.039991410900576 ], [ -83.32400296045796, 9.040072503466009 ], [ -83.324002774726765, 9.040342788297183 ], [ -83.324013259677244, 9.040412347755412 ], [ -83.324117795916294, 9.040544387264356 ], [ -83.32430697419808, 9.04060955615576 ], [ -83.32446032239649, 9.040729569544391 ], [ -83.324524724043002, 9.040805494230538 ], [ -83.324650044978497, 9.040854179772989 ], [ -83.325369666662155, 9.041085879031487 ], [ -83.325457583925896, 9.041105011245058 ], [ -83.325545374746099, 9.041131487825014 ], [ -83.325651262714331, 9.041132878753531 ], [ -83.325735515598595, 9.041121072313004 ], [ -83.325804122982461, 9.041109237997576 ], [ -83.325887171185514, 9.041098624627287 ], [ -83.325975006531408, 9.041101179409795 ], [ -83.326054413918456, 9.04110610842131 ], [ -83.326076246659852, 9.041106934267688 ], [ -83.326248527292123, 9.041141944013562 ], [ -83.326433468397553, 9.041216543667497 ], [ -83.326846578696617, 9.041539374101228 ], [ -83.32733511531471, 9.041919025261945 ], [ -83.327449872856675, 9.041979697980484 ], [ -83.327619211534952, 9.04202209788429 ], [ -83.327774324708159, 9.042128134672845 ], [ -83.327980498369442, 9.042299636903646 ], [ -83.328205803202806, 9.042454530004441 ], [ -83.328366901237416, 9.042561335228623 ], [ -83.328787169037, 9.043112304965518 ], [ -83.328928478954737, 9.043221462583105 ], [ -83.329358976423379, 9.043593143289403 ], [ -83.329510967412077, 9.043553628451294 ], [ -83.32980241384584, 9.043401626719566 ], [ -83.330020639151115, 9.043323335046106 ], [ -83.330274028629574, 9.043210613131491 ], [ -83.330474012164075, 9.043065858008655 ], [ -83.330744763871749, 9.043032635519888 ], [ -83.330933180924035, 9.042935183616519 ], [ -83.331151852922702, 9.042880726141016 ], [ -83.331532398472987, 9.042714961121458 ], [ -83.331807244433676, 9.042730272450655 ], [ -83.332086075814985, 9.04285336870625 ], [ -83.332391416573529, 9.043092735914886 ], [ -83.332555066130382, 9.043330705748112 ], [ -83.332704342410253, 9.043485871972537 ], [ -83.332749777260133, 9.043509824923706 ], [ -83.332928438813866, 9.043563089554016 ], [ -83.333078371606092, 9.043732343912806 ], [ -83.333136338977297, 9.0439548135718 ], [ -83.333241141951461, 9.044171681125999 ], [ -83.333381375666434, 9.044283421133793 ], [ -83.333606943448103, 9.044302818900112 ], [ -83.333652260577267, 9.044262285633646 ], [ -83.333715576504176, 9.044252409544121 ], [ -83.333769799602848, 9.044315104250607 ], [ -83.334090493233916, 9.044066314812712 ], [ -83.334235639228879, 9.044009597155846 ], [ -83.334290919120292, 9.044007057330727 ], [ -83.334417532585334, 9.044150743934601 ], [ -83.334495509864666, 9.044245435282166 ], [ -83.334623550557836, 9.044558042788731 ], [ -83.334737549306197, 9.044721064839299 ], [ -83.335013182447071, 9.044913069615259 ], [ -83.33559631071688, 9.045248383107857 ], [ -83.335757037795361, 9.045315890900401 ], [ -83.335896480670115, 9.045279198842683 ], [ -83.336021915690736, 9.045237671136448 ], [ -83.336108886729974, 9.045229600629371 ], [ -83.336913731885005, 9.045438565982431 ], [ -83.337127790058517, 9.045450436152812 ], [ -83.337193453900682, 9.045425084196921 ], [ -83.337476936099776, 9.045374818005554 ], [ -83.337842418768446, 9.045497913021624 ], [ -83.337887672619217, 9.045765549967966 ], [ -83.337986627670915, 9.046043600561635 ], [ -83.338213346192674, 9.046394848957219 ], [ -83.338229166902266, 9.046447979874428 ], [ -83.338221814092492, 9.046533446652926 ], [ -83.338185489715528, 9.046706179368082 ], [ -83.338273967386385, 9.046919155403581 ], [ -83.338300753606944, 9.047064179606874 ], [ -83.338294075264614, 9.047129973600335 ], [ -83.338221416076735, 9.04732974705432 ], [ -83.338137284438204, 9.047929019682625 ], [ -83.338129673682644, 9.048066992479285 ], [ -83.338218886924309, 9.048260846505963 ], [ -83.338287857326307, 9.048347645506166 ], [ -83.338470098131168, 9.048420164049931 ], [ -83.338776458120833, 9.048529706503256 ], [ -83.338923101536849, 9.04861006311784 ], [ -83.338959848589752, 9.048630274482377 ], [ -83.339069720276342, 9.048748829513617 ], [ -83.33916917438917, 9.0488390107173 ], [ -83.339272755102272, 9.048791257981096 ], [ -83.339495142375213, 9.048671186221231 ], [ -83.339807375380133, 9.048528219644483 ], [ -83.33995271740288, 9.048469357251067 ], [ -83.340165597269475, 9.048315307006817 ], [ -83.340620863064871, 9.048117424241401 ], [ -83.341213839333619, 9.047810229170093 ], [ -83.341374143073239, 9.047686662952909 ], [ -83.341552331457649, 9.047576899421403 ], [ -83.341978063107121, 9.047247828809326 ], [ -83.342077714399949, 9.047164588207348 ], [ -83.342223341683294, 9.047098428638096 ], [ -83.343106343684624, 9.046777844355963 ], [ -83.34312066314304, 9.046781468648289 ], [ -83.343512082066027, 9.046513041136356 ], [ -83.344003534904175, 9.046336132324145 ], [ -83.344328078709012, 9.046244206451263 ], [ -83.344500201293599, 9.046188247237811 ], [ -83.345885206863286, 9.045612390296078 ], [ -83.346178717426838, 9.045533988099342 ], [ -83.34634653273028, 9.045455244019241 ], [ -83.346605875787333, 9.045287863560773 ], [ -83.347048927298403, 9.045090402590619 ], [ -83.348404796910302, 9.044526527305848 ], [ -83.348709369262494, 9.04439105273965 ], [ -83.349220680284077, 9.044149495839267 ], [ -83.349288545505061, 9.044138711882095 ], [ -83.349633164946326, 9.044095145109351 ], [ -83.349744076332442, 9.044081752004903 ], [ -83.350755782900876, 9.04396286396544 ], [ -83.35123338491799, 9.043999614339372 ], [ -83.351572949217854, 9.044015703617717 ], [ -83.352216601651818, 9.043967907114588 ], [ -83.352501478979988, 9.043934702464597 ], [ -83.352956738507345, 9.043896960937353 ], [ -83.35307424887273, 9.043891173572801 ], [ -83.353283552531266, 9.043922122184068 ], [ -83.353844307347856, 9.044174093238768 ], [ -83.353960346081791, 9.044177498517602 ], [ -83.354069756507783, 9.044169264321303 ], [ -83.354135389867281, 9.044155229517184 ], [ -83.354234106102737, 9.044145574952944 ], [ -83.354343278133967, 9.04415371496407 ], [ -83.35477809210856, 9.044145682719739 ], [ -83.354872650144287, 9.044157241784655 ], [ -83.355155856433257, 9.044214594864663 ], [ -83.355327101177522, 9.04422128856039 ], [ -83.355415771110657, 9.044234609328909 ], [ -83.355489440094985, 9.044197866344186 ], [ -83.355847932445542, 9.04400991134856 ], [ -83.356201586619918, 9.043913441544857 ], [ -83.35642441740535, 9.043918109510066 ], [ -83.356823791032866, 9.044044862162204 ], [ -83.357045334822061, 9.044082873694647 ], [ -83.357347959471696, 9.044125792254865 ], [ -83.357621960492864, 9.044147665336309 ], [ -83.358048288455308, 9.044237039863201 ], [ -83.358162577482361, 9.044314276189647 ], [ -83.358218785965036, 9.044388372772914 ], [ -83.358311893560796, 9.044705424131578 ], [ -83.358368977349087, 9.044814333205244 ], [ -83.358418793773268, 9.04484608481231 ], [ -83.358624185112205, 9.044991366355799 ], [ -83.358896803862137, 9.045126593323259 ], [ -83.359038552005572, 9.045122600563838 ], [ -83.359401586477674, 9.045009579491353 ], [ -83.359608633488392, 9.044944062553324 ], [ -83.359747986787738, 9.044936376270671 ], [ -83.360083036165747, 9.044934791200985 ], [ -83.36067494109065, 9.044800856677172 ], [ -83.361025445735649, 9.044695307754603 ], [ -83.361517090410416, 9.044605465809637 ], [ -83.362377231982819, 9.044522973262234 ], [ -83.362741767479079, 9.044486589841311 ], [ -83.363266916215466, 9.044482149477028 ], [ -83.363405863611092, 9.044498313404723 ], [ -83.363486077973306, 9.044525406340838 ], [ -83.363617045467038, 9.04446034269875 ], [ -83.363827241622687, 9.04440871700721 ], [ -83.364106777866567, 9.044376488623389 ], [ -83.364684968613091, 9.044374932129763 ], [ -83.365219903052832, 9.044392088745232 ], [ -83.365804408504388, 9.044384175975393 ], [ -83.366094332767389, 9.044408773819868 ], [ -83.366135639360309, 9.044355507506708 ], [ -83.36617981428104, 9.04432124302186 ], [ -83.366471549559719, 9.044262074795849 ], [ -83.366620966738239, 9.044231243528012 ], [ -83.367025670363049, 9.044178550436849 ], [ -83.367540994429604, 9.043919387703951 ], [ -83.367719442138892, 9.043895635163617 ], [ -83.367805243494999, 9.043843458050729 ], [ -83.367927560610809, 9.043804056676349 ], [ -83.36842651184665, 9.043617479324725 ], [ -83.368495239013598, 9.043576375995666 ], [ -83.368728296347456, 9.043235122709198 ], [ -83.368938772950202, 9.043053084145601 ], [ -83.36918557380568, 9.04296757523084 ], [ -83.369671345606179, 9.042811136936603 ], [ -83.369767137183231, 9.042756942085383 ], [ -83.370197338177888, 9.042566093791924 ], [ -83.370618613057715, 9.042366314394085 ], [ -83.370666847314084, 9.042330184627628 ], [ -83.371078027252281, 9.04214501702879 ], [ -83.371224966654111, 9.042105177496536 ], [ -83.371275325344726, 9.042102750204888 ], [ -83.371415860205161, 9.042086588317922 ], [ -83.371538427416326, 9.042047205085952 ], [ -83.371705528876745, 9.041993529729204 ], [ -83.371894487406635, 9.041945709245161 ], [ -83.371976845900591, 9.041900348152982 ], [ -83.372129750146811, 9.041835318860178 ], [ -83.372291835758944, 9.041757628559063 ], [ -83.372358575592585, 9.041718654921171 ], [ -83.372424761802819, 9.041626441985255 ], [ -83.372506237881069, 9.041466025490047 ], [ -83.372547694852656, 9.041403978993952 ], [ -83.372611719656902, 9.041378048029946 ], [ -83.372754576158883, 9.041400372544208 ], [ -83.37283841928334, 9.041427831319089 ], [ -83.372912712371701, 9.041460228674168 ], [ -83.373447626109623, 9.041645406526024 ], [ -83.373528675774963, 9.041663013814917 ], [ -83.373707245856025, 9.041641374256779 ], [ -83.373746987611923, 9.041576973806086 ], [ -83.373813478631718, 9.041455537888639 ], [ -83.373887574595287, 9.041380969751856 ], [ -83.373930080193873, 9.041354133797366 ], [ -83.373981626361626, 9.041348742429415 ], [ -83.374076186746834, 9.041364338241886 ], [ -83.374366266366707, 9.041435124454036 ], [ -83.374680659856693, 9.041505545017138 ], [ -83.374894400155014, 9.041585947763073 ], [ -83.375339069482095, 9.041785246171795 ], [ -83.375628775108552, 9.041946774715079 ], [ -83.376000182809832, 9.042132945465939 ], [ -83.376465717989561, 9.042375317265916 ], [ -83.376890047538481, 9.042645358876731 ], [ -83.376985948599796, 9.042712069791714 ], [ -83.377069725289331, 9.042746824293847 ], [ -83.377386947250926, 9.042903190180658 ], [ -83.377597842448793, 9.043036318648213 ], [ -83.377874011689158, 9.043231865110331 ], [ -83.377929012236876, 9.043264897863939 ], [ -83.378119897517195, 9.043275800604684 ], [ -83.37823494293238, 9.043317669565969 ], [ -83.378458159193968, 9.043437463657265 ], [ -83.378595619913042, 9.04352002264733 ], [ -83.378791069114001, 9.04365964347131 ], [ -83.378936522184844, 9.043781150076352 ], [ -83.37904041407522, 9.043813713931312 ], [ -83.379167109258262, 9.043835719324194 ], [ -83.37945222700975, 9.043980112020693 ], [ -83.379874418197431, 9.044173408638683 ], [ -83.380024850414188, 9.044266522821429 ], [ -83.38011637449867, 9.044435931933855 ], [ -83.380168914783027, 9.044546186643464 ], [ -83.380200512290656, 9.044642852212379 ], [ -83.380298611206143, 9.044708486447218 ], [ -83.3804450956072, 9.044715211596074 ], [ -83.380662367648242, 9.044694999443882 ], [ -83.380859744349777, 9.044702909883593 ], [ -83.381106204880226, 9.044768038527423 ], [ -83.38140996809112, 9.044945997490494 ], [ -83.381802452076911, 9.045049980740941 ], [ -83.382004512513547, 9.04512774677711 ], [ -83.382269668938804, 9.045126963960525 ], [ -83.382430033542562, 9.045108861091091 ], [ -83.382820990992769, 9.044950617942161 ], [ -83.383511624126768, 9.044898035144955 ], [ -83.384005572698214, 9.04487426251819 ], [ -83.384182595066449, 9.044870274066426 ], [ -83.384487465660968, 9.044895379877754 ], [ -83.38574371803486, 9.045283302866768 ], [ -83.385882428667401, 9.045300732865353 ], [ -83.386214381478879, 9.045243502268356 ], [ -83.386547922659801, 9.045241953786647 ], [ -83.386942219499446, 9.045281077426461 ], [ -83.387282671116381, 9.045267589208171 ], [ -83.387684667323654, 9.045258574305082 ], [ -83.388259000302455, 9.045150561507358 ], [ -83.38854318090165, 9.045159633496217 ], [ -83.389098142537577, 9.045324208249799 ], [ -83.389231710596803, 9.045362134463549 ], [ -83.389424294103009, 9.045354145787771 ], [ -83.389803807561648, 9.04535192043774 ], [ -83.390129634697473, 9.045442808924507 ], [ -83.390490175874149, 9.045342257194411 ], [ -83.390960163511835, 9.045487988431821 ], [ -83.391337659516168, 9.045495631868214 ], [ -83.391632231740175, 9.045370972350081 ], [ -83.391977436668142, 9.045346354402136 ], [ -83.3922108164859, 9.045321505540933 ], [ -83.392544757102257, 9.045239298803249 ], [ -83.392895306341856, 9.045358165207078 ], [ -83.392998542949599, 9.04537040704944 ], [ -83.393186783645163, 9.045527766903911 ], [ -83.393410834870039, 9.045712519498419 ], [ -83.393659609476202, 9.045717741330268 ], [ -83.3939735782822, 9.045704562066511 ], [ -83.394211233985644, 9.045711438793214 ], [ -83.394161579095524, 9.045803405690085 ], [ -83.393757317930366, 9.045889637874058 ], [ -83.393926023701923, 9.046258010458413 ], [ -83.394394614397697, 9.047281171804693 ], [ -83.394403206028073, 9.047299932509643 ], [ -83.394450330422259, 9.047402826378377 ], [ -83.394446051934992, 9.047649104480936 ], [ -83.394247509336765, 9.047877841314836 ], [ -83.393983636438932, 9.047785183455758 ], [ -83.393379255756429, 9.047842444000104 ], [ -83.392915319675836, 9.04811747719838 ], [ -83.392168201599816, 9.048262207140711 ], [ -83.391520431482931, 9.048208822327489 ], [ -83.390450854764666, 9.048422120160467 ], [ -83.390240900879832, 9.048394931032057 ], [ -83.389873516779602, 9.048624258673767 ], [ -83.389787931449746, 9.048524388958789 ], [ -83.388740281885219, 9.048840006937375 ], [ -83.388305811638403, 9.04954736266801 ], [ -83.388821945747566, 9.049977208600108 ], [ -83.388682207251293, 9.050438072358995 ], [ -83.388860593027232, 9.050588308384953 ], [ -83.388857231684824, 9.051180699193766 ], [ -83.388449168899214, 9.052173509669529 ], [ -83.388050455419148, 9.052506195441302 ], [ -83.387461872579962, 9.053886322711975 ], [ -83.387216969798075, 9.054460573601419 ], [ -83.386919624272537, 9.054904206452203 ], [ -83.386771042729151, 9.05621606270372 ], [ -83.386517807762829, 9.056864811027099 ], [ -83.38640988547931, 9.056879938950805 ], [ -83.385415273648192, 9.057019349050355 ], [ -83.384858009582587, 9.056931874607706 ], [ -83.384628224192255, 9.057289848640293 ], [ -83.38367968697321, 9.057150496117512 ], [ -83.383202711553736, 9.05745168429392 ], [ -83.38279135442653, 9.057402751016697 ], [ -83.382847665384759, 9.058204751024032 ], [ -83.382615321106158, 9.058297871856412 ], [ -83.38256825651078, 9.058460230146217 ], [ -83.382390628322213, 9.059072992948051 ], [ -83.382138813559365, 9.059184309842216 ], [ -83.38151666442802, 9.05909584086503 ], [ -83.3812830091032, 9.060164867289757 ], [ -83.380543438932051, 9.06025655025269 ], [ -83.379483579437945, 9.061116549009871 ], [ -83.37986377734056, 9.06156415055295 ], [ -83.379905893788461, 9.061956402672633 ], [ -83.379784889780709, 9.061974956721247 ], [ -83.379349815740255, 9.061936737970465 ], [ -83.379335294489238, 9.062500485539566 ], [ -83.379321601691387, 9.063031982256613 ], [ -83.379072979449703, 9.064026862410275 ], [ -83.379022549038694, 9.064563824869586 ], [ -83.378401345966523, 9.064785922458242 ], [ -83.378017563919386, 9.064763813002363 ], [ -83.377597442664126, 9.06547180380527 ], [ -83.377342300109248, 9.065464273585718 ], [ -83.376855332748519, 9.065305746692218 ], [ -83.376482292532643, 9.065666328649186 ], [ -83.376219392903153, 9.066030658678919 ], [ -83.37621852426139, 9.066032200638293 ], [ -83.376018886118032, 9.066386043140843 ], [ -83.375957259205833, 9.06671021784789 ], [ -83.375379617416669, 9.066707038324243 ], [ -83.375065336289083, 9.066705307069554 ], [ -83.374020437595846, 9.0672602491476 ], [ -83.374129770622531, 9.068019191144812 ], [ -83.373600446220408, 9.068199322159465 ], [ -83.373240070642282, 9.068611619576521 ], [ -83.373342768499271, 9.069561772243755 ], [ -83.372607956122465, 9.069660941546696 ], [ -83.372128498478574, 9.069963564868855 ], [ -83.37151522015661, 9.069796593817175 ], [ -83.370754057368757, 9.070177645235068 ], [ -83.370185826978243, 9.069599164050082 ], [ -83.370156803205646, 9.069642200137656 ], [ -83.370147150499932, 9.069656513890827 ], [ -83.370048665322102, 9.069802550456357 ], [ -83.369881949697714, 9.070309000195998 ], [ -83.369446047585797, 9.070810338162577 ], [ -83.369203744315172, 9.070900218110774 ], [ -83.369111352149858, 9.071173870238812 ], [ -83.368516651364459, 9.070917433898249 ], [ -83.368141459956263, 9.070615774571333 ], [ -83.368047523012677, 9.070933328965028 ], [ -83.368146956612094, 9.07146155552025 ], [ -83.367897072021634, 9.071866157985438 ], [ -83.367733831237373, 9.072165564827635 ], [ -83.36762501934389, 9.072310798823214 ], [ -83.367483751292426, 9.072499359244379 ], [ -83.367254312134236, 9.072730246329115 ], [ -83.367141699805231, 9.073002898038533 ], [ -83.367123667523316, 9.073046559571054 ], [ -83.367060801402303, 9.073617209729649 ], [ -83.367013404529061, 9.074068627845811 ], [ -83.366997831245186, 9.074216960739486 ], [ -83.366985877420632, 9.074326418298572 ], [ -83.366958236632854, 9.074579493241101 ], [ -83.36690858563658, 9.074920722071488 ], [ -83.366854298855529, 9.075297752041291 ], [ -83.366863997391221, 9.075732098588082 ], [ -83.36679017598162, 9.076217639805538 ], [ -83.366573900619287, 9.076544837994696 ], [ -83.366351142156148, 9.076800228288695 ], [ -83.36618263428845, 9.076993421702419 ], [ -83.365846818172926, 9.07736720424681 ], [ -83.365829007157998, 9.07739187103228 ], [ -83.365524579741759, 9.077923817285281 ], [ -83.365354377611965, 9.078226901428556 ], [ -83.365319449456976, 9.078270053355379 ], [ -83.364953826057828, 9.078721740679365 ], [ -83.364934426766112, 9.078755113717891 ], [ -83.364726621191977, 9.079112590917601 ], [ -83.364487772175522, 9.07952347001425 ], [ -83.364655841869222, 9.080018507393934 ], [ -83.364480057597177, 9.080324383325916 ], [ -83.364602858593813, 9.081415892219807 ], [ -83.364450346353749, 9.081377056305652 ], [ -83.364145604764957, 9.081299458023818 ], [ -83.363657165645535, 9.081378499742437 ], [ -83.362998364024961, 9.081970808079998 ], [ -83.36297062865502, 9.08211459848922 ], [ -83.362838489114566, 9.082799669584334 ], [ -83.361784024460519, 9.083832510975171 ], [ -83.361061975471216, 9.084411539804659 ], [ -83.360929485649564, 9.084487671308393 ], [ -83.360697430473863, 9.084621287052576 ], [ -83.360862802018914, 9.085387983716851 ], [ -83.360533367284532, 9.085612046579893 ], [ -83.35938171197111, 9.085316369712666 ], [ -83.359258345265616, 9.085284696794346 ], [ -83.35832361931719, 9.085044711478975 ], [ -83.357926301747412, 9.08494270140889 ], [ -83.357362720994303, 9.084694076783183 ], [ -83.357050705473753, 9.084466540485451 ], [ -83.355807466008471, 9.084268970280892 ], [ -83.354386094588165, 9.083812187506728 ], [ -83.353875224162195, 9.083707485884931 ], [ -83.353291105967173, 9.083587772864728 ], [ -83.352198358603971, 9.083058395035867 ], [ -83.350867449708758, 9.082769937671532 ], [ -83.349830548606306, 9.08290376746095 ], [ -83.348574055562835, 9.083586996823886 ], [ -83.347829445820395, 9.083991884667661 ], [ -83.347512775734401, 9.084062324822787 ], [ -83.347368423569065, 9.084094437267026 ], [ -83.346835531665349, 9.084212972229475 ], [ -83.346830737944543, 9.084218826338882 ], [ -83.347208281309676, 9.084454633831818 ], [ -83.347209003037449, 9.084470525135567 ], [ -83.347213240925143, 9.084563691917037 ], [ -83.347259704655599, 9.08558514007113 ], [ -83.347269010707805, 9.085789721408034 ], [ -83.346105784233345, 9.088296340254427 ], [ -83.343488250842981, 9.087476284071396 ], [ -83.342807170422631, 9.087586386806562 ], [ -83.342524876196194, 9.087632021193025 ], [ -83.340031352544258, 9.088035109494312 ], [ -83.339136933418786, 9.088179689796647 ], [ -83.336951468067213, 9.087914406202374 ], [ -83.335493056198345, 9.08693494868211 ], [ -83.335285013781188, 9.086079351202933 ], [ -83.334458699476613, 9.084813199264872 ], [ -83.334283593078709, 9.084544880673629 ], [ -83.334078103986286, 9.083707236129449 ], [ -83.333699073838744, 9.08325804484109 ], [ -83.333526398151619, 9.083053405113217 ], [ -83.332340709763557, 9.08276799803996 ], [ -83.331790902587073, 9.082859641291423 ], [ -83.330649335703498, 9.083049912661874 ], [ -83.330143576294034, 9.08313420993928 ], [ -83.325408603559879, 9.083431868182089 ], [ -83.323253560594821, 9.08342009431863 ], [ -83.32287186999649, 9.083418007789364 ], [ -83.31933969278154, 9.083603100267407 ], [ -83.316588253984577, 9.083246328893688 ], [ -83.314525279470843, 9.08257943715566 ], [ -83.313659718252055, 9.082299624794613 ], [ -83.311478903334589, 9.081342828478197 ], [ -83.311373533277347, 9.081285252004228 ], [ -83.308754393503534, 9.079854036925093 ], [ -83.30690066029895, 9.080099311047595 ], [ -83.306465860997989, 9.080223091227966 ], [ -83.300594987634582, 9.081894354414663 ], [ -83.298329884879749, 9.082201336140969 ], [ -83.296503185529843, 9.082196503245255 ], [ -83.294081170019709, 9.081560321133324 ], [ -83.290292126635208, 9.081927159545783 ], [ -83.288614731825945, 9.082529475994152 ], [ -83.286936583904435, 9.08347751533536 ], [ -83.285773675130329, 9.084748348312164 ], [ -83.285344238103264, 9.086244676895463 ], [ -83.282992873591056, 9.088733040072336 ], [ -83.281398463641438, 9.089580810055224 ], [ -83.278093989254572, 9.089952772236245 ], [ -83.27747174366317, 9.090022810405484 ], [ -83.275184959283692, 9.090801475163801 ], [ -83.274632657730308, 9.090803810581836 ], [ -83.271138664746346, 9.091889460354764 ], [ -83.271031204787349, 9.092081002919207 ], [ -83.270740244023628, 9.091599816122441 ], [ -83.27090025153953, 9.091514677929041 ], [ -83.270800947437721, 9.091330307574056 ], [ -83.270783824977372, 9.091292440204089 ], [ -83.270739926782753, 9.091195356621048 ], [ -83.27071684038647, 9.091125658008702 ], [ -83.270698796275525, 9.091071182209237 ], [ -83.270689822351159, 9.091044089613117 ], [ -83.27065776713863, 9.090887013588922 ], [ -83.270653439686896, 9.090789418084594 ], [ -83.270669671379778, 9.090636621207059 ], [ -83.270725232947655, 9.090439678054322 ], [ -83.270790256813839, 9.090305705925974 ], [ -83.27085722174489, 9.090206600038398 ], [ -83.270984879987523, 9.090059421080721 ], [ -83.271107923111813, 9.089943963402929 ], [ -83.27112894405947, 9.089924238356819 ], [ -83.271294661711266, 9.08980647483877 ], [ -83.271458214255276, 9.089724691044179 ], [ -83.271662631727281, 9.08964931316568 ], [ -83.271903628318825, 9.089597838110013 ], [ -83.27214818242912, 9.089562308403046 ], [ -83.273030675960257, 9.089451717971288 ], [ -83.27367057393856, 9.089370916428221 ], [ -83.274271201589059, 9.089295072584379 ], [ -83.274630649333957, 9.08923733382823 ], [ -83.275030193605815, 9.089155998434505 ], [ -83.27534008815573, 9.089062365955911 ], [ -83.275641542226765, 9.088954038936702 ], [ -83.275929269264068, 9.088823420941271 ], [ -83.276235189393191, 9.088666405684217 ], [ -83.27652722952233, 9.088488356415219 ], [ -83.276845981418958, 9.088258038518759 ], [ -83.277051493838215, 9.088084542552226 ], [ -83.277288143437119, 9.087870795666712 ], [ -83.277459785180397, 9.087686782941153 ], [ -83.277638312559546, 9.087480117045416 ], [ -83.277800058602864, 9.087256893627536 ], [ -83.277879822164778, 9.087138215553358 ], [ -83.278050894329965, 9.086883681499083 ], [ -83.278165108605066, 9.086687501092937 ], [ -83.278752856333497, 9.085677950608723 ], [ -83.278913580410077, 9.085435354628993 ], [ -83.279057638234889, 9.085245938179099 ], [ -83.279185029467101, 9.085110697343902 ], [ -83.279382009166639, 9.084949904938211 ], [ -83.279539183446914, 9.084832587895727 ], [ -83.27972036186577, 9.084718809378268 ], [ -83.28005407952719, 9.084511496435681 ], [ -83.280292275547993, 9.084329992751119 ], [ -83.280383063367353, 9.084260812980991 ], [ -83.280461164925711, 9.084168903501295 ], [ -83.280704277055392, 9.08388281006528 ], [ -83.280916671662908, 9.083638849864291 ], [ -83.281130856630156, 9.083373399182365 ], [ -83.281746961545991, 9.082599275974552 ], [ -83.281892180954955, 9.082406016646789 ], [ -83.282027816875029, 9.082214130578187 ], [ -83.282141424855411, 9.082034972374581 ], [ -83.282213563070627, 9.08188545092953 ], [ -83.282237255226505, 9.08183634397896 ], [ -83.282323792298925, 9.081584994579661 ], [ -83.282370240737748, 9.081373636806873 ], [ -83.282410644102313, 9.081029499906567 ], [ -83.282404333894149, 9.080796908866509 ], [ -83.282375505829933, 9.080548018962558 ], [ -83.282327868563542, 9.080299956135738 ], [ -83.282262209800976, 9.080053823810259 ], [ -83.282128767973091, 9.079639214123301 ], [ -83.282126969378098, 9.079633625802863 ], [ -83.282108575977844, 9.07957647662025 ], [ -83.281912977026238, 9.079026368548956 ], [ -83.281801497045336, 9.078748236203555 ], [ -83.281706060956978, 9.078555517151093 ], [ -83.28154897934408, 9.078319298854883 ], [ -83.28138748022505, 9.078151705012267 ], [ -83.281249770320414, 9.078033359121051 ], [ -83.281016058827916, 9.077835102158806 ], [ -83.280761474966084, 9.077631102337206 ], [ -83.28053041006487, 9.077462924655562 ], [ -83.280304947013917, 9.077305874941406 ], [ -83.279259255102829, 9.07658053838686 ], [ -83.278395265068951, 9.075989001213561 ], [ -83.278195190886962, 9.075858002586479 ], [ -83.277680752581134, 9.075546189581203 ], [ -83.277457090712517, 9.075430121485011 ], [ -83.277295860948058, 9.075355544119247 ], [ -83.276905061834171, 9.075202367488867 ], [ -83.27644040102804, 9.075034346760765 ], [ -83.276261256856344, 9.074969568272115 ], [ -83.276086648654072, 9.074890888184342 ], [ -83.275948499204915, 9.074821932755198 ], [ -83.275466329743963, 9.074507603417842 ], [ -83.27504450979805, 9.074248914903764 ], [ -83.274849656100386, 9.074160108521983 ], [ -83.274483831064984, 9.074004945102413 ], [ -83.274313296515842, 9.073923441484059 ], [ -83.27417531983815, 9.073845282691446 ], [ -83.274021893776009, 9.073742217014219 ], [ -83.273895714513458, 9.073640515360525 ], [ -83.273712199466416, 9.073464522681965 ], [ -83.273591835652923, 9.073326517159975 ], [ -83.273485518329537, 9.073191225135794 ], [ -83.273253039035097, 9.072872779975972 ], [ -83.273071371098098, 9.072650261830741 ], [ -83.273033727661073, 9.072610392479771 ], [ -83.272823832624724, 9.072388085808271 ], [ -83.272525287545463, 9.072123345687373 ], [ -83.2721920238085, 9.071832758978802 ], [ -83.272046408893971, 9.071676669950046 ], [ -83.271969892436957, 9.071576121697104 ], [ -83.271839934942008, 9.071355617911498 ], [ -83.271780459733819, 9.07120750265784 ], [ -83.27173139466295, 9.071037564397615 ], [ -83.271704571820763, 9.070910002867778 ], [ -83.271684127297618, 9.070753384937005 ], [ -83.271681481146359, 9.070669959752125 ], [ -83.271676945299987, 9.070526958189346 ], [ -83.271684587092878, 9.069944583643132 ], [ -83.271685302542039, 9.069681282379893 ], [ -83.271675863704886, 9.069337076128118 ], [ -83.271651101655223, 9.069067500810622 ], [ -83.271627486590972, 9.068889643013058 ], [ -83.271601382053319, 9.068753592885265 ], [ -83.271583909718117, 9.068662531526998 ], [ -83.271555689284384, 9.068515453739558 ], [ -83.27152701020421, 9.068385406560319 ], [ -83.271456918762823, 9.068119544855806 ], [ -83.271426278119861, 9.067991209780278 ], [ -83.271290555923485, 9.067492110823506 ], [ -83.271217656917358, 9.067166057284057 ], [ -83.271190176987687, 9.066955740780674 ], [ -83.271146281456325, 9.066488439338292 ], [ -83.271104541891049, 9.066139810185517 ], [ -83.271023557146307, 9.065825381871138 ], [ -83.270795955684591, 9.065131024476429 ], [ -83.270644832572557, 9.064610337073466 ], [ -83.270536533677941, 9.064175646803561 ], [ -83.270407036153685, 9.06374430780237 ], [ -83.270258873745149, 9.063426421185385 ], [ -83.270159081895002, 9.063262849821898 ], [ -83.269935000686516, 9.062973093287569 ], [ -83.26974985298618, 9.062792334049288 ], [ -83.269590005075287, 9.062657237874511 ], [ -83.269341059205416, 9.062489147965493 ], [ -83.269017899024504, 9.062305119891509 ], [ -83.268718915710906, 9.06215090378099 ], [ -83.26842467089611, 9.062000340456827 ], [ -83.268121972363204, 9.061867614891087 ], [ -83.267829751996118, 9.061762649459935 ], [ -83.26761974751922, 9.061712583026443 ], [ -83.267121716922759, 9.061680981029149 ], [ -83.266681201314512, 9.061747315033369 ], [ -83.266326730257006, 9.061841097477362 ], [ -83.265323124306462, 9.062119315121665 ], [ -83.265010521031456, 9.06219846353307 ], [ -83.264771475999879, 9.062244950804098 ], [ -83.264551264267098, 9.062270751468366 ], [ -83.264231657111537, 9.062283470793625 ], [ -83.263874888588546, 9.062284947092936 ], [ -83.26372605199866, 9.062271878729625 ], [ -83.263552907723408, 9.062229565891684 ], [ -83.263386719855447, 9.06215902110851 ], [ -83.263190058346382, 9.062052581112358 ], [ -83.262987849734856, 9.061907105653924 ], [ -83.262797099290466, 9.061735001013194 ], [ -83.262677696878285, 9.061607597236835 ], [ -83.262510822035054, 9.061406207019491 ], [ -83.26177494506004, 9.060480345388807 ], [ -83.261564571690116, 9.060227006648462 ], [ -83.261292740487022, 9.059938758366377 ], [ -83.26115968042312, 9.059837253878566 ], [ -83.260970213208196, 9.059692719182832 ], [ -83.26066025648565, 9.059539958644992 ], [ -83.260412883950266, 9.059455409327754 ], [ -83.25982206299777, 9.05926418704898 ], [ -83.259528382732725, 9.0591588586573 ], [ -83.259380491926777, 9.059094016401419 ], [ -83.259104139321494, 9.058935376800489 ], [ -83.258988204192661, 9.058842253338035 ], [ -83.258832775210408, 9.058675358366678 ], [ -83.258709352035225, 9.058518257724526 ], [ -83.258553710776297, 9.058306502460749 ], [ -83.258428905546651, 9.058142264504333 ], [ -83.258282465320036, 9.057973653127698 ], [ -83.258273781606263, 9.05796443544058 ], [ -83.258159438302329, 9.05784306094943 ], [ -83.258015955809825, 9.057708546786767 ], [ -83.25782643622253, 9.05755075876605 ], [ -83.257673697254873, 9.057444936178353 ], [ -83.257448139640488, 9.057318085269488 ], [ -83.257274157293722, 9.057237084315704 ], [ -83.257002533839625, 9.05713367628246 ], [ -83.256425233529043, 9.05694092962381 ], [ -83.256200943693116, 9.056861166293318 ], [ -83.25597298760016, 9.056758096361882 ], [ -83.255855954461865, 9.05669038370479 ], [ -83.255718492334893, 9.056593329262119 ], [ -83.255549624424091, 9.056448192149301 ], [ -83.255450138736009, 9.056334031781638 ], [ -83.255347206145416, 9.056196218754469 ], [ -83.255279273226137, 9.056075824615577 ], [ -83.255203744993295, 9.055909213401934 ], [ -83.255126541600092, 9.055674423226755 ], [ -83.255033430835198, 9.055271481731362 ], [ -83.254943338593904, 9.054887960854622 ], [ -83.254940301397312, 9.054875031557103 ], [ -83.254846901357084, 9.054562431343465 ], [ -83.254773524057001, 9.054370376248828 ], [ -83.254669268945918, 9.054131865544825 ], [ -83.254621583422548, 9.054040722043581 ], [ -83.254561382787529, 9.053925657774085 ], [ -83.254529080597109, 9.053863917065584 ], [ -83.254355168543384, 9.05358628919762 ], [ -83.254238887593004, 9.053417896353535 ], [ -83.25403830162422, 9.053164468480844 ], [ -83.253834434306071, 9.052953832402578 ], [ -83.253584752951085, 9.052723944405127 ], [ -83.253484572218539, 9.052646313367285 ], [ -83.253343631127677, 9.052537096626867 ], [ -83.252328256825294, 9.051803537494399 ], [ -83.251022741375564, 9.050855239591847 ], [ -83.250389363132356, 9.050395094099519 ], [ -83.250067908508925, 9.050163696903239 ], [ -83.249965708190601, 9.050084636222879 ], [ -83.249903631881452, 9.05003661486314 ], [ -83.24987922383967, 9.050019056578885 ], [ -83.249848286738001, 9.049991754433538 ], [ -83.249847870074092, 9.049991395650476 ], [ -83.249725397700416, 9.049885936448243 ], [ -83.24942664795239, 9.049614451035957 ], [ -83.249113153507764, 9.049335906467199 ], [ -83.24879325195964, 9.049095314418734 ], [ -83.24854275694949, 9.048942017131106 ], [ -83.248525591975394, 9.048932466126073 ], [ -83.248168379933517, 9.048733704454955 ], [ -83.247936868285962, 9.048606066841691 ], [ -83.247751538576424, 9.048480757947189 ], [ -83.247651720688339, 9.048391851652628 ], [ -83.247567748143553, 9.048289449935961 ], [ -83.247479070892084, 9.048143837668944 ], [ -83.247424574657472, 9.048022383025637 ], [ -83.247371388847739, 9.047864900018617 ], [ -83.247350328607624, 9.047778386843666 ], [ -83.247327245835024, 9.047592380751666 ], [ -83.247320546542284, 9.047369958636903 ], [ -83.247336354476204, 9.047175113389009 ], [ -83.247383130756447, 9.04695573358287 ], [ -83.247460655956829, 9.046699686067065 ], [ -83.24757064366861, 9.046415956019523 ], [ -83.248226333368876, 9.044874572927835 ], [ -83.248425964864339, 9.044405279778944 ], [ -83.248515565029521, 9.044148648741713 ], [ -83.248601225490034, 9.043860918623745 ], [ -83.248630867947341, 9.043476195518943 ], [ -83.248605498879257, 9.043128234033482 ], [ -83.248593629400858, 9.04306859638498 ], [ -83.248573240766234, 9.042966154589903 ], [ -83.248523382543922, 9.042758111619966 ], [ -83.248445464430077, 9.042580576803664 ], [ -83.248349374263441, 9.042389543635389 ], [ -83.248236641018948, 9.042235059229327 ], [ -83.248045785084884, 9.042030512709417 ], [ -83.247001951221748, 9.041085784767681 ], [ -83.246809632525256, 9.040901867587245 ], [ -83.246752033743249, 9.040846784976708 ], [ -83.246689907787271, 9.040780143317132 ], [ -83.246567876469001, 9.040649241901574 ], [ -83.246451099376088, 9.040504169755371 ], [ -83.2463285395458, 9.04032714796611 ], [ -83.246254628528547, 9.040191257438105 ], [ -83.246228779028556, 9.040143731315355 ], [ -83.24614956851309, 9.039954181254151 ], [ -83.24608748806277, 9.039756998235058 ], [ -83.246049580360875, 9.039589680055748 ], [ -83.246022157170003, 9.039360405259945 ], [ -83.246005738967384, 9.039103213037157 ], [ -83.245992760582055, 9.038670393420334 ], [ -83.245973343893937, 9.038390893788147 ], [ -83.245941414676565, 9.038199335404004 ], [ -83.245878012354353, 9.037982661785952 ], [ -83.245799444101138, 9.037781891792523 ], [ -83.245652366639931, 9.037505653824278 ], [ -83.245461495737473, 9.037239343937511 ], [ -83.244641040078392, 9.036175121436845 ], [ -83.244173459366721, 9.035574692166904 ], [ -83.244160330106595, 9.035557832599393 ], [ -83.243480931819036, 9.034684750705516 ], [ -83.243326092200334, 9.034490047110474 ], [ -83.243035916290722, 9.03412516374827 ], [ -83.242702284524455, 9.033704547354001 ], [ -83.242453553478285, 9.033442022458722 ], [ -83.241751083515894, 9.03278999302519 ], [ -83.241467137587762, 9.032526329769217 ], [ -83.241273990207759, 9.032308996321158 ], [ -83.241097237180469, 9.03209824429662 ], [ -83.240929189459649, 9.031861727404642 ], [ -83.24077810020728, 9.031629899193094 ], [ -83.240521071176545, 9.031195375364934 ], [ -83.240375390181228, 9.03096093982305 ], [ -83.240157735191517, 9.030648104879067 ], [ -83.239945644991664, 9.030398575258982 ], [ -83.239700960944617, 9.03014903322862 ], [ -83.239658330707428, 9.030111710477389 ], [ -83.239657217813715, 9.030110736139399 ], [ -83.239582130947085, 9.030044997595706 ], [ -83.239422111849365, 9.029904900767896 ], [ -83.239176410442738, 9.029725116894992 ], [ -83.238997865766208, 9.029610469447862 ], [ -83.238753011237307, 9.029469254465162 ], [ -83.238422825438846, 9.02931073212318 ], [ -83.238099535523446, 9.029170806844528 ], [ -83.237734762172636, 9.028994669851222 ], [ -83.23740358454333, 9.0288345480398 ], [ -83.237132926745545, 9.028681902598795 ], [ -83.236871868832552, 9.028527522667083 ], [ -83.236519950234324, 9.028306704447614 ], [ -83.236228784898884, 9.028103202218146 ], [ -83.236000793685648, 9.027929276481887 ], [ -83.23584826918129, 9.027791302993583 ], [ -83.235706605671382, 9.027634660310255 ], [ -83.235622324804851, 9.027522984128092 ], [ -83.235518156099985, 9.027348001112392 ], [ -83.235440693798964, 9.027174866895523 ], [ -83.235379848015583, 9.026973171653673 ], [ -83.235347251417124, 9.026811716991441 ], [ -83.235331805584948, 9.026598779103919 ], [ -83.235346954184322, 9.026379221912594 ], [ -83.235373811467937, 9.026233303701012 ], [ -83.235451151416001, 9.025978447276824 ], [ -83.235514713974098, 9.02583395336611 ], [ -83.235694577139625, 9.025554348883006 ], [ -83.23613713443946, 9.025014333117573 ], [ -83.23624036104394, 9.024866796055925 ], [ -83.236354703879556, 9.024663347758359 ], [ -83.2364303307874, 9.024512930830589 ], [ -83.237034859441337, 9.023157267651927 ], [ -83.237136130393921, 9.022911155709098 ], [ -83.237180651445698, 9.022783932624893 ], [ -83.237228585270799, 9.022614062323836 ], [ -83.23726369698737, 9.022432438508465 ], [ -83.237284279373597, 9.022243305524563 ], [ -83.237286351158389, 9.022036404997104 ], [ -83.237262084733274, 9.021816259563074 ], [ -83.237231402873306, 9.021668254590541 ], [ -83.237178290877367, 9.021490823418807 ], [ -83.237127840430617, 9.021369863484409 ], [ -83.237056801844645, 9.021204165419388 ], [ -83.23688195230973, 9.020912009932902 ], [ -83.236861881776164, 9.020883526753812 ], [ -83.236769004563655, 9.020751719613358 ], [ -83.236593197184334, 9.020515303183515 ], [ -83.236308109457937, 9.020160936934493 ], [ -83.236026669540053, 9.019822615415643 ], [ -83.235801725943858, 9.019572672802939 ], [ -83.235595394956562, 9.019359279770816 ], [ -83.235337848253778, 9.019100554693175 ], [ -83.235114177102119, 9.018883412427796 ], [ -83.23481655808051, 9.018613333857505 ], [ -83.234426451112213, 9.018274857536721 ], [ -83.23375228922491, 9.017735981871752 ], [ -83.233519957533261, 9.017550969884173 ], [ -83.233184636936542, 9.017284333369895 ], [ -83.233083504871459, 9.017203916164679 ], [ -83.23268332363881, 9.016883095214439 ], [ -83.232580104139203, 9.016791963014024 ], [ -83.232378521572741, 9.016637057776066 ], [ -83.232171042033642, 9.016474291068738 ], [ -83.231893864598078, 9.016277578932284 ], [ -83.231601408619667, 9.01611046728698 ], [ -83.231341321912637, 9.015980665897555 ], [ -83.231045669172133, 9.015852507083261 ], [ -83.230467705692874, 9.015625892425712 ], [ -83.229776033596792, 9.015281879262179 ], [ -83.229356731376228, 9.015026912283583 ], [ -83.229147096833387, 9.01486153828208 ], [ -83.228973775051571, 9.014707765754387 ], [ -83.228793708093917, 9.014524025030891 ], [ -83.228755863846956, 9.014479675768808 ], [ -83.228586558716032, 9.01429040072801 ], [ -83.228468220228891, 9.014146931804037 ], [ -83.227498950972276, 9.012808533900108 ], [ -83.227284499847627, 9.012519328899598 ], [ -83.22709833090839, 9.012286800901496 ], [ -83.226931483439984, 9.012107985536247 ], [ -83.226700655344857, 9.011916221456056 ], [ -83.226550701559191, 9.01181687890152 ], [ -83.226337965255425, 9.011697112414984 ], [ -83.225899390010113, 9.011467994148319 ], [ -83.225733578585832, 9.011366108940448 ], [ -83.225573052741836, 9.01124474653799 ], [ -83.225465511122238, 9.011143763324906 ], [ -83.225364716176927, 9.011022335962444 ], [ -83.22524911667773, 9.010851746780514 ], [ -83.225186185581961, 9.010726571788153 ], [ -83.225121368497526, 9.010551815417305 ], [ -83.225087354334505, 9.010420904577105 ], [ -83.225057496682254, 9.010234823549094 ], [ -83.225054590613297, 9.010086145896722 ], [ -83.225071958752338, 9.009896150350013 ], [ -83.22510635250832, 9.00972171486765 ], [ -83.225185705482758, 9.009453753401218 ], [ -83.225368851546563, 9.008988683220531 ], [ -83.225404998322517, 9.008898282253702 ], [ -83.225791777802513, 9.007930966046558 ], [ -83.225937279937, 9.007566518278038 ], [ -83.226098964821134, 9.007054935510769 ], [ -83.226166828273008, 9.006789093498702 ], [ -83.22621714101119, 9.006554583184732 ], [ -83.226218346151356, 9.006547824620258 ], [ -83.226253200183763, 9.006352359070911 ], [ -83.226302873911408, 9.006000602433089 ], [ -83.226363571455224, 9.005489740104515 ], [ -83.22641934251817, 9.005078715452571 ], [ -83.226520213748387, 9.004711116274322 ], [ -83.226630578675554, 9.004473637677828 ], [ -83.226648906484584, 9.004441730318424 ], [ -83.226756284503409, 9.004254792990503 ], [ -83.22706414107688, 9.003799824223941 ], [ -83.227208103743848, 9.003552798304256 ], [ -83.227398902281692, 9.003138432085924 ], [ -83.227510696687361, 9.002912200199361 ], [ -83.227649902315591, 9.002698023091057 ], [ -83.227782889111865, 9.002533501515796 ], [ -83.227922625247373, 9.002395496411213 ], [ -83.228090733217414, 9.002265204841592 ], [ -83.228255129270366, 9.002163288209818 ], [ -83.228777272963626, 9.001901423446878 ], [ -83.229284932019041, 9.001646821886524 ], [ -83.229831615165267, 9.001368466999937 ], [ -83.229837391741029, 9.001365420702204 ], [ -83.229925554715507, 9.001317300006756 ], [ -83.230215125003738, 9.001159247881303 ], [ -83.230261279431815, 9.001134056016213 ], [ -83.230375916923109, 9.001071484898782 ], [ -83.230474844102929, 9.001017488692188 ], [ -83.230633745882599, 9.000930757193897 ], [ -83.230917219052373, 9.000746006355133 ], [ -83.231570085637216, 9.000259285601384 ], [ -83.232646878913911, 8.999403903766918 ], [ -83.233112859645303, 8.999030545065864 ], [ -83.233573165798589, 8.998661731616281 ], [ -83.233690386489428, 8.998567810060939 ], [ -83.233838400461707, 8.998446414280492 ], [ -83.233993025935604, 8.998331086980889 ], [ -83.234543274031566, 8.997967702987006 ], [ -83.234781013078603, 8.997808448638143 ], [ -83.23504802841255, 8.997619271113438 ], [ -83.235429592546538, 8.997356201297128 ], [ -83.235621451334055, 8.997231399631378 ], [ -83.235787515641618, 8.997117122536523 ], [ -83.235922782471874, 8.997001307557957 ], [ -83.23607939673748, 8.996837192868329 ], [ -83.236320636496799, 8.996547871809685 ], [ -83.236546013787731, 8.996304749920737 ], [ -83.236871663971158, 8.995967584991726 ], [ -83.237044195819067, 8.995767704301535 ], [ -83.237170773617677, 8.995602234673921 ], [ -83.23726642698216, 8.995469567016778 ], [ -83.237417791138128, 8.995228736511756 ], [ -83.237527237416728, 8.995020092303671 ], [ -83.237640050862822, 8.994769337651249 ], [ -83.237763000192658, 8.994432891392018 ], [ -83.23781328282206, 8.994257082888273 ], [ -83.237875723520773, 8.99398884364547 ], [ -83.237908566862103, 8.993760443031071 ], [ -83.237933052718191, 8.993580485286266 ], [ -83.237941852326884, 8.99326560836522 ], [ -83.237934764778359, 8.99323099868165 ], [ -83.237932424984649, 8.993072672719309 ], [ -83.237916446717421, 8.992899072517151 ], [ -83.23791762830102, 8.992833651193438 ], [ -83.237921040410399, 8.992834553840057 ], [ -83.238075472922745, 8.992622471042672 ], [ -83.238403541232273, 8.993323898499716 ], [ -83.238545498603344, 8.993389222660609 ], [ -83.238756875668685, 8.993486491299572 ], [ -83.238285510221459, 8.993804128758114 ], [ -83.238234448883745, 8.993838537798831 ], [ -83.238571981717143, 8.994523143821905 ], [ -83.238773477131403, 8.994456907928015 ], [ -83.238800566995138, 8.994448003631437 ], [ -83.238800566995153, 8.994448003631437 ], [ -83.238940613946269, 8.994401966289653 ], [ -83.239077300023652, 8.994705813501099 ], [ -83.239776598964426, 8.994795127431814 ], [ -83.239229949785667, 8.99509716312247 ], [ -83.239229683121252, 8.995104661688304 ], [ -83.239206907098193, 8.99574655040445 ], [ -83.239469217131742, 8.995585089541207 ], [ -83.240024405630066, 8.996338435835138 ], [ -83.240533538580451, 8.99610244222187 ], [ -83.240749067395882, 8.996753035632674 ], [ -83.240767551971203, 8.996808829759191 ], [ -83.241478450532085, 8.997692710571991 ], [ -83.2419618692673, 8.997732816733702 ], [ -83.24291004439155, 8.998702858919307 ], [ -83.24319338411523, 8.998992729547808 ], [ -83.24354448290326, 8.999040977891624 ], [ -83.24410952619354, 8.99990998068821 ], [ -83.244329216446744, 9.000247848527215 ], [ -83.243984989290297, 9.000483757881183 ], [ -83.244376237290737, 9.000854210255561 ], [ -83.244715432554443, 9.000642424134266 ], [ -83.245535039812125, 9.001483849260779 ], [ -83.24566874633345, 9.001641910335529 ], [ -83.246383018256594, 9.002486274551993 ], [ -83.246119686238956, 9.002877790453827 ], [ -83.246206317780775, 9.003096093398568 ], [ -83.24698954837767, 9.002711297287307 ], [ -83.247833242400873, 9.00350225528782 ], [ -83.248336464425947, 9.003974019905156 ], [ -83.249076826778534, 9.004126033850048 ], [ -83.249283556392911, 9.004390539740902 ], [ -83.250113930124215, 9.005452980795765 ], [ -83.250582085864664, 9.005368835995704 ], [ -83.250648976629108, 9.005875247570097 ], [ -83.251109760165718, 9.005860735742278 ], [ -83.25124809004042, 9.00598514970787 ], [ -83.251804225542159, 9.00648534430708 ], [ -83.251222037092205, 9.006925701554522 ], [ -83.25134167300493, 9.007420559351161 ], [ -83.251670165500528, 9.007418479574083 ], [ -83.25197471762651, 9.007416552481455 ], [ -83.252584313120508, 9.008107651367411 ], [ -83.25351958259607, 9.009231000019298 ], [ -83.253733336037172, 9.009443517805511 ], [ -83.254705910637341, 9.010410463153869 ], [ -83.254811261975618, 9.010528229585775 ], [ -83.2551664400969, 9.010925259157478 ], [ -83.256001321222726, 9.011723562051721 ], [ -83.256485669854754, 9.011964877059858 ], [ -83.25673695139109, 9.012090069946117 ], [ -83.257074679447442, 9.012171822172984 ], [ -83.257772330250887, 9.012340696942172 ], [ -83.25836101254005, 9.012355693440769 ], [ -83.259096301185266, 9.012802488738897 ], [ -83.259555812232094, 9.013426293904525 ], [ -83.25945710832265, 9.013942269277162 ], [ -83.259870990957936, 9.014473691494205 ], [ -83.259926121272045, 9.014544479176518 ], [ -83.26128721567251, 9.015634386035437 ], [ -83.261454984826443, 9.015768729280429 ], [ -83.262370036086438, 9.017621579243723 ], [ -83.266991859307254, 9.016401437405891 ], [ -83.267281882930178, 9.015423138849501 ], [ -83.267944348328712, 9.01494727529089 ], [ -83.267537885949224, 9.014081393248601 ], [ -83.266965696300574, 9.014346652379462 ], [ -83.266916458188476, 9.013575828566282 ], [ -83.266251449313501, 9.013604310308935 ], [ -83.266283744111064, 9.012653121512173 ], [ -83.266274330410525, 9.011581112557078 ], [ -83.266187747229395, 9.009596533862945 ], [ -83.267405113048767, 9.008004950882761 ], [ -83.267283863850423, 9.006024882272492 ], [ -83.267401356865179, 9.005108772147498 ], [ -83.266527213161979, 9.004420810070149 ], [ -83.269530746471432, 9.005135821462181 ], [ -83.271700980111945, 9.006618625361501 ], [ -83.27255592407684, 9.005909184375176 ], [ -83.273809408546285, 9.00599665806739 ], [ -83.273651627012484, 9.007918862455988 ], [ -83.27462398500964, 9.008669103721864 ], [ -83.274526596567227, 9.009593086120024 ], [ -83.275177036221052, 9.009510615630267 ], [ -83.275135058651017, 9.01013370175245 ], [ -83.274313986192922, 9.011020402934115 ], [ -83.275652763944535, 9.011885228321155 ], [ -83.27708566461358, 9.011927877936799 ], [ -83.277695398116833, 9.012382693116473 ], [ -83.278819445960721, 9.013221140207255 ], [ -83.279878511903618, 9.012990250464568 ], [ -83.279981680225305, 9.012967758676107 ], [ -83.280479482364228, 9.013032452150442 ], [ -83.28217891864638, 9.013253301696473 ], [ -83.282268765452656, 9.014043065267765 ], [ -83.282989570487103, 9.014824544813726 ], [ -83.283245138834857, 9.01510162649903 ], [ -83.283606481015639, 9.015493382816185 ], [ -83.284560508229831, 9.016173158151636 ], [ -83.284896704443369, 9.017035448168787 ], [ -83.285851380593215, 9.016432274920254 ], [ -83.287973872258945, 9.015969424062089 ], [ -83.288946968334301, 9.01601159297145 ], [ -83.289939270404119, 9.014952051592342 ], [ -83.290999997716355, 9.014076797404186 ], [ -83.291460850991996, 9.014369754127802 ], [ -83.293896447911322, 9.013319028800836 ], [ -83.293891076684403, 9.013445216947879 ], [ -83.29392417647172, 9.013522632091869 ], [ -83.29394863497717, 9.013349566819729 ], [ -83.293951857014619, 9.013326768076757 ], [ -83.293947430728522, 9.01337785876566 ] ] ], [ [ [ -83.237279694349979, 8.992753407272966 ], [ -83.237446723585037, 8.992744576349985 ], [ -83.237464451279877, 8.992949275393299 ], [ -83.237465577884464, 8.992961515862076 ], [ -83.237478013374059, 8.993096626436992 ], [ -83.237480720691806, 8.993279837060516 ], [ -83.237485860940168, 8.993304937909699 ], [ -83.237479185322755, 8.993543801239191 ], [ -83.237458183719568, 8.993698150218698 ], [ -83.237428333154668, 8.993905736587211 ], [ -83.237416315351012, 8.993957363684359 ], [ -83.237372817645266, 8.994144224656546 ], [ -83.23733006544596, 8.994293703108902 ], [ -83.237218266002856, 8.994599637172897 ], [ -83.237118669675567, 8.994821013108892 ], [ -83.237117731414486, 8.994823098610205 ], [ -83.237040197735567, 8.994970905581978 ], [ -83.237022789405316, 8.99500409207619 ], [ -83.236888445561036, 8.995217841792638 ], [ -83.236804941737532, 8.995333658339151 ], [ -83.236690380498459, 8.995483419073718 ], [ -83.236534868464787, 8.995663581887552 ], [ -83.236214798575261, 8.995994968934255 ], [ -83.23597817719785, 8.996250219970594 ], [ -83.235739038705077, 8.996537020697037 ], [ -83.235608680930937, 8.996673621339271 ], [ -83.235508975844127, 8.996758988435555 ], [ -83.235428574616037, 8.996814316507013 ], [ -83.23536752766897, 8.996856325913905 ], [ -83.235175500369465, 8.996981237160208 ], [ -83.234786505790609, 8.997249429830504 ], [ -83.234521975687102, 8.997436846542493 ], [ -83.234290424551119, 8.997591955750174 ], [ -83.234185868524307, 8.997661004685895 ], [ -83.233730567733716, 8.997961685236481 ], [ -83.233557124881784, 8.998091047417923 ], [ -83.233403022537843, 8.998217436609574 ], [ -83.233036488176595, 8.998511117068222 ], [ -83.232362281382251, 8.999051313392354 ], [ -83.231291690370085, 8.99990176792712 ], [ -83.230655903934405, 9.00037575504002 ], [ -83.230399316833754, 9.00054298311141 ], [ -83.229621419851398, 9.000967572330962 ], [ -83.229078884548713, 9.001243815245653 ], [ -83.228860071264151, 9.00135355478298 ], [ -83.228722401391451, 9.001422599061163 ], [ -83.228153044450281, 9.001708142443237 ], [ -83.22803196622516, 9.001768865308152 ], [ -83.227974943973081, 9.001804216023819 ], [ -83.227912846153572, 9.001842713298403 ], [ -83.227824905457751, 9.001898010417284 ], [ -83.22770557422011, 9.001990497720486 ], [ -83.227472097442075, 9.002207532003567 ], [ -83.227425336362998, 9.002254144989157 ], [ -83.22728072577948, 9.002433046463034 ], [ -83.22711430858854, 9.002689089988014 ], [ -83.226988026017096, 9.00294464020811 ], [ -83.226853916877232, 9.003235890826723 ], [ -83.226803714434766, 9.003344917495046 ], [ -83.226678327467226, 9.003560068948467 ], [ -83.226554551146819, 9.003742992871441 ], [ -83.226369675259676, 9.004016212871534 ], [ -83.226225991205794, 9.004266355899068 ], [ -83.226091501195626, 9.004555745145971 ], [ -83.225972719370773, 9.004988613024915 ], [ -83.225919358289488, 9.005381873026254 ], [ -83.225912420604161, 9.005433002231515 ], [ -83.225851866301838, 9.005942653712987 ], [ -83.22580402171829, 9.006281454627951 ], [ -83.225770766971777, 9.006467949921147 ], [ -83.22576551479554, 9.006492430469713 ], [ -83.225746020218452, 9.006583295234035 ], [ -83.225723920921581, 9.006686300601553 ], [ -83.225661332021659, 9.006931479438846 ], [ -83.225556016914027, 9.007264703073957 ], [ -83.225508462073648, 9.007415169343215 ], [ -83.225369162918653, 9.007764079152913 ], [ -83.224945842508532, 9.008822779135635 ], [ -83.224828031957401, 9.009121939535502 ], [ -83.224755061902684, 9.009307234615758 ], [ -83.224664168479478, 9.009614165001395 ], [ -83.224621209021777, 9.009832041986492 ], [ -83.224608542099645, 9.009970607622543 ], [ -83.22459945338943, 9.010070030487697 ], [ -83.224603459777526, 9.01027501479958 ], [ -83.224641685483093, 9.010513249679898 ], [ -83.224686801333291, 9.010686888583532 ], [ -83.224768208146429, 9.010906374013276 ], [ -83.224855522507411, 9.011080049677082 ], [ -83.224999921168589, 9.011293137887902 ], [ -83.225132742085492, 9.011453147043211 ], [ -83.225278457279003, 9.011589975952031 ], [ -83.22547580429196, 9.011739176383506 ], [ -83.225673807691024, 9.01186084248549 ], [ -83.226120104965418, 9.012093994992755 ], [ -83.226312262392213, 9.012202176025285 ], [ -83.226427973705867, 9.01227883340972 ], [ -83.226617730963554, 9.012436477373882 ], [ -83.226753245648155, 9.012581712624856 ], [ -83.226923462507386, 9.012794316498921 ], [ -83.227131400773857, 9.013074738782889 ], [ -83.228107523394897, 9.014422602016307 ], [ -83.228240693170576, 9.014584052021796 ], [ -83.228412521908297, 9.014776148566373 ], [ -83.228457065005543, 9.014828348200369 ], [ -83.2286591405324, 9.015034546731815 ], [ -83.228847809099065, 9.0152019352072 ], [ -83.228854125517643, 9.015207539187234 ], [ -83.229095791015737, 9.015398181524656 ], [ -83.229555261812251, 9.015677574157795 ], [ -83.23028219033597, 9.016039122794291 ], [ -83.230871313172003, 9.016270113071478 ], [ -83.231148291063619, 9.016390176815472 ], [ -83.231385920262923, 9.016508770402172 ], [ -83.23164785638123, 9.016658442845801 ], [ -83.231897924018639, 9.016835915339694 ], [ -83.232099514761998, 9.016994062428264 ], [ -83.232289735711248, 9.017140223323764 ], [ -83.23238944279106, 9.017228254489108 ], [ -83.232798749054609, 9.017556391141991 ], [ -83.233074043159689, 9.017775296840254 ], [ -83.23323578319102, 9.017903907500802 ], [ -83.233467662748822, 9.018088559584486 ], [ -83.234134345483184, 9.018621457388226 ], [ -83.2345137184235, 9.018950620606718 ], [ -83.234801938378425, 9.019212170099483 ], [ -83.235017349638269, 9.01942129377939 ], [ -83.235269836680516, 9.019674936305767 ], [ -83.23546824193275, 9.019880132550689 ], [ -83.235681866155844, 9.020117498092159 ], [ -83.235955295597137, 9.020446190559134 ], [ -83.236232658794165, 9.020790955622763 ], [ -83.236399876838618, 9.021015821899597 ], [ -83.23649978905847, 9.021157613017703 ], [ -83.236650408772121, 9.021409283467886 ], [ -83.236708622920347, 9.021545068799513 ], [ -83.236749167091062, 9.021642277742304 ], [ -83.236789959403495, 9.021778553123113 ], [ -83.23681237047775, 9.021886661640869 ], [ -83.236831351136956, 9.022058856477551 ], [ -83.236829770590134, 9.02221667938306 ], [ -83.236813591063822, 9.022365352493015 ], [ -83.23678559495535, 9.02251016820521 ], [ -83.236746565203347, 9.022648483226886 ], [ -83.236710623396633, 9.022751189977399 ], [ -83.236616453973525, 9.022980042932875 ], [ -83.236018855518395, 9.024320161793268 ], [ -83.235952606720289, 9.024451926002822 ], [ -83.235854268449202, 9.024626897334887 ], [ -83.235773664802153, 9.02474210028401 ], [ -83.235325524742393, 9.025288927587612 ], [ -83.235112360925712, 9.02562029875665 ], [ -83.235023615358017, 9.025822039576504 ], [ -83.23493106970129, 9.02612700182927 ], [ -83.23491368918522, 9.026221431260113 ], [ -83.234912684681362, 9.026226888790637 ], [ -83.234895014412402, 9.026322892400184 ], [ -83.234875924211735, 9.026599572450044 ], [ -83.234895735370699, 9.026872695931912 ], [ -83.234938157821801, 9.027082820463653 ], [ -83.235013416381804, 9.027332293052755 ], [ -83.235113361358401, 9.027555678379651 ], [ -83.235243631261085, 9.027774506714985 ], [ -83.235354941895395, 9.02792199884791 ], [ -83.235525335481768, 9.028110409675902 ], [ -83.23570882209377, 9.028276391601597 ], [ -83.235959463531984, 9.028467596469797 ], [ -83.236127833021015, 9.028585273963047 ], [ -83.236267650818874, 9.028682995879239 ], [ -83.236399679898909, 9.028765840235845 ], [ -83.236634212414529, 9.028913002274743 ], [ -83.23690445368085, 9.029072812990156 ], [ -83.237191721030968, 9.029234825959465 ], [ -83.23753596485102, 9.029401265261196 ], [ -83.237848656246868, 9.029552253704276 ], [ -83.237909338368468, 9.029581555071138 ], [ -83.238233098243043, 9.029721683829507 ], [ -83.238539715703226, 9.029868891077001 ], [ -83.238760252392169, 9.029996081295979 ], [ -83.238918006619926, 9.030097378803088 ], [ -83.239136493643571, 9.030257249566485 ], [ -83.239387398771882, 9.030476917264364 ], [ -83.239608709689207, 9.030702622347045 ], [ -83.239796200971256, 9.03092321098066 ], [ -83.239994677350012, 9.031208481004683 ], [ -83.240131570069764, 9.031428774508742 ], [ -83.240391079648035, 9.031867492691111 ], [ -83.240552479193553, 9.032115141229911 ], [ -83.24073628582866, 9.032373838225906 ], [ -83.240928865773995, 9.032603461823872 ], [ -83.241140766864717, 9.032841897608439 ], [ -83.241440686749556, 9.033120394053421 ], [ -83.241904541756, 9.03355094296087 ], [ -83.242132516003835, 9.033762547451934 ], [ -83.242357542268692, 9.034000053234534 ], [ -83.242678985848784, 9.034405304261346 ], [ -83.24312269132416, 9.034963244645141 ], [ -83.243800671747863, 9.035834505674266 ], [ -83.244066781835528, 9.036176223502624 ], [ -83.244280753717732, 9.036450988940409 ], [ -83.245095714452802, 9.037508085417183 ], [ -83.245264510105798, 9.037743595504825 ], [ -83.245385167769143, 9.037970212826508 ], [ -83.245446925854466, 9.038128027312343 ], [ -83.245497181448982, 9.038299773507424 ], [ -83.245497985645414, 9.038304598297664 ], [ -83.245521143659772, 9.038443535154116 ], [ -83.245538453332756, 9.038692709204193 ], [ -83.245551393389448, 9.039124268688862 ], [ -83.245569086581597, 9.039401439170069 ], [ -83.245600758103848, 9.039666235417124 ], [ -83.245647913520529, 9.039874372591791 ], [ -83.245721696134964, 9.040108725521408 ], [ -83.245724720794428, 9.040115963529848 ], [ -83.245817697928473, 9.040338457620935 ], [ -83.245940089168784, 9.040563482909896 ], [ -83.246085767370246, 9.040773896531743 ], [ -83.246223094797941, 9.040944498579945 ], [ -83.246427336400302, 9.041163586093745 ], [ -83.246691161704504, 9.041415886392334 ], [ -83.247725414034591, 9.042351943420089 ], [ -83.247884592274787, 9.042522540116909 ], [ -83.247959316267284, 9.042624938564924 ], [ -83.248033382714283, 9.042772187556851 ], [ -83.248090362461653, 9.042902015099402 ], [ -83.248128809635446, 9.043062444108356 ], [ -83.24815393211783, 9.043188671694347 ], [ -83.248167305949124, 9.043372110013612 ], [ -83.248174826783838, 9.043475267348267 ], [ -83.248151455284301, 9.043778596157344 ], [ -83.248082469520767, 9.044010315685584 ], [ -83.248001246164208, 9.044242953271723 ], [ -83.247378696346786, 9.045706432792878 ], [ -83.247148913724459, 9.046246598246826 ], [ -83.247030115982966, 9.046553054208168 ], [ -83.246942168244288, 9.046843523796277 ], [ -83.246885391230634, 9.047109805324913 ], [ -83.2468652127192, 9.047358517579395 ], [ -83.246873295791545, 9.047626893546582 ], [ -83.24690216009904, 9.047859490883523 ], [ -83.246933987902224, 9.04799023670641 ], [ -83.247000362828942, 9.048186773357227 ], [ -83.247075301953174, 9.048353789091323 ], [ -83.247169608162494, 9.04850864468334 ], [ -83.247195156662173, 9.04855059659414 ], [ -83.247321709846616, 9.048704924179772 ], [ -83.247470656897633, 9.048837589201286 ], [ -83.247698194421901, 9.048991436605283 ], [ -83.247947019421957, 9.049128619544023 ], [ -83.248312375709531, 9.049331912976173 ], [ -83.248536249142461, 9.049468918544454 ], [ -83.248823930514448, 9.049685278546931 ], [ -83.248868387963654, 9.04972477973589 ], [ -83.249121667988163, 9.049949823028454 ], [ -83.249423027598809, 9.05022368036423 ], [ -83.24954842034532, 9.050331654351334 ], [ -83.249594235502926, 9.05037208648705 ], [ -83.249630578771544, 9.050398230572801 ], [ -83.24979479843536, 9.050525268635175 ], [ -83.250121813398565, 9.050760668576359 ], [ -83.250754401749319, 9.051220240533063 ], [ -83.252060403843785, 9.052168892577839 ], [ -83.252094115053112, 9.052193247412397 ], [ -83.252905313876411, 9.05277930027829 ], [ -83.2530700570276, 9.052898318996322 ], [ -83.253289889502412, 9.053068669572243 ], [ -83.253515775901548, 9.053276649133615 ], [ -83.253694868240146, 9.053461687859672 ], [ -83.253872305005586, 9.053685868457029 ], [ -83.25397446608504, 9.053833813775253 ], [ -83.254133711049946, 9.054088028017462 ], [ -83.254258464248593, 9.054326475111445 ], [ -83.254352148060292, 9.054540801800574 ], [ -83.254415737660025, 9.054707239452831 ], [ -83.254500486924698, 9.054990887590588 ], [ -83.254590361458924, 9.055373483724882 ], [ -83.254687878936721, 9.055795497749289 ], [ -83.254779052393005, 9.056072774570705 ], [ -83.254872836140066, 9.056279657011823 ], [ -83.254964742459791, 9.056442538347367 ], [ -83.255095178744924, 9.05661717541876 ], [ -83.255227346485441, 9.056768838795938 ], [ -83.255437440852319, 9.056949409020129 ], [ -83.255609375562386, 9.057070802738197 ], [ -83.255763916827888, 9.057160216775197 ], [ -83.256029892597596, 9.05728047729086 ], [ -83.256276213837992, 9.057368075608041 ], [ -83.25684873083685, 9.057559225328344 ], [ -83.257043984134171, 9.057633559017898 ], [ -83.257096141502757, 9.057653415508785 ], [ -83.257239402988247, 9.057720113783565 ], [ -83.257431157667767, 9.05782795438444 ], [ -83.2575498513214, 9.057910189310659 ], [ -83.257713656047301, 9.058046568058057 ], [ -83.257837119463829, 9.05816231453997 ], [ -83.25794421320488, 9.058275993797656 ], [ -83.258074947439752, 9.058426521469608 ], [ -83.25818862018761, 9.058576109800633 ], [ -83.258346419044358, 9.05879080086412 ], [ -83.258486067204657, 9.058968553908567 ], [ -83.258676786560571, 9.059173342842719 ], [ -83.258742638537896, 9.059226237692545 ], [ -83.258845924902673, 9.059309201234335 ], [ -83.259174392812739, 9.05949775761944 ], [ -83.259359229864572, 9.059578798879253 ], [ -83.259674443436325, 9.059691850241345 ], [ -83.260268527503641, 9.05988412873643 ], [ -83.260484569299479, 9.059957969578239 ], [ -83.26072847936733, 9.060078179434271 ], [ -83.260986354350493, 9.060274898904172 ], [ -83.261222951732648, 9.060525785699037 ], [ -83.261421095447631, 9.060764397374484 ], [ -83.262156822182348, 9.061690071206931 ], [ -83.262335461049176, 9.061905658918633 ], [ -83.262477311290311, 9.062057014956938 ], [ -83.262700805915259, 9.0622586632203 ], [ -83.262946991304261, 9.0624357771229 ], [ -83.263188218197143, 9.062566337513188 ], [ -83.263408355199701, 9.062659783101303 ], [ -83.263651315522594, 9.062719157549079 ], [ -83.263855785290019, 9.062737110720228 ], [ -83.264241704157044, 9.062735513842767 ], [ -83.264587034450827, 9.062721770850588 ], [ -83.264841858893348, 9.062691914883573 ], [ -83.265110393206086, 9.062639692837211 ], [ -83.265137717116716, 9.062632774678097 ], [ -83.265440359223206, 9.062556148364669 ], [ -83.266446313847695, 9.062277279721886 ], [ -83.266774031667936, 9.062190575424101 ], [ -83.266956734898955, 9.062163063562124 ], [ -83.26714151652159, 9.062135238633081 ], [ -83.267551723727678, 9.062161267926024 ], [ -83.267699025956844, 9.062196385749401 ], [ -83.267952709944566, 9.062287508964225 ], [ -83.26822863479623, 9.062408495008581 ], [ -83.268510093813319, 9.062552515980112 ], [ -83.268800022591307, 9.062702061823783 ], [ -83.269099886692672, 9.06287282371604 ], [ -83.269314120801312, 9.063017476107683 ], [ -83.269442807803898, 9.063126236588827 ], [ -83.269593715881484, 9.063273567920181 ], [ -83.269783205540307, 9.063518594904515 ], [ -83.269856850427786, 9.063639308340864 ], [ -83.269980589803652, 9.063904795335525 ], [ -83.270097643816555, 9.064294688241175 ], [ -83.27020544240321, 9.064727372517714 ], [ -83.270301554975632, 9.065058525338143 ], [ -83.270361117187022, 9.065263744773755 ], [ -83.270586586309733, 9.065951599529328 ], [ -83.270656474513146, 9.066222946151459 ], [ -83.270693975087397, 9.066536172475141 ], [ -83.270738096358187, 9.067005883387694 ], [ -83.270769255984334, 9.067244364591625 ], [ -83.270848810142198, 9.067600186457767 ], [ -83.27098538217129, 9.068102412865887 ], [ -83.271015618215259, 9.068229053979866 ], [ -83.271084716407501, 9.068491149466213 ], [ -83.271110092010957, 9.068606217464531 ], [ -83.271178285096312, 9.068961624785175 ], [ -83.27119900104573, 9.069117649264323 ], [ -83.27122161246281, 9.069363814823413 ], [ -83.27123046983867, 9.069686831774435 ], [ -83.271229778818537, 9.069941024800681 ], [ -83.271222034775676, 9.070531135080532 ], [ -83.271230235179857, 9.070789679404685 ], [ -83.271255789695701, 9.070985444993084 ], [ -83.271289615031833, 9.071146309278152 ], [ -83.271349584446668, 9.071354015929932 ], [ -83.271430203332727, 9.071554787356019 ], [ -83.271590996064106, 9.071827610987091 ], [ -83.271619278360916, 9.071864776071852 ], [ -83.271697416389344, 9.071967455323955 ], [ -83.271874465124057, 9.072157239424765 ], [ -83.272223926206223, 9.072461949564698 ], [ -83.272505995061977, 9.072712079335114 ], [ -83.272728522455509, 9.072947765566859 ], [ -83.272892136745597, 9.073148170746977 ], [ -83.273122129745218, 9.073463210690354 ], [ -83.273240557665702, 9.073613914022935 ], [ -83.273381814613032, 9.073775875174132 ], [ -83.273594023143175, 9.073979385372835 ], [ -83.273750810131943, 9.074105757235337 ], [ -83.273935032703221, 9.074229510891671 ], [ -83.274101894231734, 9.07432403195727 ], [ -83.27429593692186, 9.074416770872359 ], [ -83.274665585415661, 9.074573556077402 ], [ -83.274829504346826, 9.074648263692195 ], [ -83.275222153783346, 9.074889062998356 ], [ -83.275291369669745, 9.074934185370713 ], [ -83.275720974416572, 9.075214247505777 ], [ -83.275890621054529, 9.075298924376485 ], [ -83.276089361094307, 9.075388478533293 ], [ -83.276743862863228, 9.075625145822693 ], [ -83.277116327483668, 9.075771136178275 ], [ -83.277255789100082, 9.075835644643185 ], [ -83.27745685773759, 9.075939988159583 ], [ -83.277951618672105, 9.076239874415624 ], [ -83.278141135770753, 9.076363960864057 ], [ -83.279000105972671, 9.076952061543793 ], [ -83.280044290483872, 9.077676352971181 ], [ -83.28026551349366, 9.077830449323026 ], [ -83.280484240261544, 9.077989646961797 ], [ -83.280725641994678, 9.078183083998617 ], [ -83.280953399267304, 9.078376290165618 ], [ -83.281073817111988, 9.078479775604565 ], [ -83.281192153061028, 9.078602577504057 ], [ -83.281293207725327, 9.078754543107371 ], [ -83.281310723909442, 9.078780883860635 ], [ -83.281385557962892, 9.078932000509067 ], [ -83.281487128418078, 9.079185410254221 ], [ -83.281677459068931, 9.079720703443693 ], [ -83.281825511379964, 9.080180710389758 ], [ -83.281884114523905, 9.080400394631939 ], [ -83.281925584834525, 9.080616345516482 ], [ -83.281950205855949, 9.080828915826114 ], [ -83.281955099174255, 9.081009289425875 ], [ -83.281921083417672, 9.081299016606964 ], [ -83.2818850084237, 9.081463170424172 ], [ -83.281815579699156, 9.08166482746236 ], [ -83.281742654828349, 9.081815979101334 ], [ -83.281649108794014, 9.081963499659521 ], [ -83.281523816682579, 9.082140751956981 ], [ -83.281386328431495, 9.082323722367477 ], [ -83.281065215583212, 9.082727194205699 ], [ -83.280775084353252, 9.083091737174392 ], [ -83.280567169819776, 9.083349416305762 ], [ -83.280358556909704, 9.083589032546461 ], [ -83.280067313228329, 9.083931766599337 ], [ -83.279794592531985, 9.084139577817508 ], [ -83.279478356241754, 9.084336030881047 ], [ -83.279280728947214, 9.084460139118969 ], [ -83.27910098038042, 9.084594305871523 ], [ -83.278873352881348, 9.084780115644636 ], [ -83.278721885205755, 9.084940916346538 ], [ -83.278709245239895, 9.084954335142818 ], [ -83.278541835732753, 9.085174455624605 ], [ -83.278365759407578, 9.08544022381203 ], [ -83.277664550241013, 9.086644659579411 ], [ -83.27742629625557, 9.086999151139224 ], [ -83.277280576227724, 9.087200257030757 ], [ -83.277120344576574, 9.087385743340558 ], [ -83.276967838849643, 9.087549240699975 ], [ -83.276751239911448, 9.087744877282745 ], [ -83.276564630947021, 9.087902414656687 ], [ -83.27627420519012, 9.088112265098003 ], [ -83.276011631081232, 9.088272349669515 ], [ -83.275730325198367, 9.088416731511943 ], [ -83.275469450527595, 9.088535159479802 ], [ -83.275196524118059, 9.088633235143742 ], [ -83.27491817541835, 9.088717336288832 ], [ -83.274548698997464, 9.08879255078619 ], [ -83.274206237448709, 9.088847561050903 ], [ -83.273970798111208, 9.088877291132581 ], [ -83.272973565826746, 9.089003214795206 ], [ -83.272086835851141, 9.08911433620316 ], [ -83.271822865281521, 9.089152686825823 ], [ -83.271535090810858, 9.089214153303363 ], [ -83.271276343335671, 9.089309565104797 ], [ -83.271058777663356, 9.089418357939229 ], [ -83.270839218069298, 9.089574382971788 ], [ -83.270655644611452, 9.089746639275358 ], [ -83.27049487389192, 9.089931993887376 ], [ -83.270394639981561, 9.090080336553859 ], [ -83.270298123164608, 9.090279194836334 ], [ -83.270221369384558, 9.090551254618509 ], [ -83.270197541199096, 9.090775558379519 ], [ -83.270204931548648, 9.09094223510259 ], [ -83.270249394204725, 9.091160111068669 ], [ -83.270315320839529, 9.091359146595176 ], [ -83.270392525081263, 9.091529889006273 ], [ -83.270499253618084, 9.091728044181155 ], [ -83.270661804757793, 9.091626397605131 ], [ -83.27097234332679, 9.092185920727953 ], [ -83.270912173045275, 9.092293171369642 ], [ -83.269667390411001, 9.092667652038241 ], [ -83.269291813060192, 9.092957623438595 ], [ -83.268692436703702, 9.093091802462562 ], [ -83.26650383979738, 9.092951815036377 ], [ -83.265213284871038, 9.092573258770992 ], [ -83.26487925413582, 9.092373371731506 ], [ -83.26458655506903, 9.092198217908518 ], [ -83.264094738418379, 9.091472788981186 ], [ -83.264072358056083, 9.090723587874376 ], [ -83.263698318667281, 9.08998281742222 ], [ -83.26381812109301, 9.089451525011102 ], [ -83.264159568203823, 9.089140156723508 ], [ -83.265624520707405, 9.088723760262097 ], [ -83.267109622238792, 9.088457785665847 ], [ -83.268148476470586, 9.088271727877681 ], [ -83.270556961945474, 9.089538247469376 ], [ -83.271266535938068, 9.089207624905933 ], [ -83.271390325112606, 9.089173658567162 ], [ -83.271400916057303, 9.089170752033942 ], [ -83.275745168410836, 9.08797865694962 ], [ -83.276971972880204, 9.087231643020603 ], [ -83.27826586377877, 9.085099771987275 ], [ -83.278118032618565, 9.084701229424921 ], [ -83.278493451550816, 9.084322620146368 ], [ -83.278537227766819, 9.084278473100637 ], [ -83.278697830287911, 9.083845003722359 ], [ -83.279239007613512, 9.0832320105542 ], [ -83.280297005478047, 9.082471293910404 ], [ -83.280477347415157, 9.082194745941775 ], [ -83.281195696935555, 9.081841835375752 ], [ -83.281355658279494, 9.081390550218144 ], [ -83.281753950208071, 9.080082724356053 ], [ -83.281735454290043, 9.079953505040692 ], [ -83.281633376252387, 9.079661177126871 ], [ -83.281019660749635, 9.078731622920033 ], [ -83.279844468272913, 9.077613063250912 ], [ -83.278785859787789, 9.076966091723765 ], [ -83.278144165805358, 9.076573917683005 ], [ -83.277281101577273, 9.076183042635474 ], [ -83.2766951402361, 9.07591765995261 ], [ -83.27362617756738, 9.074597623219981 ], [ -83.271600442328804, 9.072106519596176 ], [ -83.271556110959509, 9.072064159773744 ], [ -83.27145926724117, 9.0719716317235 ], [ -83.270933335658682, 9.07146910936005 ], [ -83.270345596926049, 9.070218443545022 ], [ -83.270216039791777, 9.069607689781398 ], [ -83.270229869420561, 9.068818032210602 ], [ -83.270251840872263, 9.067563135991998 ], [ -83.270258353633466, 9.067191164082429 ], [ -83.27039825083267, 9.067027988370365 ], [ -83.269992105368274, 9.064298746673582 ], [ -83.26982538533484, 9.06365173623778 ], [ -83.269803865222627, 9.063582317379225 ], [ -83.269681450096655, 9.063420594644663 ], [ -83.269634650098396, 9.063355909865001 ], [ -83.26954101631604, 9.063243286132467 ], [ -83.269098133932147, 9.062930509192155 ], [ -83.268864953681785, 9.062797272224813 ], [ -83.26815088248425, 9.062590709142297 ], [ -83.267263233171093, 9.062397032126816 ], [ -83.26685848367778, 9.062308720988812 ], [ -83.266387574532672, 9.062484022244657 ], [ -83.264947933278407, 9.063019936852301 ], [ -83.264748624765076, 9.063094129893868 ], [ -83.264433088503097, 9.063177102791471 ], [ -83.263378915609422, 9.063454295233729 ], [ -83.262759958172069, 9.063160713741143 ], [ -83.262679873034841, 9.063122728524256 ], [ -83.262311985056215, 9.062948154475501 ], [ -83.261162258849538, 9.062402567740737 ], [ -83.260231959996062, 9.061961104310212 ], [ -83.260014818127871, 9.061747402296028 ], [ -83.259615292292821, 9.061354201288443 ], [ -83.259145658104913, 9.060681365132474 ], [ -83.25876162840899, 9.060131168832097 ], [ -83.258338018209059, 9.059524264326569 ], [ -83.258204531959763, 9.059333022113922 ], [ -83.257469630284078, 9.05878755744069 ], [ -83.256650226757017, 9.058179369047712 ], [ -83.256636746808766, 9.058175214177229 ], [ -83.256125422620087, 9.05801760094929 ], [ -83.255885140959464, 9.057943533764218 ], [ -83.255804438658245, 9.057918656270813 ], [ -83.255139157603409, 9.05790485573503 ], [ -83.254690575269564, 9.057895550371013 ], [ -83.250879557830558, 9.057816462827732 ], [ -83.249546645963406, 9.057788793585711 ], [ -83.248862018959088, 9.057883268585304 ], [ -83.247211206775603, 9.058111063525105 ], [ -83.246793937134058, 9.05816864023822 ], [ -83.245763313563273, 9.059315293223973 ], [ -83.24542547570455, 9.060152187011564 ], [ -83.245326148246818, 9.060398244578293 ], [ -83.245043417683931, 9.060751507980456 ], [ -83.243968691523136, 9.060998358291313 ], [ -83.243571378047278, 9.061004935160094 ], [ -83.243325836097171, 9.060904988152153 ], [ -83.241942354336615, 9.060341839604481 ], [ -83.240062380325398, 9.059934239700111 ], [ -83.239872008947685, 9.059892962874478 ], [ -83.238362226315431, 9.05882926659384 ], [ -83.237804033310525, 9.05777629931158 ], [ -83.237800527743744, 9.057762043383036 ], [ -83.237439947370873, 9.056295996490737 ], [ -83.236917145186268, 9.054170348007265 ], [ -83.236024375453709, 9.053082875933701 ], [ -83.235544864471166, 9.052801488861251 ], [ -83.235292690084762, 9.052407729710449 ], [ -83.235038793696546, 9.052011284189557 ], [ -83.234258156740665, 9.051506064475168 ], [ -83.234016620926226, 9.051349743316502 ], [ -83.233774077283172, 9.050870358900873 ], [ -83.233679728564567, 9.048664377206974 ], [ -83.233500833931799, 9.048068660326503 ], [ -83.233509768094379, 9.047179317648428 ], [ -83.233518771736314, 9.046283253558999 ], [ -83.234025671243998, 9.045726090457208 ], [ -83.234850909165843, 9.044819015433976 ], [ -83.235874498357475, 9.043917543282161 ], [ -83.236775542335721, 9.042918343550411 ], [ -83.237520431632717, 9.042092302928147 ], [ -83.237685043488142, 9.041865250056219 ], [ -83.238041484838476, 9.041373596602636 ], [ -83.238200364666511, 9.041154450155391 ], [ -83.238971316579878, 9.040445385971152 ], [ -83.240391072047046, 9.038688851428894 ], [ -83.241084288579984, 9.037688845877469 ], [ -83.241097306343207, 9.037683477681897 ], [ -83.241888813918393, 9.037357072072982 ], [ -83.241707335951773, 9.036759388122755 ], [ -83.24180314928347, 9.036431391366607 ], [ -83.241266902970594, 9.036017090879024 ], [ -83.241208667540647, 9.035731121179587 ], [ -83.241014238174955, 9.034776357416337 ], [ -83.239147671752932, 9.031566021162989 ], [ -83.23764417088249, 9.0303729677031 ], [ -83.23706626216962, 9.029914386560611 ], [ -83.236632565912174, 9.029598826895448 ], [ -83.236466905716995, 9.029469149717247 ], [ -83.235505319113713, 9.028716433851059 ], [ -83.23397808462262, 9.027520917174064 ], [ -83.233868138967438, 9.027470118248088 ], [ -83.233501513462031, 9.027300720471287 ], [ -83.233141671262459, 9.027134456768808 ], [ -83.233046827329247, 9.027090632178663 ], [ -83.231217096414113, 9.026497037227362 ], [ -83.231077193293501, 9.026451647692944 ], [ -83.230177229766397, 9.026281405780191 ], [ -83.228804461731855, 9.026021717487495 ], [ -83.227319062313271, 9.025076721498335 ], [ -83.224851000686158, 9.024479389012923 ], [ -83.223322274316956, 9.023821904504809 ], [ -83.223190170666385, 9.023810522199787 ], [ -83.221947896437413, 9.023703489923015 ], [ -83.221583624038715, 9.023801389926929 ], [ -83.220956966912155, 9.023655709632276 ], [ -83.218882592291621, 9.022939045075548 ], [ -83.21805746201585, 9.022503249256008 ], [ -83.21781476213134, 9.022375065044644 ], [ -83.215108494058384, 9.021394912091834 ], [ -83.214576517177093, 9.021006534062236 ], [ -83.214519199685668, 9.019622193148582 ], [ -83.214820103673603, 9.017141642523768 ], [ -83.21484614881075, 9.016926927737913 ], [ -83.216454262108513, 9.014487081685461 ], [ -83.216979105039783, 9.013790571493681 ], [ -83.217640720436833, 9.012912547128686 ], [ -83.217385863265847, 9.012190367139604 ], [ -83.217133880697375, 9.011476328745132 ], [ -83.218408844164927, 9.008655862712073 ], [ -83.219908079880696, 9.008175086254042 ], [ -83.220654160714432, 9.007935829163593 ], [ -83.220824406494458, 9.007881233117622 ], [ -83.224504801634112, 9.007048821529727 ], [ -83.22438708695644, 9.006037957203187 ], [ -83.2243485338184, 9.005706896260671 ], [ -83.224560122998227, 9.005167170801073 ], [ -83.22461799104201, 9.005019558659036 ], [ -83.224594520913882, 9.004812808730874 ], [ -83.224885034205769, 9.00443306367114 ], [ -83.224943640801399, 9.004365148227379 ], [ -83.225665093979885, 9.003529108928612 ], [ -83.226601710828362, 9.002443723386795 ], [ -83.227973794523123, 9.000853686526177 ], [ -83.228542231837423, 9.000261613446444 ], [ -83.229220176207718, 8.999960273946474 ], [ -83.229778689855522, 8.999581890445526 ], [ -83.230754978289852, 8.999477891367766 ], [ -83.232029340372264, 8.998761932822044 ], [ -83.232381767059024, 8.998314467897064 ], [ -83.233799673372644, 8.997719640821547 ], [ -83.23403011304147, 8.997563225488443 ], [ -83.234740201335711, 8.997081229051011 ], [ -83.235054874141596, 8.99669169186383 ], [ -83.235497118604442, 8.995905523165122 ], [ -83.235883826176334, 8.994473683078956 ], [ -83.235947430373898, 8.993554747944428 ], [ -83.236043901669674, 8.993099210936904 ], [ -83.236190386735544, 8.992834264345463 ], [ -83.236285471748602, 8.992803001046815 ], [ -83.236398548808893, 8.992646396771903 ], [ -83.236503407577686, 8.992556903071508 ], [ -83.236626220985642, 8.992510508998475 ], [ -83.236730906795273, 8.992503549415169 ], [ -83.236788602047369, 8.992528787359257 ], [ -83.236829679863902, 8.992624071529454 ], [ -83.236920097969872, 8.992671658436763 ], [ -83.237113144555082, 8.992731966777816 ], [ -83.237279694349979, 8.992753407272966 ] ] ] ] } },
{ "type": "Feature", "properties": { "Id": 20, "TERRITORIO": "ALTOS DE SAN  ANTONIO", "DECRETO": "29451", "AÑO": "2001", "CLASIF": "CREF y PAFT", "AE_2018": 586.41, "AE_2019": 586.41, "AE_2020": 586.41, "AE_2021": 586.41, "AE_2023": 586.41, "AE_2024": 586.41, "AE_2017": 586.41, "AE_2022": 586.41, "PRIMER DESEMBOLSO": 2026, "SEGUNDO DESEMBOLSO": null, "BLOQUE": "NGABE" }, "geometry": { "type": "MultiPolygon", "coordinates": [ [ [ [ -82.838596743744588, 8.628695397069238 ], [ -82.838785274348538, 8.628351513472436 ], [ -82.839045999997481, 8.627979144627984 ], [ -82.839263065650698, 8.627735812588865 ], [ -82.839436648753974, 8.627564110915534 ], [ -82.839696846493524, 8.627363965686934 ], [ -82.8399424045096, 8.627235538035718 ], [ -82.840145004039371, 8.627006513859172 ], [ -82.840347429074029, 8.626834898840915 ], [ -82.840520835254594, 8.626720604944497 ], [ -82.840809656577832, 8.626592307350808 ], [ -82.841054994074611, 8.626535638470866 ], [ -82.841405298945972, 8.62652719973916 ], [ -82.841763451059037, 8.626521104232468 ], [ -82.842756320638287, 8.62666994350821 ], [ -82.84421248561101, 8.626803501974921 ], [ -82.844644865164199, 8.626890917435286 ], [ -82.845004518615553, 8.626970051885452 ], [ -82.845485144543176, 8.627000202628341 ], [ -82.846130224790429, 8.626909738637416 ], [ -82.846548487799097, 8.626896643752987 ], [ -82.846765157499419, 8.626782476827341 ], [ -82.846924619683307, 8.626510262086896 ], [ -82.847098199152157, 8.626338556406479 ], [ -82.84730053318529, 8.626195641519116 ], [ -82.847517115263528, 8.626110177449197 ], [ -82.847877866190785, 8.626039499220237 ], [ -82.848123160281617, 8.625997178678713 ], [ -82.848339480314166, 8.625997827843575 ], [ -82.848497942018284, 8.6260557123846 ], [ -82.848699406076847, 8.62619984039987 ], [ -82.848929844295256, 8.626300997507331 ], [ -82.849232605773537, 8.626330609987074 ], [ -82.849449057314786, 8.626288202119335 ], [ -82.849694524348209, 8.626188471984108 ], [ -82.849867972293779, 8.626059820402171 ], [ -82.850099365076176, 8.625845229568366 ], [ -82.850301742218036, 8.625687960765328 ], [ -82.850764180408419, 8.625373594584561 ], [ -82.851283956201684, 8.62517421762012 ], [ -82.851630426473974, 8.625056847759545 ], [ -82.851854434140222, 8.624899642708192 ], [ -82.852201303936852, 8.624649514565556 ], [ -82.852606097614824, 8.624320621129813 ], [ -82.853061365558759, 8.623991877976591 ], [ -82.853379347965031, 8.623756014541081 ], [ -82.853777016080116, 8.623398394629458 ], [ -82.854124424861524, 8.622968861798409 ], [ -82.854233124338521, 8.622789781992777 ], [ -82.854421141879357, 8.622610938809508 ], [ -82.854724528199711, 8.622432439652529 ], [ -82.855070962802415, 8.622325830110508 ], [ -82.855330913073587, 8.622204611012542 ], [ -82.855655952594446, 8.622018998963558 ], [ -82.855735528867996, 8.621933122261687 ], [ -82.85580798040094, 8.621818519689876 ], [ -82.855851611054348, 8.621696654616423 ], [ -82.855910288898045, 8.621366725421526 ], [ -82.85593250396812, 8.621173034969701 ], [ -82.855954523830633, 8.621043929779075 ], [ -82.855962166567565, 8.620900429443378 ], [ -82.855984337477921, 8.620721091156385 ], [ -82.855984833892634, 8.620556040608918 ], [ -82.856086645304728, 8.620269296749964 ], [ -82.856202684395882, 8.620047181070245 ], [ -82.856311230927801, 8.619918333510311 ], [ -82.856412417166453, 8.619839696638962 ], [ -82.856663313060565, 8.619731102935727 ], [ -82.85680778416247, 8.619645419088076 ], [ -82.85708955737708, 8.619459676650116 ], [ -82.857212460812761, 8.619352400420945 ], [ -82.857313710487176, 8.619252234526313 ], [ -82.857415154075369, 8.619087485096186 ], [ -82.857466016373692, 8.618958464617107 ], [ -82.857502521261878, 8.61880787339479 ], [ -82.857517373360864, 8.618664394374967 ], [ -82.857489522426093, 8.618334207283024 ], [ -82.857447228872772, 8.618011153845954 ], [ -82.857382893859466, 8.617824382338629 ], [ -82.857333131723664, 8.617587420602986 ], [ -82.857312232381318, 8.617343368104356 ], [ -82.85729817767745, 8.61722133113207 ], [ -82.857298996553951, 8.616948639494101 ], [ -82.857350720402962, 8.616532575143514 ], [ -82.857510945867972, 8.616002014831755 ], [ -82.85759801041165, 8.615822869224926 ], [ -82.857634494152663, 8.615679454471866 ], [ -82.857656749813259, 8.615471411509311 ], [ -82.8577296955837, 8.615191756705677 ], [ -82.857810173348255, 8.614804483186139 ], [ -82.857883871514233, 8.614273664420562 ], [ -82.857984347957483, 8.613571322892232 ], [ -82.858038822249185, 8.613097232371304 ], [ -82.858060841493071, 8.612968126855455 ], [ -82.858177306249232, 8.612602487157826 ], [ -82.858336861191987, 8.612294385586871 ], [ -82.85864146425159, 8.61170684372234 ], [ -82.858772735884898, 8.611212076683126 ], [ -82.858838619303313, 8.610882167728869 ], [ -82.858868192064136, 8.610638265867829 ], [ -82.858804953785821, 8.610085512038854 ], [ -82.85870568563162, 8.609525475553486 ], [ -82.858686219967154, 8.608944772602506 ], [ -82.858791873611636, 8.608777641683622 ], [ -82.858906396000876, 8.608658378451755 ], [ -82.858996687026888, 8.608604825338627 ], [ -82.859228046953064, 8.608596541409819 ], [ -82.859459415839652, 8.608585267560695 ], [ -82.85966756929561, 8.608559544366221 ], [ -82.85983377333902, 8.608438041853482 ], [ -82.860108561747595, 8.608173337729196 ], [ -82.86036877969299, 8.607958823825641 ], [ -82.860708224940097, 8.607773249098086 ], [ -82.860913348536101, 8.607638732200421 ], [ -82.861033896838308, 8.607513505526637 ], [ -82.861069580300224, 8.607494447315171 ], [ -82.861118526946015, 8.607343321707654 ], [ -82.861139914623777, 8.607223781861775 ], [ -82.861173418594603, 8.607071387284623 ], [ -82.861237091918312, 8.606935200950719 ], [ -82.861649681618061, 8.606543553088533 ], [ -82.862047527455402, 8.606117149609574 ], [ -82.862316000530654, 8.605753153524061 ], [ -82.862620631282098, 8.605353383652323 ], [ -82.862937543014311, 8.604923721809808 ], [ -82.863179584871631, 8.604296547949145 ], [ -82.863445603994492, 8.603805737351861 ], [ -82.863590184417717, 8.60362200215944 ], [ -82.863836051371919, 8.60344090394833 ], [ -82.864716754843741, 8.603091870061792 ], [ -82.864890024113151, 8.602959051140347 ], [ -82.865007600278929, 8.602821853915298 ], [ -82.865085633186624, 8.602705443396065 ], [ -82.865225413668924, 8.602317172702039 ], [ -82.86524622537118, 8.602045707151021 ], [ -82.865362379775618, 8.601780530350679 ], [ -82.865665958648421, 8.601530258318252 ], [ -82.865760075736816, 8.601401363459573 ], [ -82.865868598863614, 8.601218717878186 ], [ -82.865885916415607, 8.60030377555638 ], [ -82.865960281018957, 8.599543317963281 ], [ -82.866092860143851, 8.59860362571408 ], [ -82.866172791458496, 8.598395751231783 ], [ -82.866267121712767, 8.598195095760722 ], [ -82.866390185942151, 8.598030405345206 ], [ -82.866484280460696, 8.597908686720688 ], [ -82.866585607783975, 8.597779813619551 ], [ -82.866673132153807, 8.597442789913654 ], [ -82.86673123998446, 8.59729943625125 ], [ -82.866842042213946, 8.597158059385148 ], [ -82.86725903305107, 8.596813007415001 ], [ -82.867327606386752, 8.596680512654352 ], [ -82.867338971005466, 8.596561836737399 ], [ -82.86727200233436, 8.596451604218862 ], [ -82.867151903797918, 8.596427330593016 ], [ -82.867046624352668, 8.596269143768287 ], [ -82.866965448653517, 8.596087108414093 ], [ -82.86680722330405, 8.595952687001219 ], [ -82.866725621413153, 8.595914173258013 ], [ -82.866658327030805, 8.595913975220693 ], [ -82.866561977948592, 8.595985453554773 ], [ -82.866508819544393, 8.596080980222636 ], [ -82.866455631771814, 8.5961860747438 ], [ -82.866335007349718, 8.596338811388776 ], [ -82.866282133205232, 8.596338655727953 ], [ -82.866142978076383, 8.596256916188141 ], [ -82.866075783194546, 8.596223229154267 ], [ -82.865989346737962, 8.596194269875388 ], [ -82.865869262638682, 8.596165211485484 ], [ -82.865758763339883, 8.596145749239829 ], [ -82.865604988951816, 8.596130943915089 ], [ -82.865523245808291, 8.596140271963936 ], [ -82.865375810864975, 8.596181087449022 ], [ -82.865301113752338, 8.596245453487439 ], [ -82.865296928839797, 8.596273560957997 ], [ -82.865300270103589, 8.596766335899959 ], [ -82.865299501586577, 8.597024677242732 ], [ -82.865270362056634, 8.597125057977156 ], [ -82.865197947278148, 8.597230095595236 ], [ -82.865125602721747, 8.597311213083648 ], [ -82.86505337292941, 8.597354057300723 ], [ -82.864755166954311, 8.597415371195943 ], [ -82.864633571114155, 8.597490362828317 ], [ -82.864555167730217, 8.59758880450233 ], [ -82.864518822662106, 8.597687370190606 ], [ -82.864508999748054, 8.597959438612333 ], [ -82.864463161944045, 8.598219440651794 ], [ -82.864417928572507, 8.598276119105538 ], [ -82.86436087515483, 8.598266980477476 ], [ -82.864315962308439, 8.598216016659393 ], [ -82.864259201839403, 8.598108206022813 ], [ -82.86424155105216, 8.597982570973217 ], [ -82.86424195174385, 8.597848017927005 ], [ -82.864237336408934, 8.597756769368663 ], [ -82.864201527286596, 8.597675333055834 ], [ -82.864142832919228, 8.597611770817888 ], [ -82.86407447957788, 8.597590377389935 ], [ -82.864008403636731, 8.597584201917465 ], [ -82.863810008409956, 8.59762248770204 ], [ -82.86368372286023, 8.597657995483047 ], [ -82.863605603394319, 8.597660755641652 ], [ -82.86353956400491, 8.59764262004378 ], [ -82.863491754289598, 8.597555766240516 ], [ -82.863476867168998, 8.597510871501671 ], [ -82.86347416522095, 8.597409200877623 ], [ -82.863537788599459, 8.597229983671719 ], [ -82.863624023144141, 8.597098337468365 ], [ -82.863715751735683, 8.596991302204588 ], [ -82.8638543032081, 8.596872107689666 ], [ -82.864062022495517, 8.596729196852062 ], [ -82.864152336623164, 8.596666670866888 ], [ -82.864375184158462, 8.596487923080419 ], [ -82.86442646972101, 8.596416312478388 ], [ -82.864474973816783, 8.596269942007375 ], [ -82.864478210104025, 8.596192209175042 ], [ -82.864448648397598, 8.596030657629322 ], [ -82.864381346694813, 8.595804072364313 ], [ -82.864321596760689, 8.595691468527699 ], [ -82.864170821483384, 8.595503583302689 ], [ -82.863868142648698, 8.595251523635897 ], [ -82.863751271421023, 8.595152505995337 ], [ -82.863694529274355, 8.595038715766085 ], [ -82.86359573802612, 8.594921810749309 ], [ -82.863526801113608, 8.594867786196355 ], [ -82.863451703990918, 8.594864574785818 ], [ -82.863280196121664, 8.594953771144205 ], [ -82.863189944688671, 8.594995365751673 ], [ -82.863100947416498, 8.594992549010795 ], [ -82.863015753548538, 8.594976910882986 ], [ -82.86291074877235, 8.594928759376112 ], [ -82.862859845490476, 8.594871798144849 ], [ -82.862782422687104, 8.594641333254225 ], [ -82.862770602058191, 8.594575516166314 ], [ -82.862777492243183, 8.59427951892839 ], [ -82.862814068997764, 8.594103211747534 ], [ -82.862847614124362, 8.593935865947246 ], [ -82.862856965470954, 8.593822270756402 ], [ -82.862835465575941, 8.593751478841503 ], [ -82.862811610451743, 8.593691606754616 ], [ -82.86275416496666, 8.593612499618331 ], [ -82.862659515998445, 8.593543610005714 ], [ -82.862581513263422, 8.593507499239497 ], [ -82.862491484972836, 8.59347434185616 ], [ -82.862428432469926, 8.593462195509952 ], [ -82.862329302337457, 8.593458912943788 ], [ -82.862193926086533, 8.593521304566615 ], [ -82.862088547326181, 8.593598735614798 ], [ -82.861989122901406, 8.593694123989994 ], [ -82.861934698737542, 8.593810576677884 ], [ -82.861923999740895, 8.593881929856064 ], [ -82.861930419487734, 8.594238145878581 ], [ -82.861908979805122, 8.59437562558565 ], [ -82.861836548747817, 8.594486045411424 ], [ -82.861775434157138, 8.594538591080005 ], [ -82.861746243799942, 8.594545579285578 ], [ -82.861665156748998, 8.594536370213449 ], [ -82.861560320908652, 8.594431407048875 ], [ -82.861464855658454, 8.594206869197599 ], [ -82.86133350911264, 8.593925413444783 ], [ -82.861294837940733, 8.593796725528344 ], [ -82.861268415452017, 8.593590331517976 ], [ -82.861248224829396, 8.593309204341415 ], [ -82.861228159126441, 8.592986216570759 ], [ -82.861211373946006, 8.592570546234457 ], [ -82.861169948796743, 8.592358127349611 ], [ -82.86107775576059, 8.592043896698026 ], [ -82.86101496143101, 8.591945038281406 ], [ -82.860958078635406, 8.591879088864843 ], [ -82.860885517909935, 8.591817582777534 ], [ -82.860808136540541, 8.591788943105263 ], [ -82.860752065476916, 8.591783687312379 ], [ -82.860622273182699, 8.591705866795719 ], [ -82.860382116142873, 8.591645354905742 ], [ -82.860249408371544, 8.591618866843616 ], [ -82.860099502256773, 8.591597372651586 ], [ -82.859859092456702, 8.591621539024633 ], [ -82.859595519014661, 8.591676254424776 ], [ -82.859428177304494, 8.591698723740086 ], [ -82.85929166076275, 8.591700232628284 ], [ -82.859159070268774, 8.591674962347144 ], [ -82.859007412886598, 8.591596054069361 ], [ -82.858760335344925, 8.591479090458821 ], [ -82.858436687911492, 8.591209024569851 ], [ -82.858346884202589, 8.591101116374 ], [ -82.858226895569999, 8.591040959260349 ], [ -82.858028636922441, 8.59103439120859 ], [ -82.857890354670303, 8.591063882139789 ], [ -82.857595096141367, 8.591199331930408 ], [ -82.857294057957461, 8.591552486806744 ], [ -82.85674469845695, 8.592417979544793 ], [ -82.856376842995601, 8.592865398374707 ], [ -82.856206241554275, 8.593401242357261 ], [ -82.853937434055425, 8.592356456017598 ], [ -82.853166341340838, 8.591528262598276 ], [ -82.852519235803797, 8.590928321302563 ], [ -82.851919982565704, 8.590400284202182 ], [ -82.851367898256257, 8.590171393280384 ], [ -82.850944610283605, 8.590089424811493 ], [ -82.845535844512355, 8.591659730863064 ], [ -82.843750004893067, 8.59389216922235 ], [ -82.841619847444051, 8.59594581336383 ], [ -82.840300546229983, 8.596847033560731 ], [ -82.838665325892947, 8.596843369169971 ], [ -82.836890758557189, 8.598195641334639 ], [ -82.836080638364351, 8.597897273145678 ], [ -82.835620125551728, 8.597589698646628 ], [ -82.83510169901605, 8.5973584948935 ], [ -82.834833398525163, 8.59707063768357 ], [ -82.834391881096693, 8.596839665834874 ], [ -82.833969766004856, 8.596551342510573 ], [ -82.832952146028845, 8.596088987925803 ], [ -82.831414817182036, 8.595816417407036 ], [ -82.830491292276022, 8.595920767697534 ], [ -82.829881749710282, 8.59689804722476 ], [ -82.829616241621295, 8.597268006210081 ], [ -82.828904936254574, 8.598019335073984 ], [ -82.828447047579473, 8.598424587794748 ], [ -82.827748600046732, 8.5989008692559 ], [ -82.827266564494224, 8.5993419276398 ], [ -82.82696114775662, 8.599763741472275 ], [ -82.8268587480175, 8.600237052373521 ], [ -82.826879142388094, 8.600638976571545 ], [ -82.827523506011332, 8.601758666532557 ], [ -82.827749033106201, 8.60266832747547 ], [ -82.8279559149086, 8.603304090062261 ], [ -82.828069703621239, 8.603901202844204 ], [ -82.828260652070739, 8.60433235094181 ], [ -82.828439841411011, 8.604679741332111 ], [ -82.828703223651743, 8.605003468912866 ], [ -82.829086777081031, 8.605327561252851 ], [ -82.829506750195847, 8.605532162201447 ], [ -82.830070377712389, 8.605916602570099 ], [ -82.830669764477648, 8.606396832884386 ], [ -82.831221084082856, 8.606876916389389 ], [ -82.831880081992026, 8.607512808376839 ], [ -82.833186434701432, 8.608664952394147 ], [ -82.833930145986741, 8.609109736467403 ], [ -82.834469676353294, 8.609518018566442 ], [ -82.835369176701562, 8.610106794648836 ], [ -82.837094181402264, 8.61190604778009 ], [ -82.838088588938859, 8.612901752613254 ], [ -82.83831567800371, 8.613309085853084 ], [ -82.838398448918355, 8.613751863882095 ], [ -82.838264651880934, 8.614277709396783 ], [ -82.837950775762522, 8.614743208295655 ], [ -82.8373848253907, 8.615112263053575 ], [ -82.836819568469039, 8.615254075569196 ], [ -82.836002421032461, 8.615239640236332 ], [ -82.834608768209989, 8.615115814968666 ], [ -82.834104256395506, 8.615042522639067 ], [ -82.83295176047298, 8.614656298191887 ], [ -82.831715218587846, 8.614245895066448 ], [ -82.831222690337739, 8.614184596515742 ], [ -82.830801972424155, 8.614219196814776 ], [ -82.830188499965644, 8.614408692766393 ], [ -82.829562088579408, 8.614897152886696 ], [ -82.829127992345931, 8.615374237811963 ], [ -82.82886210025589, 8.615863794808629 ], [ -82.828788744553222, 8.616270216666743 ], [ -82.828702230168801, 8.617047364692201 ], [ -82.828663637090344, 8.617872498740514 ], [ -82.828553859447396, 8.618398412068363 ], [ -82.828491856963893, 8.619020151913496 ], [ -82.828430481220565, 8.619438570949926 ], [ -82.828344995092152, 8.619880836391504 ], [ -82.82842760807489, 8.620371455511521 ], [ -82.828594821700506, 8.62070685002649 ], [ -82.828833442007266, 8.621269705860842 ], [ -82.828832300301102, 8.62164046773248 ], [ -82.828795179951186, 8.621987199860852 ], [ -82.828698154718609, 8.622273947438302 ], [ -82.828401181372513, 8.622623521954658 ], [ -82.828248974339274, 8.622877809240563 ], [ -82.828247672321041, 8.623124934787514 ], [ -82.828266458534941, 8.623268513863845 ], [ -82.828548866122659, 8.623661669675721 ], [ -82.828797742481214, 8.624016449976073 ], [ -82.828902967490166, 8.624188997112686 ], [ -82.829013013773192, 8.624356775482372 ], [ -82.8291372317737, 8.624605925762328 ], [ -82.829194003075315, 8.624902711194883 ], [ -82.829250450308749, 8.625304745240195 ], [ -82.829223984128703, 8.626094036054313 ], [ -82.828999162003072, 8.627878046509357 ], [ -82.828923340298275, 8.6290834004021 ], [ -82.828948378922107, 8.630317765492306 ], [ -82.829104183400872, 8.631236781946686 ], [ -82.829318117458826, 8.632012454101364 ], [ -82.82956138076608, 8.632630341822644 ], [ -82.829760319778586, 8.633592546395491 ], [ -82.829758064298247, 8.63432450127485 ], [ -82.829799648347048, 8.634870011679636 ], [ -82.830200402571322, 8.635861537359203 ], [ -82.830670781638915, 8.636608967293219 ], [ -82.831581404486784, 8.635706857669287 ], [ -82.833171578577563, 8.635620032008601 ], [ -82.833467502506522, 8.635523526588399 ], [ -82.833939373414495, 8.635276189495157 ], [ -82.834406377514753, 8.63504797440909 ], [ -82.834820840745152, 8.634709563990681 ], [ -82.835235317925054, 8.63436637050493 ], [ -82.835827982513607, 8.633918466790233 ], [ -82.835901866746667, 8.633875896663959 ], [ -82.836187400141313, 8.633711379856482 ], [ -82.836491133341156, 8.633425256511586 ], [ -82.836987263178344, 8.632783844869804 ], [ -82.837157163311645, 8.632566143173941 ], [ -82.837345696608196, 8.632222259872449 ], [ -82.837650393857857, 8.63162039044022 ], [ -82.837853216828179, 8.631319607606349 ], [ -82.837983713502837, 8.631090366603825 ], [ -82.838200958265276, 8.630789628098805 ], [ -82.838288320894293, 8.630517199642087 ], [ -82.838317953704887, 8.630258949453236 ], [ -82.838334262015906, 8.629641850726458 ], [ -82.83836371914218, 8.629441008854473 ], [ -82.838436659814292, 8.629168536624212 ], [ -82.838523934012187, 8.628924814002712 ], [ -82.838596743744588, 8.628695397069238 ] ] ] ] } },
{ "type": "Feature", "properties": { "Id": 18, "TERRITORIO": "ZAPATON", "DECRETO": "29453", "AÑO": "2001", "CLASIF": "CREF y PAFT", "AE_2018": 991.82, "AE_2019": 991.82, "AE_2020": 991.82, "AE_2021": 991.82, "AE_2023": 991.82, "AE_2024": 991.82, "AE_2017": null, "AE_2022": 991.82, "PRIMER DESEMBOLSO": 2026, "SEGUNDO DESEMBOLSO": null, "BLOQUE": "CENTRO NORTE" }, "geometry": { "type": "MultiPolygon", "coordinates": [ [ [ [ -84.303768896905183, 9.649193053549023 ], [ -84.303693408958239, 9.649728814492198 ], [ -84.30379482040253, 9.649900973769114 ], [ -84.304004677302771, 9.650022798564081 ], [ -84.304185571514125, 9.650108763208218 ], [ -84.304308649579397, 9.650245018492294 ], [ -84.304417274380597, 9.650395640559983 ], [ -84.304547534212659, 9.650474473175015 ], [ -84.304706652949022, 9.650474332444688 ], [ -84.304894792691414, 9.650574644348055 ], [ -84.304988895330084, 9.650660685371522 ], [ -84.305083030298192, 9.650782611931142 ], [ -84.305148253992826, 9.650926094710105 ], [ -84.305242394641752, 9.651055197791059 ], [ -84.305329316058547, 9.651198662202994 ], [ -84.30542346422844, 9.651334941796927 ], [ -84.305445343750989, 9.651535880068312 ], [ -84.305474410286891, 9.651686572316384 ], [ -84.305496250162093, 9.651844447545864 ], [ -84.305547131717447, 9.652124306920912 ], [ -84.305525672415484, 9.652389876416736 ], [ -84.305518608295145, 9.652576486291842 ], [ -84.305518744098023, 9.652727204190271 ], [ -84.30551886050192, 9.652856390571783 ], [ -84.305511808397938, 9.653057353580921 ], [ -84.305511924804065, 9.653186540864256 ], [ -84.305519300265487, 9.653344428908527 ], [ -84.305526739500465, 9.653574087160603 ], [ -84.305526881789376, 9.653731982523102 ], [ -84.30554152190507, 9.653925749699367 ], [ -84.305541690078357, 9.654112352236789 ], [ -84.305505701424678, 9.654306164335338 ], [ -84.305419082991534, 9.654500021346134 ], [ -84.305317985104338, 9.654679537124293 ], [ -84.305253013517756, 9.654815958687438 ], [ -84.305231495719028, 9.655016934499786 ], [ -84.305195513269254, 9.655217924036712 ], [ -84.305130579386798, 9.655397406796094 ], [ -84.305094576552477, 9.655576864808891 ], [ -84.305073053077464, 9.655770664037901 ], [ -84.305087718898633, 9.655993139296529 ], [ -84.305124050360078, 9.6561797106709 ], [ -84.305182094540498, 9.656380615936275 ], [ -84.305218374396361, 9.656509770230722 ], [ -84.305269107866692, 9.656624558554942 ], [ -84.305291045009568, 9.656890089492553 ], [ -84.305291277747699, 9.65714846219778 ], [ -84.305291426445336, 9.657313534098419 ], [ -84.305233738451221, 9.657507365393464 ], [ -84.305168805100593, 9.657686849052562 ], [ -84.30508944388572, 9.657909407639751 ], [ -84.30500281143577, 9.658088910502423 ], [ -84.304908952062107, 9.658275596319847 ], [ -84.304786161227682, 9.658462308639901 ], [ -84.304648885213581, 9.658627502213781 ], [ -84.304468245136576, 9.658828618775962 ], [ -84.304273138229476, 9.6590297480387 ], [ -84.304106936754451, 9.659202144456545 ], [ -84.303911803668939, 9.659374565445159 ], [ -84.303745614708845, 9.659561315735026 ], [ -84.303427637710158, 9.659863031324619 ], [ -84.303109628951631, 9.660128861984997 ], [ -84.302849469010937, 9.660380287400871 ], [ -84.302784532968985, 9.660559770636672 ], [ -84.302755819491665, 9.660803815670423 ], [ -84.302705375678826, 9.661011994239649 ], [ -84.302445169917647, 9.661213179776635 ], [ -84.302098104983671, 9.661342672050163 ], [ -84.301751002327677, 9.661429100955031 ], [ -84.301505095401296, 9.661443670589529 ], [ -84.301201318814648, 9.661451113237371 ], [ -84.300897689742698, 9.661623628447565 ], [ -84.300673621954644, 9.661796072970224 ], [ -84.300521876748661, 9.661961277610459 ], [ -84.300427962938272, 9.662090546106286 ], [ -84.300384692705791, 9.66223412531915 ], [ -84.300355862834863, 9.662348982910315 ], [ -84.300204091786568, 9.662485479334514 ], [ -84.300052333330342, 9.662636328831683 ], [ -84.299958394646154, 9.662736890025744 ], [ -84.299784974812994, 9.662930821358662 ], [ -84.299683834321499, 9.663067272532269 ], [ -84.299604512754954, 9.663340069530809 ], [ -84.29956850717349, 9.663519526997195 ], [ -84.299532583163355, 9.66379228618006 ], [ -84.299511049772249, 9.66397890760933 ], [ -84.299547487091658, 9.664287488448723 ], [ -84.299540597380926, 9.664675054748276 ], [ -84.299526347263651, 9.664919086936916 ], [ -84.299844690232419, 9.665305471964023 ], [ -84.299989583161675, 9.665568503501159 ], [ -84.300037994218684, 9.66578377292487 ], [ -84.300098449594088, 9.665987069365586 ], [ -84.30025533424427, 9.666178320054403 ], [ -84.30040015450345, 9.666357619646483 ], [ -84.300532887278749, 9.666501044161233 ], [ -84.300641541365707, 9.666680375245697 ], [ -84.30068997426207, 9.666919567640115 ], [ -84.300702220384991, 9.667134868557378 ], [ -84.300738545366343, 9.667314262840542 ], [ -84.300823132534774, 9.667541461119411 ], [ -84.300883546198889, 9.667696911193213 ], [ -84.300992169876352, 9.667840356594551 ], [ -84.301124892856066, 9.667971819297566 ], [ -84.301245592944213, 9.66813917804782 ], [ -84.301330095490215, 9.668270682908821 ], [ -84.301354440543449, 9.668533819385864 ], [ -84.301342524031355, 9.668689332749048 ], [ -84.301258350478136, 9.668928641217551 ], [ -84.301186190113739, 9.669120092020844 ], [ -84.301041688288564, 9.669299644609723 ], [ -84.300945374316996, 9.669443269393653 ], [ -84.300873117974817, 9.669527064422573 ], [ -84.300728530788362, 9.669610923622429 ], [ -84.300571845140396, 9.669646945315593 ], [ -84.300415107284138, 9.669623159211161 ], [ -84.300210148603639, 9.669599415147884 ], [ -84.300041354895214, 9.669575638495195 ], [ -84.299920771448427, 9.669539859051431 ], [ -84.299776078064497, 9.669504099685085 ], [ -84.299643449367522, 9.669480292201014 ], [ -84.299498787788451, 9.669480418259583 ], [ -84.299366170607016, 9.66946857130919 ], [ -84.299185322032599, 9.669444805633745 ], [ -84.299076804261105, 9.669420976945071 ], [ -84.298908022179134, 9.66940916127688 ], [ -84.298678995062545, 9.669433284349591 ], [ -84.29835360096331, 9.669541222718868 ], [ -84.298052400890768, 9.669744833170018 ], [ -84.297787418980263, 9.670008220682574 ], [ -84.297498346755447, 9.67029555286693 ], [ -84.297257516049868, 9.670606766217684 ], [ -84.297076908482794, 9.670858118673243 ], [ -84.297016873875663, 9.671133289984578 ], [ -84.297065304959716, 9.671372482885889 ], [ -84.297077559529797, 9.671599745488892 ], [ -84.297077769556225, 9.671838980055403 ], [ -84.297077990089662, 9.672090176165826 ], [ -84.297042055876531, 9.672353365078912 ], [ -84.296994044609704, 9.672592641310697 ], [ -84.296946012283669, 9.672807993536567 ], [ -84.296885924792363, 9.67302335707363 ], [ -84.29682583722763, 9.673238719695597 ], [ -84.296826047112333, 9.67347795424482 ], [ -84.296958854795392, 9.673705112674176 ], [ -84.297079586510677, 9.673908357470124 ], [ -84.297236495236845, 9.674123533384382 ], [ -84.29738133758255, 9.674326757202936 ], [ -84.297538246697798, 9.674541932058425 ], [ -84.297683110460355, 9.674769079727682 ], [ -84.297779690528515, 9.674924498046533 ], [ -84.297948643917394, 9.675127701603833 ], [ -84.298129632525971, 9.675306970616667 ], [ -84.298600098391887, 9.675653451605699 ], [ -84.298961917549704, 9.675832562943988 ], [ -84.29954084139689, 9.676131101985725 ], [ -84.30008364119314, 9.676477518677821 ], [ -84.300650638544113, 9.676919606594792 ], [ -84.301072940491537, 9.677325934821123 ], [ -84.301483326812075, 9.677887775780873 ], [ -84.301845374961005, 9.678318079849426 ], [ -84.30223160949123, 9.678832094849014 ], [ -84.30252131514095, 9.679250499327162 ], [ -84.302702554680238, 9.679704885593194 ], [ -84.302944072415812, 9.680159217663839 ], [ -84.303282293156386, 9.680900545714838 ], [ -84.30351182069144, 9.681426658963703 ], [ -84.303813554289803, 9.681809166915887 ], [ -84.304091102393869, 9.682107964296874 ], [ -84.304416808092384, 9.68233494768115 ], [ -84.304670083633994, 9.682454340246911 ], [ -84.30500771596158, 9.682537772163219 ], [ -84.3052850712387, 9.682621258248998 ], [ -84.305526237776704, 9.682680852327813 ], [ -84.30573123714727, 9.682740478443026 ], [ -84.306068924151432, 9.682883717850761 ], [ -84.306479000217848, 9.683086700901271 ], [ -84.306780564911449, 9.683277818889263 ], [ -84.306925482138453, 9.683552809259574 ], [ -84.306973954832259, 9.683827884908379 ], [ -84.307022339765325, 9.684007267416916 ], [ -84.307094913653813, 9.684270359942904 ], [ -84.307119263808346, 9.684533496499363 ], [ -84.307131591104564, 9.684832528417585 ], [ -84.30713186290096, 9.685131570212667 ], [ -84.307144114137543, 9.685346870526999 ], [ -84.307180531764971, 9.685621956892396 ], [ -84.307204882116437, 9.685885093417044 ], [ -84.307253616495856, 9.686447250118547 ], [ -84.30729983096424, 9.686889791884834 ], [ -84.30729998763762, 9.687062040022889 ], [ -84.307304927750081, 9.687191221806817 ], [ -84.307305045261344, 9.687320408812404 ], [ -84.307319625336859, 9.687444796985657 ], [ -84.307339035830367, 9.687578750782187 ], [ -84.30734396726578, 9.68769836352182 ], [ -84.307358538670016, 9.687813182650659 ], [ -84.307387585729984, 9.687937558762115 ], [ -84.307411824168483, 9.688076293199616 ], [ -84.307426386907537, 9.688181543283019 ], [ -84.307450607051834, 9.688301138733939 ], [ -84.307465156748918, 9.688392033899358 ], [ -84.307494199548543, 9.688511625023466 ], [ -84.307523272862056, 9.688664709134587 ], [ -84.307552328777916, 9.688798654260168 ], [ -84.307600696113738, 9.688956505136815 ], [ -84.307653867786797, 9.689095213604181 ], [ -84.307716697850921, 9.689248267419595 ], [ -84.307779527972983, 9.689401320316193 ], [ -84.307832700705688, 9.689540028746983 ], [ -84.307881036847022, 9.68966438748717 ], [ -84.30797284478858, 9.689865261369144 ], [ -84.30805012908273, 9.690003948112842 ], [ -84.308141906663749, 9.690171328953639 ], [ -84.308238488609348, 9.69031956735946 ], [ -84.308335062815914, 9.690458236696651 ], [ -84.308431628362698, 9.690587336062306 ], [ -84.308581287638219, 9.690769019647153 ], [ -84.308668216800982, 9.690907697554628 ], [ -84.308745475380718, 9.6910176752005 ], [ -84.308832409052755, 9.691161138030333 ], [ -84.308890369251813, 9.691261563968515 ], [ -84.308943554972231, 9.69141462529111 ], [ -84.309001572167062, 9.691577252198032 ], [ -84.309049914339454, 9.691706395705378 ], [ -84.309098265308563, 9.691845107334858 ], [ -84.309136992875196, 9.69200775159225 ], [ -84.309166115469978, 9.69221346745371 ], [ -84.309185615562072, 9.692443114138053 ], [ -84.309185782052239, 9.692624932128741 ], [ -84.30916185446803, 9.692825909921572 ], [ -84.309137886520958, 9.692983826604353 ], [ -84.30908506837271, 9.693232677449062 ], [ -84.309012955905757, 9.693476760696123 ], [ -84.308921553459797, 9.693720862208238 ], [ -84.308834960456196, 9.693950604445844 ], [ -84.3087676650877, 9.694189899234162 ], [ -84.308729291839583, 9.694414813957126 ], [ -84.308705354227442, 9.694606222676327 ], [ -84.308638300168738, 9.695108674459435 ], [ -84.308652907410973, 9.69526177140383 ], [ -84.308662858206034, 9.695596689751168 ], [ -84.308667939082497, 9.69587898139187 ], [ -84.308716356193003, 9.696089463942101 ], [ -84.308726149545635, 9.696252134247736 ], [ -84.308760143223864, 9.696510476784455 ], [ -84.308866460390391, 9.69675439924802 ], [ -84.308977560125797, 9.696955256226405 ], [ -84.309078963741015, 9.697098704949923 ], [ -84.309204469683124, 9.697232562862348 ], [ -84.309320331136561, 9.697366429426721 ], [ -84.309508613689118, 9.697591139614007 ], [ -84.309600350267033, 9.697710673842293 ], [ -84.309696882409625, 9.697801495688761 ], [ -84.309827221314507, 9.697944918025421 ], [ -84.309967182053299, 9.698064408558473 ], [ -84.310107143802085, 9.698183899029639 ], [ -84.310290516580238, 9.698312919186746 ], [ -84.310459399192681, 9.698418029316279 ], [ -84.310589690215423, 9.698508820318008 ], [ -84.31108178954274, 9.698733254163818 ], [ -84.311564288143259, 9.699005542096597 ], [ -84.311993684014524, 9.699215677567889 ], [ -84.312283151854942, 9.699344600024615 ], [ -84.312664221543031, 9.699444731574486 ], [ -84.313011533811263, 9.69954489261865 ], [ -84.313421586757471, 9.699697626987282 ], [ -84.313744778500038, 9.699788240293284 ], [ -84.314029357875611, 9.699845395691471 ], [ -84.314280168128732, 9.699888228717416 ], [ -84.314608150901961, 9.699945343827437 ], [ -84.31487345461305, 9.700016870211224 ], [ -84.315211252125565, 9.700255793681089 ], [ -84.315447787722306, 9.700504379050852 ], [ -84.315568511348332, 9.700676515927563 ], [ -84.315674757754749, 9.700839097059163 ], [ -84.316075461017434, 9.701302841608909 ], [ -84.316360374977322, 9.701714060626184 ], [ -84.316510034556785, 9.701886171320544 ], [ -84.316756166645519, 9.702082114904798 ], [ -84.316944380322994, 9.702225481757146 ], [ -84.317098839843368, 9.702373663800989 ], [ -84.317253367916152, 9.702593615692841 ], [ -84.317359639172395, 9.702780119244133 ], [ -84.31750455348228, 9.703033572870968 ], [ -84.31766394010161, 9.703291797975291 ], [ -84.317799196585355, 9.703530906414528 ], [ -84.317958584583749, 9.70378913045456 ], [ -84.318122659359119, 9.703903810107306 ], [ -84.318629365530469, 9.704262189998477 ], [ -84.319053953083795, 9.704477105654936 ], [ -84.319242087534164, 9.704534346364918 ], [ -84.31943020300487, 9.704572448028706 ], [ -84.319753301081633, 9.704557792623371 ], [ -84.320018504981945, 9.704519267980945 ], [ -84.320220965478157, 9.704428169881714 ], [ -84.320351047757612, 9.704294077377478 ], [ -84.320500451309002, 9.70419345970017 ], [ -84.320669162508182, 9.704111961941349 ], [ -84.3208137667106, 9.704035271641454 ], [ -84.320992109767062, 9.703939411621324 ], [ -84.321098114721011, 9.703843618410664 ], [ -84.321237849385724, 9.703719086466936 ], [ -84.321329386610316, 9.703623306752515 ], [ -84.321469131130215, 9.703508343735033 ], [ -84.321589598831139, 9.703407752747527 ], [ -84.321753450928554, 9.703287982025113 ], [ -84.321965546714168, 9.703187304852252 ], [ -84.322221076152459, 9.7031200787495 ], [ -84.322438085992445, 9.703115089634844 ], [ -84.32272262456091, 9.703124391678951 ], [ -84.322920376061546, 9.703152913340721 ], [ -84.323209787013482, 9.703214841377825 ], [ -84.32332077445615, 9.703286506606698 ], [ -84.323369188089728, 9.703482631792433 ], [ -84.323330841208147, 9.703726686688686 ], [ -84.323306926094219, 9.703932450055989 ], [ -84.323345726258935, 9.704162078150985 ], [ -84.323384504451184, 9.704367782342073 ], [ -84.323437891673464, 9.704721797569876 ], [ -84.323433266157494, 9.704927542721567 ], [ -84.32340449606869, 9.705099817728112 ], [ -84.323380516690179, 9.705238596175644 ], [ -84.323332423915758, 9.705377397381964 ], [ -84.323236193296168, 9.705607151989042 ], [ -84.323164024606427, 9.705784252886925 ], [ -84.323043840787179, 9.706181493820088 ], [ -84.322966949842183, 9.706463862000385 ], [ -84.322938234405299, 9.706693553762022 ], [ -84.322977066785128, 9.706956673860814 ], [ -84.323035116505196, 9.707143221836345 ], [ -84.323213804544125, 9.707406209957012 ], [ -84.323397210187466, 9.707559146600543 ], [ -84.323628846766383, 9.707716821624961 ], [ -84.32380738391187, 9.707821915720057 ], [ -84.323990761542916, 9.707946143180997 ], [ -84.324198257478699, 9.708075133574376 ], [ -84.324372000623669, 9.708208939865871 ], [ -84.324859392165052, 9.708529050445598 ], [ -84.325385430712672, 9.708916109424569 ], [ -84.325617106108538, 9.709112060880503 ], [ -84.325728150594259, 9.709241141094699 ], [ -84.326273762514901, 9.709607286941171 ], [ -84.326698431952309, 9.709893961599471 ], [ -84.327045847003859, 9.710085016618669 ], [ -84.327431936086413, 9.710371728072738 ], [ -84.328030222034101, 9.710658235827049 ], [ -84.328454800069082, 9.71084921541936 ], [ -84.328860256740668, 9.711212460530444 ], [ -84.329111408802049, 9.711594993336805 ], [ -84.329169747880229, 9.712073403335815 ], [ -84.3289579618624, 9.712494658009486 ], [ -84.328649759781285, 9.712954282104057 ], [ -84.328399502580666, 9.713490405172013 ], [ -84.328168443306978, 9.713930815901803 ], [ -84.328149674297308, 9.714466716761711 ], [ -84.32853606807663, 9.715059644783269 ], [ -84.328825710634618, 9.715346446032077 ], [ -84.329462906185555, 9.715958270742092 ], [ -84.32984902378648, 9.716264117989825 ], [ -84.330331501229693, 9.716474177136066 ], [ -84.330910435021281, 9.716684143216616 ], [ -84.331508565564974, 9.716798395982719 ], [ -84.332125967859412, 9.716893490966024 ], [ -84.332434736154681, 9.717008022837987 ], [ -84.332685650035216, 9.7171417496017 ], [ -84.332840184769225, 9.717352124719028 ], [ -84.332840449586797, 9.717620065722379 ], [ -84.332647804965177, 9.717888194337043 ], [ -84.332377977124423, 9.718137258922223 ], [ -84.332050313796543, 9.71842465728313 ], [ -84.331876921631206, 9.718654488958746 ], [ -84.331841565462767, 9.718919996996657 ], [ -84.331893396829656, 9.719059574842534 ], [ -84.331970730889722, 9.719231747369349 ], [ -84.332067355427057, 9.719403902053408 ], [ -84.332144661339697, 9.719547366633236 ], [ -84.332318423019842, 9.719690737500443 ], [ -84.332472864256701, 9.719805419127683 ], [ -84.332733426397127, 9.719939136388749 ], [ -84.332964994486716, 9.720015465821904 ], [ -84.333215854020011, 9.720091776302343 ], [ -84.33340882248865, 9.720149004111432 ], [ -84.333572891465693, 9.720244537824289 ], [ -84.333765973008141, 9.720416596997485 ], [ -84.333930137131148, 9.720607823200766 ], [ -84.334132883294643, 9.720799011628547 ], [ -84.334325955937047, 9.720961501464622 ], [ -84.334586567231185, 9.721143064033269 ], [ -84.334866402668013, 9.721257621831159 ], [ -84.335136621619597, 9.721400897635286 ], [ -84.335300748870281, 9.721553845343392 ], [ -84.335513190235318, 9.721792870216323 ], [ -84.335677356020099, 9.721984095509779 ], [ -84.335802891344684, 9.722127512733536 ], [ -84.33592842768725, 9.722270929001334 ], [ -84.336179413764469, 9.722471637739762 ], [ -84.336333848914961, 9.722576748524823 ], [ -84.336555726443862, 9.722605238143927 ], [ -84.336825803526295, 9.72260497223906 ], [ -84.337037978326521, 9.722576055284923 ], [ -84.337201934438468, 9.722556755654429 ], [ -84.337404472567258, 9.722537416977632 ], [ -84.337626321340352, 9.72253719802252 ], [ -84.337886753056878, 9.72253694080408 ], [ -84.338099033436094, 9.722613285709613 ], [ -84.338272788647544, 9.722747084398184 ], [ -84.338485203970023, 9.722957398533097 ], [ -84.338581785688831, 9.723081704432918 ], [ -84.338726662305419, 9.723272947268871 ], [ -84.338881137129349, 9.723416333720944 ], [ -84.339054825580916, 9.723483147248903 ], [ -84.339238102444597, 9.723492534469967 ], [ -84.339508102937614, 9.723415711800197 ], [ -84.339691272615795, 9.723319837193134 ], [ -84.339835899639667, 9.723262277693719 ], [ -84.340067345789592, 9.723214200803227 ], [ -84.340356685739053, 9.723185205039274 ], [ -84.340559214316485, 9.723156295500134 ], [ -84.340838908864129, 9.723127308936954 ], [ -84.341070315966306, 9.72304095452156 ], [ -84.34129207765416, 9.722954608675542 ], [ -84.341494548650331, 9.722868282857956 ], [ -84.341716368400768, 9.722839353377358 ], [ -84.341986396910457, 9.722791236649064 ], [ -84.342237114398813, 9.722724001044449 ], [ -84.34240104099301, 9.722675990161953 ], [ -84.342680675564878, 9.722589586387066 ], [ -84.342863815506291, 9.7224650013553 ], [ -84.34302767361045, 9.722350005470146 ], [ -84.343181925359445, 9.722273296035732 ], [ -84.343596568350179, 9.722158048131531 ], [ -84.343914775248564, 9.722062034714876 ], [ -84.34416548198034, 9.721985228740689 ], [ -84.344445095896774, 9.721879684681424 ], [ -84.344744001047744, 9.7217741209534 ], [ -84.345139322895875, 9.721630182803002 ], [ -84.345293533631036, 9.721515194697545 ], [ -84.345563305070044, 9.721218273478474 ], [ -84.345765705052486, 9.721064960502542 ], [ -84.34602596728368, 9.720902018980702 ], [ -84.346286299072233, 9.720806061959225 ], [ -84.346575556516257, 9.720700506442716 ], [ -84.346913042589023, 9.720594901774906 ], [ -84.347105864503405, 9.720508582505445 ], [ -84.347375830992306, 9.720403045903288 ], [ -84.347587943998064, 9.720316706776853 ], [ -84.347838688057948, 9.720278175009076 ], [ -84.348089451841318, 9.720258781023082 ], [ -84.348282372234507, 9.720268153635235 ], [ -84.348571768154883, 9.720296566724466 ], [ -84.348870789490661, 9.720305831767652 ], [ -84.349179535439376, 9.720391640356569 ], [ -84.349459295327335, 9.72042963151579 ], [ -84.349729459764546, 9.720515479014473 ], [ -84.350269659600556, 9.720562773006799 ], [ -84.350626564228946, 9.720581546213939 ], [ -84.350964058746499, 9.720485506575647 ], [ -84.351214722593241, 9.720370417801396 ], [ -84.351523249307263, 9.720245699495694 ], [ -84.35174500625925, 9.720159347919006 ], [ -84.351976479231368, 9.720139971834623 ], [ -84.35216947966525, 9.720225896787204 ], [ -84.352285345876467, 9.720340608945543 ], [ -84.352449540205981, 9.720550964758786 ], [ -84.352565457644801, 9.720713523505234 ], [ -84.352719966097794, 9.720885611399313 ], [ -84.35286478024527, 9.721009863379646 ], [ -84.353028874914827, 9.721124525502885 ], [ -84.353308706039982, 9.721229499019396 ], [ -84.353530674173413, 9.721344101102256 ], [ -84.353810515682767, 9.721458643170143 ], [ -84.35393991800953, 9.721631499683426 ], [ -84.357309822992903, 9.70648802185975 ], [ -84.357303911536292, 9.705914856060447 ], [ -84.357243363433952, 9.705663724835166 ], [ -84.357219034691823, 9.70546040168491 ], [ -84.357194744909151, 9.70529296469296 ], [ -84.357146329208774, 9.705113590480911 ], [ -84.357061707040131, 9.704898368697071 ], [ -84.357013316802409, 9.704742918267025 ], [ -84.356928732801265, 9.704563581702137 ], [ -84.356856167074767, 9.7043483472898 ], [ -84.356771519079615, 9.704109203409541 ], [ -84.356698953560581, 9.703893968951114 ], [ -84.356590294720561, 9.703750542649766 ], [ -84.356529874043815, 9.703619027583086 ], [ -84.356493478068799, 9.703403755426475 ], [ -84.356420925534806, 9.703200483247219 ], [ -84.356360441837154, 9.703009159963001 ], [ -84.356323994591847, 9.702746041955825 ], [ -84.356323767132423, 9.702530732148992 ], [ -84.356323577587261, 9.702351307609286 ], [ -84.356338475253423, 9.702187417559051 ], [ -84.356302207554734, 9.702094155094267 ], [ -84.356236967041909, 9.701965036530991 ], [ -84.356193481278652, 9.701886135498771 ], [ -84.356142724373498, 9.701771355801661 ], [ -84.356120893923887, 9.701649370419904 ], [ -84.356120772694197, 9.701534538091421 ], [ -84.356135126487516, 9.701426869047818 ], [ -84.356178445460642, 9.701347876883231 ], [ -84.356192784072661, 9.70122585300456 ], [ -84.356199889416814, 9.701103836643057 ], [ -84.356206986268447, 9.70097464376955 ], [ -84.356206849862929, 9.700845458413314 ], [ -84.356199487785872, 9.700723457086251 ], [ -84.356177604356603, 9.700551232496114 ], [ -84.356090618114379, 9.700379074645538 ], [ -84.35599647354374, 9.700278694833166 ], [ -84.355909570750725, 9.700185483992845 ], [ -84.355779265846778, 9.70009231908908 ], [ -84.355627221657329, 9.699963290469313 ], [ -84.355504187959767, 9.699906002322647 ], [ -84.3554099614433, 9.699726675263735 ], [ -84.355373671608504, 9.699611881320333 ], [ -84.355337374240762, 9.699489909953856 ], [ -84.355315514936905, 9.699339215721466 ], [ -84.355293692530637, 9.699224406767028 ], [ -84.355264636923565, 9.699109605306854 ], [ -84.355228333011496, 9.69898045740727 ], [ -84.35519929255959, 9.698880008965975 ], [ -84.355191907339616, 9.698736477144022 ], [ -84.355191809127675, 9.698643176134475 ], [ -84.355213374579833, 9.698513968259116 ], [ -84.355220418905517, 9.69833453616042 ], [ -84.355234712445522, 9.698169450495866 ], [ -84.355234584008016, 9.698047442523118 ], [ -84.355234432905718, 9.697903902294479 ], [ -84.355255824532151, 9.697609623735596 ], [ -84.355277396551728, 9.697487592366938 ], [ -84.355349559117712, 9.697322446716694 ], [ -84.355429038846751, 9.697236240634906 ], [ -84.355530211410894, 9.697142835518202 ], [ -84.355681989515858, 9.697020669074966 ], [ -84.355768694692827, 9.69692727799605 ], [ -84.356014351181429, 9.696654297979416 ], [ -84.356166053153032, 9.696460361671395 ], [ -84.356274390253645, 9.696302354781457 ], [ -84.356339387133914, 9.69620180960098 ], [ -84.356382682698467, 9.696101286966128 ], [ -84.356440415131885, 9.695972041422406 ], [ -84.356461919333043, 9.695785416838147 ], [ -84.356447315708849, 9.695656246486141 ], [ -84.356374835759652, 9.695519958862974 ], [ -84.356295076369506, 9.695340616939195 ], [ -84.356186397863723, 9.695175658981659 ], [ -84.356113918128116, 9.69503937129206 ], [ -84.356048686719589, 9.694917430911746 ], [ -84.355997923429058, 9.694795474592571 ], [ -84.355983297332784, 9.694644772852312 ], [ -84.355961429655835, 9.69448690210371 ], [ -84.355946848998187, 9.694379262161185 ], [ -84.355910598367316, 9.694300352608076 ], [ -84.355874278752111, 9.694156850797468 ], [ -84.355881346327863, 9.693998950008906 ], [ -84.355866712765206, 9.693841070834061 ], [ -84.355859372839817, 9.693740600795739 ], [ -84.355779651990261, 9.693597143998939 ], [ -84.355634716305531, 9.693346099723945 ], [ -84.35554778523192, 9.693224180815109 ], [ -84.355489811067429, 9.693123763248543 ], [ -84.355402872549803, 9.692994666877221 ], [ -84.355352093786067, 9.692858357398739 ], [ -84.35531577458255, 9.692714854598744 ], [ -84.355279343048466, 9.692463697716747 ], [ -84.355271905173964, 9.692269926607157 ], [ -84.355257234245713, 9.692076162986375 ], [ -84.355249812412922, 9.691896745807751 ], [ -84.355249585898576, 9.691681436743906 ], [ -84.355256547139703, 9.691423057468777 ], [ -84.355256335732676, 9.691222102337219 ], [ -84.355183796884134, 9.691028398622754 ], [ -84.355053458068753, 9.690899347961455 ], [ -84.354886921257162, 9.69074162588138 ], [ -84.354734874198925, 9.690605421019784 ], [ -84.354655086774855, 9.69039737071145 ], [ -84.354647687939632, 9.690239483947233 ], [ -84.354647552284391, 9.690110298488332 ], [ -84.354647288515253, 9.689859104085587 ], [ -84.354647130257021, 9.689708387261339 ], [ -84.354646919250683, 9.689507432096411 ], [ -84.354668468471161, 9.68936386935639 ], [ -84.354718937358399, 9.689205923665165 ], [ -84.354798340030811, 9.689047948048628 ], [ -84.354870538880832, 9.688918686873679 ], [ -84.354949971585285, 9.688789419105504 ], [ -84.355022208040793, 9.688696043204208 ], [ -84.35513782250672, 9.688581091912884 ], [ -84.355210051319887, 9.688480539456243 ], [ -84.355296731878624, 9.688365618065628 ], [ -84.355412309294024, 9.688214781383172 ], [ -84.355433873228762, 9.688085573443463 ], [ -84.355419300639625, 9.687985109940763 ], [ -84.355397502635711, 9.687891832254319 ], [ -84.355317836290112, 9.687798613585901 ], [ -84.355194844879321, 9.687777209527942 ], [ -84.355035656620245, 9.687727135867615 ], [ -84.354847541320538, 9.687684268571804 ], [ -84.354724505670447, 9.687619802516032 ], [ -84.354630380256125, 9.687533776054684 ], [ -84.354615823002533, 9.687447667351668 ], [ -84.354608483655383, 9.687347196326842 ], [ -84.354615596997249, 9.687232357313054 ], [ -84.35467337393203, 9.687146173857396 ], [ -84.354789010619911, 9.687052753149272 ], [ -84.354854059040633, 9.687002447494011 ], [ -84.354955281588531, 9.686959280940538 ], [ -84.355049271152751, 9.686916120936965 ], [ -84.355143267326667, 9.686880139236536 ], [ -84.355316839903267, 9.686851251657608 ], [ -84.355483065309926, 9.686714716472306 ], [ -84.35559145265286, 9.686606949056163 ], [ -84.355692607892323, 9.68649919000719 ], [ -84.355772069056897, 9.686398629041488 ], [ -84.355865967645556, 9.686269346079124 ], [ -84.35588752465992, 9.686132960683283 ], [ -84.355930788937769, 9.686003730205417 ], [ -84.355966819339869, 9.685874507224927 ], [ -84.355966683241604, 9.685745320847614 ], [ -84.355966516903038, 9.68558742749024 ], [ -84.355923018330003, 9.685494171424898 ], [ -84.355886723381147, 9.685372200872608 ], [ -84.355835892777137, 9.685185651217553 ], [ -84.355828470010579, 9.685006233986211 ], [ -84.355813814344714, 9.684826824250177 ], [ -84.355864334995388, 9.684719117643336 ], [ -84.356008828371714, 9.684553896843564 ], [ -84.35612444203494, 9.684438945254028 ], [ -84.356268972995679, 9.684309608754479 ], [ -84.35637739808918, 9.68423772641825 ], [ -84.356514823773381, 9.684230407193031 ], [ -84.356673958448951, 9.684230241883991 ], [ -84.356840326018755, 9.684230068982549 ], [ -84.356985023397371, 9.684258626450671 ], [ -84.357115254090871, 9.684287198907235 ], [ -84.357216537126348, 9.684301447481795 ], [ -84.35736126491939, 9.684358712669962 ], [ -84.357484277962556, 9.684401646453814 ], [ -84.35757836429201, 9.68445178775627 ], [ -84.357723093117386, 9.684509052785911 ], [ -84.357918401837608, 9.68451602572147 ], [ -84.358026818111441, 9.684436966358692 ], [ -84.358156981401208, 9.684400945234765 ], [ -84.358337822436823, 9.684407933028432 ], [ -84.358518672002248, 9.684422098147003 ], [ -84.358713973054265, 9.684421894114088 ], [ -84.358815309523621, 9.684486381448378 ], [ -84.358974618717369, 9.684651285805881 ], [ -84.359133859419671, 9.684751596912143 ], [ -84.359278626767946, 9.684844746565551 ], [ -84.359430526953787, 9.68484458754058 ], [ -84.359553380048126, 9.684736803778925 ], [ -84.359625568544033, 9.684600365153567 ], [ -84.359690508806324, 9.684449581060537 ], [ -84.359769953917692, 9.684334665279874 ], [ -84.35985663187121, 9.684219742804034 ], [ -84.359950535924952, 9.684097635302232 ], [ -84.36008782377445, 9.683961128319041 ], [ -84.360167314531296, 9.6838892751658 ], [ -84.360355312568686, 9.683824485538935 ], [ -84.360449300532679, 9.683781325009205 ], [ -84.360565056946413, 9.683802733923311 ], [ -84.360702598112255, 9.68390306709524 ], [ -84.36079673162898, 9.683996269309949 ], [ -84.360898105752312, 9.684096640407878 ], [ -84.361028413330644, 9.684196981044698 ], [ -84.361158668207395, 9.684247083308845 ], [ -84.361310569004331, 9.684246923460718 ], [ -84.361484169391176, 9.684246740695388 ], [ -84.361686641722144, 9.684189111623196 ], [ -84.36180232241486, 9.684138750442623 ], [ -84.361939670997188, 9.684059659383951 ], [ -84.36201916136686, 9.68398780581577 ], [ -84.362149223112695, 9.683858482181316 ], [ -84.362199703117639, 9.683714889428781 ], [ -84.362206805239026, 9.683592872911483 ], [ -84.362184967248751, 9.683463710403784 ], [ -84.362134233497741, 9.683370462797757 ], [ -84.361989390096511, 9.683205544674928 ], [ -84.361931354402174, 9.683047712408081 ], [ -84.361895033637865, 9.682904211189747 ], [ -84.361858675399162, 9.682724824675411 ], [ -84.361872988353994, 9.682581269175756 ], [ -84.361901752551944, 9.682423345395456 ], [ -84.361923306016777, 9.682286959688009 ], [ -84.361959334671553, 9.682157736146863 ], [ -84.362002565401951, 9.681999797106092 ], [ -84.362139852482784, 9.681863289345847 ], [ -84.362233793519749, 9.68177706654607 ], [ -84.362327710518713, 9.681669312368514 ], [ -84.362436110341577, 9.681575896830855 ], [ -84.362522817477654, 9.681489681591602 ], [ -84.362631201790691, 9.681381912060846 ], [ -84.362761293135321, 9.68128129699331 ], [ -84.362840782691748, 9.681209443253534 ], [ -84.362999799323674, 9.681101620106167 ], [ -84.363122665334259, 9.681008189068908 ], [ -84.363158677988267, 9.680864611479844 ], [ -84.36316575661229, 9.680721064488012 ], [ -84.363143895356089, 9.680570370672603 ], [ -84.363078702983017, 9.68048431590155 ], [ -84.362977337064081, 9.680391121925892 ], [ -84.362897693648137, 9.680319436342414 ], [ -84.362615488116276, 9.680219256784934 ], [ -84.362492476030738, 9.680176324797555 ], [ -84.362369463974048, 9.6801333918607 ], [ -84.362268082972378, 9.680025844630666 ], [ -84.362217335283361, 9.6799182430629 ], [ -84.362137630639651, 9.67978914154441 ], [ -84.362094108138692, 9.679674354906735 ], [ -84.362065036795897, 9.679545199977891 ], [ -84.362014288336923, 9.679437598373077 ], [ -84.361869500516534, 9.679322919332039 ], [ -84.361797145040967, 9.679301465083327 ], [ -84.361666899688586, 9.679258540402156 ], [ -84.361522150426993, 9.679179745599875 ], [ -84.361413574644061, 9.679108090099684 ], [ -84.361304953803597, 9.678993371841951 ], [ -84.361218000707709, 9.678849923752987 ], [ -84.361203319577726, 9.678648983819942 ], [ -84.361253783957878, 9.678491036333384 ], [ -84.3613187300775, 9.678347428465489 ], [ -84.361405367677762, 9.678196620333527 ], [ -84.361484763858684, 9.678038643276485 ], [ -84.361535235698625, 9.677887873172821 ], [ -84.361556790002012, 9.677751487456691 ], [ -84.361592740729733, 9.677550494236272 ], [ -84.361607076682574, 9.677428470069923 ], [ -84.361650291706695, 9.677256177106605 ], [ -84.361700809422473, 9.677148468797677 ], [ -84.361765755112387, 9.677004860850385 ], [ -84.361866873927241, 9.676868391314937 ], [ -84.362192175833812, 9.676688623597315 ], [ -84.362315078962226, 9.676631078175349 ], [ -84.362517462001563, 9.676494501643544 ], [ -84.362690928460083, 9.676372309481611 ], [ -84.362799287131978, 9.676243009472826 ], [ -84.362893149483554, 9.676085016834817 ], [ -84.362965311782048, 9.675927046195191 ], [ -84.363030295224746, 9.675819322421333 ], [ -84.363174527056159, 9.675417259250517 ], [ -84.363225005491842, 9.67527366543476 ], [ -84.363289941573854, 9.675122879799991 ], [ -84.363318735433708, 9.674993663757784 ], [ -84.363311217540158, 9.674728123082687 ], [ -84.363311086505178, 9.67460611414799 ], [ -84.363260276802663, 9.674441096926349 ], [ -84.363209452653834, 9.674261726657413 ], [ -84.363115244272763, 9.67409675527737 ], [ -84.363042797436862, 9.673989176701875 ], [ -84.362926944190249, 9.673874467429494 ], [ -84.362840068789026, 9.673802788484572 ], [ -84.362695298572774, 9.673702463617166 ], [ -84.362550551514474, 9.673623670048983 ], [ -84.36239859400817, 9.673566413601524 ], [ -84.362073049373748, 9.673516518362007 ], [ -84.36195729551649, 9.673495108915455 ], [ -84.361848722427212, 9.67342345346507 ], [ -84.361725636200504, 9.673308751378654 ], [ -84.361667656199586, 9.673201157258649 ], [ -84.361631398126406, 9.673115071660378 ], [ -84.361573402850937, 9.672993123577687 ], [ -84.361479279971249, 9.672907098836573 ], [ -84.361341836066757, 9.67289288941913 ], [ -84.361226059475314, 9.672849949252198 ], [ -84.361103035854796, 9.672792662699639 ], [ -84.361008928462553, 9.672720991766738 ], [ -84.360922016388784, 9.672613427896042 ], [ -84.360813374006142, 9.67247717889339 ], [ -84.360769891242327, 9.672398277303468 ], [ -84.360646744557371, 9.672226159015381 ], [ -84.360588757443409, 9.672111388166668 ], [ -84.360501868602057, 9.672025355546181 ], [ -84.360378798626257, 9.671925005974854 ], [ -84.360219594316334, 9.671853403058471 ], [ -84.360082088867671, 9.671781777333239 ], [ -84.359901238412846, 9.671760435359587 ], [ -84.359640838861878, 9.671753531404919 ], [ -84.359395005485197, 9.671839912333526 ], [ -84.3591998488466, 9.671969302022719 ], [ -84.359098661770673, 9.672041178484069 ], [ -84.358983030396999, 9.672134599593994 ], [ -84.358889084385723, 9.672213644962827 ], [ -84.358773460504636, 9.67231424343176 ], [ -84.358657822250962, 9.672400487914349 ], [ -84.35853491235828, 9.672450855486824 ], [ -84.358303498773296, 9.672494158721122 ], [ -84.358108174218117, 9.6724656543736 ], [ -84.357854954533238, 9.672408502271201 ], [ -84.357558237746986, 9.672258094004148 ], [ -84.357399002593368, 9.672157781866417 ], [ -84.357247092918001, 9.672143585836514 ], [ -84.35710243012808, 9.672143736176158 ], [ -84.357001159239132, 9.672136663949304 ], [ -84.356849286516791, 9.672158353074293 ], [ -84.356726383983613, 9.672215896530941 ], [ -84.356625188719107, 9.672280594856687 ], [ -84.356495023212517, 9.672309437834359 ], [ -84.356227352791947, 9.672266653475663 ], [ -84.356060991096612, 9.672266825868959 ], [ -84.355909057848095, 9.672231097867 ], [ -84.355749876897775, 9.672181023330095 ], [ -84.355626853468607, 9.672123734773647 ], [ -84.355489348812853, 9.672052107180916 ], [ -84.355387972439999, 9.671944556799298 ], [ -84.355322738512342, 9.671815438519459 ], [ -84.35519961826067, 9.671664848644793 ], [ -84.355148880755564, 9.671564423284515 ], [ -84.355098098094714, 9.671420936050671 ], [ -84.355047338979389, 9.671298979286055 ], [ -84.355011015024516, 9.67114829966137 ], [ -84.354953014929919, 9.671019173823669 ], [ -84.354916767230861, 9.670940263960713 ], [ -84.354829796404772, 9.670775282629911 ], [ -84.354764586409829, 9.670667695604813 ], [ -84.3546776683812, 9.670552952622426 ], [ -84.354605209923974, 9.6704310190695 ], [ -84.354518292922876, 9.670316276040195 ], [ -84.354482015337396, 9.670208659112484 ], [ -84.354438465775146, 9.670065163390049 ], [ -84.354380436037388, 9.669907329518802 ], [ -84.354329677423678, 9.669785372620158 ], [ -84.354155850610113, 9.669563064706372 ], [ -84.354097881163469, 9.669462646607196 ], [ -84.353880612354615, 9.669197321359201 ], [ -84.353779222361354, 9.669075416477659 ], [ -84.353677756540463, 9.668881741768079 ], [ -84.353525622656321, 9.668652234641257 ], [ -84.35344587252213, 9.668472891494558 ], [ -84.353293731494489, 9.668236206815283 ], [ -84.35316330513912, 9.668013853730677 ], [ -84.353047403933772, 9.667848901579408 ], [ -84.352953255594812, 9.667734166425102 ], [ -84.352859128850284, 9.667640961733046 ], [ -84.352808355275855, 9.667504650601389 ], [ -84.352721327493256, 9.667282252787485 ], [ -84.352685020925179, 9.667145926790848 ], [ -84.352626991632803, 9.666988092550904 ], [ -84.352539986531809, 9.666787225167381 ], [ -84.352503724931253, 9.666693961935835 ], [ -84.352452966596161, 9.666572004697064 ], [ -84.352264655268968, 9.666328179110867 ], [ -84.352155988523961, 9.666163220101483 ], [ -84.352047359195765, 9.66603414460632 ], [ -84.351902520829924, 9.665862045091595 ], [ -84.3517721559884, 9.665697107242833 ], [ -84.351685203013886, 9.665546478928887 ], [ -84.351648874711245, 9.665388622292017 ], [ -84.351069029552676, 9.664960667635478 ], [ -84.350740738969023, 9.664578229116593 ], [ -84.350644061397858, 9.664348663063215 ], [ -84.350528116572249, 9.664138255556244 ], [ -84.350412092685957, 9.663851294107372 ], [ -84.350276721541505, 9.663506935469618 ], [ -84.350179965461933, 9.663200815349658 ], [ -84.350063961995943, 9.662932991769495 ], [ -84.349928631145119, 9.662626909903345 ], [ -84.349831895423037, 9.662339928578701 ], [ -84.349666305625433, 9.661993947500319 ], [ -84.349548464395681, 9.661851761603186 ], [ -84.349415805918341, 9.661798068232015 ], [ -84.349289187594181, 9.661756331085153 ], [ -84.349144473638589, 9.66170265074958 ], [ -84.349005824474375, 9.661684848715632 ], [ -84.348885264813461, 9.661673009486705 ], [ -84.348746664930289, 9.661703054224629 ], [ -84.348608145035271, 9.661810849970848 ], [ -84.348529899221234, 9.661918583703606 ], [ -84.348481797518531, 9.662032268996299 ], [ -84.348445792598852, 9.662187806848937 ], [ -84.34842787010578, 9.662343327288237 ], [ -84.348403920717104, 9.662498852925385 ], [ -84.348386010496412, 9.662666334854022 ], [ -84.348307838226731, 9.662845839307039 ], [ -84.348199461969102, 9.662959584680735 ], [ -84.347970511391168, 9.663049528998346 ], [ -84.347705353618863, 9.663097644043624 ], [ -84.347367841223416, 9.66312190804144 ], [ -84.347084637563881, 9.663205926259568 ], [ -84.346909897273576, 9.663259929758771 ], [ -84.346735114064757, 9.663272067487352 ], [ -84.346542248330124, 9.66328422334467 ], [ -84.346367445829344, 9.663278419097541 ], [ -84.346234823930132, 9.663260609896421 ], [ -84.346078013192837, 9.663165073822288 ], [ -84.345993524610165, 9.66306348463714 ], [ -84.345951179997968, 9.662914006111576 ], [ -84.345920926760016, 9.662800400849225 ], [ -84.345896695232483, 9.662680808321788 ], [ -84.345872481133995, 9.662579158488709 ], [ -84.345842258489, 9.662495457408424 ], [ -84.345817996484286, 9.662345960678165 ], [ -84.345799767485389, 9.662202438182547 ], [ -84.345775542156105, 9.662088826839927 ], [ -84.34575126099088, 9.66192138740286 ], [ -84.345720940775593, 9.661741992520856 ], [ -84.345654389538367, 9.661496845280345 ], [ -84.345612033091328, 9.661335405189908 ], [ -84.34555160648884, 9.661185944750134 ], [ -84.345479137515568, 9.661048457898739 ], [ -84.345394606974139, 9.660905002834072 ], [ -84.345316134749766, 9.66079144589329 ], [ -84.345207508220668, 9.660659975564164 ], [ -84.345014552524006, 9.660582418824175 ], [ -84.344839672277445, 9.660498861746175 ], [ -84.344658795691487, 9.660445215717361 ], [ -84.344429676426941, 9.660367693957198 ], [ -84.344212635256937, 9.660314083886989 ], [ -84.344013695633862, 9.660278397397082 ], [ -84.343724386758282, 9.660284667725355 ], [ -84.343453160218843, 9.660290918858312 ], [ -84.343181873080809, 9.66023736227125 ], [ -84.343007024621897, 9.660183709347596 ], [ -84.34280803585483, 9.660100175242516 ], [ -84.342603020343219, 9.660016647923353 ], [ -84.342452226854419, 9.659909142587864 ], [ -84.342295412666161, 9.659807624380882 ], [ -84.342174774394238, 9.659718031643461 ], [ -84.342005874700575, 9.659586621074501 ], [ -84.341806844283013, 9.659461221556462 ], [ -84.341643990687757, 9.659347746615159 ], [ -84.341541429024858, 9.65925215538957 ], [ -84.341402708846033, 9.659162580310584 ], [ -84.341143502443231, 9.659132933119905 ], [ -84.340872276706008, 9.65913918218879 ], [ -84.340697494382454, 9.659151316787748 ], [ -84.340564922418281, 9.659181352256079 ], [ -84.340426347637703, 9.659235317551275 ], [ -84.340299838481229, 9.659301231474078 ], [ -84.340155241868715, 9.659361182924325 ], [ -84.339998583717275, 9.659415165925692 ], [ -84.339751509741873, 9.659463256925589 ], [ -84.33954657830823, 9.659463459193319 ], [ -84.339341623821198, 9.659439737420556 ], [ -84.33917884286565, 9.659398032133783 ], [ -84.3389739004039, 9.659386272551062 ], [ -84.338817200169061, 9.659398388389345 ], [ -84.338545980088909, 9.659410616839335 ], [ -84.33833504662941, 9.659434748232778 ], [ -84.33814225332145, 9.659518669272828 ], [ -84.338021819979161, 9.659632423388922 ], [ -84.337913416373652, 9.65972224261202 ], [ -84.337774845966067, 9.659782187162795 ], [ -84.337600064057199, 9.659794320202318 ], [ -84.337419206733131, 9.659758613028693 ], [ -84.337274496257592, 9.659704926694696 ], [ -84.337141803793997, 9.659615343961052 ], [ -84.337039231372586, 9.659507789844863 ], [ -84.336930632182671, 9.659400240691914 ], [ -84.336858201816497, 9.65929863731175 ], [ -84.336791794201019, 9.65919104680712 ], [ -84.336707310267428, 9.659089455187273 ], [ -84.336634856268461, 9.658963927828809 ], [ -84.336568419089801, 9.658826433950084 ], [ -84.336489890867483, 9.658653065502351 ], [ -84.336453672858184, 9.658599273609227 ], [ -84.336363079246297, 9.658413956303185 ], [ -84.336296694797952, 9.658330288709648 ], [ -84.336254390695188, 9.658216694220428 ], [ -84.336260263205418, 9.658061185971153 ], [ -84.336217935416556, 9.657923668450914 ], [ -84.336133440114054, 9.657810114250173 ], [ -84.336018824999755, 9.657714533074456 ], [ -84.33581382433772, 9.657642963104697 ], [ -84.335596828470443, 9.657631212326503 ], [ -84.33538587125426, 9.657631417955336 ], [ -84.335211090325586, 9.657643550652443 ], [ -84.334843468913334, 9.657691754593115 ], [ -84.334542142712365, 9.657733914305858 ], [ -84.334307164866388, 9.657823854516227 ], [ -84.3341384577638, 9.657883826875969 ], [ -84.333891366242071, 9.657913970939402 ], [ -84.333674422316392, 9.657956048030563 ], [ -84.333451492716378, 9.658039995676054 ], [ -84.333282798016981, 9.658111929138551 ], [ -84.333040551834529, 9.658166828239722 ], [ -84.33275125715754, 9.658186247046482 ], [ -84.33257284742804, 9.658186419492832 ], [ -84.332322104855749, 9.658181877629453 ], [ -84.332153338570151, 9.65818204054654 ], [ -84.331979718200941, 9.658148715061525 ], [ -84.33178681474098, 9.658120193050628 ], [ -84.331685508515889, 9.658072443679981 ], [ -84.331545607989497, 9.658005592470905 ], [ -84.331386420631304, 9.657938760677867 ], [ -84.331280297014743, 9.657895800795428 ], [ -84.331222387774588, 9.657848009509808 ], [ -84.330932873613108, 9.657642546805008 ], [ -84.330792936043451, 9.657537418237371 ], [ -84.330681968020357, 9.65747053975894 ], [ -84.330527597665039, 9.657398917047036 ], [ -84.33037808685792, 9.657365568485371 ], [ -84.330286433798747, 9.657327378464803 ], [ -84.330170643772107, 9.657260504442297 ], [ -84.330083780311043, 9.657188817666087 ], [ -84.330011391791587, 9.657126686032532 ], [ -84.329895563715581, 9.657021533964633 ], [ -84.329808681748816, 9.656930708139326 ], [ -84.329692864022959, 9.656835125936457 ], [ -84.32956742995438, 9.656768260032756 ], [ -84.329369686680877, 9.656720602272973 ], [ -84.329162327931698, 9.656701662535808 ], [ -84.328974247643529, 9.656673134299497 ], [ -84.328631876650618, 9.656654322343437 ], [ -84.328511320656744, 9.656644867469703 ], [ -84.328303887830117, 9.656549372204402 ], [ -84.328159162684372, 9.656477740101574 ], [ -84.327975820494203, 9.656363081763507 ], [ -84.32789377895935, 9.656291389814227 ], [ -84.327787559101751, 9.656147950759241 ], [ -84.327758540095616, 9.656057069283904 ], [ -84.327758438309004, 9.655951806251814 ], [ -84.3278017516418, 9.655865640878019 ], [ -84.327946282935301, 9.655736317023555 ], [ -84.327979896345283, 9.655592743876976 ], [ -84.327994246127403, 9.655473113957948 ], [ -84.327950752355278, 9.655372676334723 ], [ -84.327878322958881, 9.655267482192723 ], [ -84.327723904201761, 9.655143227997938 ], [ -84.327555088493298, 9.655090756638314 ], [ -84.327367022160075, 9.655076581498006 ], [ -84.327203084093327, 9.655081522322718 ], [ -84.327053625372969, 9.655100803338332 ], [ -84.32667917825556, 9.655152593730964 ], [ -84.326238014320552, 9.655188897584395 ], [ -84.3260716742993, 9.655203409197251 ], [ -84.325847417020455, 9.655160559452531 ], [ -84.325717137780444, 9.655067381118155 ], [ -84.325579646084194, 9.654995741043253 ], [ -84.325427668274386, 9.654902583113429 ], [ -84.325369737390432, 9.65483086773679 ], [ -84.325261142416579, 9.654723314699812 ], [ -84.325123624331056, 9.654622966405444 ], [ -84.324986119175293, 9.654536972067696 ], [ -84.324711267178756, 9.654530053932811 ], [ -84.324566626073732, 9.65454454434518 ], [ -84.324450970879113, 9.654616424397354 ], [ -84.324451053306731, 9.654702548484936 ], [ -84.324487340238719, 9.654831700533229 ], [ -84.324545305297306, 9.654939301552181 ], [ -84.324610537965341, 9.655082780322465 ], [ -84.324610634183003, 9.655183258420275 ], [ -84.324552882077711, 9.655298145989379 ], [ -84.324545806907267, 9.655463223515664 ], [ -84.324589279079333, 9.655542130128822 ], [ -84.324777345606094, 9.655556306781536 ], [ -84.324936466416759, 9.655556156627386 ], [ -84.325052211288536, 9.655577578849748 ], [ -84.325124649986847, 9.655692342650788 ], [ -84.32512480143572, 9.655850236790585 ], [ -84.325103247227517, 9.65600097486791 ], [ -84.325009303298344, 9.656087187730165 ], [ -84.324900860280522, 9.656137529640766 ], [ -84.324647726392826, 9.656152122489367 ], [ -84.324416290353966, 9.656166694704559 ], [ -84.324170375005892, 9.656166926373757 ], [ -84.323946110424814, 9.65611689794672 ], [ -84.323671162103182, 9.656009501824926 ], [ -84.32338909027942, 9.656016943488302 ], [ -84.323186612725138, 9.656060195726131 ], [ -84.323020306296812, 9.656110591372826 ], [ -84.322745447088963, 9.656096495152832 ], [ -84.32255735981974, 9.656060785921227 ], [ -84.322361966095542, 9.655946136718931 ], [ -84.322246124801595, 9.655824235474844 ], [ -84.322159174651958, 9.655659245063086 ], [ -84.322021581143332, 9.655479947970857 ], [ -84.32189128233577, 9.655365237585638 ], [ -84.321724819361293, 9.65525056094566 ], [ -84.321442632377156, 9.655135992290845 ], [ -84.321044701099282, 9.654999999852045 ], [ -84.320798705013289, 9.654914104968041 ], [ -84.320502039527028, 9.65478519407503 ], [ -84.320328358562264, 9.654684877484485 ], [ -84.320140218070875, 9.65459175081272 ], [ -84.319908736303631, 9.654556081347936 ], [ -84.319576056119004, 9.654585098376046 ], [ -84.319424195021625, 9.654613947371493 ], [ -84.319294120475718, 9.654736077772247 ], [ -84.3191207362363, 9.654951549045254 ], [ -84.318983469670513, 9.655116748103682 ], [ -84.318911235698351, 9.655217293265926 ], [ -84.318853420865693, 9.65526758639059 ], [ -84.318737696669089, 9.655267693552892 ], [ -84.318614712269792, 9.655239099325929 ], [ -84.318498974593481, 9.655224852385134 ], [ -84.318383263889288, 9.655239313450528 ], [ -84.318238587523552, 9.65521791571377 ], [ -84.318144487984014, 9.655139055942469 ], [ -84.318093763921794, 9.655038623659529 ], [ -84.3180936763722, 9.654945322960138 ], [ -84.318136992081918, 9.654859158721409 ], [ -84.318187534241062, 9.654765810328858 ], [ -84.31823806872471, 9.654665285370539 ], [ -84.318288617566395, 9.654579113523521 ], [ -84.318295742952998, 9.65446427464917 ], [ -84.318302874162981, 9.654356612334601 ], [ -84.318302793300262, 9.654270488193125 ], [ -84.31827376800446, 9.654170036772458 ], [ -84.318208578585484, 9.654069618772992 ], [ -84.318150649336772, 9.653997902123935 ], [ -84.318034851506241, 9.653919061450619 ], [ -84.317897395453826, 9.653883302844317 ], [ -84.3177671927982, 9.653869068995888 ], [ -84.317629763687748, 9.653862019235097 ], [ -84.317506806768321, 9.653862132640793 ], [ -84.317362152103073, 9.653862266002553 ], [ -84.317217517581128, 9.653883929889631 ], [ -84.31712353857823, 9.653934256044883 ], [ -84.317007868504447, 9.653991778713841 ], [ -84.316846580008843, 9.654144438943666 ], [ -84.316659833952173, 9.654252266485488 ], [ -84.316473044019844, 9.654312246873207 ], [ -84.316334454968043, 9.654354240104331 ], [ -84.316226013554314, 9.654408168044617 ], [ -84.316159752808318, 9.654450094767943 ], [ -84.315991004834274, 9.654468192459797 ], [ -84.315840322220041, 9.654468330722565 ], [ -84.315617223038075, 9.654372841112581 ], [ -84.315466440282563, 9.654265323551858 ], [ -84.315375925052237, 9.654151770400313 ], [ -84.315321618532394, 9.654086030261677 ], [ -84.315267312034621, 9.654020291017744 ], [ -84.315182845926159, 9.653930655370269 ], [ -84.315110479650556, 9.653888855730322 ], [ -84.315044106793195, 9.653811165036757 ], [ -84.314989767053092, 9.653709540221081 ], [ -84.314947476187498, 9.653601923147349 ], [ -84.314923256284857, 9.65348232798932 ], [ -84.314929110808151, 9.653296916343999 ], [ -84.314929016367614, 9.653195241895389 ], [ -84.314904790949996, 9.653069665509816 ], [ -84.314772091020913, 9.652962131074716 ], [ -84.314621298064139, 9.652842651565699 ], [ -84.314512756976356, 9.652788923286744 ], [ -84.3144042325588, 9.652753136832054 ], [ -84.314253511882043, 9.652711408529139 ], [ -84.314108835500306, 9.652687617425354 ], [ -84.313940066107733, 9.652681790101706 ], [ -84.313801494885993, 9.652741725070198 ], [ -84.3136508738652, 9.652807652188111 ], [ -84.313536449085973, 9.652909430942739 ], [ -84.313440085056214, 9.652987270117011 ], [ -84.313337698862966, 9.653071095069382 ], [ -84.31326540944012, 9.653113026727707 ], [ -84.313181072051677, 9.653160950557622 ], [ -84.313066609264581, 9.653220863310901 ], [ -84.312915993400054, 9.653292770435975 ], [ -84.312813584910387, 9.653352672152772 ], [ -84.31274131833932, 9.653418527693072 ], [ -84.312656996432366, 9.653484393261348 ], [ -84.31256664774979, 9.653550265184867 ], [ -84.312476304543523, 9.653622117404863 ], [ -84.312343786961037, 9.653711950643785 ], [ -84.312229329341676, 9.653777843446775 ], [ -84.312060597944551, 9.653813881975884 ], [ -84.311795386317399, 9.653802160686837 ], [ -84.311512043175881, 9.653736627249122 ], [ -84.311349235013694, 9.653659023049064 ], [ -84.311204546499354, 9.653623269189186 ], [ -84.310933302799171, 9.653605571452976 ], [ -84.310758494333456, 9.653587786481198 ], [ -84.310601785289535, 9.653587927878222 ], [ -84.310396927996052, 9.653665864075673 ], [ -84.310210087915323, 9.653672013686302 ], [ -84.310089531099237, 9.653660159819172 ], [ -84.309993105886036, 9.6536722091041 ], [ -84.309878663286597, 9.653756043911224 ], [ -84.30979433070047, 9.653809947250696 ], [ -84.309716035765973, 9.653875807599096 ], [ -84.309619681481337, 9.653965607281936 ], [ -84.309559490404311, 9.654055374427275 ], [ -84.30949927199552, 9.654115237245822 ], [ -84.309420971473898, 9.654175116304897 ], [ -84.309348676762738, 9.654211065934957 ], [ -84.309089513420673, 9.654223261150497 ], [ -84.308968967336867, 9.654223369346903 ], [ -84.3087881591035, 9.654235493108986 ], [ -84.308504848755362, 9.65420584273636 ], [ -84.30830583331354, 9.654080422393603 ], [ -84.308173134990383, 9.653972885368162 ], [ -84.308112785891382, 9.653889207572554 ], [ -84.308064497580176, 9.653811499300939 ], [ -84.307973946862788, 9.653656078248828 ], [ -84.307919592025712, 9.6535365094756 ], [ -84.307859215915286, 9.653422927306433 ], [ -84.307834998511908, 9.653303331569532 ], [ -84.307820870243077, 9.653121724545349 ], [ -84.307826783864456, 9.652996121541239 ], [ -84.307874909988811, 9.652894403914109 ], [ -84.307910991659682, 9.652804658608909 ], [ -84.307959123164608, 9.652708921292723 ], [ -84.308013281373249, 9.652613179483703 ], [ -84.308055406919678, 9.652541371547542 ], [ -84.30810355465178, 9.652463576987168 ], [ -84.308181827850746, 9.652373793903278 ], [ -84.308223942458994, 9.652290023494748 ], [ -84.308278062466755, 9.65215241577393 ], [ -84.30829002529282, 9.652050730462161 ], [ -84.308259785659828, 9.651937120465522 ], [ -84.308175294708576, 9.651817578689103 ], [ -84.308084809707154, 9.651733927832366 ], [ -84.307903915864259, 9.651650357792422 ], [ -84.307753170162499, 9.651578721370127 ], [ -84.307596406841881, 9.65151905362225 ], [ -84.307469791609975, 9.651471319542445 ], [ -84.307361262870756, 9.651429550505922 ], [ -84.307252734156549, 9.651387780530079 ], [ -84.307047797025547, 9.651376001741593 ], [ -84.306909159158735, 9.651364163755114 ], [ -84.306824761724783, 9.651346296161977 ], [ -84.306698156565361, 9.65131052424862 ], [ -84.306571525307788, 9.651244847052794 ], [ -84.30641472450597, 9.651143311968408 ], [ -84.306324261718331, 9.651083583729948 ], [ -84.306227723655198, 9.650970033390172 ], [ -84.306155298764011, 9.650862441915788 ], [ -84.306034560459779, 9.650647237492084 ], [ -84.305956082030306, 9.650509747895789 ], [ -84.305877598270513, 9.65036627614597 ], [ -84.305823272602339, 9.650276611312874 ], [ -84.305726723247176, 9.65015109926301 ], [ -84.305606060013147, 9.650019627345189 ], [ -84.305443174134211, 9.649852307231908 ], [ -84.305346685180353, 9.649792584060354 ], [ -84.305226049132088, 9.649691016334748 ], [ -84.305063255044445, 9.649625370593498 ], [ -84.304882406045593, 9.649589646019663 ], [ -84.304623197620231, 9.649548009421094 ], [ -84.304357967942536, 9.649512358275802 ], [ -84.304110813891342, 9.649470710636722 ], [ -84.303990247999963, 9.649446893927511 ], [ -84.303857617146505, 9.649411125349252 ], [ -84.303768896905183, 9.649193053549023 ] ] ] ] } },
{ "type": "Feature", "properties": { "Id": 22, "TERRITORIO": "GUAYMI DE OSA", "DECRETO": "22202", "AÑO": "1993", "CLASIF": "CREF y PAFT", "AE_2018": 865.76, "AE_2019": 865.76, "AE_2020": 1691.4, "AE_2021": 2523.73, "AE_2023": 542.04, "AE_2024": 77.07, "AE_2017": null, "AE_2022": 2523.73, "PRIMER DESEMBOLSO": 2024, "SEGUNDO DESEMBOLSO": null, "BLOQUE": "NGABE" }, "geometry": { "type": "MultiPolygon", "coordinates": [ [ [ [ -83.498209710361351, 8.605971198798466 ], [ -83.503230609651467, 8.610091551596163 ], [ -83.503363059533072, 8.613030452218334 ], [ -83.506991407774152, 8.617556246101161 ], [ -83.507091246281092, 8.618601917354161 ], [ -83.508575136951208, 8.619651625016433 ], [ -83.510395316690804, 8.620047217251193 ], [ -83.511770018379806, 8.622180103475493 ], [ -83.50857058487766, 8.625922347017854 ], [ -83.510401835288917, 8.626183257198051 ], [ -83.511840568032255, 8.626829960546864 ], [ -83.512995948805639, 8.627093403759138 ], [ -83.514162124341098, 8.62684297932751 ], [ -83.515354881585992, 8.626994754043078 ], [ -83.515870700097295, 8.627942556720301 ], [ -83.516895741402877, 8.627067229807885 ], [ -83.517687600996169, 8.626191606024852 ], [ -83.518924659800717, 8.62600171595296 ], [ -83.519690418633942, 8.625262321634677 ], [ -83.520309321327304, 8.624870131898653 ], [ -83.521040506061851, 8.623863432206722 ], [ -83.521963670820909, 8.623370859352692 ], [ -83.523002081066466, 8.623761880166127 ], [ -83.523590988111621, 8.623027056306102 ], [ -83.524381689141094, 8.62305826481011 ], [ -83.525602439203681, 8.623325076690312 ], [ -83.526235938692665, 8.623254321941127 ], [ -83.527174683403643, 8.622912316219484 ], [ -83.528759561769064, 8.621812548780399 ], [ -83.529537232576203, 8.621570265343232 ], [ -83.530383574525558, 8.620298232368258 ], [ -83.530379387846594, 8.623689079743617 ], [ -83.533105961058695, 8.623014234893084 ], [ -83.533446561161327, 8.624419730704449 ], [ -83.533444567210637, 8.626044644705011 ], [ -83.53062106336246, 8.628965013883871 ], [ -83.529422988340755, 8.631227442927042 ], [ -83.529038127701099, 8.632414950869293 ], [ -83.528991957775077, 8.633266657822112 ], [ -83.528093060405965, 8.63566728130999 ], [ -83.529713591929806, 8.63555705250338 ], [ -83.530494642536155, 8.635085594993928 ], [ -83.531959084026113, 8.63490712145326 ], [ -83.533062240877328, 8.634955120805321 ], [ -83.533819569861549, 8.635547385532849 ], [ -83.5346869900483, 8.637073346580062 ], [ -83.535255611970456, 8.637563945333161 ], [ -83.536578919694719, 8.63714562538126 ], [ -83.537547022155451, 8.637269270131997 ], [ -83.537875310732616, 8.638344873049476 ], [ -83.538420604077629, 8.639001808852955 ], [ -83.538936050961681, 8.639789783868276 ], [ -83.538876657170263, 8.640778463620874 ], [ -83.54088542396029, 8.640897517211512 ], [ -83.541818517094768, 8.640863643130201 ], [ -83.543245798299893, 8.641682944795829 ], [ -83.544090774245362, 8.641730611048033 ], [ -83.545401588955571, 8.642024217676234 ], [ -83.546600359042699, 8.642402592510898 ], [ -83.547095885194167, 8.643614477448425 ], [ -83.548457386715995, 8.643004554481108 ], [ -83.55000685886813, 8.643535587862202 ], [ -83.550289664545474, 8.644719886251854 ], [ -83.551069808946863, 8.645414657163167 ], [ -83.551151869120375, 8.646061563015653 ], [ -83.550701467043382, 8.646771065410807 ], [ -83.549706577547013, 8.647546072434285 ], [ -83.549658764094843, 8.647957621582361 ], [ -83.549918625853024, 8.648504578921958 ], [ -83.550510040457311, 8.648705198455113 ], [ -83.551977102363111, 8.648906842785051 ], [ -83.552757312843084, 8.649554564687245 ], [ -83.552969193196461, 8.650495633400451 ], [ -83.552494730427426, 8.65147680833709 ], [ -83.552896304497153, 8.65211232506527 ], [ -83.552788729924799, 8.655548696487426 ], [ -83.553282756917781, 8.656268666447087 ], [ -83.554001777081865, 8.655544607611997 ], [ -83.554628772344032, 8.654612292288711 ], [ -83.555899344429307, 8.654284457379267 ], [ -83.557445827458636, 8.65413988987304 ], [ -83.558999652147278, 8.653349894297797 ], [ -83.56084088196387, 8.653022699755992 ], [ -83.565555130462613, 8.651535592168052 ], [ -83.568508452746443, 8.651358087031893 ], [ -83.57918239650563, 8.653811396542784 ], [ -83.582588371438717, 8.65517147571104 ], [ -83.588268491447224, 8.654273397852755 ], [ -83.588497521935125, 8.652555601779291 ], [ -83.591860621215034, 8.651564546672255 ], [ -83.592361840075782, 8.65020873122497 ], [ -83.58577461785643, 8.64974954414259 ], [ -83.586156973427876, 8.648586196794202 ], [ -83.586774289998573, 8.648048221600027 ], [ -83.587392549683855, 8.646479792473945 ], [ -83.587393721616806, 8.6454025114482 ], [ -83.586703456847204, 8.644287337304061 ], [ -83.586066052202071, 8.643107167790848 ], [ -83.585880444533402, 8.641936815761213 ], [ -83.584461750090838, 8.640449372468654 ], [ -83.582294328301685, 8.640056965807648 ], [ -83.581091447581457, 8.637491567992607 ], [ -83.58051979017371, 8.636817553325979 ], [ -83.579269956435624, 8.636723302902089 ], [ -83.578546713685881, 8.635805305700609 ], [ -83.577740814472023, 8.636182261219084 ], [ -83.576758839982517, 8.636660438315879 ], [ -83.574363669340713, 8.635595513097423 ], [ -83.574046762442677, 8.634896006023734 ], [ -83.57448527403379, 8.633764891759354 ], [ -83.573940902944557, 8.632853799760566 ], [ -83.573749140120484, 8.631855598400922 ], [ -83.572748825655594, 8.63159561681719 ], [ -83.571819416843525, 8.629904950532335 ], [ -83.569593315832506, 8.629929568617035 ], [ -83.569117498960622, 8.629303178390316 ], [ -83.569263553582175, 8.628025978739622 ], [ -83.564939121259343, 8.623365669460787 ], [ -83.563873953718883, 8.62270508798041 ], [ -83.562929223210077, 8.621408001016839 ], [ -83.561636833228732, 8.621406528009638 ], [ -83.561360803922952, 8.619380903101783 ], [ -83.560116193990012, 8.617979639970123 ], [ -83.56002841409618, 8.61625081277429 ], [ -83.559738504193049, 8.614840034951358 ], [ -83.558871369190328, 8.613722605444615 ], [ -83.557866217967486, 8.612557855322764 ], [ -83.556911640845826, 8.611490205802124 ], [ -83.556085599457219, 8.610826860897328 ], [ -83.555996409655734, 8.609984272125612 ], [ -83.554589236431212, 8.609675618864635 ], [ -83.553589324208318, 8.608526175889565 ], [ -83.553035807362789, 8.607416417144952 ], [ -83.551639320460254, 8.60767794990617 ], [ -83.550714620632419, 8.606728871886526 ], [ -83.54970076941936, 8.606252669253497 ], [ -83.54872466229763, 8.606399597576306 ], [ -83.547462261769283, 8.606416039151696 ], [ -83.546725112248325, 8.606869702957582 ], [ -83.546200770421493, 8.607920300954259 ], [ -83.54635232144831, 8.609052284420526 ], [ -83.54409527980151, 8.609825152612224 ], [ -83.543077227925252, 8.609093492936992 ], [ -83.542085146939897, 8.607770153390334 ], [ -83.542036768411336, 8.60666536790475 ], [ -83.541119260720436, 8.606623932358097 ], [ -83.540072663294708, 8.60714251258883 ], [ -83.537703605729916, 8.603678332019356 ], [ -83.53640395549472, 8.603432029166026 ], [ -83.53537294426711, 8.601941170253662 ], [ -83.534877510179115, 8.60068808297636 ], [ -83.533737459852844, 8.600312862447248 ], [ -83.532703352138356, 8.599391254610447 ], [ -83.531806671849949, 8.599871639397001 ], [ -83.530686105196523, 8.600101069142575 ], [ -83.529710732034346, 8.600146563189226 ], [ -83.529416438767342, 8.601179052876136 ], [ -83.528077535465869, 8.601131695033624 ], [ -83.526768056545436, 8.601462557200007 ], [ -83.526353029355022, 8.602325704704198 ], [ -83.524863472852019, 8.601805731315228 ], [ -83.52381082877578, 8.601702834218569 ], [ -83.524161511991835, 8.603280972680414 ], [ -83.524948239615185, 8.604223785467211 ], [ -83.524465851270051, 8.605464441456022 ], [ -83.524162181686535, 8.606959951515242 ], [ -83.522576971050995, 8.606747993424174 ], [ -83.521406798988593, 8.605368636925162 ], [ -83.521381272477015, 8.603968229017127 ], [ -83.520194811638376, 8.603840843377753 ], [ -83.51929829399073, 8.605997712297805 ], [ -83.51899328153236, 8.604992365302074 ], [ -83.51830225838566, 8.604009026791275 ], [ -83.51727291043639, 8.603185737715872 ], [ -83.517300616182581, 8.602221292616228 ], [ -83.516136736962224, 8.601889179303813 ], [ -83.517136618086283, 8.600666560727648 ], [ -83.516897739272238, 8.599563394729497 ], [ -83.514961931164336, 8.599972314689699 ], [ -83.514437280547867, 8.600935593056903 ], [ -83.513282210559865, 8.60121650760191 ], [ -83.512480681507995, 8.602139817660506 ], [ -83.510959003299917, 8.602502831489819 ], [ -83.510978847363603, 8.600484763722516 ], [ -83.510962204968237, 8.59875899264461 ], [ -83.508693211167724, 8.599273155177098 ], [ -83.507925546818186, 8.597754911718607 ], [ -83.506554826076353, 8.597460321761305 ], [ -83.505510216725725, 8.598205243725223 ], [ -83.502771127161736, 8.602474249295307 ], [ -83.501153516564415, 8.603441135728245 ], [ -83.500254082979623, 8.604541925211429 ], [ -83.499474121583518, 8.605096344210024 ], [ -83.499084801713281, 8.605095837539926 ], [ -83.498063603213893, 8.604353139434508 ], [ -83.497180600680394, 8.604056556966903 ], [ -83.496333151931054, 8.604431181357365 ], [ -83.49812366161818, 8.605900583364981 ], [ -83.49916517940251, 8.605622041941057 ], [ -83.49967633762752, 8.605368691675032 ], [ -83.500069805528796, 8.605426479380624 ], [ -83.500886024682274, 8.606056073978642 ], [ -83.50139228028371, 8.605978907544095 ], [ -83.501838900552386, 8.605979486131902 ], [ -83.502017062730815, 8.606087657594944 ], [ -83.502164929394567, 8.605846420329991 ], [ -83.503902164217394, 8.606376875012632 ], [ -83.505136311781172, 8.606378464582608 ], [ -83.50610517568316, 8.6067203544733 ], [ -83.508054711995243, 8.606676445063126 ], [ -83.509958157920209, 8.60717537621456 ], [ -83.510904465420708, 8.606953739829356 ], [ -83.512338713574692, 8.606916224263124 ], [ -83.513485614256169, 8.608258655972078 ], [ -83.514911115865601, 8.607899855988389 ], [ -83.515526829555995, 8.607711165160763 ], [ -83.516065902738006, 8.608045373670315 ], [ -83.517361254955091, 8.608528556606711 ], [ -83.518924646984445, 8.609820725248658 ], [ -83.51983125485377, 8.610620818751311 ], [ -83.520595074496384, 8.610621771836604 ], [ -83.521421613641792, 8.611246991393307 ], [ -83.524488596738962, 8.611742837840145 ], [ -83.525581124836592, 8.611702222402476 ], [ -83.526234354432319, 8.613136161875119 ], [ -83.526317345987678, 8.613873307307061 ], [ -83.527291487647091, 8.614622577743617 ], [ -83.528127553127007, 8.614992022345804 ], [ -83.532541651539489, 8.614883184736582 ], [ -83.533816146448785, 8.615142902371405 ], [ -83.534977234171379, 8.616262877311033 ], [ -83.535708735612786, 8.617513463938785 ], [ -83.536387609587479, 8.617727171425228 ], [ -83.536360208469816, 8.61781338448713 ], [ -83.535647871989212, 8.617589142040975 ], [ -83.534905011868759, 8.616319135932255 ], [ -83.53377194926631, 8.61522619410372 ], [ -83.532533381398224, 8.614973798136448 ], [ -83.528109777822834, 8.615083103164157 ], [ -83.527244600660737, 8.614700794445032 ], [ -83.526231340283886, 8.613921434555408 ], [ -83.526145666511439, 8.613160459440532 ], [ -83.525523563549299, 8.611794848146346 ], [ -83.524483131219966, 8.611833526791219 ], [ -83.52138457448099, 8.611332549265224 ], [ -83.520564415332586, 8.610712156199989 ], [ -83.519793634227142, 8.610711194350039 ], [ -83.518860650938549, 8.609885369659898 ], [ -83.517315007762875, 8.608607870585658 ], [ -83.516025544450287, 8.608126884024067 ], [ -83.515513963764988, 8.607809720373883 ], [ -83.514935638241056, 8.607986952961751 ], [ -83.513529600812532, 8.608340854132297 ], [ -83.513744259308027, 8.608913784013756 ], [ -83.514493563242553, 8.609268590171155 ], [ -83.514601847308597, 8.609756140410571 ], [ -83.514138596439793, 8.611005396112068 ], [ -83.513368092310273, 8.61221118131286 ], [ -83.513279892486636, 8.612918032456902 ], [ -83.513189730165337, 8.612906888552693 ], [ -83.513280449945142, 8.612179835722873 ], [ -83.514056722350503, 8.610965024789389 ], [ -83.514507377671791, 8.609749736788835 ], [ -83.514414433667284, 8.609331256150854 ], [ -83.513671990499319, 8.608979699256421 ], [ -83.513429553624434, 8.608332626622278 ], [ -83.512297652241216, 8.607007752115543 ], [ -83.510916187957861, 8.60704388696154 ], [ -83.509956921480125, 8.607268557707537 ], [ -83.508043961390158, 8.606767133167608 ], [ -83.50609054504892, 8.606811129746557 ], [ -83.505120625701423, 8.606468866814716 ], [ -83.503887531747722, 8.606467278537012 ], [ -83.502206601235258, 8.605952060459655 ], [ -83.502047307166492, 8.606211940699277 ], [ -83.501813321610257, 8.606069875378022 ], [ -83.501399138596341, 8.606069338796502 ], [ -83.500861209569734, 8.606151333383105 ], [ -83.500032977984588, 8.605512472909931 ], [ -83.499691299119121, 8.605462290119078 ], [ -83.499197538711925, 8.605707017765367 ], [ -83.498209710361351, 8.605971198798466 ] ] ] ] } },
{ "type": "Feature", "properties": { "Id": 15, "TERRITORIO": "CABECAR DE TAYNI", "DECRETO": "16058", "AÑO": "1984", "CLASIF": "CREF y PAFT", "AE_2018": 5925.12, "AE_2019": 5865.3, "AE_2020": 5865.3, "AE_2021": 5865.3, "AE_2023": 8768.08, "AE_2024": 7539.68, "AE_2017": null, "AE_2022": 7794.36, "PRIMER DESEMBOLSO": 2025, "SEGUNDO DESEMBOLSO": null, "BLOQUE": "TALAMANCA CARIBE" }, "geometry": { "type": "MultiPolygon", "coordinates": [ [ [ [ -83.147473459067527, 9.638086858009553 ], [ -83.145407440396312, 9.649385008523 ], [ -83.138557937238247, 9.660676333266826 ], [ -83.13831650266566, 9.660863067797232 ], [ -83.135339077904888, 9.665146153374575 ], [ -83.128487632186804, 9.669866613043901 ], [ -83.117327431199186, 9.669598180017697 ], [ -83.109124818201266, 9.670244799701409 ], [ -83.106806374331143, 9.680632566739355 ], [ -83.109063041870598, 9.686065617314812 ], [ -83.063488822780286, 9.689955436768098 ], [ -83.046208222097547, 9.682201529987058 ], [ -83.033975234386489, 9.665878759890068 ], [ -83.034011772722877, 9.666341463112355 ], [ -83.033996626947598, 9.666580626138549 ], [ -83.033938058573384, 9.666829235961925 ], [ -83.03380713094711, 9.667091993829704 ], [ -83.033705170634235, 9.66734048254844 ], [ -83.033583966138977, 9.667574562119022 ], [ -83.033419424377215, 9.667789383097503 ], [ -83.033124458430407, 9.668089952775123 ], [ -83.032853788264987, 9.668323613432541 ], [ -83.032573625621666, 9.66850462055223 ], [ -83.032216306969488, 9.668690195518234 ], [ -83.031965332190012, 9.668780387022606 ], [ -83.03168547167391, 9.66885614377682 ], [ -83.031347806983462, 9.668912601640141 ], [ -83.031097105765042, 9.668907112550103 ], [ -83.030804728281623, 9.668919684135581 ], [ -83.030660148351885, 9.668897747611503 ], [ -83.030450559283281, 9.6688469231224 ], [ -83.030284385400336, 9.66878904438677 ], [ -83.030053122047704, 9.66873098283925 ], [ -83.029908622722331, 9.668680342582316 ], [ -83.02964103299982, 9.668679587377213 ], [ -83.029416776087984, 9.668700483176947 ], [ -83.029177930518927, 9.668764394460965 ], [ -83.028967848649756, 9.668885795923137 ], [ -83.028750514382565, 9.669014351532885 ], [ -83.028482348637013, 9.669214526513343 ], [ -83.02825054973512, 9.669343040886636 ], [ -83.028069415428519, 9.669457347876515 ], [ -83.027844702694736, 9.669636115379991 ], [ -83.027562010729795, 9.669857777310588 ], [ -83.027431357926716, 9.670022458309008 ], [ -83.027293597055547, 9.670144064132213 ], [ -83.027170216043118, 9.670294414220601 ], [ -83.027053965274831, 9.670480665556255 ], [ -83.026959513553848, 9.670631096529572 ], [ -83.02687229526525, 9.670781548851716 ], [ -83.026734284381632, 9.670989267281767 ], [ -83.026589103551004, 9.671175433769664 ], [ -83.026480043460396, 9.671376058376598 ], [ -83.026348893018294, 9.671712964593873 ], [ -83.02626836983147, 9.672050016893067 ], [ -83.026209995131609, 9.672229254316882 ], [ -83.026166084735436, 9.672408534520477 ], [ -83.026165444431456, 9.672630991409193 ], [ -83.02618660534381, 9.672817632587394 ], [ -83.026272854727935, 9.673004457305039 ], [ -83.026373547053396, 9.673198497706267 ], [ -83.026546479910394, 9.673421449083277 ], [ -83.026654552437293, 9.673565276960069 ], [ -83.02685666134812, 9.673702196373252 ], [ -83.027080449647087, 9.673846352749013 ], [ -83.027260820511799, 9.673997561761915 ], [ -83.027455304502951, 9.674271704008229 ], [ -83.027555938686106, 9.674487273739905 ], [ -83.027540770953905, 9.674731219327644 ], [ -83.027489588648137, 9.674924830489404 ], [ -83.027373356836108, 9.675103905219022 ], [ -83.027271630680204, 9.675268667799063 ], [ -83.027198852262032, 9.675426336629112 ], [ -83.027140416262327, 9.67562710374593 ], [ -83.027067248202982, 9.675921118377317 ], [ -83.027109918392625, 9.676172405179779 ], [ -83.02721026290159, 9.676488439138637 ], [ -83.027253016707377, 9.676711020739155 ], [ -83.027274157620383, 9.676904836607539 ], [ -83.027251715368337, 9.677163114685357 ], [ -83.02720793120659, 9.67729933763062 ], [ -83.02716412362787, 9.677442736178508 ], [ -83.027098455295061, 9.677643481841434 ], [ -83.027054214005773, 9.677937578329542 ], [ -83.02706049694919, 9.678267699034496 ], [ -83.027002101511187, 9.678454113895471 ], [ -83.026965402520247, 9.678640589306006 ], [ -83.026863385779691, 9.678905818413941 ], [ -83.026790526339624, 9.679092190416977 ], [ -83.026703179647924, 9.679285699725419 ], [ -83.026652036337069, 9.679464957549484 ], [ -83.026550329894206, 9.679622545904113 ], [ -83.026434136178096, 9.679787266109964 ], [ -83.026339639848857, 9.679952049594178 ], [ -83.026143497685069, 9.680252891666047 ], [ -83.02607057547192, 9.680460792997387 ], [ -83.026005090916058, 9.680596955030641 ], [ -83.025968432389817, 9.68076907809786 ], [ -83.025924604849948, 9.680919651985 ], [ -83.025873521020372, 9.6810773818538 ], [ -83.025808057838688, 9.68120636730767 ], [ -83.025757121417925, 9.681313863323574 ], [ -83.025640989637566, 9.681457058114207 ], [ -83.025510185192672, 9.681671970661057 ], [ -83.025306767859888, 9.681987144564998 ], [ -83.025190282893064, 9.682252330020509 ], [ -83.025146266652285, 9.68246748788026 ], [ -83.025116779070672, 9.682661160870524 ], [ -83.025080059491955, 9.682854812410744 ], [ -83.025021434228393, 9.683120162066034 ], [ -83.024977396092552, 9.68334249819473 ], [ -83.024904285061908, 9.683614985045118 ], [ -83.024802638548451, 9.683751041283299 ], [ -83.024686173164525, 9.68400905173406 ], [ -83.024584463378233, 9.684166637430346 ], [ -83.024438985928867, 9.684453269804598 ], [ -83.024278875719048, 9.684797269469041 ], [ -83.024176648276068, 9.685134257023318 ], [ -83.024103805537408, 9.685313453403266 ], [ -83.024001741728981, 9.685593033263338 ], [ -83.023935780182555, 9.685894242759501 ], [ -83.023862480065091, 9.686231312408639 ], [ -83.023811127422704, 9.686482331913343 ], [ -83.023803251670188, 9.68670476879206 ], [ -83.023838564412344, 9.686999090634604 ], [ -83.023852510097669, 9.687178532862575 ], [ -83.02390995448242, 9.687322221390504 ], [ -83.023988933760123, 9.687523376514044 ], [ -83.02408237631964, 9.687724574570831 ], [ -83.024190303838935, 9.687918636328149 ], [ -83.024341522960995, 9.688148703126171 ], [ -83.024492827002916, 9.688350065631022 ], [ -83.024715853809866, 9.68875973813552 ], [ -83.02487407963649, 9.689068762465835 ], [ -83.025010523851691, 9.689406428426874 ], [ -83.025211670069226, 9.689880624073908 ], [ -83.025348011320929, 9.69025417252676 ], [ -83.025541902851103, 9.690735524011791 ], [ -83.025663656233775, 9.69115208587217 ], [ -83.02571351962186, 9.691417744489671 ], [ -83.025791752618289, 9.691877238535806 ], [ -83.025891788496367, 9.692300915242155 ], [ -83.026071112048015, 9.692818106244347 ], [ -83.026171500349022, 9.693119788467152 ], [ -83.026271701604898, 9.693486056601634 ], [ -83.026393685141841, 9.693823682073212 ], [ -83.026500974116743, 9.694240201796497 ], [ -83.026579229165606, 9.694692521049713 ], [ -83.026665132283696, 9.695001338643971 ], [ -83.026801870753062, 9.695238540194724 ], [ -83.026938753316173, 9.695425507896276 ], [ -83.027147963819758, 9.69561268079158 ], [ -83.027429523989071, 9.695792882245106 ], [ -83.027718397578923, 9.695944401544086 ], [ -83.027978484410994, 9.696045604776787 ], [ -83.028332597911387, 9.696147074326191 ], [ -83.028636186449319, 9.69621251929661 ], [ -83.028802416112185, 9.69625604880242 ], [ -83.029305867573555, 9.6965456154704 ], [ -83.029609044047362, 9.696754581024726 ], [ -83.029868699874783, 9.697006482670378 ], [ -83.030121145358905, 9.697251185363443 ], [ -83.030229058416268, 9.69745242227445 ], [ -83.030329760844296, 9.697646462183096 ], [ -83.030430423049566, 9.697854855119862 ], [ -83.030545713069316, 9.698005881276242 ], [ -83.030718824878903, 9.698171422269073 ], [ -83.030863273788057, 9.698243592007039 ], [ -83.031072859227152, 9.698301592657439 ], [ -83.031282403537162, 9.698373948043832 ], [ -83.031520817195428, 9.698467911015531 ], [ -83.031708437371904, 9.698619140302519 ], [ -83.031881550095065, 9.69878468078838 ], [ -83.032011143750324, 9.698993154184731 ], [ -83.032119017272692, 9.699208743696614 ], [ -83.032212158669026, 9.699517579947859 ], [ -83.032240225226772, 9.699819058560834 ], [ -83.032254010582065, 9.70005590939501 ], [ -83.032304086632436, 9.700249807720354 ], [ -83.032390467644134, 9.700393574270249 ], [ -83.03254198650194, 9.700523172436862 ], [ -83.032773086488803, 9.700645819490221 ], [ -83.032924790767524, 9.700710833287468 ], [ -83.033134151917594, 9.700847771942936 ], [ -83.033394143426108, 9.700984850592459 ], [ -83.033740785105564, 9.701172408610949 ], [ -83.034022268739861, 9.701381310590458 ], [ -83.034130431909688, 9.701496433652514 ], [ -83.034274556126817, 9.701683421202324 ], [ -83.034389583893841, 9.701927732177811 ], [ -83.034468445304583, 9.702171943926297 ], [ -83.034489403841576, 9.702430343868478 ], [ -83.03452478883699, 9.702703137636753 ], [ -83.034538432831326, 9.70299022150469 ], [ -83.034537528906881, 9.703305970722594 ], [ -83.03451486332817, 9.703643184751598 ], [ -83.03451345936476, 9.704133551981284 ], [ -83.034512192312462, 9.704576077479102 ], [ -83.034547399301914, 9.704911065106014 ], [ -83.034582775743303, 9.705186248318151 ], [ -83.034654523615558, 9.705389776305433 ], [ -83.034641749784058, 9.70564090456482 ], [ -83.034718755038298, 9.706338588530263 ], [ -83.039736958532643, 9.704776897643915 ], [ -83.039744227762455, 9.70527371429227 ], [ -83.039772179374026, 9.705618249414931 ], [ -83.039771258755493, 9.705941173801067 ], [ -83.03974892770502, 9.706163571226213 ], [ -83.039712148421259, 9.706378753346277 ], [ -83.039624617135985, 9.706636849105143 ], [ -83.039558886334376, 9.706859126599785 ], [ -83.039529382944835, 9.707059975886425 ], [ -83.03955054978303, 9.707246615891124 ], [ -83.039607962798328, 9.707404653874503 ], [ -83.039679946767521, 9.707526847924745 ], [ -83.039809791832454, 9.707649206916216 ], [ -83.039997276899427, 9.7078506664015 ], [ -83.04012706272313, 9.707994553108492 ], [ -83.040184538328987, 9.708131061411096 ], [ -83.040220377683013, 9.708245980178924 ], [ -83.040219865924186, 9.708425382812397 ], [ -83.040226504960074, 9.708633509161238 ], [ -83.040629527917162, 9.709300850642887 ], [ -83.041763897815386, 9.71043553585144 ], [ -83.047465548240979, 9.708876492846093 ], [ -83.052019806474675, 9.709346882278572 ], [ -83.057702990686778, 9.712307912204475 ], [ -83.060662656861851, 9.712771785965229 ], [ -83.067958904156995, 9.711218741772003 ], [ -83.067220705561851, 9.711420690622964 ], [ -83.067131113500537, 9.711558978039703 ], [ -83.066997934220041, 9.711764540939509 ], [ -83.066908192886231, 9.711968178038164 ], [ -83.066774714593436, 9.712271053279766 ], [ -83.06675853022962, 9.7123211525643 ], [ -83.066717405647239, 9.712448463444153 ], [ -83.066580162621591, 9.712873323159741 ], [ -83.066478663618526, 9.713304814112593 ], [ -83.066482272225471, 9.713484048444089 ], [ -83.066485021350971, 9.713620585804343 ], [ -83.066502718389501, 9.713782652872606 ], [ -83.066527346492265, 9.714008216631949 ], [ -83.066613192775336, 9.714352909897366 ], [ -83.066692082116887, 9.714597115651904 ], [ -83.066715433553014, 9.714769437829359 ], [ -83.066741699899666, 9.714963236415532 ], [ -83.066762780808034, 9.715185758181862 ], [ -83.066711593988018, 9.715386549297621 ], [ -83.066638763954387, 9.715565756850916 ], [ -83.06649380160691, 9.715673007477156 ], [ -83.066298245182537, 9.715765761266022 ], [ -83.066073915935519, 9.715801029575108 ], [ -83.065741288114367, 9.715764240139434 ], [ -83.065509783673846, 9.715713050523368 ], [ -83.065379846156588, 9.715684317251482 ], [ -83.065119708107403, 9.715590313882746 ], [ -83.064895640664759, 9.715532293921523 ], [ -83.064649750062912, 9.715517269499193 ], [ -83.064273844176853, 9.715437304144475 ], [ -83.063842817968052, 9.715044643918219 ], [ -83.062920588529735, 9.717753166659438 ], [ -83.062891276896792, 9.724985590376614 ], [ -83.058783219000361, 9.726777315108446 ], [ -83.05668774920737, 9.737843771227919 ], [ -83.05752914208648, 9.755024499777022 ], [ -83.057740424527381, 9.759093674696787 ], [ -83.059091854872676, 9.762941394869065 ], [ -83.063183900146868, 9.765217922602192 ], [ -83.06340350427692, 9.767252966101813 ], [ -83.061573386051123, 9.769053813127655 ], [ -83.060881580705384, 9.771085218930208 ], [ -83.063365956525672, 9.776519582241535 ], [ -83.068117145697414, 9.784901194689253 ], [ -83.07012463889771, 9.786095334955547 ], [ -83.071810884356566, 9.786769721934073 ], [ -83.073350456333486, 9.788161321550465 ], [ -83.076143017252207, 9.789939054572676 ], [ -83.077444230897711, 9.790325321433011 ], [ -83.079031942784724, 9.791764870869327 ], [ -83.081200436074099, 9.792488363282368 ], [ -83.086113629051411, 9.794893692774389 ], [ -83.088096396451263, 9.796344169522744 ], [ -83.097256581825761, 9.791796169256779 ], [ -83.101817450893407, 9.790909755199307 ], [ -83.115242171612977, 9.79593379294168 ], [ -83.12071801980683, 9.794146528550145 ], [ -83.123694253979906, 9.790541534516356 ], [ -83.126432986693402, 9.789421825690583 ], [ -83.129643046718144, 9.784235533553449 ], [ -83.117837256577062, 9.773115786227242 ], [ -83.164875098392031, 9.7463956390354 ], [ -83.163812890010277, 9.745874298677947 ], [ -83.163548490711293, 9.745532773708465 ], [ -83.163386275136048, 9.745311104527353 ], [ -83.163242203760134, 9.745065557982365 ], [ -83.163140244253498, 9.744855997829744 ], [ -83.163050444835335, 9.74460460456026 ], [ -83.16303277784867, 9.744437113153777 ], [ -83.163033344264107, 9.744209861520442 ], [ -83.163033806326041, 9.744024473455358 ], [ -83.163046996499929, 9.743570001555458 ], [ -83.163077793045048, 9.743306943609703 ], [ -83.163114708546132, 9.743008018409009 ], [ -83.163181659461486, 9.742751029770799 ], [ -83.163266592940815, 9.74253594722123 ], [ -83.16340017012196, 9.742153534870988 ], [ -83.163473297304336, 9.741836757210184 ], [ -83.163504124854725, 9.741561737880977 ], [ -83.163498753291606, 9.741298590277912 ], [ -83.163457088786473, 9.741083196433642 ], [ -83.163391492969055, 9.740795982130427 ], [ -83.163301740690017, 9.740526648832899 ], [ -83.163175741266087, 9.740287127337407 ], [ -83.162977523881736, 9.739999585127316 ], [ -83.162779157793622, 9.739771846517863 ], [ -83.16259886022668, 9.739550133715095 ], [ -83.162382349128762, 9.739346272204916 ], [ -83.162105764485062, 9.739058539098918 ], [ -83.161913443980694, 9.738824834228556 ], [ -83.161751277172939, 9.738585223532299 ], [ -83.161463069264471, 9.738124031803229 ], [ -83.161235056699084, 9.737698869099765 ], [ -83.160868604381491, 9.737189642066937 ], [ -83.160688475519308, 9.736902145044592 ], [ -83.160484486604133, 9.736512924147329 ], [ -83.160268501680463, 9.736099750961989 ], [ -83.159998145205861, 9.735734286624687 ], [ -83.159830042280475, 9.735458779272948 ], [ -83.159595976761793, 9.735045563087688 ], [ -83.159367875954615, 9.734656280538648 ], [ -83.159229812916294, 9.734422709800635 ], [ -83.159025467055784, 9.734177012672708 ], [ -83.158833045681334, 9.733985169964553 ], [ -83.158640547869354, 9.733823227628291 ], [ -83.158411807913936, 9.733691095652398 ], [ -83.158164834650094, 9.733618725325268 ], [ -83.158026230923937, 9.733600442592021 ], [ -83.157815154714569, 9.733635804462079 ], [ -83.15767042033788, 9.733659368459236 ], [ -83.157375220988058, 9.733586875936156 ], [ -83.157278950061624, 9.733514875809613 ], [ -83.157218968384058, 9.733395121635308 ], [ -83.157183219825058, 9.733227583684346 ], [ -83.157166228728968, 9.732790979891465 ], [ -83.15711245652443, 9.732599477493679 ], [ -83.157028014466235, 9.73237799786445 ], [ -83.156932073844288, 9.732174430954068 ], [ -83.156793891655326, 9.73198870087716 ], [ -83.156661678103148, 9.7318269063635 ], [ -83.156523572120776, 9.731611273936297 ], [ -83.15643952209841, 9.731473519133134 ], [ -83.156253581478595, 9.731102280118479 ], [ -83.1559777141468, 9.730533470345158 ], [ -83.15574959305664, 9.730156147162676 ], [ -83.155653863957895, 9.729868856550215 ], [ -83.155540127489445, 9.729551618974194 ], [ -83.155432476983862, 9.729210475542009 ], [ -83.155336568144435, 9.728994947038903 ], [ -83.155144540211779, 9.728730453139372 ], [ -83.155623695977482, 9.728615428822353 ], [ -83.155826274360336, 9.728601577480751 ], [ -83.156043453009687, 9.728535133976683 ], [ -83.156265548505033, 9.728430429785707 ], [ -83.156555316339549, 9.728263695277825 ], [ -83.156850084694511, 9.728025209287573 ], [ -83.15718356451481, 9.727734193971946 ], [ -83.157517403218904, 9.727299651134304 ], [ -83.157773841642253, 9.726960600734222 ], [ -83.157967422057453, 9.726688376999956 ], [ -83.158161011392522, 9.726411366799992 ], [ -83.158315856633649, 9.726201240105063 ], [ -83.158514101476328, 9.72599122196717 ], [ -83.158702630709371, 9.725809884312808 ], [ -83.158900709463168, 9.725666844551332 ], [ -83.159074363658263, 9.725648134512406 ], [ -83.159252804677138, 9.725643789780486 ], [ -83.159450510785149, 9.725649060504072 ], [ -83.159575810124338, 9.725682858554354 ], [ -83.159739615793839, 9.725745456654506 ], [ -83.159970805286477, 9.72586084661984 ], [ -83.160346404424402, 9.726081843885375 ], [ -83.160620863846177, 9.726249967889911 ], [ -83.161044808533276, 9.726423241351497 ], [ -83.161319436508791, 9.726524382551567 ], [ -83.161541088105992, 9.726596690857701 ], [ -83.161700204888362, 9.726606650212485 ], [ -83.161859450974504, 9.7265639825379 ], [ -83.161985120396523, 9.72644946882609 ], [ -83.162077199362074, 9.726267892715441 ], [ -83.162125853622086, 9.726095779223359 ], [ -83.162112136109442, 9.725794336468491 ], [ -83.162083714014514, 9.725588544040965 ], [ -83.162017081515515, 9.725234347010961 ], [ -83.161935970948917, 9.724884898122044 ], [ -83.161759139172958, 9.724243373597167 ], [ -83.161663704011445, 9.723836477722628 ], [ -83.161577628327137, 9.723544427523779 ], [ -83.1615493377452, 9.723286009919248 ], [ -83.161559507527556, 9.723075527546806 ], [ -83.16164667954726, 9.722927428530658 ], [ -83.161757808078235, 9.72284158548946 ], [ -83.162080918559397, 9.722837592863192 ], [ -83.162182117621967, 9.722866546296402 ], [ -83.162331444467725, 9.722933892161748 ], [ -83.162456647953448, 9.72300596161738 ], [ -83.162586672338435, 9.723078044645996 ], [ -83.162750288855221, 9.723217188104282 ], [ -83.163000565398463, 9.723413954578453 ], [ -83.163241183161745, 9.723615482704414 ], [ -83.163453023379645, 9.723754744782891 ], [ -83.163621486145203, 9.72388433244638 ], [ -83.163741916065277, 9.723937253421518 ], [ -83.163929952328985, 9.72395206420917 ], [ -83.164084340419947, 9.72392373712902 ], [ -83.164287046732966, 9.723857254413234 ], [ -83.164451175165439, 9.723790674585697 ], [ -83.16464920117356, 9.723666767435207 ], [ -83.164852109995167, 9.723518951149732 ], [ -83.165093752535299, 9.723309034695635 ], [ -83.165263081135976, 9.723089373324219 ], [ -83.165471582205882, 9.722630591738064 ], [ -83.165617047766801, 9.722310401780531 ], [ -83.165786766789211, 9.721932859914874 ], [ -83.166082319299292, 9.72137382362393 ], [ -83.166319301820451, 9.721096913729097 ], [ -83.166616532146122, 9.720670044643461 ], [ -83.167535109400561, 9.719729980706262 ], [ -83.167979591523149, 9.719396163347811 ], [ -83.168418895665809, 9.719205862125532 ], [ -83.168679453508986, 9.719144299866754 ], [ -83.168882335156482, 9.719006050733123 ], [ -83.16910460973331, 9.718824787578127 ], [ -83.169331851056043, 9.718586126179231 ], [ -83.16943849593801, 9.718361523688104 ], [ -83.169569713856603, 9.717950396701747 ], [ -83.169657081556096, 9.717720964565425 ], [ -83.169816688290481, 9.717529979618568 ], [ -83.169971284471401, 9.717415533512556 ], [ -83.170197969199847, 9.717401730626062 ], [ -83.170588576891035, 9.717402678689091 ], [ -83.170766896085013, 9.717446168331064 ], [ -83.171032052004762, 9.717475515531536 ], [ -83.171234435395476, 9.717538201473525 ], [ -83.171422470603105, 9.717553010592708 ], [ -83.171653940919981, 9.717553571103521 ], [ -83.17185655981929, 9.71752057152276 ], [ -83.172006285729708, 9.717425248172654 ], [ -83.172098239922335, 9.717291513009496 ], [ -83.172166010497591, 9.717186421227821 ], [ -83.172282063953602, 9.717057528870741 ], [ -83.172407655789371, 9.716971715143655 ], [ -83.172523449556479, 9.716948072415716 ], [ -83.172822443957756, 9.716944010843225 ], [ -83.172909173782941, 9.716972927869243 ], [ -83.173034413906834, 9.717030641697908 ], [ -83.173289724991207, 9.717141296340399 ], [ -83.17365086971293, 9.717357461339587 ], [ -83.173819425917443, 9.717448769635078 ], [ -83.173968683712175, 9.717544814012873 ], [ -83.174147052314524, 9.717569167426159 ], [ -83.174310998240657, 9.717574345888773 ], [ -83.174421946066985, 9.71756026266398 ], [ -83.174504043093535, 9.717512616054625 ], [ -83.174624812914104, 9.717426791657195 ], [ -83.174726432052083, 9.717283508088499 ], [ -83.174792043510891, 9.717075550574949 ], [ -83.17484318709009, 9.716867558147975 ], [ -83.174909062101435, 9.716551955821098 ], [ -83.174989596278465, 9.716157448057565 ], [ -83.175294942590753, 9.7152829617986 ], [ -83.175396595876222, 9.715125324332179 ], [ -83.175534444677865, 9.714957012381159 ], [ -83.175661257249217, 9.714864024319763 ], [ -83.17583864160612, 9.71479627695847 ], [ -83.175983364022784, 9.714775094925999 ], [ -83.176153010948553, 9.714789856158449 ], [ -83.17630353069498, 9.714861981517359 ], [ -83.176454067857577, 9.714928129768163 ], [ -83.176616614931064, 9.715012244449509 ], [ -83.176779249782697, 9.715060478654165 ], [ -83.176899776672101, 9.715072729984914 ], [ -83.177002293808357, 9.715055035336471 ], [ -83.177110897591447, 9.715013434276775 ], [ -83.177201535396534, 9.714923946143102 ], [ -83.177280189761518, 9.71480452744861 ], [ -83.177365177154755, 9.714559538158458 ], [ -83.177450458289442, 9.714194942637462 ], [ -83.177686902105947, 9.71363933851582 ], [ -83.178032224420278, 9.712928508982237 ], [ -83.178304583681097, 9.712474656205169 ], [ -83.178449730999205, 9.712277652968096 ], [ -83.178721596250028, 9.712027131838582 ], [ -83.179150267938283, 9.711741101334978 ], [ -83.179657344972227, 9.711437320514529 ], [ -83.180110112310658, 9.711157328029973 ], [ -83.180677408248698, 9.710877609897869 ], [ -83.181232516245984, 9.710651685306019 ], [ -83.181757412991971, 9.710455588407594 ], [ -83.181998727288359, 9.71037244047792 ], [ -83.182288087902208, 9.710361171183578 ], [ -83.18287886815034, 9.710338659733269 ], [ -83.183065817475779, 9.710303223379823 ], [ -83.183289033415917, 9.710226011132729 ], [ -83.183530374407212, 9.710130902517182 ], [ -83.183771600318067, 9.710083633758314 ], [ -83.184006712975119, 9.710072234559179 ], [ -83.184265864898933, 9.710090791541548 ], [ -83.18449480289712, 9.710139180859837 ], [ -83.184705473028956, 9.710265269539999 ], [ -83.185012396510828, 9.710469332969328 ], [ -83.185343432982947, 9.710673451721147 ], [ -83.185680367959108, 9.710931408880349 ], [ -83.185999146746255, 9.711219225269947 ], [ -83.186336110761232, 9.711465220487126 ], [ -83.186540710982911, 9.71160923497863 ], [ -83.186763479768913, 9.711717410006573 ], [ -83.186950168068137, 9.711789618496704 ], [ -83.187275394381217, 9.711904018171426 ], [ -83.187528376622367, 9.711982361760901 ], [ -83.187721235789141, 9.711994780896307 ], [ -83.187992430650993, 9.712019345391463 ], [ -83.188245641886127, 9.712002004681922 ], [ -83.188589241517889, 9.71199683949555 ], [ -83.18883038289907, 9.711985449558799 ], [ -83.189240345531729, 9.711956519879788 ], [ -83.18951161249727, 9.711951182437588 ], [ -83.189837243571915, 9.711898129456234 ], [ -83.190114652785624, 9.711844962072893 ], [ -83.190410100622273, 9.711809778393134 ], [ -83.190693507335638, 9.711768586164053 ], [ -83.191123750932974, 9.711745582511934 ], [ -83.191334715418947, 9.711749071752873 ], [ -83.191590898893935, 9.711749676838041 ], [ -83.191768662320698, 9.711774017691585 ], [ -83.192000647076284, 9.71181044789723 ], [ -83.19218435273676, 9.711870685127369 ], [ -83.192407238473081, 9.711931014699884 ], [ -83.192618110923476, 9.711973373612194 ], [ -83.192783725087423, 9.712036557776891 ], [ -83.192934340925447, 9.712069806474632 ], [ -83.193115154118672, 9.712079201563631 ], [ -83.193277948103685, 9.712061645781011 ], [ -83.193479924842705, 9.712044180431965 ], [ -83.193636767516352, 9.711993716889124 ], [ -83.193751439781025, 9.71193418330631 ], [ -83.193905420783196, 9.711820918384172 ], [ -83.194128915675861, 9.711627082137415 ], [ -83.194370607407535, 9.711385446310354 ], [ -83.194875129919538, 9.710884282473812 ], [ -83.195177169084786, 9.710612886039918 ], [ -83.195421630234691, 9.710472922893228 ], [ -83.195593593676264, 9.710401560883277 ], [ -83.195786583793293, 9.710360151841883 ], [ -83.195940363664036, 9.710330610264542 ], [ -83.196341240703589, 9.710319591832356 ], [ -83.196941396273488, 9.710262691744331 ], [ -83.197716010737494, 9.710246567378714 ], [ -83.197957157283724, 9.71023218188706 ], [ -83.198150095500225, 9.710211700776526 ], [ -83.198264703345231, 9.710179078280769 ], [ -83.198379401815956, 9.710107581614855 ], [ -83.198457905573221, 9.710047961648776 ], [ -83.198524367208691, 9.709982333639624 ], [ -83.198584830930315, 9.709904729196129 ], [ -83.198633329828596, 9.709788226006939 ], [ -83.198646018910779, 9.709522129586221 ], [ -83.198647504794408, 9.708897183436557 ], [ -83.19864479596643, 9.708768598906889 ], [ -83.198684233401721, 9.708661044234166 ], [ -83.198741695604227, 9.708577454685621 ], [ -83.198835338965836, 9.708487966326024 ], [ -83.198910714019391, 9.708476183901785 ], [ -83.199020414460932, 9.7084782333833 ], [ -83.199102312005536, 9.708511916173732 ], [ -83.199213077321758, 9.708574371291439 ], [ -83.199367158413452, 9.708670417084507 ], [ -83.199506844797341, 9.708737723422038 ], [ -83.199661100105686, 9.708762004240356 ], [ -83.199815432206321, 9.708752798450861 ], [ -83.200008378455777, 9.708729328125111 ], [ -83.200215880304597, 9.708667615849704 ], [ -83.200418628580636, 9.708577188402721 ], [ -83.20066495903545, 9.708410310881996 ], [ -83.200964470152286, 9.708186148464206 ], [ -83.201196264529528, 9.708047945967548 ], [ -83.201533988694081, 9.70797696829073 ], [ -83.201804237188753, 9.707891481027206 ], [ -83.202185439226824, 9.707787114568454 ], [ -83.202421886497447, 9.707720685521334 ], [ -83.20261498961851, 9.707630232406752 ], [ -83.202880528258049, 9.707496890037493 ], [ -83.203025284507717, 9.707458952884068 ], [ -83.203184451672058, 9.707444970369018 ], [ -83.203304848471163, 9.707512230299745 ], [ -83.203406033555055, 9.707545956946634 ], [ -83.203584251559278, 9.70763248875843 ], [ -83.20373361559237, 9.707685463027484 ], [ -83.2038493501136, 9.707685732106333 ], [ -83.203965117620456, 9.707671648336149 ], [ -83.20412442899115, 9.707595469578468 ], [ -83.204235724982027, 9.70743306275231 ], [ -83.204289164054003, 9.707265734149535 ], [ -83.204333150036163, 9.707017054454992 ], [ -83.204381881220385, 9.706801872528038 ], [ -83.204411684586049, 9.706433550342281 ], [ -83.20450398359776, 9.706146706937933 ], [ -83.204605778833837, 9.705922081702584 ], [ -83.204736395004218, 9.705745364802064 ], [ -83.204963499190143, 9.705549735220975 ], [ -83.205195314630686, 9.705401958770743 ], [ -83.205417347824635, 9.705311571932782 ], [ -83.20559106971352, 9.705259347890291 ], [ -83.205817848132682, 9.705202462170316 ], [ -83.206121780471378, 9.705145756017064 ], [ -83.20642565734363, 9.705112969746676 ], [ -83.206628243529124, 9.705089517820312 ], [ -83.206893519927277, 9.70506621092467 ], [ -83.207086473307569, 9.705037950914308 ], [ -83.207255362061758, 9.704990498505506 ], [ -83.207458016538723, 9.704938339531159 ], [ -83.207711371119885, 9.70485855026323 ], [ -83.207892419000146, 9.704765674641415 ], [ -83.208008422325534, 9.704651118735736 ], [ -83.208117206911979, 9.704529370097687 ], [ -83.208189894032344, 9.704378833083149 ], [ -83.208248131479465, 9.704221085747866 ], [ -83.208385814129429, 9.704113756694165 ], [ -83.208624628909078, 9.704064073732681 ], [ -83.208805493657678, 9.704050137677003 ], [ -83.209454045764517, 9.704290909385142 ], [ -83.198623407240945, 9.675548566169972 ], [ -83.178806427194857, 9.67547735006799 ], [ -83.178769723382928, 9.675074285539331 ], [ -83.178751784582388, 9.67451926600862 ], [ -83.178694562235506, 9.674255991922442 ], [ -83.178574996464278, 9.673853826893412 ], [ -83.178469846767527, 9.673470832804997 ], [ -83.178398476161661, 9.673078350304065 ], [ -83.178355707620725, 9.672819898028113 ], [ -83.17840093911741, 9.672064087166669 ], [ -83.178430507965558, 9.671801022334806 ], [ -83.178488657278706, 9.671681554114564 ], [ -83.178614531820244, 9.671471346179894 ], [ -83.178648679407189, 9.671308762968977 ], [ -83.178682872492317, 9.671127042449113 ], [ -83.178811710214646, 9.670887019242981 ], [ -83.178884371479867, 9.670748447281445 ], [ -83.179046343367929, 9.670564640545582 ], [ -83.179254074345891, 9.670400077683919 ], [ -83.179531620956638, 9.67027634935504 ], [ -83.179840478240578, 9.670164655136054 ], [ -83.180159107603941, 9.670000358064073 ], [ -83.180383665405401, 9.669854972898101 ], [ -83.180613141259869, 9.669671324450688 ], [ -83.180828112701406, 9.669501995913143 ], [ -83.181093813453614, 9.669292119126615 ], [ -83.181564709219387, 9.668706897753914 ], [ -83.181610576368342, 9.658926983868383 ], [ -83.183671638166615, 9.650566920188769 ], [ -83.171604893404961, 9.646708659002986 ], [ -83.170927720066132, 9.642187335422339 ], [ -83.167284676660245, 9.641278365932774 ], [ -83.157722245530849, 9.63855310764756 ], [ -83.147473459067527, 9.638086858009553 ] ] ] ] } }
]
}
